person_id,name,gender,age,id_card,insurance_type,region,register_date,status,name_mask,id_card_mask,person_id_mask
P202304711,宋涛,男,39,410302198508089088,城镇职工,许昌市,2023-10-05,在保,宋*,4103****9088,P2023****1
P202300692,郑杰,男,70,410202195407219328,城镇职工,郑州市,2021-08-16,在保,郑*,4102****9328,P2023****2
P202300066,梁语嫣,女,74,410103195005152512,城镇职工,周口市,2023-06-03,在保,梁**,4101****2512,P2023****6
P202303427,魏国强,男,54,410302197012113600,城乡居民,平顶山市,2022-04-17,在保,魏**,4103****3600,P2023****7
P202304821,朱秀英,女,47,410202197702185152,城镇职工,焦作市,2024-04-09,在保,朱**,4102****5152,P2023****1
P202300394,何凤英,女,82,410104194201282944,城镇职工,平顶山市,2023-10-18,在保,何**,4101****2944,P2023****4
P202301425,程志强,男,31,410105199301273984,城镇职工,洛阳市,2024-04-10,在保,程**,4101****3984,P2023****5
P202300643,宋佳慧,女,45,410302197906049984,城乡居民,驻马店市,2020-10-08,在保,宋**,4103****9984,P2023****3
P202302836,蒋娟,女,44,410102198012063104,城乡居民,商丘市,2020-12-17,在保,蒋*,4101****3104,P2023****6
P202301739,胡涛,男,67,410103195703113664,城乡居民,新乡市,2021-12-07,停保,胡*,4101****3664,P2023****9
P202302946,郭晓红,女,29,410302199511231424,城乡居民,开封市,2020-04-08,在保,郭**,4103****1424,P2023****6
P202302068,胡娜,女,47,410202197701052352,城镇职工,平顶山市,2022-01-20,停保,胡*,4102****2352,P2023****8
P202303348,宋桂英,女,78,410106194607129344,城乡居民,开封市,2024-02-27,在保,宋**,4101****9344,P2023****8
P202300531,傅婷,女,61,410702196303040384,城乡居民,焦作市,2020-11-15,在保,傅*,4107****0384,P2023****1
P202304302,吴斌,男,25,410402199904081600,城乡居民,开封市,2022-07-08,在保,吴*,4104****1600,P2023****2
P202300829,于艳,女,42,410202198211116480,城乡居民,平顶山市,2023-12-20,在保,于*,4102****6480,P2023****9
P202301205,董秀兰,女,50,410102197405167424,城镇职工,焦作市,2023-07-27,在保,董**,4101****7424,P2023****5
P202300180,丁欣怡,女,95,410302192907275904,城乡居民,开封市,2021-10-11,在保,丁**,4103****5904,P2023****0
P202302766,唐超,男,64,410402196005055616,城镇职工,鹤壁市,2023-10-15,在保,唐*,4104****5616,P2023****6
P202301778,唐丽,女,49,410202197509269376,灵活就业,南阳市,2020-04-29,退保,唐*,4102****9376,P2023****8
P202304928,萧淑珍,女,54,410202197009220608,城镇职工,安阳市,2021-01-22,在保,萧**,4102****0608,P2023****8
P202300492,苏宇航,男,76,410302194811205888,灵活就业,鹤壁市,2020-05-26,在保,苏**,4103****5888,P2023****2
P202304654,吴丽,女,61,410502196311078016,城镇职工,平顶山市,2022-04-15,在保,吴*,4105****8016,P2023****4
P202300034,杨海涛,男,30,410106199401013440,城职,商丘市,2021-06-20,在保,杨**,4101****3440,P2023****4
P202303023,董浩然,男,42,410202198202055680,城镇职工,南阳市,2020-12-19,在保,董**,4102****5680,P2023****3
P202303621,贾浩然,男,25,410102199912030592,城乡居民,许昌市,2022-01-13,停保,贾**,4101****0592,P2023****1
P202300486,郭凤英,女,24,410104200010222336,城镇职工,许昌市,2021-07-06,在保,郭**,4101****2336,P2023****6
P202300080,何宇航,男,14,410702201011269568,城乡居民,南阳市,2020-08-23,在保,何**,4107****9568,P2023****0
P202301345,李芳,女,67,410302195707281024,城镇职工,焦作市,2021-09-26,在保,李*,4103****1024,P2023****5
P202300578,薛文博,男,63,410702196107140480,城镇职工,焦作市,2023-02-21,在保,薛**,4107****0480,P2023****8
P202301176,朱淑珍,女,44,410102198011241536,城乡居民,平顶山市,2023-08-22,在保,朱**,4101****1536,P2023****6
P202301488,吕诗涵,女,18,410106200606197760,城乡居民,郑州市,2022-11-13,在保,吕**,4101****7760,P2023****8
P202300498,梁语嫣,女,46,410502197805184576,城乡居民,许昌市,2023-01-09,在保,梁**,4105****4576,P2023****8
P202304103,于涛,男,74,410502195002153216,城镇职工,安阳市,2023-08-19,在保,于*,4105****3216,P2023****3
P202301145,董斌,男,46,410103197810031296,城乡居民,安阳市,2020-07-25,在保,董*,4101****1296,P2023****5
P202303735,魏俊杰,男,64,410302196011163008,城镇职工,鹤壁市,2023-11-11,在保,魏**,4103****3008,P2023****5
P202304238,董娟,女,43,410302198107015872,灵活就业,平顶山市,2024-02-27,停保,董*,4103****5872,P2023****8
P202303244,陈天宇,男,69,410302195507104832,城乡居民,鹤壁市,2022-01-23,在保,陈**,4103****4832,P2023****4
P202301236,韩超,男,79,410102194504153728,城镇职工,新乡市,2020-01-12,在保,韩*,4101****3728,P2023****6
P202304569,高浩然,男,76,410104194810233152,城乡居民,商丘市,2022-07-24,在保,高**,4101****3152,P2023****9
P202304268,沈玉兰,女,14,410105201012258112,城镇职工,安阳市,2020-07-24,在保,沈**,4101****8112,P2023****8
P202300625,陈伟,男,78,410502194602224576,城镇职工,新乡市,2024-01-25,在保,陈*,4105****4576,P2023****5
P202301630,曾勇,男,65,410502195909247808,城乡居民,洛阳市,2023-07-03,在保,曾*,4105****7808,P2023****0
P202300200,冯建国,男,29,410402199512240640,城乡居民,驻马店市,2021-02-28,在保,冯**,4104****0640,P2023****0
P202303614,罗磊,男,57,410103196706233152,灵活就业,驻马店市,2020-03-08,在保,罗*,4101****3152,P2023****4
P202301989,杨国强,男,38,410302198606120640,城乡居民,周口市,2021-08-10,在保,杨**,4103****0640,P2023****9
P202302345,吕磊,男,11,410103201310082496,城镇职工,平顶山市,2021-02-15,在保,吕*,4101****2496,P2023****5
P202303264,袁萍,女,71,410202195310088384,城乡居民,洛阳市,2021-05-12,在保,袁*,4102****8384,P2023****4
P202301906,邓文博,男,58,410102196612195712,城乡居民,开封市,2020-10-25,在保,邓**,4101****5712,P2023****6
P202300766,何丽,女,37,410302198702018752,城镇职工,开封市,2022-03-06,在保,何*,4103****8752,P2023****6
P202300804,董鹏,男,41,410102198308112448,城乡,周口市,2024-01-03,停保,董*,4101****2448,P2023****4
P202301502,陈文彬,男,40,410102198401200512,城镇职工,安阳市,2020-01-01,在保,陈**,4101****0512,P2023****2
P202301771,蔡晨曦,男,50,410702197402271168,城乡居民,周口市,2022-09-18,在保,蔡**,4107****1168,P2023****1
P202300107,罗宇航,男,83,410702194106241344,城镇职工,漯河市,2021-08-27,在保,罗**,4107****1344,P2023****7
P202302965,苏梦瑶,女,72,410105195207062464,城镇职工,许昌市,2024-02-16,在保,苏**,4101****2464,P2023****5
P202300839,卢思琪,女,67,未知,灵活就业,安阳市,2020-09-06,在保,卢**,未知,P2023****9
P202303972,马雪,女,30,410106199411054656,灵活就业,信阳市,2021-05-25,在保,马*,4101****4656,P2023****2
P202300706,曹敏,女,60,410402196410243200,城镇职工,新乡市,2023-02-08,在保,曹*,4104****3200,P2023****6
P202304151,蔡淑珍,女,48,410104197612269376,城镇职工,平顶山市,2021-11-17,在保,蔡**,4101****9376,P2023****1
P202303180,冯伟,男,59,410104196503083264,灵活就业,开封市,2024-03-07,在保,冯*,4101****3264,P2023****0
P202304777,曾思琪,女,49,410105197512057344,城乡居民,安阳市,2023-05-16,在保,曾**,4101****7344,P2023****7
P202300229,林玲,女,37,410502198704143104,灵活就业,郑州市,2023-02-14,停保,林*,4105****3104,P2023****9
P202303337,马美琳,女,25,410502199909076352,城乡居民,新乡市,2022-08-16,在保,马**,4105****6352,P2023****7
P202302269,何慧,女,40,410103198409074944,城乡居民,鹤壁市,2021-04-09,在保,何*,4101****4944,P2023****9
P202303853,邓玲,女,73,410103195106107648,灵活就业,许昌市,2021-02-15,在保,邓*,4101****7648,P2023****3
P202300502,彭娟,女,84,410502194006074240,城乡居民,南阳市,2022-03-19,在保,彭*,4105****4240,P2023****2
P202303129,卢桂英,女,51,410103197303112320,城镇职工,郑州市,2022-03-06,停保,卢**,4101****2320,P2023****9
P202303353,薛语嫣,女,57,410302196709085504,城乡居民,商丘市,2020-04-23,停保,薛**,4103****5504,P2023****3
P202304175,徐晨曦,男,46,410104197809010880,灵活就业,信阳市,2020-06-14,在保,徐**,4101****0880,P2023****5
P202301635,高强,男,43,410502198109280832,城镇职工,漯河市,2023-03-28,停保,高*,4105****0832,P2023****5
P202301481,谢文博,男,63,410402196104086464,城乡居民,焦作市,2021-12-30,在保,谢**,4104****6464,P2023****1
P202302116,丁文彬,男,40,410502198409249920,城镇职工,焦作市,2021-01-17,在保,丁**,4105****9920,P2023****6
P202304000,蔡子轩,男,56,410202196807031168,城镇职工,驻马店市,2023-11-15,在保,蔡**,4102****1168,P2023****0
P202300562,未知,男,87,410103193712171136,城乡居民,平顶山市,2023-04-13,停保,未知,4101****1136,P2023****2
P202304199,程文博,男,0,410106202412236032,城乡居民,南阳市,2021-12-16,在保,程**,4101****6032,P2023****9
P202303698,陈美琳,女,55,410502196910217408,城乡居民,平顶山市,2021-04-16,在保,陈**,4105****7408,P2023****8
P202301745,蒋婷,女,33,410104199102018560,城镇职工,商丘市,2020-07-07,停保,蒋*,4101****8560,P2023****5
P202300280,蔡慧,女,43,410402198108060864,城镇职工,郑州市,2024-04-07,在保,蔡*,4104****0864,P2023****0
P202302267,阎浩,男,17,410102200712084800,城乡居民,南阳市,2020-08-04,在保,阎*,4101****4800,P2023****7
P202300158,李秀兰,女,58,410502196606083968,城镇职工,焦作市,2021-04-04,在保,李**,4105****3968,P2023****8
P202300539,程建华,男,30,410302195611192000,城镇职工,周口市,2024-02-15,在保,程**,4103****2000,P2023****9
P202304115,董晓红,女,79,410104194507118272,灵活就业,许昌市,2020-11-23,在保,董**,4101****8272,P2023****5
P202304458,吕秀英,女,26,410102199808137216,城镇职工,周口市,2022-02-11,停保,吕**,4101****7216,P2023****8
P202301651,李浩然,男,60,410402196407089728,城镇职工,驻马店市,2023-08-07,停保,李**,4104****9728,P2023****1
P202303151,王强,男,65,410502195909056704,城乡居民,驻马店市,2021-09-12,在保,王*,4105****6704,P2023****1
P202300765,朱文博,男,70,410106195406260544,城镇职工,驻马店市,2023-05-18,在保,朱**,4101****0544,P2023****5
P202301865,叶玲,女,73,410106195102201024,城乡居民,焦作市,2023-08-24,在保,叶*,4101****1024,P2023****5
P202303486,罗子轩,未知,40,410502198404264064,灵活就业,信阳市,2021-09-26,在保,罗**,4105****4064,P2023****6
P202300732,卢文博,男,32,410402199201028800,城镇职工,焦作市,2023-05-17,在保,卢**,4104****8800,P2023****2
P202300085,苏诗涵,女,35,410103198908124160,城乡居民,焦作市,2023-10-04,在保,苏**,4101****4160,P2023****5
P202302581,孙萍,女,56,410105196806138560,城乡居民,焦作市,2023-11-10,在保,孙*,4101****8560,P2023****1
P202303208,薛斌,男,64,410202196005212352,城镇职工,平顶山市,2022-07-14,在保,薛*,4102****2352,P2023****8
P202302975,阎秀英,女,66,410105195806271104,灵活就业,周口市,2020-01-15,在保,阎**,4101****1104,P2023****5
P202302697,曾超,男,69,410402195512055616,城镇职工,新乡市,2022-01-16,退保,曾*,4104****5616,P2023****7
P202301339,胡浩然,男,43,410106198103040256,城镇职工,周口市,2020-03-21,在保,胡**,4101****0256,P2023****9
P202303903,董莉,女,80,410502194409139712,城镇职工,商丘市,2023-09-08,在保,董*,4105****9712,P2023****3
P202300912,胡伟,男,53,410502197112243840,城镇职工,南阳市,2022-05-01,停保,胡*,4105****3840,P2023****2
P202300030,王浩,男,44,410702198002035520,城乡居民,驻马店市,2021-06-27,在保,王*,4107****5520,P2023****0
P202300678,唐嘉伟,男,81,410104194308111616,城乡居民,许昌市,2023-01-23,退保,唐**,4101****1616,P2023****8
P202304502,袁玲,女,25,410105199912258304,灵活就业,新乡市,2020-02-25,在保,袁*,4101****8304,P2023****2
P202303686,邓芳,女,34,410102199005066688,城乡居民,焦作市,2022-07-24,在保,邓*,4101****6688,P2023****6
P202303742,许静,女,59,410104196512216384,城镇职工,郑州市,2022-12-29,在保,许*,4101****6384,P2023****2
P202301621,魏杰,男,52,410106197205187072,城镇职工,商丘市,2020-05-20,在保,魏*,4101****7072,P2023****1
P202300423,孙杰,男,45,410103197907024384,城乡居民,驻马店市,2021-06-25,在保,孙*,4101****4384,P2023****3
P202301666,高萍,女,49,410103197512242112,城镇职工,商丘市,2024-03-29,停保,高*,4101****2112,P2023****6
P202304990,周鹏,男,93,410106193109250112,灵活就业,南阳市,2023-05-26,在保,周*,4101****0112,P2023****0
P202302728,吕子轩,男,74,410106195012086464,城镇职工,南阳市,2022-05-19,在保,吕**,4101****6464,P2023****8
P202303194,许美琳,女,38,410102198612256064,城乡居民,洛阳市,2023-01-18,在保,许**,4101****6064,P2023****4
P202303969,朱超,男,86,410103193805215296,城乡居民,焦作市,2024-03-09,在保,朱*,4101****5296,P2023****9
P202300169,薛凤英,女,45,410302197906065088,灵活就业,焦作市,2022-11-29,在保,薛**,4103****5088,P2023****9
P202303835,赵思琪,女,32,410105199211117184,城乡居民,漯河市,2020-09-21,在保,赵**,4101****7184,P2023****5
P202303482,苏秀英,女,3,410502202109038592,城乡居民,驻马店市,2022-04-06,在保,苏**,4105****8592,P2023****2
P202303470,胡子轩,男,46,410402197811053248,城乡居民,安阳市,2024-03-11,在保,胡**,4104****3248,P2023****0
P202300228,周建国,男,30,410105199412193280,灵活就业,周口市,2024-05-01,在保,周**,4101****3280,P2023****8
P202302655,高伟,男,38,410202198612262208,城镇职工,许昌市,2021-04-24,在保,高*,4102****2208,P2023****5
P202300487,韩艳,女,38,410104198608260096,城镇职工,南阳市,2022-10-20,在保,韩*,4101****0096,P2023****7
P202301695,冯佳慧,女,52,410106197209199808,城镇职工,驻马店市,2020-02-16,在保,冯**,4101****9808,P2023****5
P202301201,罗俊杰,男,52,410106197211164992,城镇职工,周口市,2022-01-01,在保,罗**,4101****4992,P2023****1
P202302686,沈雨彤,女,55,410103196904052672,城乡居民,焦作市,2024-04-12,停保,沈**,4101****2672,P2023****6
P202303173,沈杰,男,26,410502199803174784,城乡居民,漯河市,2020-12-16,在保,沈*,4105****4784,P2023****3
P202300024,杨嘉伟,男,24,410105200003144960,城乡居民,新乡市,2022-04-01,停保,杨**,4101****4960,P2023****4
P202303085,袁佳慧,女,46,410302197810154688,城镇职工,安阳市,2021-01-23,在保,袁**,4103****4688,P2023****5
P202303131,袁霞,女,48,410402197601212544,城乡居民,平顶山市,2020-08-06,在保,袁*,4104****2544,P2023****1
P202302537,阎梦瑶,女,67,410302195709102720,城镇职工,信阳市,2023-03-22,在保,阎**,4103****2720,P2023****7
P202302898,宋美琳,女,81,410702194301265920,城乡,安阳市,2023-12-16,停保,宋**,4107****5920,P2023****8
P202304841,萧强,男,35,410302198905156544,城乡居民,许昌市,2021-11-08,在保,萧*,4103****6544,P2023****1
P202302094,郑雪,女,29,410702199503016704,城镇职工,周口市,2024-01-25,停保,郑*,4107****6704,P2023****4
P202300240,萧丽,女,65,410202195903057408,城乡居民,信阳市,2021-01-11,停保,萧*,4102****7408,P2023****0
P202303572,未知,女,73,410502195109183552,城乡居民,洛阳市,2020-03-09,在保,未知,4105****3552,P2023****2
P202303766,王慧,女,50,410104197402091968,城镇职工,许昌市,2022-12-04,在保,王*,4101****1968,P2023****6
P202302017,黄涛,男,45,410202197906231552,城镇职工,平顶山市,2022-03-11,在保,黄*,4102****1552,P2023****7
P202304039,马玲,女,49,410105197501171008,城乡居民,新乡市,2022-04-14,在保,马*,4101****1008,P2023****9
P202300298,吕海涛,男,55,410202196912076416,城镇职工,漯河市,2022-04-23,在保,吕**,4102****6416,P2023****8
P202300249,孙嘉伟,男,81,410102194304191488,灵活就业,漯河市,2020-06-06,在保,孙**,4101****1488,P2023****9
P202302136,傅辉,男,39,410105198508186816,城乡居民,南阳市,2022-07-08,在保,傅*,4101****6816,P2023****6
P202300374,刘宇航,男,67,410702195707223296,灵活就业,许昌市,2020-02-22,在保,刘**,4107****3296,P2023****4
P202300882,曾艳,女,40,410402198405070080,城乡居民,信阳市,2020-05-11,在保,曾*,4104****0080,P2023****2
P202302308,于娟,女,46,410102197809089792,灵活就业,郑州市,2024-02-27,在保,于*,4101****9792,P2023****8
P202303888,孙雨彤,女,47,410104197706056704,城乡居民,漯河市,2020-12-01,在保,孙**,4101****6704,P2023****8
P202304504,张淑珍,女,57,410105196708126400,城镇职工,安阳市,2021-08-01,在保,张**,4101****6400,P2023****4
P202302992,王慧,女,60,410402196412270656,城镇职工,开封市,2020-07-11,在保,王*,4104****0656,P2023****2
P202300725,郭秀英,女,53,410502197108142144,城乡居民,平顶山市,2020-06-06,在保,郭**,4105****2144,P2023****5
P202302221,唐文彬,男,43,410104198104263360,灵活就业,安阳市,2023-01-11,在保,唐**,4101****3360,P2023****1
P202302218,袁思琪,女,48,410105197608130624,城镇职工,驻马店市,2022-12-12,在保,袁**,4101****0624,P2023****8
P202301469,冯凤英,女,28,410202199607158912,灵活就业,信阳市,2020-11-08,在保,冯**,4102****8912,P2023****9
P202301593,萧晨曦,男,57,410103196712185152,城镇职工,南阳市,2024-02-29,在保,萧**,4101****5152,P2023****3
P202303952,冯凤英,女,34,410102199002225024,城乡居民,平顶山市,2020-12-13,停保,冯**,4101****5024,P2023****2
P202302446,徐强,男,54,410105197011011456,城乡居民,开封市,2020-02-17,在保,徐*,4101****1456,P2023****6
P202303092,蔡永强,男,63,410106196108056448,灵活就业,信阳市,2021-03-07,在保,蔡**,4101****6448,P2023****2
P202300928,未知,男,56,410105196806156352,灵活就业,驻马店市,2022-04-26,在保,未知,4101****6352,P2023****8
P202304580,朱雨彤,女,64,410103196003171648,城乡居民,商丘市,2020-07-25,在保,朱**,4101****1648,P2023****0
P202304653,胡紫薇,女,50,410302197405262976,城乡居民,洛阳市,2020-11-20,在保,胡**,4103****2976,P2023****3
P202300600,黄莉,女,56,410202196809048448,城乡居民,开封市,2021-09-22,退保,黄*,4102****8448,P2023****0
P202301393,林桂英,女,86,410103193812053312,城乡居民,平顶山市,2023-01-01,在保,林**,4101****3312,P2023****3
P202302228,薛雨彤,女,39,410302198501188160,城乡居民,安阳市,2023-01-17,退保,薛**,4103****8160,P2023****8
P202304177,萧娟,女,49,410105197505049024,城乡居民,许昌市,2021-05-20,在保,萧*,4101****9024,P2023****7
P202301610,吴娜,女,45,410105197909205056,灵活就业,漯河市,2021-02-18,在保,吴*,4101****5056,P2023****0
P202304291,阎敏,女,59,410302196505109888,城镇职工,商丘市,2023-09-12,在保,阎*,4103****9888,P2023****1
P202302877,程波,男,33,410502199108100224,城乡居民,鹤壁市,2020-11-03,在保,程*,4105****0224,P2023****7
P202303289,董嘉伟,男,38,410402198609131392,灵活就业,驻马店市,2023-12-09,在保,董**,4104****1392,P2023****9
P202302143,罗雪,女,53,410202197106202304,城镇职工,南阳市,2021-10-30,在保,罗*,4102****2304,P2023****3
P202300472,蒋淑珍,女,8,410105201609017536,城镇职工,漯河市,2020-07-03,在保,蒋**,4101****7536,P2023****2
P202301245,沈嘉伟,男,38,410103198602067456,城乡居民,开封市,2021-10-12,在保,沈**,4101****7456,P2023****5
P202303691,周紫薇,女,59,410502196501263360,城镇职工,焦作市,2020-05-29,在保,周**,4105****3360,P2023****1
P202304222,陈玉兰,女,65,410103195912057600,城乡居民,洛阳市,2022-12-13,在保,陈**,4101****7600,P2023****2
P202301074,郑慧,女,26,410702199809011648,灵活就业,许昌市,2021-06-05,停保,郑*,4107****1648,P2023****4
P202301045,赵秀英,女,46,410103197807254464,城镇职工,南阳市,2021-11-04,在保,赵**,4101****4464,P2023****5
P202301715,马欣怡,女,40,410103198404109184,灵活就业,郑州市,2022-12-16,退保,马**,4101****9184,P2023****5
P202304041,王志强,男,53,410106197109035648,城镇职工,洛阳市,2021-03-31,在保,王**,4101****5648,P2023****1
P202304779,彭鹏,男,30,未知,城镇职工,漯河市,2023-11-09,在保,彭*,未知,P2023****9
P202301035,李国强,男,41,410402198310288704,城乡居民,安阳市,2020-11-26,在保,李**,4104****8704,P2023****5
P202304418,徐超,男,14,410302201002145216,城镇职工,漯河市,2021-08-22,在保,徐*,4103****5216,P2023****8
P202301753,陈国强,男,38,410702198607157760,城镇职工,郑州市,2023-02-15,在保,陈**,4107****7760,P2023****3
P202303650,韩国强,男,42,410202198208213632,城乡居民,开封市,2023-06-06,在保,韩**,4102****3632,P2023****0
P202304809,朱桂英,女,75,410106194903116416,灵活就业,开封市,2022-12-27,在保,朱**,4101****6416,P2023****9
P202301555,赵嘉伟,男,45,410302197904029120,城乡居民,郑州市,2020-01-21,在保,赵**,4103****9120,P2023****5
P202304196,蒋秀兰,女,41,410302198303110848,城乡居民,信阳市,2021-10-24,在保,蒋**,4103****0848,P2023****6
P202302987,贾国强,男,47,410302197709107968,城镇职工,驻马店市,2024-05-13,停保,贾**,4103****7968,P2023****7
P202302722,李建华,男,40,410102198402106816,城镇职工,平顶山市,2020-02-05,在保,李**,4101****6816,P2023****2
P202300830,蒋飞,男,44,410402198010110144,城镇职工,商丘市,2020-01-05,在保,蒋*,4104****0144,P2023****0
P202301096,萧俊杰,男,48,410402197602112128,城镇职工,平顶山市,2022-12-16,在保,萧**,4104****2128,P2023****6
P202300427,谢玲,女,32,410702199209165760,城镇职工,洛阳市,2023-10-01,在保,谢*,4107****5760,P2023****7
P202302146,陈嘉伟,男,76,410402194804256576,城乡居民,商丘市,2022-08-06,在保,陈**,4104****6576,P2023****6
P202303136,贾晓红,女,57,410104196704191104,城镇职工,平顶山市,2023-10-24,在保,贾**,4101****1104,P2023****6
P202304161,沈婷,女,50,410302197403024704,灵活就业,周口市,2022-11-08,在保,沈*,4103****4704,P2023****1
P202304065,袁勇,男,32,410105199206223104,城镇职工,郑州市,2021-09-23,退保,袁*,4101****3104,P2023****5
P202304343,贾佳慧,女,85,410202193903131264,城乡居民,驻马店市,2022-08-09,停保,贾**,4102****1264,P2023****3
P202304952,曾慧,女,72,410104195203071744,灵活就业,开封市,2020-03-27,在保,曾*,4101****1744,P2023****2
P202303581,蔡天宇,男,88,410402193605096256,城乡居民,开封市,2021-09-29,在保,蔡**,4104****6256,P2023****1
P202304231,傅晨曦,男,21,410302200308205056,城乡居民,安阳市,2022-10-20,在保,傅**,4103****5056,P2023****1
P202302663,苏婷,女,60,410502196406142272,城乡居民,洛阳市,2020-06-19,在保,苏*,4105****2272,P2023****3
P202302706,黄晨曦,男,68,410106195603111296,城乡居民,商丘市,2022-10-29,停保,黄**,4101****1296,P2023****6
P202301324,王紫薇,女,58,410102196607126592,灵活就业,信阳市,2024-04-19,在保,王**,4101****6592,P2023****4
P202304130,张鹏,男,79,410103194507224064,城镇职工,信阳市,2021-12-22,在保,张*,4101****4064,P2023****0
P202303985,于嘉伟,男,54,410502197009033536,灵活就业,许昌市,2022-08-16,在保,于**,4105****3536,P2023****5
P202304826,郑婷,女,54,410202197001265920,城乡居民,鹤壁市,2020-03-06,在保,郑*,4102****5920,P2023****6
P202304460,吴伟,男,61,410106196302239168,城镇职工,信阳市,2020-07-28,在保,吴*,4101****9168,P2023****0
P202302884,陈秀英,女,58,410702196609196032,城乡居民,鹤壁市,2021-10-05,退保,陈**,4107****6032,P2023****4
P202302118,曾丽,女,32,410502199209048768,城镇职工,新乡市,2024-04-26,在保,曾*,4105****8768,P2023****8
P202300654,赵明,男,30,410105199407080768,城乡居民,周口市,2022-09-19,在保,赵*,4101****0768,P2023****4
P202304437,程嘉伟,男,71,410104195309217216,城乡居民,信阳市,2022-03-07,在保,程**,4101****7216,P2023****7
P202301019,贾秀兰,女,44,410202198003269632,城乡居民,南阳市,2022-05-07,在保,贾**,4102****9632,P2023****9
P202300089,黄芳,女,40,410702198404231616,灵活就业,驻马店市,2020-01-29,在保,黄*,4107****1616,P2023****9
P202301130,蒋萍,女,55,410104196911011904,城镇职工,鹤壁市,2024-03-04,在保,蒋*,4101****1904,P2023****0
P202303774,阎娜,女,36,410105198802273344,城镇职工,漯河市,2024-05-15,停保,阎*,4101****3344,P2023****4
P202300009,郭秀英,女,41,410702198312112192,城镇职工,南阳市,2023-08-09,在保,郭**,4107****2192,P2023****9
P202301887,刘涛,男,35,410105198912259072,城乡居民,焦作市,2021-04-11,在保,刘*,4101****9072,P2023****7
P202301663,冯晨曦,男,11,410103201309192320,城镇职工,安阳市,2020-01-01,在保,冯**,4101****2320,P2023****3
P202303911,林玉兰,女,24,410402200003159808,城乡居民,周口市,2023-05-29,停保,林**,4104****9808,P2023****1
P202300682,胡芳,女,29,410402199511229824,城镇职工,驻马店市,2022-03-18,在保,胡*,4104****9824,P2023****2
P202303774,阎娜,女,36,410105198802273344,城镇职工,漯河市,2024-05-15,停保,阎*,4101****3344,P2023****4
P202303659,吴永强,男,52,410106197201168576,城镇职工,平顶山市,2022-06-29,在保,吴**,4101****8576,P2023****9
P202300145,曾雪,女,54,410102197008265856,灵活就业,焦作市,2023-05-24,在保,曾*,4101****5856,P2023****5
P202300995,胡斌,男,31,410106199309129152,城乡居民,信阳市,2023-07-13,在保,胡*,4101****9152,P2023****5
P202303653,吴语嫣,女,58,410702196608096384,城乡居民,焦作市,2021-07-24,在保,吴**,4107****6384,P2023****3
P202301742,韩敏,女,46,410402197802225600,城镇职工,安阳市,2021-06-25,在保,韩*,4104****5600,P2023****2
P202303341,胡淑珍,女,62,410105196203085440,灵活就业,郑州市,2021-06-12,在保,胡**,4101****5440,P2023****1
P202303836,程梦瑶,女,42,410402198207123520,城乡居民,信阳市,2022-03-25,在保,程**,4104****3520,P2023****6
P202302742,傅莉,女,58,410103196603199808,城镇职工,鹤壁市,2022-03-22,在保,傅*,4101****9808,P2023****2
P202300152,赵婷,女,56,410502196801223424,城乡居民,开封市,2023-05-08,在保,赵*,4105****3424,P2023****2
P202301671,郭桂英,女,45,410105197912267904,城镇职工,新乡市,2022-04-11,在保,郭**,4101****7904,P2023****1
P202303918,何晨曦,男,59,410202196503284224,城乡居民,南阳市,2020-12-16,在保,何**,4102****4224,P2023****8
P202301832,李国强,男,54,410202197009285376,城镇职工,信阳市,2022-05-22,在保,李**,4102****5376,P2023****2
P202300241,邓强,男,35,410103198911027840,城乡居民,南阳市,2020-10-08,在保,邓*,4101****7840,P2023****1
P202300849,苏建国,男,38,410302198608246336,城镇职工,开封市,2021-05-12,在保,苏**,4103****6336,P2023****9
P202302173,谢磊,男,44,410202198012175488,城乡居民,平顶山市,2024-01-18,在保,谢*,4102****5488,P2023****3
P202301882,于美琳,女,79,410402194505131392,城乡居民,周口市,2020-05-17,在保,于**,4104****1392,P2023****2
P202300857,胡涛,男,35,410105198905241792,城镇职工,鹤壁市,2023-02-09,在保,胡*,4101****1792,P2023****7
P202303356,林辉,男,47,410106197709091968,城乡居民,鹤壁市,2022-08-07,在保,林*,4101****1968,P2023****6
P202301414,阎思琪,女,88,410502193601079680,城乡居民,安阳市,2023-04-18,在保,阎**,4105****9680,P2023****4
P202300965,贾莉,女,48,410502197605201024,灵活就业,开封市,2021-10-13,停保,贾*,4105****1024,P2023****5
P202301418,张嘉伟,男,54,410103197005019264,城镇职工,商丘市,2021-11-08,退保,张**,4101****9264,P2023****8
P202302750,周霞,女,46,410702197808122432,城乡居民,平顶山市,2024-02-13,在保,周*,4107****2432,P2023****0
P202300458,徐欣怡,女,31,410402199310190720,城乡居民,南阳市,2022-02-28,在保,徐**,4104****0720,P2023****8
P202301104,唐淑珍,女,47,410106197708071744,城镇职工,焦作市,2023-07-28,在保,唐**,4101****1744,P2023****4
P202301437,萧玉兰,女,45,410302197903245440,城镇职工,新乡市,2021-03-20,在保,萧**,4103****5440,P2023****7
P202304760,王语嫣,女,62,未知,城乡居民,商丘市,2020-06-12,在保,王**,未知,P2023****0
P202304085,徐伟,男,73,410104195109229248,城乡居民,洛阳市,2021-12-31,在保,徐*,4101****9248,P2023****5
P202301591,高俊杰,男,30,410402199405119616,城镇职工,安阳市,2022-10-18,退保,高**,4104****9616,P2023****1
P202303387,吴梦瑶,女,35,410402198907244928,城镇职工,洛阳市,2020-09-13,在保,吴**,4104****4928,P2023****7
P202300466,孙玉兰,女,46,410402197805105920,城乡居民,平顶山市,2023-12-15,在保,孙**,4104****5920,P2023****6
P202302674,吴俊杰,男,40,410302198403254592,城乡,许昌市,2022-10-05,在保,吴**,4103****4592,P2023****4
P202303258,叶淑珍,女,37,410702198708135488,城乡居民,许昌市,2023-10-16,停保,叶**,4107****5488,P2023****8
P202304294,李文彬,男,46,410502197804152512,城镇职工,南阳市,2021-10-28,在保,李**,4105****2512,P2023****4
P202301787,谢鹏,男,44,410103198009078272,城镇职工,许昌市,2023-01-17,在保,谢*,4101****8272,P2023****7
P202301719,阎萍,女,62,410302196211108480,城乡居民,商丘市,2023-05-23,在保,阎*,4103****8480,P2023****9
P202300101,徐杰,男,24,410302200010222464,城镇职工,漯河市,2023-04-09,在保,徐*,4103****2464,P2023****1
P202304029,未知,男,78,410202194610264768,城镇职工,郑州市,2020-02-22,在保,未知,4102****4768,P2023****9
P202301706,周美琳,女,45,410106197910038272,城镇职工,鹤壁市,2022-12-13,在保,周**,4101****8272,P2023****6
P202303320,何宇航,男,91,410202193308032064,城乡居民,周口市,2024-04-20,在保,何**,4102****2064,P2023****0
P202301050,宋紫薇,女,74,410105195006144960,城镇职工,驻马店市,2023-11-11,在保,宋**,4101****4960,P2023****0
P202301407,丁语嫣,女,24,410104200009058368,灵活就业,郑州市,2023-06-28,在保,丁**,4101****8368,P2023****7
P202303626,许美琳,女,32,410302199203219648,城乡居民,信阳市,2020-08-14,在保,许**,4103****9648,P2023****6
P202304193,杨文彬,男,73,410105195108165824,城镇职工,开封市,2022-04-01,在保,杨**,4101****5824,P2023****3
P202301254,苏超,男,56,410102196803144896,灵活就业,焦作市,2023-08-19,停保,苏*,4101****4896,P2023****4
P202304739,陈晓红,女,25,410502199908130112,城乡居民,驻马店市,2022-10-06,在保,陈**,4105****0112,P2023****9
P202302421,胡艳,女,68,410105195605241856,城乡居民,鹤壁市,2021-09-27,在保,胡*,4101****1856,P2023****1
P202304274,阎思琪,女,30,410103199406213760,城乡居民,南阳市,2020-07-01,在保,阎**,4101****3760,P2023****4
P202302848,郭斌,男,34,410106199011175488,城镇职工,新乡市,2021-05-02,在保,郭*,4101****5488,P2023****8
P202301057,黄晓红,女,49,410302197506065664,城镇职工,开封市,2023-01-16,在保,黄**,4103****5664,P2023****7
P202302073,吕萍,女,51,410202197304240576,城镇职工,安阳市,2023-08-07,在保,吕*,4102****0576,P2023****3
P202301727,唐国强,男,40,410502198411054464,城乡居民,洛阳市,2023-02-01,在保,唐**,4105****4464,P2023****7
P202304253,于文博,男,53,410102197110166720,城镇职工,信阳市,2022-10-27,在保,于**,4101****6720,P2023****3
P202303362,徐斌,男,19,410502200510167360,城镇职工,商丘市,2023-10-31,停保,徐*,4105****7360,P2023****2
P202301296,彭俊杰,男,48,410104197604157376,城镇职工,郑州市,2024-03-13,在保,彭**,4101****7376,P2023****6
P202303593,孙娜,女,91,410104193302225216,城镇职工,信阳市,2021-05-27,在保,孙*,4101****5216,P2023****3
P202303489,黄国强,男,33,410105199109148864,城乡居民,开封市,2022-09-11,在保,黄**,4101****8864,P2023****9
P202301293,沈海涛,男,49,410103197506017600,城乡居民,漯河市,2023-01-01,在保,沈**,4101****7600,P2023****3
P202300590,蒋敏,女,34,410104199005040128,城镇职工,驻马店市,2022-11-18,在保,蒋*,4101****0128,P2023****0
P202304117,卢丽,女,45,410702197902209024,城镇职工,郑州市,2023-07-30,在保,卢*,4107****9024,P2023****7
P202302838,罗美琳,女,79,410502194502218112,城镇职工,安阳市,2021-07-03,在保,罗**,4105****8112,P2023****8
P202304611,徐雪,女,51,410402197312170688,城乡居民,开封市,2023-03-31,在保,徐*,4104****0688,P2023****1
P202300932,罗俊杰,男,83,410502194108069184,城乡居民,洛阳市,2022-09-14,在保,罗**,4105****9184,P2023****2
P202301171,孙永强,男,63,410402196110110400,城乡居民,许昌市,2021-04-11,在保,孙**,4104****0400,P2023****1
P202303168,阎娟,女,52,410702197204208512,城乡居民,信阳市,2023-03-31,在保,阎*,4107****8512,P2023****8
P202301700,许强,男,53,410105197104190912,城乡居民,信阳市,2021-03-19,在保,许*,4101****0912,P2023****0
P202302620,杨鹏,男,76,410106194802272256,灵活就业,鹤壁市,2022-02-13,在保,杨*,4101****2256,P2023****0
P202300684,王玲,女,30,410106196608285760,城镇职工,新乡市,2024-01-30,停保,王*,4101****5760,P2023****4
P202300231,冯静,女,36,410104198809162432,城镇职工,安阳市,2023-12-20,在保,冯*,4101****2432,P2023****1
P202304606,林霞,女,45,410103197901064000,灵活就业,焦作市,2022-07-17,在保,林*,4101****4000,P2023****6
P202303409,朱娜,女,45,410103197901221504,城镇职工,新乡市,2022-02-17,在保,朱*,4101****1504,P2023****9
P202304323,卢凤英,女,30,410502195309201728,城乡居民,新乡市,2020-12-10,在保,卢**,4105****1728,P2023****3
P202304047,沈诗涵,女,62,410106196212120960,城镇职工,焦作市,2021-04-13,在保,沈**,4101****0960,P2023****7
P202302408,彭诗涵,女,64,410202196004205376,城镇职工,平顶山市,2023-05-12,在保,彭**,4102****5376,P2023****8
P202302338,程静,女,50,410104197406109440,城乡居民,鹤壁市,2024-05-16,在保,程*,4101****9440,P2023****8
P202304052,叶语嫣,女,53,410502197101205568,城乡居民,驻马店市,2024-02-14,在保,叶**,4105****5568,P2023****2
P202300297,赵飞,男,66,410106195803137920,城镇职工,商丘市,2023-10-18,在保,赵*,4101****7920,P2023****7
P202304750,丁明,男,51,410702197310024384,城镇职工,平顶山市,2022-08-29,在保,丁*,4107****4384,P2023****0
P202303781,罗宇航,男,47,410105197711182784,灵活就业,漯河市,2020-04-04,在保,罗**,4101****2784,P2023****1
P202301174,吴芳,女,48,410202197606149184,城镇职工,信阳市,2021-08-25,在保,吴*,4102****9184,P2023****4
P202303128,曹晓红,女,73,410105195102228544,灵活就业,洛阳市,2020-02-24,退保,曹**,4101****8544,P2023****8
P202303036,沈俊杰,男,58,410702196607103040,城镇职工,南阳市,2020-01-18,在保,沈**,4107****3040,P2023****6
P202300743,苏浩,男,38,410104198601132032,城乡居民,焦作市,2023-03-25,在保,苏*,4101****2032,P2023****3
P202303941,曾明,男,56,410202196808165888,城镇职工,商丘市,2023-05-15,在保,曾*,4102****5888,P2023****1
P202303869,程强,男,52,410106197208061952,城乡居民,安阳市,2023-07-30,在保,程*,4101****1952,P2023****9
P202300506,孙军,男,41,410104198312157440,城镇职工,新乡市,2020-07-03,在保,孙*,4101****7440,P2023****6
P202304601,傅辉,男,46,410702197812271424,城镇职工,信阳市,2023-01-01,在保,傅*,4107****1424,P2023****1
P202304259,丁晨曦,男,48,410502197608220352,城乡居民,商丘市,2022-10-22,在保,丁**,4105****0352,P2023****9
P202301486,丁文彬,男,66,410104195810053312,城乡居民,洛阳市,2020-04-17,停保,丁**,4101****3312,P2023****6
P202301420,蔡莉,女,59,410106196504217536,城乡居民,南阳市,2023-01-01,在保,蔡*,4101****7536,P2023****0
P202303099,程佳慧,女,47,410105197702135104,城镇职工,信阳市,2020-08-09,在保,程**,4101****5104,P2023****9
P202300706,曹敏,女,60,410402196410243200,城镇职工,新乡市,2023-02-08,在保,曹*,4104****3200,P2023****6
P202304726,许慧,女,0,410105202412123200,灵活就业,安阳市,2021-10-24,停保,许*,4101****3200,P2023****6
P202300334,徐军,男,37,410105198705188352,城镇职工,平顶山市,2021-03-25,在保,徐*,4101****8352,P2023****4
P202300469,何明,男,40,410702198401243904,城镇职工,周口市,2023-09-05,在保,何*,4107****3904,P2023****9
P202303451,蔡文彬,男,41,410202198310210432,城乡居民,安阳市,2020-10-17,在保,蔡**,4102****0432,P2023****1
P202303106,梁霞,女,56,410302196803176320,城镇职工,许昌市,2021-02-02,在保,梁*,4103****6320,P2023****6
P202301435,韩辉,男,46,410202197812014400,灵活就业,开封市,2020-03-28,在保,韩*,4102****4400,P2023****5
P202300150,罗建华,男,55,410202196903227200,城镇职工,洛阳市,2023-08-16,在保,罗**,4102****7200,P2023****0
P202304032,赵艳,女,24,410502200006193856,城镇职工,洛阳市,2022-12-08,在保,赵*,4105****3856,P2023****2
P202300415,胡涛,男,55,410106196911129408,城乡居民,许昌市,2023-08-24,退保,胡*,4101****9408,P2023****5
P202301306,卢静,女,33,410502199106173824,城乡居民,鹤壁市,2022-09-20,在保,卢*,4105****3824,P2023****6
P202302630,罗磊,男,41,410104198309259264,城乡居民,漯河市,2023-09-05,在保,罗*,4101****9264,P2023****0
P202301127,周娟,女,55,410104196905213184,灵活就业,平顶山市,2022-09-20,在保,周*,4101****3184,P2023****7
P202303693,胡天宇,男,71,410202195310033600,城镇职工,洛阳市,2023-04-06,在保,胡**,4102****3600,P2023****3
P202300013,蔡晨曦,男,54,410106197011111168,城乡居民,南阳市,2020-11-19,在保,蔡**,4101****1168,P2023****3
P202300094,萧晓红,女,44,410105198012085888,城镇职工,新乡市,2024-05-07,在保,萧**,4101****5888,P2023****4
P202303658,王嘉伟,男,12,410103201204117248,城镇职工,平顶山市,2022-03-08,在保,王**,4101****7248,P2023****8
P202301542,阎秀英,女,81,410102194307035776,城镇职工,许昌市,2024-05-10,在保,阎**,4101****5776,P2023****2
P202304373,邓文博,男,30,410302199402141824,城镇职工,许昌市,2020-08-25,退保,邓**,4103****1824,P2023****3
P202303760,张霞,女,49,410302197506223744,城乡居民,洛阳市,2020-11-30,在保,张*,4103****3744,P2023****0
P202303734,萧超,男,52,410402197201012544,城乡居民,新乡市,2024-04-03,在保,萧*,4104****2544,P2023****4
P202303768,傅国强,男,73,410103195109152256,城乡居民,商丘市,2023-03-09,退保,傅**,4101****2256,P2023****8
P202302903,孙磊,男,39,410104198508073024,城乡居民,洛阳市,2021-08-28,在保,孙*,4101****3024,P2023****3
P202300734,邓永强,男,19,410502200505169024,城乡居民,新乡市,2023-05-13,在保,邓**,4105****9024,P2023****4
P202303498,叶文博,男,49,410302197506195072,城镇职工,信阳市,2022-03-29,在保,叶**,4103****5072,P2023****8
P202304126,袁美琳,女,30,410502199412229888,城乡居民,商丘市,2022-09-18,停保,袁**,4105****9888,P2023****6
P202301785,韩莉,女,51,410402197303169856,城乡居民,南阳市,2022-07-08,停保,韩*,4104****9856,P2023****5
P202302182,林淑珍,女,43,410702198101221376,灵活就业,漯河市,2021-05-06,在保,林**,4107****1376,P2023****2
P202300417,蔡欣怡,女,77,410502194705284352,灵活就业,驻马店市,2020-08-06,在保,蔡**,4105****4352,P2023****7
P202302317,何雪,未知,65,410102195910081792,城乡居民,焦作市,2021-01-29,在保,何*,4101****1792,P2023****7
P202304326,曹紫薇,女,68,410106195604210880,灵活就业,驻马店市,2022-04-02,在保,曹**,4101****0880,P2023****6
P202304178,薛涛,男,55,410105196912231296,城镇职工,南阳市,2023-09-19,在保,薛*,4101****1296,P2023****8
P202300334,徐军,男,37,410105198705188352,城镇职工,平顶山市,2021-03-25,在保,徐*,4101****8352,P2023****4
P202301095,蒋海涛,男,63,410105196112030784,城乡居民,郑州市,2021-03-11,在保,蒋**,4101****0784,P2023****5
P202300747,何天宇,男,53,410102197107204416,灵活就业,安阳市,2020-11-01,在保,何**,4101****4416,P2023****7
P202303900,叶杰,男,56,410105196805014400,城镇职工,鹤壁市,2022-02-24,在保,叶*,4101****4400,P2023****0
P202303980,于志强,男,31,未知,城镇职工,许昌市,2020-02-27,在保,于**,未知,P2023****0
P202302688,邓雨彤,女,22,410102200209022208,城乡居民,许昌市,2022-11-09,在保,邓**,4101****2208,P2023****8
P202303018,马建国,男,30,410102202404190080,城镇职工,驻马店市,2021-06-12,退保,马**,4101****0080,P2023****8
P202301993,薛飞,男,71,410502195312112704,灵活就业,洛阳市,2023-10-22,在保,薛*,4105****2704,P2023****3
P202304905,沈晨曦,男,61,410105196311223296,城乡居民,焦作市,2023-11-05,在保,沈**,4101****3296,P2023****5
P202302652,朱超,男,77,410402194710160896,城乡居民,郑州市,2020-01-05,在保,朱*,4104****0896,P2023****2
P202302851,傅飞,男,40,410402198405073472,城镇职工,周口市,2021-12-12,在保,傅*,4104****3472,P2023****1
P202302859,王梦瑶,女,71,410502195312174336,城镇职工,商丘市,2020-07-15,在保,王**,4105****4336,P2023****9
P202303528,曾美琳,女,87,410702193711162048,城乡居民,新乡市,2021-04-28,停保,曾**,4107****2048,P2023****8
P202304243,程慧,女,39,410105198508211584,城乡居民,开封市,2021-03-31,在保,程*,4101****1584,P2023****3
P202303683,郑辉,男,53,410202197105034496,城镇职工,周口市,2023-10-06,在保,郑*,4102****4496,P2023****3
P202300133,蔡磊,男,30,410302199408204544,城镇职工,安阳市,2021-03-17,在保,蔡*,4103****4544,P2023****3
P202302414,吕辉,男,33,410702199107059392,城乡居民,鹤壁市,2024-05-09,在保,吕*,4107****9392,P2023****4
P202303635,郑强,男,57,410202196702144768,城镇职工,漯河市,2024-01-19,在保,郑*,4102****4768,P2023****5
P202301483,马子轩,男,81,410105194309265152,城镇职工,新乡市,2022-02-09,在保,马**,4101****5152,P2023****3
P202300430,梁建国,男,18,410103200603255488,城镇职工,郑州市,2023-07-07,在保,梁**,4101****5488,P2023****0
P202304806,贾美琳,女,21,410106200307240640,灵活就业,鹤壁市,2023-09-11,在保,贾**,4101****0640,P2023****6
P202304740,程杰,男,62,410106196209170688,城镇职工,焦作市,2023-11-24,在保,程*,4101****0688,P2023****0
P202301908,张嘉伟,男,29,410702199511285696,城镇职工,许昌市,2022-03-02,在保,张**,4107****5696,P2023****8
P202300288,曹静,女,60,410106196411143872,城乡居民,洛阳市,2023-07-21,在保,曹*,4101****3872,P2023****8
P202303275,何波,男,33,410502199110011136,灵活就业,鹤壁市,2021-07-24,在保,何*,4105****1136,P2023****5
P202303654,黄嘉伟,男,35,410103198909260736,灵活就业,驻马店市,2023-08-04,在保,黄**,4101****0736,P2023****4
P202303923,陈丽,女,43,410103198107097728,城乡居民,商丘市,2023-06-04,在保,陈*,4101****7728,P2023****3
P202304164,叶斌,男,16,410402200809211008,城镇职工,郑州市,2021-08-07,退保,叶*,4104****1008,P2023****4
P202303108,周明,男,60,410106196401123904,灵活就业,信阳市,2020-07-28,在保,周*,4101****3904,P2023****8
P202302095,曾鹏,男,68,410202195607070464,城镇职工,周口市,2021-10-12,在保,曾*,4102****0464,P2023****5
P202302437,傅娜,女,47,410302197704066752,城镇职工,洛阳市,2023-05-01,在保,傅*,4103****6752,P2023****7
P202301871,梁飞,男,30,410202199411021120,城乡居民,周口市,2020-10-03,在保,梁*,4102****1120,P2023****1
P202302695,韩凤英,女,56,410502196804222016,城镇职工,南阳市,2020-05-14,在保,韩**,4105****2016,P2023****5
P202302971,沈娜,女,15,410302200912201856,城乡居民,焦作市,2021-10-04,在保,沈*,4103****1856,P2023****1
P202304976,王伟,男,25,410502199907289088,城乡居民,驻马店市,2022-06-11,在保,王*,4105****9088,P2023****6
P202303545,郭佳慧,女,74,410102195003224768,城乡居民,漯河市,2020-11-30,在保,郭**,4101****4768,P2023****5
P202304895,胡雪,女,30,410502199408216704,城乡居民,周口市,2021-10-25,在保,胡*,4105****6704,P2023****5
P202303725,许雨彤,女,38,410106198602019776,城镇职工,驻马店市,2022-05-25,在保,许**,4101****9776,P2023****5
P202300438,罗涛,男,25,410202199904149248,城乡居民,开封市,2020-11-25,在保,罗*,4102****9248,P2023****8
P202303874,贾海涛,男,23,410103200109085568,城镇职工,洛阳市,2022-03-20,在保,贾**,4101****5568,P2023****4
P202300585,谢浩,男,53,410106197104173120,城乡居民,洛阳市,2022-02-05,在保,谢*,4101****3120,P2023****5
P202302300,丁杰,男,22,410104200208041088,城镇职工,鹤壁市,2022-08-09,在保,丁*,4101****1088,P2023****0
P202301439,吴慧,女,58,410402196605279808,城镇职工,南阳市,2020-04-14,在保,吴*,4104****9808,P2023****9
P202304577,黄梦瑶,女,28,410105199605079424,城镇职工,安阳市,2020-04-24,在保,黄**,4101****9424,P2023****7
P202303872,郭辉,男,52,410106197201252544,城乡居民,焦作市,2020-06-19,在保,郭*,4101****2544,P2023****2
P202300712,李军,男,48,410103197608220288,城乡居民,南阳市,2023-05-23,在保,李*,4101****0288,P2023****2
P202302852,未知,女,65,410402195911280064,灵活就业,周口市,2022-05-24,在保,未知,4104****0064,P2023****2
P202304485,唐秀兰,女,49,410102197506091264,城乡居民,平顶山市,2020-06-20,在保,唐**,4101****1264,P2023****5
P202302417,王玲,女,59,410106196508091264,城镇职工,焦作市,2021-04-06,退保,王*,4101****1264,P2023****7
P202304553,丁鹏,男,65,410702195903141504,城乡居民,新乡市,2023-07-07,在保,丁*,4107****1504,P2023****3
P202302322,叶霞,女,64,410702196001158016,城镇职工,平顶山市,2023-05-10,在保,叶*,4107****8016,P2023****2
P202303008,陈静,女,22,410302200201110976,城镇职工,安阳市,2023-01-12,在保,陈*,4103****0976,P2023****8
P202302132,傅晨曦,男,50,410502197404286784,城乡居民,焦作市,2022-09-15,在保,傅**,4105****6784,P2023****2
P202304735,卢磊,男,55,410402196907095936,城镇职工,许昌市,2022-09-04,在保,卢*,4104****5936,P2023****5
P202302670,曹杰,男,61,410202196306089856,灵活就业,信阳市,2022-01-18,在保,曹*,4102****9856,P2023****0
P202300587,阎桂英,女,41,410103198309221376,城镇职工,许昌市,2020-03-15,在保,阎**,4101****1376,P2023****7
P202302373,贾建国,男,52,410502197208130240,城乡居民,平顶山市,2023-07-29,在保,贾**,4105****0240,P2023****3
P202301535,高涛,男,41,410104198312233984,城镇职工,焦作市,2020-05-02,在保,高*,4101****3984,P2023****5
P202300735,宋诗涵,女,68,410302195612242432,城乡居民,新乡市,2020-10-22,在保,宋**,4103****2432,P2023****5
P202302165,阎美琳,女,78,410702194606255296,城乡居民,驻马店市,2024-02-28,在保,阎**,4107****5296,P2023****5
P202303107,徐静,女,26,410402199806214144,城镇职工,郑州市,2020-12-05,在保,徐*,4104****4144,P2023****7
P202304425,朱凤英,女,33,410202199104098752,城乡居民,焦作市,2020-08-16,在保,朱**,4102****8752,P2023****5
P202302587,胡欣怡,女,26,410105199806092160,城乡居民,南阳市,2023-01-28,在保,胡**,4101****2160,P2023****7
P202300554,魏伟,男,54,410302197007104512,城乡居民,开封市,2024-05-14,在保,魏*,4103****4512,P2023****4
P202304944,林娜,女,36,410103198802086272,城乡居民,郑州市,2021-06-29,在保,林*,4101****6272,P2023****4
P202300473,郑诗涵,女,22,410702200204159552,城镇职工,周口市,2020-01-10,在保,郑**,4107****9552,P2023****3
P202301058,蒋雨彤,女,71,410106195312209600,城乡居民,洛阳市,2020-07-31,在保,蒋**,4101****9600,P2023****8
P202303291,董雪,女,75,410106194908039808,城镇职工,南阳市,2021-01-07,在保,董*,4101****9808,P2023****1
P202304676,韩萍,女,32,410105199207029568,城镇职工,信阳市,2020-10-19,停保,韩*,4101****9568,P2023****6
P202301048,朱娜,女,21,410102200311142784,城镇职工,商丘市,2020-12-26,在保,朱*,4101****2784,P2023****8
P202301221,邓子轩,男,28,410105199608289920,城镇职工,郑州市,2022-05-18,在保,邓**,4101****9920,P2023****1
P202300545,曾美琳,女,5,410102201905060608,城乡居民,新乡市,2023-11-27,在保,曾**,4101****0608,P2023****5
P202300801,邓建华,男,66,410103195809183168,城镇职工,焦作市,2024-03-30,在保,邓**,4101****3168,P2023****1
P202304232,董建华,男,74,410502195007131968,城乡居民,平顶山市,2023-07-22,在保,董**,4105****1968,P2023****2
P202303525,朱文博,男,39,410104198508078400,灵活就业,周口市,2022-08-29,在保,朱**,4101****8400,P2023****5
P202300291,郭桂英,女,46,410202197809191360,城乡居民,鹤壁市,2022-09-20,在保,郭**,4102****1360,P2023****1
P202304721,韩佳慧,女,68,410103195611217664,城乡居民,郑州市,2021-12-26,在保,韩**,4101****7664,P2023****1
P202300927,郑文博,男,39,410103198501158912,城镇职工,许昌市,2020-10-11,在保,郑**,4101****8912,P2023****7
P202300253,杨紫薇,女,88,410105193612030848,城乡居民,开封市,2022-02-17,在保,杨**,4101****0848,P2023****3
P202300970,苏磊,男,24,410105200002065920,城镇职工,洛阳市,2024-03-02,在保,苏*,4101****5920,P2023****0
P202303312,吕海涛,男,58,410103196605279296,城乡居民,信阳市,2021-08-27,在保,吕**,4101****9296,P2023****2
P202300351,程文博,男,55,410302196908169152,城镇职工,洛阳市,2023-08-07,在保,程**,4103****9152,P2023****1
P202303207,郭桂英,女,36,410106198805091136,城乡居民,信阳市,2022-04-05,在保,郭**,4101****1136,P2023****7
P202302035,曾艳,女,69,410402195509163648,城乡,郑州市,2022-09-04,在保,曾*,4104****3648,P2023****5
P202303035,胡诗涵,女,51,410103197305261632,城乡居民,周口市,2022-01-11,在保,胡**,4101****1632,P2023****5
P202301594,罗秀英,女,66,410702195808220672,城镇职工,漯河市,2020-04-26,在保,罗**,4107****0672,P2023****4
P202300091,冯诗涵,女,51,410402197304155648,城乡居民,南阳市,2021-01-25,停保,冯**,4104****5648,P2023****1
P202301619,韩建华,男,42,410104198209212032,城乡居民,商丘市,2022-05-29,在保,韩**,4101****2032,P2023****9
P202300812,曾斌,男,42,410106198205071872,城镇职工,郑州市,2020-09-07,在保,曾*,4101****1872,P2023****2
P202300722,梁莉,女,19,410402200502236928,城镇职工,焦作市,2022-10-14,在保,梁*,4104****6928,P2023****2
P202303103,未知,女,79,410104194505131008,城乡居民,新乡市,2020-01-28,在保,未知,4101****1008,P2023****3
P202300027,刘建国,男,29,410104199502200704,城镇职工,南阳市,2020-09-02,停保,刘**,4101****0704,P2023****7
P202301346,卢玲,女,23,410103200111218304,城镇职工,漯河市,2022-08-23,在保,卢*,4101****8304,P2023****6
P202302084,蒋嘉伟,男,8,410103201608280512,灵活就业,安阳市,2023-11-21,在保,蒋**,4101****0512,P2023****4
P202301756,袁玲,女,74,410106195010118656,城乡居民,驻马店市,2023-02-07,在保,袁*,4101****8656,P2023****6
P202301211,张辉,男,27,410302199711131328,城乡居民,鹤壁市,2020-06-22,在保,张*,4103****1328,P2023****1
P202304023,苏敏,女,16,410102200806136768,城乡居民,信阳市,2021-08-10,在保,苏*,4101****6768,P2023****3
P202304072,蒋慧,女,37,410103198711034432,城镇职工,安阳市,2023-08-28,在保,蒋*,4101****4432,P2023****2
P202302374,蒋海涛,男,59,410104196503271232,城镇职工,郑州市,2021-06-21,在保,蒋**,4101****1232,P2023****4
P202304966,贾鹏,男,45,410502197903032896,城镇职工,开封市,2023-05-01,在保,贾*,4105****2896,P2023****6
P202303772,程勇,男,41,410502198311214912,城镇职工,鹤壁市,2020-11-16,停保,程*,4105****4912,P2023****2
P202300916,何文彬,男,55,410104196905086144,城乡居民,商丘市,2020-11-26,在保,何**,4101****6144,P2023****6
P202302526,卢佳慧,女,58,410502196603278272,城乡居民,商丘市,2022-09-27,在保,卢**,4105****8272,P2023****6
P202301075,彭伟,男,67,410502195709251584,城乡居民,鹤壁市,2022-01-17,在保,彭*,4105****1584,P2023****5
P202303699,蔡凤英,女,66,410202195803271232,城乡居民,漯河市,2020-11-26,在保,蔡**,4102****1232,P2023****9
P202300255,周磊,男,22,410402200209185216,城镇职工,洛阳市,2020-02-23,在保,周*,4104****5216,P2023****5
P202304300,袁晨曦,男,35,410502198903230144,城镇职工,开封市,2022-08-22,在保,袁**,4105****0144,P2023****0
P202303211,宋秀兰,女,71,410502195302134912,城乡居民,安阳市,2021-03-22,退保,宋**,4105****4912,P2023****1
P202304087,徐斌,男,65,410104195906028736,城乡居民,平顶山市,2020-04-26,在保,徐*,4101****8736,P2023****7
P202304355,卢斌,男,57,410106196703240768,灵活就业,南阳市,2022-11-12,在保,卢*,4101****0768,P2023****5
P202304597,丁文博,男,45,410402197905228608,灵活就业,平顶山市,2021-01-18,在保,丁**,4104****8608,P2023****7
P202301730,许静,女,83,410106194109096384,城镇职工,鹤壁市,2020-03-01,在保,许*,4101****6384,P2023****0
P202302276,韩磊,男,30,410102199404073728,城镇职工,鹤壁市,2023-08-21,在保,韩*,4101****3728,P2023****6
P202301953,卢芳,女,33,410103199101014016,灵活就业,商丘市,2023-06-27,在保,卢*,4101****4016,P2023****3
P202301271,吴伟,男,69,410702195505075264,城镇职工,许昌市,2022-07-20,在保,吴*,4107****5264,P2023****1
P202304695,郑芳,女,46,410102197801056448,灵活就业,漯河市,2020-02-07,退保,郑*,4101****6448,P2023****5
P202300316,萧超,男,50,410402197404249216,城乡居民,平顶山市,2021-05-17,在保,萧*,4104****9216,P2023****6
P202304965,梁佳慧,女,38,410502198610167232,城乡居民,鹤壁市,2022-07-20,在保,梁**,4105****7232,P2023****5
P202304922,卢萍,女,55,410702196905061824,城镇职工,驻马店市,2020-07-30,在保,卢*,4107****1824,P2023****2
P202303829,于秀兰,女,71,410105195310076928,城镇职工,郑州市,2022-12-04,在保,于**,4101****6928,P2023****9
P202300556,蔡伟,男,42,410402198203178688,城镇职工,信阳市,2023-12-29,在保,蔡*,4104****8688,P2023****6
P202301920,周斌,男,41,410202198308289856,灵活就业,周口市,2023-02-18,在保,周*,4102****9856,P2023****0
P202303946,李晓红,女,66,410103195803030592,城乡居民,驻马店市,2021-08-18,在保,李**,4101****0592,P2023****6
P202300070,程雪,女,38,410302198612183360,城乡居民,许昌市,2022-07-18,在保,程*,4103****3360,P2023****0
P202302528,阎静,女,60,410104196407186240,城乡居民,新乡市,2021-07-16,停保,阎*,4101****6240,P2023****8
P202303444,刘斌,男,78,410105194602262912,城乡居民,周口市,2022-05-31,在保,刘*,4101****2912,P2023****4
P202303410,蔡子轩,男,86,410202193812136704,灵活就业,新乡市,2024-01-14,在保,蔡**,4102****6704,P2023****0
P202302875,曹霞,女,49,410202197510097024,城乡居民,商丘市,2021-05-05,停保,曹*,4102****7024,P2023****5
P202304336,杨雨彤,女,38,410702198610103232,城镇职工,漯河市,2024-02-21,在保,杨**,4107****3232,P2023****6
P202303170,蔡艳,女,42,未知,灵活就业,南阳市,2020-10-30,退保,蔡*,未知,P2023****0
P202300806,邓莉,女,44,410202198008041536,城镇职工,鹤壁市,2022-04-23,在保,邓*,4102****1536,P2023****6
P202301554,周杰,男,35,410102198901280704,城镇职工,洛阳市,2023-01-28,在保,周*,4101****0704,P2023****4
P202302119,萧文彬,男,3,410302202102159424,城镇职工,许昌市,2020-08-14,在保,萧**,4103****9424,P2023****9
P202304221,程俊杰,男,6,410102201803032576,城镇职工,平顶山市,2023-01-21,在保,程**,4101****2576,P2023****1
P202303704,许磊,男,34,410104199009099968,城镇职工,洛阳市,2022-05-19,在保,许*,4101****9968,P2023****4
P202300894,林艳,女,71,410302195301013440,城镇职工,商丘市,2023-10-02,在保,林*,4103****3440,P2023****4
P202304993,沈丽,女,47,410106197710202112,灵活就业,许昌市,2022-04-28,在保,沈*,4101****2112,P2023****3
P202302147,阎霞,女,21,410502200312086336,城乡居民,驻马店市,2021-10-19,在保,阎*,4105****6336,P2023****7
P202300388,彭强,男,83,410102194101231168,城乡居民,信阳市,2022-02-17,在保,彭*,4101****1168,P2023****8
P202300752,贾淑珍,女,25,410302199912147520,城乡居民,安阳市,2020-05-29,在保,贾**,4103****7520,P2023****2
P202302843,袁嘉伟,男,76,410302194802229248,城乡居民,郑州市,2023-08-09,在保,袁**,4103****9248,P2023****3
P202303183,丁淑珍,女,30,410302199407203968,城镇职工,信阳市,2024-01-28,在保,丁**,4103****3968,P2023****3
P202301984,唐美琳,女,65,410702195909081344,城乡居民,商丘市,2020-02-16,在保,唐**,4107****1344,P2023****4
P202304038,胡浩然,男,46,410106197801212160,灵活就业,周口市,2022-08-21,在保,胡**,4101****2160,P2023****8
P202303025,刘宇航,男,16,410702200810082560,城镇职工,南阳市,2020-02-16,在保,刘**,4107****2560,P2023****5
P202302188,曾飞,男,45,410102197910145856,城乡居民,南阳市,2022-10-11,在保,曾*,4101****5856,P2023****8
P202300411,曹伟,男,62,410102196209148608,城乡居民,信阳市,2022-11-07,在保,曹*,4101****8608,P2023****1
P202304491,胡斌,男,57,410402196705267072,灵活就业,漯河市,2022-12-08,在保,胡*,4104****7072,P2023****1
P202300110,傅玉兰,女,48,410302197601095488,城镇职工,信阳市,2022-01-24,在保,傅**,4103****5488,P2023****0
P202302556,陈凤英,女,59,410302196506148992,城镇职工,开封市,2022-02-10,在保,陈**,4103****8992,P2023****6
P202303221,赵建华,男,31,410702199302211520,城乡居民,商丘市,2024-02-08,在保,赵**,4107****1520,P2023****1
P202302154,黄建国,男,54,410103197002232064,城镇职工,鹤壁市,2023-08-12,在保,黄**,4101****2064,P2023****4
P202304732,贾淑珍,女,49,410502197508077824,城镇职工,鹤壁市,2021-02-16,在保,贾**,4105****7824,P2023****2
P202302664,彭鹏,男,32,410102199201242496,城镇职工,鹤壁市,2021-11-20,在保,彭*,4101****2496,P2023****4
P202302192,阎欣怡,女,58,410102196604109696,城乡居民,周口市,2022-10-28,在保,阎**,4101****9696,P2023****2
P202304329,郭俊杰,男,80,410502194404185024,灵活就业,郑州市,2020-01-28,停保,郭**,4105****5024,P2023****9
P202301648,萧丽,女,67,410102195712155392,城镇职工,新乡市,2022-04-26,在保,萧*,4101****5392,P2023****8
P202300222,陈嘉伟,男,16,410106200807067904,城乡居民,平顶山市,2023-08-06,退保,陈**,4101****7904,P2023****2
P202304410,王娜,女,65,410106195901012992,城镇职工,安阳市,2022-01-04,在保,王*,4101****2992,P2023****0
P202304638,许佳慧,女,28,410105199609210048,城镇职工,洛阳市,2021-10-03,在保,许**,4101****0048,P2023****8
P202300656,郭艳,女,51,410102197312190592,城镇职工,开封市,2020-08-15,停保,郭*,4101****0592,P2023****6
P202304145,郭玲,女,22,410105200206225984,城镇职工,鹤壁市,2023-12-01,在保,郭*,4101****5984,P2023****5
P202301789,吕秀英,女,55,410102196902172480,城镇职工,安阳市,2022-09-29,在保,吕**,4101****2480,P2023****9
P202302922,冯海涛,男,63,410104196110019072,城镇职工,洛阳市,2024-01-28,停保,冯**,4101****9072,P2023****2
P202301256,魏淑珍,女,28,410105199605243840,城乡居民,焦作市,2022-09-15,在保,魏**,4101****3840,P2023****6
P202304014,沈鹏,男,53,410106197110253056,城乡居民,商丘市,2024-03-05,在保,沈*,4101****3056,P2023****4
P202304455,郭文博,男,72,410106195211257216,城乡居民,新乡市,2023-11-16,在保,郭**,4101****7216,P2023****5
P202301210,袁波,男,81,410102194303103104,城乡居民,新乡市,2023-07-17,在保,袁*,4101****3104,P2023****0
P202304249,宋娟,女,58,410105196612126272,城镇职工,焦作市,2023-04-13,在保,宋*,4101****6272,P2023****9
P202301129,唐娜,女,48,410106197607161856,灵活就业,鹤壁市,2023-01-24,在保,唐*,4101****1856,P2023****9
P202304174,吕子轩,男,32,410202199206214848,城乡居民,鹤壁市,2024-03-12,在保,吕**,4102****4848,P2023****4
P202302320,贾佳慧,女,30,410105199404078976,城镇职工,安阳市,2021-05-19,在保,贾**,4101****8976,P2023****0
P202303990,卢天宇,男,36,410702198808287552,城镇职工,驻马店市,2024-04-05,在保,卢**,4107****7552,P2023****0
P202300178,罗语嫣,女,76,410104194806172288,城镇职工,新乡市,2020-10-11,在保,罗**,4101****2288,P2023****8
P202302950,傅静,女,20,410104200407064256,城镇职工,新乡市,2023-05-28,在保,傅*,4101****4256,P2023****0
P202304793,吴子轩,男,47,410104197705228416,城乡居民,驻马店市,2022-05-12,在保,吴**,4101****8416,P2023****3
P202300081,郭俊杰,男,46,410102197803263168,城镇职工,许昌市,2023-03-11,停保,郭**,4101****3168,P2023****1
P202301225,王桂英,女,46,410104197808030080,城镇职工,许昌市,2021-01-19,在保,王**,4101****0080,P2023****5
P202302299,吴语嫣,女,61,410105196307248576,城镇职工,信阳市,2024-02-01,在保,吴**,4101****8576,P2023****9
P202302916,宋永强,男,83,410102194112059328,灵活就业,南阳市,2020-02-02,在保,宋**,4101****9328,P2023****6
P202302544,马佳慧,女,44,410402198012093952,城镇职工,许昌市,2020-09-07,在保,马**,4104****3952,P2023****4
P202304324,宋杰,男,30,410105199403055872,城镇职工,商丘市,2023-10-22,在保,宋*,4101****5872,P2023****4
P202301780,薛美琳,女,37,410502198711117504,城乡居民,南阳市,2022-01-14,在保,薛**,4105****7504,P2023****0
P202304768,韩建华,男,45,410104197907013824,城镇职工,新乡市,2022-12-10,在保,韩**,4101****3824,P2023****8
P202301612,阎诗涵,女,21,410105200304053376,灵活就业,安阳市,2022-12-23,在保,阎**,4101****3376,P2023****2
P202303779,马文彬,男,12,410402201203084032,城乡居民,周口市,2021-08-19,在保,马**,4104****4032,P2023****9
P202301868,唐浩,男,70,410104195402090816,城乡居民,安阳市,2022-04-27,在保,唐*,4101****0816,P2023****8
P202300671,黄雨彤,女,72,410104195204179712,城镇职工,安阳市,2022-05-03,退保,黄**,4101****9712,P2023****1
P202304832,周美琳,女,28,410302199607224320,城镇职工,信阳市,2020-05-15,退保,周**,4103****4320,P2023****2
P202303619,傅晨曦,男,71,410105195304218368,城乡居民,许昌市,2022-08-21,在保,傅**,4101****8368,P2023****9
P202301808,卢语嫣,女,59,410105196501208448,城乡居民,漯河市,2020-01-11,在保,卢**,4101****8448,P2023****8
P202303394,谢淑珍,女,48,410103197603126592,城乡居民,漯河市,2023-01-26,在保,谢**,4101****6592,P2023****4
P202302689,马辉,男,63,410102196105022784,城乡居民,洛阳市,2021-12-14,在保,马*,4101****2784,P2023****9
P202302895,冯玲,女,59,410402196508100992,灵活就业,洛阳市,2021-02-20,停保,冯*,4104****0992,P2023****5
P202304874,谢秀英,女,54,410105197006236736,城乡居民,商丘市,2023-02-07,在保,谢**,4101****6736,P2023****4
P202300220,刘凤英,女,51,410302197308190592,城镇职工,信阳市,2023-10-09,在保,刘**,4103****0592,P2023****0
P202302096,高秀兰,女,48,410104197611141760,城镇职工,许昌市,2021-08-30,在保,高**,4101****1760,P2023****6
P202303045,郭子轩,男,62,410202196209231040,城乡居民,商丘市,2022-07-31,在保,郭**,4102****1040,P2023****5
P202300044,梁淑珍,女,44,410502198003074304,城乡居民,商丘市,2024-03-12,停保,梁**,4105****4304,P2023****4
P202300211,袁浩,男,60,410103196406067456,城镇职工,商丘市,2021-06-10,在保,袁*,4101****7456,P2023****1
P202301514,彭飞,男,16,410104200810058368,城乡居民,鹤壁市,2023-11-20,在保,彭*,4101****8368,P2023****4
P202300355,唐晨曦,男,49,410102197509199232,灵活就业,平顶山市,2023-03-16,在保,唐**,4101****9232,P2023****5
P202302442,王玉兰,女,74,410102195003243904,城镇职工,许昌市,2022-12-30,在保,王**,4101****3904,P2023****2
P202301198,蔡涛,男,59,410104196508271936,城镇职工,安阳市,2020-09-26,在保,蔡*,4101****1936,P2023****8
P202303976,吕莉,女,53,410702197105118592,城镇职工,商丘市,2021-08-23,退保,吕*,4107****8592,P2023****6
P202303205,许浩然,男,32,410105199210154048,城乡居民,郑州市,2023-12-28,停保,许**,4101****4048,P2023****5
P202300368,何子轩,男,50,410103197405013952,城乡居民,开封市,2023-03-17,在保,何**,4101****3952,P2023****8
P202302597,吕斌,男,39,410102198507229120,城乡居民,新乡市,2021-03-23,在保,吕*,4101****9120,P2023****7
P202303790,叶强,男,73,410105195111241600,城乡居民,新乡市,2021-12-02,在保,叶*,4101****1600,P2023****0
P202301729,阎涛,男,56,410202196810119424,城乡居民,安阳市,2021-01-28,在保,阎*,4102****9424,P2023****9
P202300136,孙静,女,77,410105194709188544,城镇职工,洛阳市,2022-03-24,停保,孙*,4101****8544,P2023****6
P202301504,郭斌,男,49,410106197501043072,城乡居民,安阳市,2022-07-24,停保,郭*,4101****3072,P2023****4
P202300048,吕语嫣,女,69,410402195507215872,城乡居民,许昌市,2023-11-27,在保,吕**,4104****5872,P2023****8
P202302319,刘敏,女,39,410105198506103360,城乡居民,新乡市,2022-04-09,在保,刘*,4101****3360,P2023****9
P202301392,苏莉,女,37,410302198712097216,灵活就业,平顶山市,2021-06-23,在保,苏*,4103****7216,P2023****2
P202302064,张文博,男,48,未知,城镇职工,南阳市,2021-03-01,在保,张**,未知,P2023****4
P202301011,宋慧,女,73,410102195109232768,城镇职工,洛阳市,2020-02-13,在保,宋*,4101****2768,P2023****1
P202302122,沈诗涵,女,64,410202196008073152,城镇职工,驻马店市,2023-04-29,在保,沈**,4102****3152,P2023****2
P202303996,邓超,男,50,410105197407014272,城乡,开封市,2021-01-29,在保,邓*,4101****4272,P2023****6
P202300062,曾伟,男,46,410702197811134080,灵活就业,洛阳市,2023-04-27,在保,曾*,4107****4080,P2023****2
P202301033,张娜,女,57,410106196701127680,城镇职工,南阳市,2022-10-21,在保,张*,4101****7680,P2023****3
P202303246,谢永强,男,63,410103196107260160,城乡居民,周口市,2023-05-21,在保,谢**,4101****0160,P2023****6
P202300096,赵语嫣,女,23,410103200109150144,城乡居民,南阳市,2023-09-02,退保,赵**,4101****0144,P2023****6
P202300479,曹子轩,男,95,410105192905072320,城镇职工,鹤壁市,2021-05-26,在保,曹**,4101****2320,P2023****9
P202304322,孙淑珍,女,48,410402197601211840,城乡居民,信阳市,2021-08-07,在保,孙**,4104****1840,P2023****2
P202300843,何娟,女,29,410105199506270528,城镇职工,驻马店市,2021-04-29,停保,何*,4101****0528,P2023****3
P202300890,丁浩,男,69,410106195503068608,城镇职工,周口市,2023-01-01,在保,丁*,4101****8608,P2023****0
P202301617,陈宇航,男,55,410502196909140160,城乡居民,鹤壁市,2024-02-09,在保,陈**,4105****0160,P2023****7
P202301903,张宇航,男,71,410702195309249856,城镇职工,许昌市,2021-06-01,在保,张**,4107****9856,P2023****3
P202301506,郭芳,女,41,未知,城乡居民,新乡市,2020-05-13,在保,郭*,未知,P2023****6
P202300323,萧霞,女,35,410103198903267008,灵活就业,鹤壁市,2023-12-14,在保,萧*,4101****7008,P2023****3
P202301323,谢静,女,48,410202197612114624,城镇职工,南阳市,2023-02-27,在保,谢*,4102****4624,P2023****3
P202303474,罗桂英,女,30,410502199408037376,城乡居民,郑州市,2023-07-05,在保,罗**,4105****7376,P2023****4
P202304042,陈俊杰,男,63,410302196101114496,城乡居民,南阳市,2022-07-15,在保,陈**,4103****4496,P2023****2
P202302388,萧杰,男,33,410502199103209664,城镇职工,驻马店市,2020-12-22,在保,萧*,4105****9664,P2023****8
P202301426,林斌,男,14,410402201012054528,城乡居民,平顶山市,2020-03-25,在保,林*,4104****4528,P2023****6
P202302522,袁秀英,女,95,410103192906166144,城镇职工,驻马店市,2023-04-04,在保,袁**,4101****6144,P2023****2
P202303130,刘辉,男,42,410502198207156160,城镇职工,漯河市,2023-02-23,在保,刘*,4105****6160,P2023****0
P202301188,韩桂英,女,45,410502197912192832,城镇职工,新乡市,2021-08-31,在保,韩**,4105****2832,P2023****8
P202302464,贾天宇,男,27,410402199704267008,城乡居民,新乡市,2023-03-04,退保,贾**,4104****7008,P2023****4
P202300292,张军,男,41,410402198301049536,城乡居民,信阳市,2022-07-23,在保,张*,4104****9536,P2023****2
P202302358,徐超,男,52,410502197206242304,灵活就业,鹤壁市,2024-04-07,在保,徐*,4105****2304,P2023****8
P202302755,蒋嘉伟,男,48,410502197607211648,城镇职工,鹤壁市,2022-10-09,在保,蒋**,4105****1648,P2023****5
P202300534,杨紫薇,女,28,410202199606274432,城镇职工,漯河市,2020-09-03,停保,杨**,4102****4432,P2023****4
P202302054,何芳,女,44,410502198003052288,城乡居民,周口市,2021-11-03,在保,何*,4105****2288,P2023****4
P202303936,吴玉兰,女,56,410402196810137792,城镇职工,周口市,2023-05-23,在保,吴**,4104****7792,P2023****6
P202301262,萧雨彤,女,51,410103197307053248,城镇职工,南阳市,2024-05-02,在保,萧**,4101****3248,P2023****2
P202301877,于慧,女,39,410202198507091648,城镇职工,鹤壁市,2021-09-28,在保,于*,4102****1648,P2023****7
P202302588,林思琪,女,46,410302197802137472,城乡居民,开封市,2021-08-29,在保,林**,4103****7472,P2023****8
P202304020,董勇,男,48,410104197601289216,城镇职工,漯河市,2023-07-22,在保,董*,4101****9216,P2023****0
P202304983,马俊杰,男,55,410105196912050240,城乡居民,焦作市,2021-07-08,停保,马**,4101****0240,P2023****3
P202303335,邓诗涵,女,75,410102194910168896,城镇职工,安阳市,2023-09-05,在保,邓**,4101****8896,P2023****5
P202300429,李晓红,女,69,410202195509265216,城乡居民,信阳市,2020-03-30,在保,李**,4102****5216,P2023****9
P202301039,傅语嫣,女,54,410103197008044672,灵活就业,开封市,2021-08-28,在保,傅**,4101****4672,P2023****9
P202303309,贾海涛,男,81,410702194312210816,城镇职工,洛阳市,2021-09-07,在保,贾**,4107****0816,P2023****9
P202304303,董玲,女,32,410702199206178112,城镇职工,鹤壁市,2020-09-10,在保,董*,4107****8112,P2023****3
P202303649,张语嫣,女,64,410402196003026304,城乡居民,驻马店市,2020-03-11,在保,张**,4104****6304,P2023****9
P202301193,许建华,男,39,410102198508278400,城乡居民,焦作市,2021-02-20,在保,许**,4101****8400,P2023****3
P202302239,傅军,男,42,410103198211068032,城乡居民,焦作市,2023-03-02,在保,傅*,4101****8032,P2023****9
P202302427,蒋玉兰,女,60,410103196407026624,城镇职工,鹤壁市,2022-08-26,在保,蒋**,4101****6624,P2023****7
P202301085,胡艳,女,56,410402196808022784,城镇职工,洛阳市,2020-09-11,在保,胡*,4104****2784,P2023****5
P202300627,杨文博,男,32,410302199211259200,城乡居民,平顶山市,2021-01-13,停保,杨**,4103****9200,P2023****7
P202302022,张婷,女,54,410702197008269824,城镇职工,未知,2022-11-01,在保,张*,4107****9824,P2023****2
P202304712,高建华,男,60,410106196401047552,灵活,商丘市,2022-08-30,在保,高**,4101****7552,P2023****2
P202304571,魏霞,女,39,410402198503268864,灵活就业,新乡市,2023-09-16,在保,魏*,4104****8864,P2023****1
P202304971,沈天宇,男,77,410202194701094272,城镇职工,许昌市,2023-06-10,在保,沈**,4102****4272,P2023****1
P202300658,杨斌,男,49,410402197504194816,灵活就业,安阳市,2020-01-30,在保,杨*,4104****4816,P2023****8
P202302560,宋秀英,女,66,410105195805252928,城乡居民,漯河市,2023-01-30,在保,宋**,4101****2928,P2023****0
P202300764,苏霞,女,48,410102197606026688,城乡居民,信阳市,2021-10-27,停保,苏*,4101****6688,P2023****4
P202300788,罗娟,女,58,410102196601129024,城镇职工,焦作市,2023-10-18,在保,罗*,4101****9024,P2023****8
P202303287,林磊,男,44,410104198010185664,城乡居民,洛阳市,2024-02-11,在保,林*,4101****5664,P2023****7
P202301184,张俊杰,男,21,410104200302055296,城镇职工,漯河市,2022-03-05,停保,张**,4101****5296,P2023****4
P202304511,蔡紫薇,女,28,410202199601243712,灵活就业,新乡市,2023-06-28,在保,蔡**,4102****3712,P2023****1
P202302281,杨伟,男,18,410103200605164288,城镇职工,平顶山市,2020-11-14,在保,杨*,4101****4288,P2023****1
P202300953,唐俊杰,男,27,410302199709275520,城乡居民,信阳市,2020-05-10,在保,唐**,4103****5520,P2023****3
P202303544,唐玉兰,女,30,410102199404014528,城职,商丘市,2023-01-01,在保,唐**,4101****4528,P2023****4
P202301938,魏秀英,女,58,410502196603162048,灵活就业,平顶山市,2023-01-07,在保,魏**,4105****2048,P2023****8
P202301544,程婷,女,41,410702198312189440,城乡居民,周口市,2023-09-15,在保,程*,4107****9440,P2023****4
P202302283,曹桂英,女,71,410104195304193792,城乡居民,信阳市,2022-11-03,在保,曹**,4101****3792,P2023****3
P202301021,贾磊,男,59,410102196504280192,城镇职工,驻马店市,2022-08-28,退保,贾*,4101****0192,P2023****1
P202301737,李雪,女,31,410402199312218432,城乡居民,漯河市,2022-02-26,停保,李*,4104****8432,P2023****7
P202301282,高秀英,女,47,410702197708194304,城乡居民,焦作市,2023-01-13,在保,高**,4107****4304,P2023****2
P202302202,何俊杰,男,46,410105197803140992,灵活就业,驻马店市,2023-06-27,在保,何**,4101****0992,P2023****2
P202300071,高敏,女,56,410202196802245504,城乡居民,新乡市,2021-03-19,在保,高*,4102****5504,P2023****1
P202300950,阎浩,男,54,410302197005216704,灵活就业,焦作市,2020-01-24,在保,阎*,4103****6704,P2023****0
P202301232,蒋慧,女,25,410502199902085760,城镇职工,南阳市,2024-05-03,在保,蒋*,4105****5760,P2023****2
P202300832,许伟,男,33,410402199111043584,灵活就业,鹤壁市,2023-05-16,在保,许*,4104****3584,P2023****2
P202303304,杨语嫣,女,31,410104199309082560,城乡居民,南阳市,2023-01-30,在保,杨**,4101****2560,P2023****4
P202301935,于国强,男,95,410102192901162624,城镇职工,漯河市,2022-10-29,在保,于**,4101****2624,P2023****5
P202303739,卢文博,男,43,410402198111087680,城镇职工,鹤壁市,2021-02-13,在保,卢**,4104****7680,P2023****9
P202304278,朱雪,女,32,410106199208058880,城镇职工,安阳市,2022-01-13,在保,朱*,4101****8880,P2023****8
P202304677,张海涛,男,62,410202196201237312,城乡居民,驻马店市,2020-01-15,在保,张**,4102****7312,P2023****7
P202301613,于浩然,男,65,410102195908246080,灵活就业,安阳市,2023-01-08,退保,于**,4101****6080,P2023****3
P202301222,周欣怡,女,55,410302196907013056,灵活就业,南阳市,2021-08-25,在保,周**,4103****3056,P2023****2
P202300502,彭娟,女,84,410502194006074240,城乡居民,南阳市,2022-03-19,在保,彭*,4105****4240,P2023****2
P202303520,曾艳,女,10,410702201402084160,城镇职工,南阳市,2021-09-12,退保,曾*,4107****4160,P2023****0
P202301175,谢强,男,36,410104198810011072,城镇职工,新乡市,2021-10-03,在保,谢*,4101****1072,P2023****5
P202302701,朱丽,女,56,410402196803167744,灵活就业,南阳市,2023-04-28,在保,朱*,4104****7744,P2023****1
P202304909,周嘉伟,男,54,410702197012024000,城镇职工,漯河市,2020-10-11,在保,周**,4107****4000,P2023****9
P202304392,邓飞,男,64,410104196012182848,城镇职工,信阳市,2023-04-26,退保,邓*,4101****2848,P2023****2
P202301331,谢美琳,女,77,410105194703114816,城乡居民,信阳市,2022-01-11,在保,谢**,4101****4816,P2023****1
P202302343,唐丽,女,58,410402196601054208,城乡居民,郑州市,2021-06-21,停保,唐*,4104****4208,P2023****3
P202300897,王淑珍,女,46,410105197802228352,城镇职工,商丘市,2023-07-01,在保,王**,4101****8352,P2023****7
P202304972,卢浩,男,48,410202197604283520,城镇职工,鹤壁市,2024-01-29,停保,卢*,4102****3520,P2023****2
P202304929,苏桂英,女,26,410103199812158592,城镇职工,许昌市,2020-03-15,在保,苏**,4101****8592,P2023****9
P202302611,马语嫣,女,61,410702196302085696,城镇职工,郑州市,2023-07-28,在保,马**,4107****5696,P2023****1
P202304847,董玉兰,女,10,410702201407262976,城镇职工,南阳市,2021-03-07,在保,董**,4107****2976,P2023****7
P202301091,贾文博,男,48,410102197602029696,城镇职工,洛阳市,2021-06-24,在保,贾**,4101****9696,P2023****1
P202301947,赵萍,女,56,410102196803118272,灵活就业,许昌市,2022-06-30,在保,赵*,4101****8272,P2023****7
P202300945,梁浩然,男,83,410102194112104704,城乡居民,周口市,2020-10-08,在保,梁**,4101****4704,P2023****5
P202303743,张丽,女,55,410104196904125696,城乡居民,周口市,2021-04-16,在保,张*,4101****5696,P2023****3
P202302352,马敏,女,61,410105196308064768,灵活就业,商丘市,2022-03-06,在保,马*,4101****4768,P2023****2
P202301627,阎莉,女,41,410103198312088576,城乡居民,驻马店市,2024-04-27,在保,阎*,4101****8576,P2023****7
P202302589,吕文彬,男,35,410502198911034240,城乡居民,焦作市,2021-04-04,在保,吕**,4105****4240,P2023****9
P202303758,董子轩,男,86,410105193803281472,城镇职工,漯河市,2020-02-18,在保,董**,4101****1472,P2023****8
P202301438,魏永强,男,78,410202194608188864,城乡居民,焦作市,2023-08-11,在保,魏**,4102****8864,P2023****8
P202304754,董鹏,男,42,410702198203077760,城镇职工,漯河市,2022-02-11,在保,董*,4107****7760,P2023****4
P202303670,马文博,男,56,410202196803019264,城镇职工,鹤壁市,2020-11-28,在保,马**,4102****9264,P2023****0
P202302649,郑永强,男,50,410104197407136192,城镇职工,信阳市,2020-01-11,在保,郑**,4101****6192,P2023****9
P202300234,陈涛,男,38,410702198612225728,城乡居民,信阳市,2021-03-03,停保,陈*,4107****5728,P2023****4
P202304645,邓波,男,61,410202196309157632,城镇职工,周口市,2021-01-22,停保,邓*,4102****7632,P2023****5
P202300799,郑芳,女,50,410502197410057152,城乡居民,信阳市,2023-08-11,在保,郑*,4105****7152,P2023****9
P202300634,许明,男,42,410402198202195456,城镇职工,焦作市,2023-10-28,在保,许*,4104****5456,P2023****4
P202302315,叶秀兰,女,61,410102196303025600,城乡居民,商丘市,2024-01-04,停保,叶**,4101****5600,P2023****5
P202300416,袁建华,男,36,410202198812047808,城乡居民,驻马店市,2022-09-10,在保,袁**,4102****7808,P2023****6
P202302660,程雪,女,59,410103196512200640,城镇职工,开封市,2021-05-18,在保,程*,4101****0640,P2023****0
P202302025,许语嫣,女,0,410302202408073344,城镇职工,平顶山市,2021-06-21,在保,许**,4103****3344,P2023****5
P202302608,黄艳,女,10,410103201410223168,灵活就业,开封市,2021-09-13,停保,黄*,4101****3168,P2023****8
P202303894,陈文彬,男,15,410103200901223488,城乡居民,信阳市,2021-10-22,在保,陈**,4101****3488,P2023****4
P202303494,郑敏,女,40,410106198403040320,城镇职工,许昌市,2021-04-26,在保,郑*,4101****0320,P2023****4
P202300811,张婷,女,46,410202197805123072,城镇职工,信阳市,2020-02-27,在保,张*,4102****3072,P2023****1
P202300018,丁鹏,男,55,410202196908174592,城镇职工,新乡市,2021-04-05,在保,丁*,4102****4592,P2023****8
P202302534,罗磊,男,33,410402199101219392,城镇职工,平顶山市,2020-11-08,停保,罗*,4104****9392,P2023****4
P202302463,沈杰,男,58,410702196606145024,城镇职工,新乡市,2021-01-23,停保,沈*,4107****5024,P2023****3
P202302092,唐斌,男,55,410105196903207616,城乡居民,南阳市,2021-04-22,在保,唐*,4101****7616,P2023****2
P202302171,未知,女,67,410102195712266304,灵活就业,商丘市,2020-12-07,在保,未知,4101****6304,P2023****1
P202300597,袁军,男,45,410103197906186624,城镇职工,未知,2021-09-10,在保,袁*,4101****6624,P2023****7
P202304409,韩海涛,男,59,410702196502272576,城乡居民,南阳市,2022-01-05,在保,韩**,4107****2576,P2023****9
P202302195,吕嘉伟,男,53,410202197104178432,城镇职工,未知,2021-01-16,在保,吕**,4102****8432,P2023****5
P202304398,沈梦瑶,女,32,410102199207048320,城乡居民,周口市,2020-10-07,停保,沈**,4101****8320,P2023****8
P202301558,杨国强,男,35,410106198908040960,城乡居民,鹤壁市,2022-04-12,在保,杨**,4101****0960,P2023****8
P202302245,宋明,男,79,410402194512248192,城镇职工,许昌市,2021-09-25,在保,宋*,4104****8192,P2023****5
P202304440,许丽,女,59,410702196505077056,城乡居民,郑州市,2020-04-25,退保,许*,4107****7056,P2023****0
P202300372,曾敏,女,58,410202196609216064,城镇职工,安阳市,2021-09-03,在保,曾*,4102****6064,P2023****2
P202303719,高婷,女,46,410302197808011456,城镇职工,许昌市,2022-08-16,退保,高*,4103****1456,P2023****9
P202302758,罗娟,女,36,410302198810233472,灵活就业,郑州市,2021-12-30,在保,罗*,4103****3472,P2023****8
P202303054,罗艳,女,35,410105198911118784,城乡居民,周口市,2022-08-05,在保,罗*,4101****8784,P2023****4
P202300599,于莉,女,42,410502198212081792,城乡居民,许昌市,2023-12-28,在保,于*,4105****1792,P2023****9
P202300677,蒋飞,男,30,410104199406155520,灵活就业,驻马店市,2021-09-09,在保,蒋*,4101****5520,P2023****7
P202300239,胡飞,男,38,410702198604165632,城镇职工,安阳市,2024-04-12,在保,胡*,4107****5632,P2023****9
P202304013,赵诗涵,女,32,410202199211097280,城乡,商丘市,2020-02-18,停保,赵**,4102****7280,P2023****3
P202304265,赵慧,女,48,410302197612075776,城镇职工,鹤壁市,2022-12-19,在保,赵*,4103****5776,P2023****5
P202301213,梁秀兰,女,37,410102198705094720,城乡居民,洛阳市,2021-06-25,退保,梁**,4101****4720,P2023****3
P202301850,刘宇航,男,57,410502196701144832,城镇职工,信阳市,2023-09-27,在保,刘**,4105****4832,P2023****0
P202302043,曾磊,男,40,410102198406168256,城镇职工,安阳市,2021-08-02,在保,曾*,4101****8256,P2023****3
P202301363,卢芳,女,52,410104197202089984,灵活就业,鹤壁市,2020-08-15,在保,卢*,4101****9984,P2023****3
P202304370,孙欣怡,女,54,410702197001175424,城乡居民,南阳市,2022-10-25,在保,孙**,4107****5424,P2023****0
P202303535,叶强,男,87,410302193711121216,城乡居民,鹤壁市,2022-05-25,在保,叶*,4103****1216,P2023****5
P202303167,陈雪,女,42,410104198210113536,城乡居民,周口市,2023-03-08,退保,陈*,4101****3536,P2023****7
P202302805,薛玲,女,48,410102197603241408,城乡居民,商丘市,2023-09-04,停保,薛*,4101****1408,P2023****5
P202304257,林芳,女,34,410106199011037568,城镇职工,南阳市,2022-10-20,在保,林*,4101****7568,P2023****7
P202303863,胡萍,女,49,410502197508189568,城镇职工,商丘市,2023-09-06,在保,胡*,4105****9568,P2023****3
P202302830,丁涛,男,43,410102198102235584,城镇职工,新乡市,2023-03-16,在保,丁*,4101****5584,P2023****0
P202302368,张桂英,女,19,410105200512084544,灵活就业,漯河市,2022-05-20,在保,张**,4101****4544,P2023****8
P202301757,马超,男,47,410502197709159872,城乡居民,许昌市,2023-09-03,在保,马*,4105****9872,P2023****7
P202304297,马勇,男,31,410202199307035712,城镇职工,开封市,2022-05-31,在保,马*,4102****5712,P2023****7
P202304290,何俊杰,男,60,410106196408039168,灵活就业,焦作市,2020-03-16,在保,何**,4101****9168,P2023****0
P202302415,卢文博,男,68,410502195603010880,城镇职工,商丘市,2022-01-16,在保,卢**,4105****0880,P2023****5
P202304009,周天宇,男,41,410302198306052928,灵活就业,安阳市,2023-01-14,在保,周**,4103****2928,P2023****9
P202303675,赵军,男,48,410502197606052224,城镇职工,焦作市,2022-04-04,在保,赵*,4105****2224,P2023****5
P202303558,董浩,男,52,410106197208258560,城乡居民,商丘市,2022-10-14,停保,董*,4101****8560,P2023****8
P202304113,蒋凤英,女,78,410302194610191040,城乡居民,焦作市,2022-11-02,在保,蒋**,4103****1040,P2023****3
P202300622,韩思琪,女,58,410502196611020992,城镇职工,商丘市,2021-12-25,退保,韩**,4105****0992,P2023****2
P202302342,徐明,男,57,410103196705195904,灵活就业,周口市,2020-01-24,在保,徐*,4101****5904,P2023****2
P202303703,丁秀英,女,33,410102199103035136,城乡居民,安阳市,2020-06-04,在保,丁**,4101****5136,P2023****3
P202300567,罗欣怡,女,13,410402201105211840,城乡居民,漯河市,2020-09-26,退保,罗**,4104****1840,P2023****7
P202301515,黄婷,女,48,410502197602190016,城乡居民,漯河市,2023-02-01,在保,黄*,4105****0016,P2023****5
P202302521,曾建国,男,53,410502197109207040,城镇职工,鹤壁市,2022-07-15,在保,曾**,4105****7040,P2023****1
P202301216,唐浩然,男,72,410202195208191104,城职,焦作市,2020-10-21,在保,唐**,4102****1104,P2023****6
P202300052,董霞,女,43,410106198109166400,城乡居民,安阳市,2022-06-19,在保,董*,4101****6400,P2023****2
P202302211,吴俊杰,男,27,410106199705288064,城镇职工,开封市,2022-01-08,在保,吴**,4101****8064,P2023****1
P202300808,何莉,女,41,410302198308239552,城乡居民,许昌市,2022-05-03,在保,何*,4103****9552,P2023****8
P202302703,罗秀兰,女,86,410105193801265600,城镇职工,鹤壁市,2021-01-25,停保,罗**,4101****5600,P2023****3
P202304184,何玉兰,女,39,410202198501061120,城镇职工,驻马店市,2023-01-01,在保,何**,4102****1120,P2023****4
P202300535,薛海涛,男,38,410102198611256448,城乡居民,郑州市,2021-09-16,在保,薛**,4101****6448,P2023****5
P202303250,董雨彤,女,16,410106200807036864,城镇职工,焦作市,2020-05-17,在保,董**,4101****6864,P2023****0
P202303962,刘建国,男,84,410106194005035392,城乡居民,新乡市,2022-05-09,在保,刘**,4101****5392,P2023****2
P202300444,孙海涛,男,48,410106197603182016,城乡居民,许昌市,2023-07-07,在保,孙**,4101****2016,P2023****4
P202301002,杨雨彤,女,66,410106195812054208,灵活就业,安阳市,2021-10-26,退保,杨**,4101****4208,P2023****2
P202300196,曾桂英,女,56,410502196809167232,城乡居民,安阳市,2022-08-30,在保,曾**,4105****7232,P2023****6
P202301421,韩霞,女,59,410105196508096128,城乡居民,商丘市,2023-11-19,在保,韩*,4101****6128,P2023****1
P202300813,张斌,男,76,410106194810159232,城乡居民,平顶山市,2022-02-11,在保,张*,4101****9232,P2023****3
P202301875,彭娜,女,73,410102195101016064,城镇职工,安阳市,2020-10-05,在保,彭*,4101****6064,P2023****5
P202304456,傅雨彤,女,55,410402196910087488,城乡居民,漯河市,2023-09-25,在保,傅**,4104****7488,P2023****6
P202303064,徐丽,女,40,410105198411253312,城乡居民,南阳市,2023-11-02,在保,徐*,4101****3312,P2023****4
P202304308,赵志强,男,63,410102196106083072,城乡居民,漯河市,2021-02-28,在保,赵**,4101****3072,P2023****8
P202303271,郭超,男,46,410702197803144576,城乡居民,周口市,2022-10-28,在保,郭*,4107****4576,P2023****1
P202302610,梁静,女,72,410103195210079936,灵活就业,信阳市,2022-11-10,在保,梁*,4101****9936,P2023****0
P202303934,王嘉伟,男,63,410102196103161728,城镇职工,漯河市,2023-06-25,在保,王**,4101****1728,P2023****4
P202304191,薛晓红,女,57,410105196710116352,城镇职工,平顶山市,2023-07-29,在保,薛**,4101****6352,P2023****1
P202300645,傅丽,女,45,410702197901051008,城镇职工,南阳市,2024-05-11,在保,傅*,4107****1008,P2023****5
P202302285,吴鹏,男,41,410302198312273792,城乡居民,南阳市,2024-05-02,在保,吴*,4103****3792,P2023****5
P202303592,徐浩,男,60,410302196402099840,城镇职工,焦作市,2021-01-30,停保,徐*,4103****9840,P2023****2
P202302578,周艳,女,67,410502195707107904,城镇职工,周口市,2022-06-25,在保,周*,4105****7904,P2023****8
P202304448,卢天宇,男,51,410106197307090432,城镇职工,洛阳市,2020-08-07,在保,卢**,4101****0432,P2023****8
P202300121,董建国,男,64,410702196001248000,城镇职工,安阳市,2022-07-27,在保,董**,4107****8000,P2023****1
P202301269,于紫薇,女,36,410302198805246464,城镇职工,周口市,2022-07-11,在保,于**,4103****6464,P2023****9
P202304614,董萍,女,40,410105198402205888,城镇职工,南阳市,2022-06-26,在保,董*,4101****5888,P2023****4
P202304939,王丽,女,67,410302195704087424,城乡居民,南阳市,2021-07-22,在保,王*,4103****7424,P2023****9
P202302496,王强,男,64,410402196006178048,城镇职工,平顶山市,2022-12-23,停保,王*,4104****8048,P2023****6
P202302023,韩强,男,74,410402195002054080,城镇职工,焦作市,2023-08-13,在保,韩*,4104****4080,P2023****3
P202300135,王涛,男,33,410105199103252608,城镇职工,焦作市,2020-09-02,在保,王*,4101****2608,P2023****5
P202302790,彭飞,男,53,410402197107022400,城乡居民,安阳市,2020-01-18,在保,彭*,4104****2400,P2023****0
P202303858,魏艳,女,60,410104196404164096,城乡居民,郑州市,2021-07-13,在保,魏*,4101****4096,P2023****8
P202304767,高浩然,男,28,410302199610153344,城乡居民,焦作市,2022-01-11,在保,高**,4103****3344,P2023****7
P202300185,卢艳,女,45,410302197910210304,城乡居民,漯河市,2023-07-08,在保,卢*,4103****0304,P2023****5
P202301361,薛辉,男,49,410502197506119104,城乡居民,安阳市,2021-11-29,在保,薛*,4105****9104,P2023****1
P202301704,彭建国,男,69,410105195512133440,灵活就业,商丘市,2023-12-10,在保,彭**,4101****3440,P2023****4
P202300512,黄明,男,49,410202197501068160,城乡居民,周口市,2020-09-02,在保,黄*,4102****8160,P2023****2
P202300878,苏美琳,女,54,410104197002225664,城镇职工,郑州市,2023-11-12,在保,苏**,4101****5664,P2023****8
P202300063,赵天宇,男,30,410702199402265792,城乡居民,焦作市,2022-12-27,在保,赵**,4107****5792,P2023****3
P202304787,王娟,女,63,410104196109012352,城镇职工,南阳市,2022-12-07,停保,王*,4101****2352,P2023****7
P202302723,傅浩然,男,30,410105199403168960,城镇职工,南阳市,2023-08-27,在保,傅**,4101****8960,P2023****3
P202303788,何明,男,34,410402199009012736,灵活就业,郑州市,2021-08-22,在保,何*,4104****2736,P2023****8
P202302576,何建华,男,29,410105199510041984,城镇职工,商丘市,2020-12-22,在保,何**,4101****1984,P2023****6
P202300777,罗萍,女,36,410702198806236928,城乡居民,平顶山市,2021-09-11,在保,罗*,4107****6928,P2023****7
P202300252,李梦瑶,女,66,410402195808083648,城镇职工,南阳市,2022-06-03,在保,李**,4104****3648,P2023****2
P202302395,薛子轩,男,48,410104197605066752,城镇职工,新乡市,2022-04-15,在保,薛**,4101****6752,P2023****5
P202300860,丁秀英,女,61,410104196304075456,城镇职工,许昌市,2022-02-05,在保,丁**,4101****5456,P2023****0
P202303761,袁磊,男,55,410102196906019584,灵活就业,许昌市,2020-09-25,在保,袁*,4101****9584,P2023****1
P202302657,董伟,男,30,410103199410109696,城乡居民,新乡市,2023-10-19,在保,董*,4101****9696,P2023****7
P202303389,彭晓红,女,65,410104195908142336,城镇职工,安阳市,2020-09-22,在保,彭**,4101****2336,P2023****9
P202300123,陈勇,男,75,410702194909233344,城镇职工,周口市,2022-12-22,在保,陈*,4107****3344,P2023****3
P202303711,丁雪,女,24,410402200008144896,灵活就业,漯河市,2022-01-29,停保,丁*,4104****4896,P2023****1
P202301169,冯强,男,60,410103196405205632,城乡居民,洛阳市,2023-01-01,在保,冯*,4101****5632,P2023****9
P202301942,丁辉,男,42,410502198209075584,灵活就业,开封市,2021-10-13,在保,丁*,4105****5584,P2023****2
P202303808,谢凤英,女,14,410402201011157696,城乡居民,漯河市,2022-02-01,在保,谢**,4104****7696,P2023****8
P202300568,吕浩然,男,31,410402199308285120,城镇职工,平顶山市,2020-01-12,在保,吕**,4104****5120,P2023****8
P202302371,吕伟,男,47,410402197709215168,城乡居民,焦作市,2021-03-22,在保,吕*,4104****5168,P2023****1
P202303251,刘永强,男,60,410103196408187520,城乡居民,郑州市,2024-01-27,在保,刘**,4101****7520,P2023****1
P202301534,蒋雪,女,47,410106197708039936,城镇职工,周口市,2022-04-26,在保,蒋*,4101****9936,P2023****4
P202304215,韩辉,男,50,410502197408287552,城镇职工,鹤壁市,2021-09-07,在保,韩*,4105****7552,P2023****5
P202304986,许娟,女,79,410102194510243712,城乡居民,许昌市,2020-06-08,在保,许*,4101****3712,P2023****6
P202301894,陈晨曦,男,48,410102197611180608,城乡居民,周口市,2022-03-03,退保,陈**,4101****0608,P2023****4
P202301492,卢永强,男,95,410102192911277120,城乡居民,信阳市,2020-03-27,在保,卢**,4101****7120,P2023****2
P202304771,高玲,女,50,410106197406041408,城乡居民,洛阳市,2023-02-28,停保,高*,4101****1408,P2023****1
P202304201,陈丽,女,54,410106197004259648,城乡居民,焦作市,2021-04-20,停保,陈*,4101****9648,P2023****1
P202300721,沈婷,女,55,410106196901234816,灵活就业,郑州市,2021-10-10,在保,沈*,4101****4816,P2023****1
P202302765,胡秀英,女,54,410103197002052416,城乡居民,周口市,2020-02-29,在保,胡**,4101****2416,P2023****5
P202302078,梁诗涵,女,71,410103195310268544,城镇职工,漯河市,2021-01-09,停保,梁**,4101****8544,P2023****8
P202301457,周宇航,男,63,410105196102063808,城乡居民,开封市,2023-03-17,在保,周**,4101****3808,P2023****7
P202304358,于浩然,男,44,410702198006014400,灵活就业,平顶山市,2021-10-24,在保,于**,4107****4400,P2023****8
P202303261,袁淑珍,女,45,410102197911124544,城镇职工,安阳市,2021-11-08,在保,袁**,4101****4544,P2023****1
P202300603,罗莉,女,65,410106195907239360,城乡居民,洛阳市,2023-04-08,在保,罗*,4101****9360,P2023****3
P202302100,薛玲,女,64,未知,城乡居民,鹤壁市,2022-06-10,在保,薛*,未知,P2023****0
P202301570,郭俊杰,男,40,410502198402254720,城乡居民,平顶山市,2022-01-25,在保,郭**,4105****4720,P2023****0
P202301102,彭辉,男,0,410402202409141120,城乡居民,商丘市,2021-05-24,退保,彭*,4104****1120,P2023****2
P202303526,彭静,女,28,410702199605278336,城乡居民,郑州市,2020-06-30,在保,彭*,4107****8336,P2023****6
P202300319,邓斌,男,55,410202196908240896,城乡居民,洛阳市,2022-11-01,在保,邓*,4102****0896,P2023****9
P202304498,韩文博,男,69,410104195506088832,灵活就业,驻马店市,2022-09-26,在保,韩**,4101****8832,P2023****8
P202301294,徐浩,男,65,410105195903169600,城镇职工,焦作市,2020-09-28,在保,徐*,4101****9600,P2023****4
P202300275,邓梦瑶,女,32,410302199210136000,城镇职工,焦作市,2021-12-21,在保,邓**,4103****6000,P2023****5
P202302963,吕永强,男,40,410105198403183744,城镇职工,焦作市,2023-02-05,在保,吕**,4101****3744,P2023****3
P202300550,傅辉,男,39,410202198507221376,城镇职工,许昌市,2022-02-21,在保,傅*,4102****1376,P2023****0
P202302224,王超,男,46,410102197804252224,灵活就业,郑州市,2020-02-12,在保,王*,4101****2224,P2023****4
P202303902,苏雨彤,女,47,410402197702240896,城乡居民,郑州市,2023-09-30,在保,苏**,4104****0896,P2023****2
P202304943,魏明,男,51,410402197303062592,城镇职工,漯河市,2021-10-16,停保,魏*,4104****2592,P2023****3
P202304550,林文彬,男,45,410105197909227712,城镇职工,驻马店市,2022-03-10,在保,林**,4101****7712,P2023****0
P202300606,蒋杰,男,83,410105194109138624,城乡居民,鹤壁市,2022-05-04,在保,蒋*,4101****8624,P2023****6
P202302260,曹勇,男,53,410502197107020608,城镇职工,开封市,2020-05-07,退保,曹*,4105****0608,P2023****0
P202300528,梁雪,女,50,410202197406147840,灵活就业,鹤壁市,2023-01-01,在保,梁*,4102****7840,P2023****8
P202302516,谢诗涵,女,55,410106196907205632,城镇职工,鹤壁市,2020-02-17,停保,谢**,4101****5632,P2023****6
P202304967,徐建国,男,33,410105199109248064,灵活就业,新乡市,2022-10-21,停保,徐**,4101****8064,P2023****7
P202302457,孙辉,男,39,410105198504193344,城镇职工,信阳市,2023-03-07,在保,孙*,4101****3344,P2023****7
P202303846,曾秀英,女,64,410104196012259456,城镇职工,商丘市,2020-04-25,在保,曾**,4101****9456,P2023****6
P202304955,罗天宇,男,55,410102196903184064,城镇职工,开封市,2020-10-22,在保,罗**,4101****4064,P2023****5
P202301874,朱秀兰,女,64,410302196012211264,城镇职工,驻马店市,2023-04-01,在保,朱**,4103****1264,P2023****4
P202303215,冯国强,男,63,410202196103183424,城乡居民,许昌市,2021-01-18,在保,冯**,4102****3424,P2023****5
P202300299,朱秀英,女,64,410104196002197504,灵活就业,焦作市,2022-05-29,在保,朱**,4101****7504,P2023****9
P202301136,郭宇航,男,67,410106195707039360,城乡居民,南阳市,2022-08-24,在保,郭**,4101****9360,P2023****6
P202302586,曹晓红,女,38,410106198602114880,城乡居民,开封市,2023-08-05,在保,曹**,4101****4880,P2023****6
P202301878,曹紫薇,女,46,410502197801194624,城镇职工,平顶山市,2021-10-15,退保,曹**,4105****4624,P2023****8
P202304773,马艳,女,61,410103196311060864,灵活就业,安阳市,2023-12-31,在保,马*,4101****0864,P2023****3
P202304995,谢佳慧,女,38,410103198606245376,城镇职工,信阳市,2023-01-30,在保,谢**,4101****5376,P2023****5
P202304075,吴丽,女,41,410202198302258560,灵活就业,商丘市,2020-01-04,在保,吴*,4102****8560,P2023****5
P202301616,唐霞,女,95,410105192901089728,城镇职工,新乡市,2022-03-24,在保,唐*,4101****9728,P2023****6
P202304949,萧文彬,男,43,410104198107213952,灵活就业,周口市,2023-10-11,在保,萧**,4101****3952,P2023****9
P202300151,李玉兰,女,54,410105197006254976,城镇职工,新乡市,2020-10-08,在保,李**,4101****4976,P2023****1
P202300757,何萍,女,58,410106196609114432,城乡居民,焦作市,2024-02-18,退保,何*,4101****4432,P2023****7
P202301053,黄佳慧,女,58,410302196605177408,灵活就业,信阳市,2020-09-14,在保,黄**,4103****7408,P2023****3
P202302520,董莉,女,34,410106199002218112,城镇职工,南阳市,2022-10-13,在保,董*,4101****8112,P2023****0
P202304256,吕娟,女,68,410104195607121536,城乡居民,驻马店市,2020-11-20,在保,吕*,4101****1536,P2023****6
P202301484,罗辉,男,42,410106198201016704,城镇职工,洛阳市,2022-01-24,在保,罗*,4101****6704,P2023****4
P202301116,罗志强,男,56,410106196801150400,城镇职工,安阳市,2023-04-29,在保,罗**,4101****0400,P2023****6
P202303066,薛鹏,男,55,410105196907110080,城乡居民,许昌市,2021-02-19,在保,薛*,4101****0080,P2023****6
P202302255,阎艳,女,27,410103199709054720,城乡,郑州市,2023-10-01,在保,阎*,4101****4720,P2023****5
P202300377,马军,男,65,410106195912265728,城乡居民,商丘市,2021-11-18,在保,马*,4101****5728,P2023****7
P202302104,薛玲,女,70,410103195410147392,城乡,新乡市,2021-08-29,在保,薛*,4101****7392,P2023****4
P202304223,陈欣怡,女,49,410302197502164480,城乡居民,焦作市,2023-02-16,在保,陈**,4103****4480,P2023****3
P202302340,叶军,男,38,410202198612266816,城乡居民,开封市,2024-03-30,停保,叶*,4102****6816,P2023****0
P202303945,于雨彤,女,42,410702198207073664,城镇职工,商丘市,2022-08-16,停保,于**,4107****3664,P2023****5
P202300379,黄慧,女,89,410702193510200704,城镇职工,漯河市,2021-02-02,在保,黄*,4107****0704,P2023****9
P202302776,周嘉伟,男,44,410302198008086912,城乡居民,开封市,2024-04-06,在保,周**,4103****6912,P2023****6
P202304136,韩佳慧,女,43,410502198103210432,城乡居民,南阳市,2023-06-24,在保,韩**,4105****0432,P2023****6
P202304421,薛思琪,女,74,410402195012208384,城乡居民,平顶山市,2023-03-30,在保,薛**,4104****8384,P2023****1
P202300908,沈凤英,女,63,410105196105288000,灵活就业,洛阳市,2022-01-06,在保,沈**,4101****8000,P2023****8
P202301371,朱浩,男,46,410106197806016512,城镇职工,驻马店市,2021-09-29,在保,朱*,4101****6512,P2023****1
P202301955,张婷,女,39,410106198502035584,城乡居民,商丘市,2023-06-10,停保,张*,4101****5584,P2023****5
P202301722,孙晨曦,男,45,410104197904107968,城镇职工,平顶山市,2022-05-30,在保,孙**,4101****7968,P2023****2
P202303314,胡芳,女,31,410502199303109760,城乡居民,新乡市,2024-02-01,在保,胡*,4105****9760,P2023****4
P202303056,邓文博,男,34,410102199003209408,城乡居民,郑州市,2024-04-11,在保,邓**,4101****9408,P2023****6
P202301870,贾国强,男,42,410702198209153216,城镇职工,南阳市,2023-03-07,在保,贾**,4107****3216,P2023****0
P202303916,程明,男,48,410105197604283200,城镇职工,南阳市,2023-07-15,在保,程*,4101****3200,P2023****6
P202304635,谢磊,男,37,410102198702011392,城乡居民,新乡市,2021-03-10,在保,谢*,4101****1392,P2023****5
P202300795,谢梦瑶,女,30,410104199409148032,城乡居民,开封市,2022-05-28,在保,谢**,4101****8032,P2023****5
P202302553,郭文彬,男,83,410102194102077440,城乡居民,南阳市,2023-02-08,在保,郭**,4101****7440,P2023****3
P202300842,胡杰,男,62,410103196211211008,城镇职工,信阳市,2022-06-03,在保,胡*,4101****1008,P2023****2
P202303338,沈志强,男,30,410502197706188608,城镇职工,商丘市,2022-02-04,在保,沈**,4105****8608,P2023****8
P202301703,王嘉伟,男,61,410102196301191104,城镇职工,平顶山市,2022-04-29,在保,王**,4101****1104,P2023****3
P202300176,何浩然,男,64,410402196004202944,城镇职工,新乡市,2020-09-08,在保,何**,4104****2944,P2023****6
P202301809,杨艳,女,21,410402200302209920,城乡居民,开封市,2022-03-25,在保,杨*,4104****9920,P2023****9
P202302793,刘文博,男,42,410103198204082880,城乡居民,郑州市,2020-07-24,在保,刘**,4101****2880,P2023****3
P202303671,赵浩,男,68,410102195603026368,城镇职工,商丘市,2021-09-11,在保,赵*,4101****6368,P2023****1
P202300046,董思琪,女,37,410402198712066752,城镇职工,安阳市,2022-11-21,在保,董**,4104****6752,P2023****6
P202302808,苏永强,男,35,410104198905172352,城镇职工,周口市,2022-03-23,退保,苏**,4101****2352,P2023****8
P202302459,魏凤英,女,58,410103196611176512,城镇职工,驻马店市,2022-03-25,在保,魏**,4101****6512,P2023****9
P202301756,袁玲,女,74,410106195010118656,城乡居民,驻马店市,2023-02-07,在保,袁*,4101****8656,P2023****6
P202302887,魏凤英,女,40,410302198407226688,城乡居民,驻马店市,2020-10-28,在保,魏**,4103****6688,P2023****7
P202301718,马鹏,男,53,410102197112152640,城乡居民,平顶山市,2020-12-05,在保,马*,4101****2640,P2023****8
P202303600,宋文博,男,45,410102197912063616,城镇职工,周口市,2022-05-29,在保,宋**,4101****3616,P2023****0
P202303608,薛语嫣,女,69,410302195509160448,城乡居民,周口市,2020-01-06,在保,薛**,4103****0448,P2023****8
P202302935,郭雪,女,65,410106195902220672,城乡居民,驻马店市,2022-03-01,在保,郭*,4101****0672,P2023****5
P202303793,孙桂英,女,54,410302197001015936,城乡居民,平顶山市,2024-01-22,停保,孙**,4103****5936,P2023****3
P202301741,王波,男,48,410302197604275264,城镇职工,开封市,2022-08-15,在保,王*,4103****5264,P2023****1
P202303162,袁敏,女,58,410103196602108032,灵活就业,新乡市,2020-04-04,在保,袁*,4101****8032,P2023****2
P202302472,黄伟,男,92,410302193205082176,城镇职工,开封市,2024-05-03,在保,黄*,4103****2176,P2023****2
P202300284,董文博,男,27,410105199704267584,灵活就业,许昌市,2021-12-19,停保,董**,4101****7584,P2023****4
P202304049,周欣怡,女,48,410702197610027264,城镇职工,鹤壁市,2022-12-02,在保,周**,4107****7264,P2023****9
P202301449,宋秀英,女,72,410103195203056384,灵活就业,商丘市,2022-03-17,停保,宋**,4101****6384,P2023****9
P202301433,沈梦瑶,女,65,410702195907159296,城镇职工,商丘市,2023-01-01,在保,沈**,4107****9296,P2023****3
P202303610,林超,男,42,410105198210262336,城乡居民,郑州市,2023-07-13,停保,林*,4101****2336,P2023****0
P202303096,叶慧,女,73,410103195107103616,灵活就业,郑州市,2021-12-20,在保,叶*,4101****3616,P2023****6
P202304908,吴霞,女,29,410106199510217024,城乡居民,平顶山市,2022-09-17,在保,吴*,4101****7024,P2023****8
P202301076,李飞,男,41,410103198312239616,城镇职工,安阳市,2021-07-14,在保,李*,4101****9616,P2023****6
P202303039,杨子轩,男,32,410202199205129664,灵活就业,洛阳市,2022-03-26,在保,杨**,4102****9664,P2023****9
P202304804,刘欣怡,女,37,410103198701070784,城镇职工,安阳市,2020-05-09,在保,刘**,4101****0784,P2023****4
P202302603,阎伟,男,38,410106198611069120,城镇职工,开封市,2022-12-20,在保,阎*,4101****9120,P2023****3
P202303640,吴波,男,58,410103196610035840,城乡居民,周口市,2023-03-24,在保,吴*,4101****5840,P2023****0
P202302747,曹辉,男,54,410102197007226560,城镇职工,焦作市,2020-11-01,退保,曹*,4101****6560,P2023****7
P202302362,何永强,男,25,410106199908286656,城镇职工,许昌市,2020-07-11,在保,何**,4101****6656,P2023****2
P202304153,徐国强,男,51,410103197310185472,城乡居民,郑州市,2024-05-04,在保,徐**,4101****5472,P2023****3
P202301056,贾志强,男,37,410402198707143616,城乡居民,鹤壁市,2023-01-15,在保,贾**,4104****3616,P2023****6
P202300978,冯军,男,6,410102201803256704,灵活就业,新乡市,2022-08-21,在保,冯*,4101****6704,P2023****8
P202304605,吕斌,男,30,410402199411138176,城乡居民,洛阳市,2024-01-14,在保,吕*,4104****8176,P2023****5
P202301873,陈志强,男,44,410102198004276096,城镇职工,平顶山市,2024-04-28,在保,陈**,4101****6096,P2023****3
P202301540,张语嫣,女,0,410302202401076864,城镇职工,南阳市,2022-07-10,在保,张**,4103****6864,P2023****0
P202304938,韩伟,男,72,410402195207088512,城乡居民,安阳市,2021-03-01,在保,韩*,4104****8512,P2023****8
P202300100,张飞,男,45,410106197906124416,城乡居民,新乡市,2022-12-23,在保,张*,4101****4416,P2023****0
P202301740,赵凤英,女,80,410103194408012096,城乡居民,商丘市,2020-07-27,在保,赵**,4101****2096,P2023****0
P202304406,刘晓红,女,65,410202195902129472,灵活就业,南阳市,2022-09-18,在保,刘**,4102****9472,P2023****6
P202301733,李娜,女,49,410302197509026240,灵活就业,洛阳市,2021-08-23,在保,李*,4103****6240,P2023****3
P202302198,贾莉,女,50,410106197402192192,城乡居民,安阳市,2022-01-30,退保,贾*,4101****2192,P2023****8
P202300352,谢晨曦,男,76,410104194808022720,城镇职工,信阳市,2021-06-23,在保,谢**,4101****2720,P2023****2
P202302788,刘辉,男,26,410102199801261824,城镇职工,开封市,2024-05-08,在保,刘*,4101****1824,P2023****8
P202301933,吕杰,男,41,410103198311033216,城乡居民,南阳市,2020-06-14,在保,吕*,4101****3216,P2023****3
P202301819,于嘉伟,男,46,410202197809123968,城镇职工,平顶山市,2020-09-23,在保,于**,4102****3968,P2023****9
P202301003,郑明,男,51,410106197303099968,城乡居民,驻马店市,2023-09-08,退保,郑*,4101****9968,P2023****3
P202300719,韩敏,女,43,410202198107120576,城镇职工,新乡市,2021-04-25,在保,韩*,4102****0576,P2023****9
P202302756,罗婷,女,41,410104198301286784,城镇职工,信阳市,2022-01-17,在保,罗*,4101****6784,P2023****6
P202302777,阎建国,男,45,410502197901105152,灵活就业,鹤壁市,2020-07-04,在保,阎**,4105****5152,P2023****7
P202304633,杨凤英,女,56,410502196810141824,城镇职工,商丘市,2021-09-27,在保,杨**,4105****1824,P2023****3
P202300309,徐玉兰,女,59,410106196512047872,城镇职工,焦作市,2022-05-29,在保,徐**,4101****7872,P2023****9
P202301565,于秀英,女,63,410202196104093760,城镇职工,信阳市,2020-11-19,在保,于**,4102****3760,P2023****5
P202300834,叶辉,男,36,410202198804038336,城乡居民,商丘市,2021-09-12,在保,叶*,4102****8336,P2023****4
P202300367,蔡伟,男,54,410402197010151808,城镇职工,周口市,2023-02-03,在保,蔡*,4104****1808,P2023****7
P202304880,罗秀兰,女,67,410106195702046592,城镇职工,商丘市,2020-08-11,在保,罗**,4101****6592,P2023****0
P202302120,曾语嫣,女,46,410105197809233088,城乡居民,商丘市,2022-10-15,在保,曾**,4101****3088,P2023****0
P202303197,赵永强,男,62,410402196210265600,城镇职工,郑州市,2023-12-22,在保,赵**,4104****5600,P2023****7
P202303837,董超,男,72,410105195206113152,城乡居民,漯河市,2020-08-06,在保,董*,4101****3152,P2023****7
P202302590,赵波,男,48,410502197611077120,灵活就业,洛阳市,2020-02-29,在保,赵*,4105****7120,P2023****0
P202303989,谢晓红,女,84,410104194006136192,城镇职工,洛阳市,2023-04-30,在保,谢**,4101****6192,P2023****9
P202300020,陈婷,女,24,410402200004181376,城镇职工,周口市,2022-08-26,在保,陈*,4104****1376,P2023****0
P202301478,梁宇航,男,57,410105196712196224,城乡居民,鹤壁市,2021-05-25,在保,梁**,4101****6224,P2023****8
P202301607,程海涛,男,52,410104197207073536,城镇职工,郑州市,2020-03-05,在保,程**,4101****3536,P2023****7
P202302659,卢美琳,女,53,410103197103018048,城乡居民,开封市,2023-02-08,在保,卢**,4101****8048,P2023****9
P202300219,沈建华,男,41,410202198309151168,城镇职工,许昌市,2023-04-09,在保,沈**,4102****1168,P2023****9
P202301879,袁宇航,男,19,410302200503088768,城乡居民,安阳市,2022-04-08,停保,袁**,4103****8768,P2023****9
P202300439,胡敏,女,19,410702200501287680,城镇职工,信阳市,2023-08-13,在保,胡*,4107****7680,P2023****9
P202301159,刘超,男,67,410702195708090816,灵活就业,漯河市,2020-10-07,在保,刘*,4107****0816,P2023****9
P202301615,梁俊杰,男,46,410402197805109120,城乡居民,鹤壁市,2021-04-14,在保,梁**,4104****9120,P2023****5
P202304784,马霞,女,32,410104199208024640,城乡居民,焦作市,2021-09-06,在保,马*,4101****4640,P2023****4
P202303502,黄玉兰,女,38,410102198602030848,灵活就业,周口市,2020-08-05,在保,黄**,4101****0848,P2023****2
P202301182,马桂英,女,75,410103194907145152,城镇职工,周口市,2022-10-09,在保,马**,4101****5152,P2023****2
P202304698,何天宇,男,72,410106195208021568,城镇职工,南阳市,2020-01-13,在保,何**,4101****1568,P2023****8
P202304002,周思琪,女,49,410202197504219904,城镇职工,许昌市,2020-07-29,在保,周**,4102****9904,P2023****2
P202302819,冯语嫣,女,57,410302196704270976,城镇职工,周口市,2022-08-02,退保,冯**,4103****0976,P2023****9
P202300803,魏强,男,51,410106197311173632,城乡居民,郑州市,2024-03-29,在保,魏*,4101****3632,P2023****3
P202303059,马晨曦,男,28,410302199612259904,城镇职工,开封市,2022-01-19,在保,马**,4103****9904,P2023****9
P202303575,蒋永强,男,27,410502199709214592,灵活就业,开封市,2023-09-03,退保,蒋**,4105****4592,P2023****5
P202303797,薛志强,男,47,410302197701015104,城乡居民,南阳市,2020-07-22,在保,薛**,4103****5104,P2023****7
P202302466,韩萍,女,65,410104195905064512,灵活就业,漯河市,2021-04-29,在保,韩*,4101****4512,P2023****6
P202300583,郑秀英,女,61,410106196301113856,灵活就业,鹤壁市,2020-12-05,在保,郑**,4101****3856,P2023****3
P202300204,唐诗涵,女,68,410104195605022912,城镇职工,焦作市,2022-06-24,在保,唐**,4101****2912,P2023****4
P202304114,冯明,男,22,410103200202022720,城镇职工,鹤壁市,2021-11-10,在保,冯*,4101****2720,P2023****4
P202303485,高文博,男,31,410106199309029504,城乡居民,郑州市,2021-08-16,在保,高**,4101****9504,P2023****5
P202302293,彭静,女,51,410502197307245184,城镇职工,周口市,2020-04-16,在保,彭*,4105****5184,P2023****3
P202302223,于丽,女,63,410102196103031680,城镇职工,许昌市,2024-01-28,在保,于*,4101****1680,P2023****3
P202303476,唐勇,男,26,410102199808273024,城镇职工,安阳市,2021-06-23,在保,唐*,4101****3024,P2023****6
P202302329,郭强,男,62,410103196202127104,城镇职工,鹤壁市,2021-11-10,在保,郭*,4101****7104,P2023****9
P202304628,吕建国,男,36,410302198811026560,城乡居民,鹤壁市,2022-12-06,在保,吕**,4103****6560,P2023****8
P202303429,朱涛,男,57,410502196707237312,城镇职工,郑州市,2020-07-24,在保,朱*,4105****7312,P2023****9
P202301996,林美琳,女,69,410106195508069120,城镇职工,商丘市,2020-04-27,在保,林**,4101****9120,P2023****6
P202303404,曹秀兰,女,48,410106197610196928,城乡居民,南阳市,2021-05-20,在保,曹**,4101****6928,P2023****4
P202303419,许佳慧,女,26,410402199808036096,灵活就业,漯河市,2024-03-23,在保,许**,4104****6096,P2023****9
P202300518,董鹏,男,32,410502199206150016,城乡居民,南阳市,2024-02-11,在保,董*,4105****0016,P2023****8
P202302504,宋静,女,38,410103198604123968,城乡,安阳市,2022-12-14,在保,宋*,4101****3968,P2023****4
P202301376,冯思琪,女,46,410202197802011008,城乡,新乡市,2023-04-14,在保,冯**,4102****1008,P2023****6
P202302058,宋慧,女,65,410104195903022528,城乡居民,郑州市,2021-09-10,在保,宋*,4101****2528,P2023****8
P202300669,程天宇,男,2,410502202205156352,城乡居民,平顶山市,2023-10-10,停保,程**,4105****6352,P2023****9
P202302465,马霞,女,65,410502195903112448,城镇职工,鹤壁市,2022-03-19,停保,马*,4105****2448,P2023****5
P202301979,薛文博,男,36,410103198802149952,城乡居民,周口市,2023-05-18,在保,薛**,4101****9952,P2023****9
P202304962,曾晓红,女,31,410302199302090048,城镇职工,新乡市,2020-01-01,在保,曾**,4103****0048,P2023****2
P202300997,贾涛,男,82,410302194208225472,城乡居民,洛阳市,2020-12-04,在保,贾*,4103****5472,P2023****7
P202302474,唐波,男,25,410402199901264512,灵活就业,新乡市,2023-02-17,在保,唐*,4104****4512,P2023****4
P202302802,于慧,女,95,410402192908246976,城镇职工,许昌市,2024-03-26,在保,于*,4104****6976,P2023****2
P202303556,林嘉伟,男,49,410402197507209536,城镇职工,焦作市,2021-12-22,在保,林**,4104****9536,P2023****6
P202304430,魏佳慧,女,41,410702198311228416,城镇职工,信阳市,2020-04-05,在保,魏**,4107****8416,P2023****0
P202303411,徐子轩,男,37,410502198708095744,城镇职工,周口市,2020-05-13,在保,徐**,4105****5744,P2023****1
P202303461,谢文博,男,80,410104194401213696,城镇职工,焦作市,2021-02-11,在保,谢**,4101****3696,P2023****1
P202304639,程淑珍,女,13,410103201111128896,城乡居民,新乡市,2023-06-29,在保,程**,4101****8896,P2023****9
P202300760,黄语嫣,女,62,410104196202120960,城乡居民,鹤壁市,2021-08-04,在保,黄**,4101****0960,P2023****0
P202304233,林晓红,女,39,410106198508152832,城镇职工,南阳市,2021-04-13,在保,林**,4101****2832,P2023****3
P202301398,朱思琪,女,32,410502199212223104,城乡居民,新乡市,2023-03-13,在保,朱**,4105****3104,P2023****8
P202304968,孙欣怡,女,70,410202195410013952,城镇职工,信阳市,2023-10-27,在保,孙**,4102****3952,P2023****8
P202302253,何萍,女,23,410202200103122624,城乡居民,平顶山市,2020-12-18,在保,何*,4102****2624,P2023****3
P202302396,吴明,男,23,410105200101065664,城乡居民,周口市,2023-01-01,在保,吴*,4101****5664,P2023****6
P202304634,冯霞,女,65,410103195910096064,城乡居民,鹤壁市,2022-11-02,停保,冯*,4101****6064,P2023****4
P202300215,刘永强,男,44,410106198003137024,城镇职工,漯河市,2023-12-11,在保,刘**,4101****7024,P2023****5
P202303399,邓婷,女,90,410105193405249856,城镇职工,驻马店市,2023-02-12,在保,邓*,4101****9856,P2023****9
P202301118,杨天宇,男,48,410105197607199424,城镇职工,安阳市,2021-03-24,在保,杨**,4101****9424,P2023****8
P202300694,郭思琪,女,61,410202196302185920,城乡居民,鹤壁市,2020-10-21,在保,郭**,4102****5920,P2023****4
P202301579,未知,男,36,410402198812153792,城乡居民,信阳市,2020-09-24,在保,未知,4104****3792,P2023****9
P202302672,郭俊杰,男,60,410106196412128512,城乡居民,郑州市,2021-09-20,在保,郭**,4101****8512,P2023****2
P202302500,魏磊,男,56,410105196807070464,城乡居民,安阳市,2021-07-02,在保,魏*,4101****0464,P2023****0
P202301030,韩丽,女,31,410202199311142016,城镇职工,洛阳市,2020-08-01,在保,韩*,4102****2016,P2023****0
P202301823,宋飞,男,45,410104197911216576,城镇职工,新乡市,2023-12-07,在保,宋*,4101****6576,P2023****3
P202301943,苏语嫣,女,54,410104197009023360,城镇职工,郑州市,2022-07-01,在保,苏**,4101****3360,P2023****3
P202302582,唐玉兰,女,57,410702196702094976,城乡居民,开封市,2022-01-27,在保,唐**,4107****4976,P2023****2
P202304992,刘永强,男,62,410102196208067136,灵活就业,许昌市,2020-05-26,在保,刘**,4101****7136,P2023****2
P202300197,宋思琪,女,34,410302199010108160,城镇职工,周口市,2022-08-29,在保,宋**,4103****8160,P2023****7
P202303933,郑国强,男,65,410103195903110016,城镇职工,许昌市,2021-01-26,在保,郑**,4101****0016,P2023****3
P202303909,高玲,女,60,410104196408156736,城乡居民,焦作市,2021-01-23,在保,高*,4101****6736,P2023****9
P202301925,刘佳慧,女,87,410106193712243776,城乡居民,漯河市,2020-09-27,在保,刘**,4101****3776,P2023****5
P202300880,谢建国,男,71,410202195307131584,城镇职工,开封市,2023-01-03,在保,谢**,4102****1584,P2023****0
P202303110,宋磊,男,16,410302200801235520,城镇职工,鹤壁市,2021-01-03,在保,宋*,4103****5520,P2023****0
P202303694,黄晓红,女,69,410103195501204224,城乡居民,安阳市,2021-12-02,在保,黄**,4101****4224,P2023****4
P202304974,宋明,男,12,410702201211242752,城乡居民,驻马店市,2022-09-14,在保,宋*,4107****2752,P2023****4
P202301748,冯芳,女,59,410702196508240256,城镇职工,平顶山市,2023-12-10,在保,冯*,4107****0256,P2023****8
P202300888,李秀英,女,43,410402198107117632,城乡居民,鹤壁市,2021-02-02,在保,李**,4104****7632,P2023****8
P202304155,曹浩然,男,67,410105195701240128,灵活就业,鹤壁市,2020-02-07,在保,曹**,4101****0128,P2023****5
P202300069,卢雨彤,女,56,410102196802102272,城乡居民,许昌市,2021-05-13,在保,卢**,4101****2272,P2023****9
P202302729,唐丽,女,36,410102198809268288,城乡居民,开封市,2020-10-07,在保,唐*,4101****8288,P2023****9
P202302101,唐玲,女,56,410103196810045440,灵活就业,安阳市,2023-02-13,在保,唐*,4101****5440,P2023****1
P202300569,林艳,女,16,410402200808144512,城乡居民,周口市,2023-05-14,在保,林*,4104****4512,P2023****9
P202302026,朱天宇,男,53,410104197103235200,灵活就业,商丘市,2020-08-05,在保,朱**,4101****5200,P2023****6
P202300097,程宇航,男,55,410202196910234048,灵活就业,鹤壁市,2021-11-03,停保,程**,4102****4048,P2023****7
P202301042,董超,男,41,410702198306120832,城乡居民,驻马店市,2022-07-10,在保,董*,4107****0832,P2023****2
P202301455,宋玉兰,女,60,410302196407233472,城乡居民,焦作市,2024-01-12,在保,宋**,4103****3472,P2023****5
P202300140,宋浩然,男,27,410502199711045440,城镇职工,新乡市,2024-05-08,在保,宋**,4105****5440,P2023****0
P202302314,董子轩,男,58,410502196607108352,城镇职工,南阳市,2024-03-12,在保,董**,4105****8352,P2023****4
P202302654,贾慧,女,68,410202195606203136,城镇职工,许昌市,2022-07-09,在保,贾*,4102****3136,P2023****4
P202301261,王慧,女,60,410103196408187008,城镇职工,许昌市,2021-03-11,停保,王*,4101****7008,P2023****1
P202301840,胡浩,男,46,410103197807136192,城乡居民,许昌市,2021-08-22,在保,胡*,4101****6192,P2023****0
P202303929,薛志强,男,28,410302199603102080,城乡居民,鹤壁市,2023-07-25,在保,薛**,4103****2080,P2023****9
P202301352,张雪,女,17,410702200712171712,城镇职工,洛阳市,2020-01-31,在保,张*,4107****1712,P2023****2
P202301967,宋紫薇,女,46,410702197809265536,灵活就业,焦作市,2023-03-04,停保,宋**,4107****5536,P2023****7
P202303796,魏晓红,女,44,410702198011208768,城乡居民,鹤壁市,2024-01-14,在保,魏**,4107****8768,P2023****6
P202304027,宋涛,男,35,410104198910261824,灵活就业,鹤壁市,2022-05-09,在保,宋*,4101****1824,P2023****7
P202301026,卢雨彤,女,57,410103196703028992,城镇职工,周口市,2024-03-18,在保,卢**,4101****8992,P2023****6
P202300464,韩海涛,男,53,410202197107121088,城镇职工,南阳市,2023-08-27,在保,韩**,4102****1088,P2023****4
P202302375,叶雨彤,女,70,410502195407227392,城乡居民,郑州市,2022-04-13,在保,叶**,4105****7392,P2023****5
P202301273,蔡玲,女,30,410102199409091840,城乡居民,焦作市,2022-05-04,在保,蔡*,4101****1840,P2023****3
P202303938,何波,男,26,410402199804275008,城职,新乡市,2023-12-15,在保,何*,4104****5008,P2023****8
P202300595,吕辉,男,68,410302195603239424,灵活就业,平顶山市,2021-10-27,在保,吕*,4103****9424,P2023****5
P202302216,张静,女,54,410702197011043264,城镇职工,周口市,2020-07-05,在保,张*,4107****3264,P2023****6
P202304918,郑霞,女,43,410106198106282560,城镇职工,安阳市,2022-06-29,在保,郑*,4101****2560,P2023****8
P202300626,张伟,男,40,410102198410229184,城乡居民,周口市,2023-07-30,在保,张*,4101****9184,P2023****6
P202300451,谢莉,女,48,410103197609093824,城乡居民,驻马店市,2022-04-11,在保,谢*,4101****3824,P2023****1
P202301551,许桂英,女,48,410702197602091264,城镇职工,鹤壁市,2023-02-01,退保,许**,4107****1264,P2023****1
P202301413,韩秀英,女,58,410402196602115776,城乡居民,周口市,2022-03-07,在保,韩**,4104****5776,P2023****3
P202301872,刘文博,男,46,410402197806087168,城乡居民,漯河市,2023-01-01,在保,刘**,4104****7168,P2023****2
P202304486,曹斌,男,21,410402200306259840,城镇职工,许昌市,2024-02-29,在保,曹*,4104****9840,P2023****6
P202302471,刘晓红,女,69,410202195507197056,灵活就业,周口市,2020-05-22,在保,刘**,4102****7056,P2023****1
P202301336,郭凤英,女,43,410104198111110720,城乡居民,商丘市,2023-03-24,在保,郭**,4101****0720,P2023****6
P202303847,徐嘉伟,男,69,410402195507235136,灵活就业,焦作市,2020-11-17,在保,徐**,4104****5136,P2023****7
P202304407,王莉,女,47,410102197702244032,城乡居民,平顶山市,2021-10-09,在保,王*,4101****4032,P2023****7
P202304026,薛娟,女,44,410102198006179904,城乡居民,南阳市,2022-12-29,在保,薛*,4101****9904,P2023****6
P202302985,邓军,男,20,410502200411287808,城乡居民,洛阳市,2021-03-13,在保,邓*,4105****7808,P2023****5
P202304081,萧磊,男,61,410102196311157760,城乡居民,周口市,2022-11-22,在保,萧*,4101****7760,P2023****1
P202303300,吕文博,男,70,410104195405186176,城镇职工,焦作市,2022-12-30,在保,吕**,4101****6176,P2023****0
P202304729,张军,男,78,410202194608177536,城镇职工,南阳市,2022-02-03,停保,张*,4102****7536,P2023****9
P202301000,徐明,男,60,410105196405026560,城镇职工,漯河市,2021-07-22,停保,徐*,4101****6560,P2023****0
P202301537,胡永强,男,59,410402196504041792,城乡居民,驻马店市,2023-07-21,在保,胡**,4104****1792,P2023****7
P202302019,林勇,男,61,410402196304236288,城镇职工,漯河市,2022-12-05,在保,林*,4104****6288,P2023****9
P202300193,袁凤英,女,53,410106197110226240,城乡居民,开封市,2020-07-17,在保,袁**,4101****6240,P2023****3
P202303817,宋婷,女,43,410202198103232960,城乡居民,开封市,2023-03-12,在保,宋*,4102****2960,P2023****7
P202304224,高天宇,男,71,410104195312183296,城镇职工,信阳市,2023-09-30,在保,高**,4101****3296,P2023****4
P202301375,贾秀兰,女,76,410103194805277440,城镇职工,漯河市,2021-05-30,在保,贾**,4101****7440,P2023****5
P202304275,李雨彤,女,13,410202201101020416,城镇职工,焦作市,2023-02-04,在保,李**,4102****0416,P2023****5
P202304480,曹佳慧,女,68,410502195609027136,城乡居民,鹤壁市,2020-03-30,在保,曹**,4105****7136,P2023****0
P202304969,张美琳,女,44,410103198005100736,城乡居民,安阳市,2021-11-24,停保,张**,4101****0736,P2023****9
P202302606,刘涛,男,46,410103197807027136,城镇职工,周口市,2023-10-06,在保,刘*,4101****7136,P2023****6
P202303689,卢芳,女,72,410202195201245696,城乡居民,漯河市,2024-05-04,停保,卢*,4102****5696,P2023****9
P202302842,胡浩,男,22,410106200211053056,城镇职工,洛阳市,2023-11-02,在保,胡*,4101****3056,P2023****2
P202303865,韩萍,女,43,410502198104149504,城镇职工,商丘市,2023-03-03,在保,韩*,4105****9504,P2023****5
P202304237,李萍,女,75,410702194907066112,城乡居民,安阳市,2021-12-28,停保,李*,4107****6112,P2023****7
P202303856,丁明,男,47,410202197703065856,城镇职工,许昌市,2021-07-11,在保,丁*,4102****5856,P2023****6
P202302715,张欣怡,女,56,410102196802137280,城乡居民,南阳市,2020-01-19,在保,张**,4101****7280,P2023****5
P202303754,林思琪,女,41,410502198309099712,城乡居民,开封市,2022-07-30,在保,林**,4105****9712,P2023****4
P202302246,何明,男,51,410302197302164224,城镇职工,开封市,2020-11-30,停保,何*,4103****4224,P2023****6
P202301659,赵永强,男,31,410502199308231360,灵活就业,许昌市,2021-03-15,在保,赵**,4105****1360,P2023****9
P202302562,何嘉伟,男,51,410302197312247104,城镇职工,焦作市,2023-11-07,在保,何**,4103****7104,P2023****2
P202304967,徐建国,男,33,410105199109248064,灵活就业,新乡市,2022-10-21,停保,徐**,4101****8064,P2023****7
P202300192,叶淑珍,女,65,410302195901195776,城镇职工,焦作市,2023-02-07,在保,叶**,4103****5776,P2023****2
P202304607,萧玉兰,女,43,410302198106244672,城镇职工,许昌市,2020-10-12,在保,萧**,4103****4672,P2023****7
P202301744,林浩,男,70,410106195402134848,城镇职工,洛阳市,2020-10-17,停保,林*,4101****4848,P2023****4
P202303086,李晓红,女,55,410102196912256064,灵活就业,洛阳市,2020-03-31,在保,李**,4101****6064,P2023****6
P202304288,曹霞,女,30,410502197101215808,城镇职工,周口市,2022-07-13,在保,曹*,4105****5808,P2023****8
P202301863,丁斌,男,64,410105196008244160,城镇职工,焦作市,2021-01-17,退保,丁*,4101****4160,P2023****3
P202301768,唐国强,男,46,410105197806176256,城镇职工,洛阳市,2021-04-02,停保,唐**,4101****6256,P2023****8
P202301895,何飞,男,48,410105197601136256,城乡居民,焦作市,2024-01-12,在保,何*,4101****6256,P2023****5
P202304850,傅晓红,女,58,410102196609235264,灵活就业,漯河市,2023-11-23,在保,傅**,4101****5264,P2023****0
P202303718,彭艳,女,91,410702193303150848,城乡居民,焦作市,2021-05-30,在保,彭*,4107****0848,P2023****8
P202302523,徐淑珍,女,56,410105196809095616,城乡居民,信阳市,2022-04-21,在保,徐**,4101****5616,P2023****3
P202303467,吕莉,女,42,410502198202171136,灵活就业,郑州市,2023-01-01,在保,吕*,4105****1136,P2023****7
P202304054,林嘉伟,男,53,410202197107077056,城乡居民,鹤壁市,2021-02-27,在保,林**,4102****7056,P2023****4
P202303931,林欣怡,女,62,410106196210049024,城镇职工,平顶山市,2020-05-10,在保,林**,4101****9024,P2023****1
P202300167,张飞,男,64,410502196007275584,灵活就业,安阳市,2020-03-15,在保,张*,4105****5584,P2023****7
P202302219,何芳,女,87,410105193708276736,城乡居民,洛阳市,2023-03-02,在保,何*,4101****6736,P2023****9
P202303679,吕嘉伟,男,71,410702195309166528,城乡居民,许昌市,2022-03-20,停保,吕**,4107****6528,P2023****9
P202301025,吴紫薇,女,81,410104194312177152,城镇职工,信阳市,2022-04-22,在保,吴**,4101****7152,P2023****5
P202301362,阎雪,女,60,410103196411283520,城乡居民,安阳市,2020-05-09,在保,阎*,4101****3520,P2023****2
P202302901,魏强,男,49,410502197502272640,灵活就业,新乡市,2021-06-14,在保,魏*,4105****2640,P2023****1
P202301893,卢梦瑶,女,42,410104198208060288,城乡居民,鹤壁市,2023-02-10,在保,卢**,4101****0288,P2023****3
P202303567,郑玉兰,女,54,410202197006148224,城乡居民,洛阳市,2022-05-18,退保,郑**,4102****8224,P2023****7
P202301097,叶玲,女,51,410104197309049344,城乡居民,新乡市,2022-01-14,在保,叶*,4101****9344,P2023****7
P202302099,丁文博,男,22,410103200203281536,城镇职工,鹤壁市,2020-12-20,在保,丁**,4101****1536,P2023****9
P202304920,谢娜,女,73,410302195104252032,城镇职工,郑州市,2022-05-25,在保,谢*,4103****2032,P2023****0
P202300153,孙俊杰,男,37,410702198703244480,城乡居民,南阳市,2022-01-16,在保,孙**,4107****4480,P2023****3
P202302584,徐玲,女,72,410106195207147392,灵活就业,商丘市,2021-04-22,在保,徐*,4101****7392,P2023****4
P202304796,韩丽,女,27,410502199711028672,城镇职工,许昌市,2020-12-27,停保,韩*,4105****8672,P2023****6
P202303950,蔡晓红,女,26,410202199808084992,城镇职工,驻马店市,2024-03-14,在保,蔡**,4102****4992,P2023****0
P202301520,陈辉,男,83,410103194107126784,城乡居民,郑州市,2023-11-30,在保,陈*,4101****6784,P2023****0
P202304210,蒋志强,男,29,410105199511203072,城镇职工,鹤壁市,2022-03-01,在保,蒋**,4101****3072,P2023****0
P202301673,卢莉,女,42,410104198201171840,城乡居民,漯河市,2021-04-19,在保,卢*,4101****1840,P2023****3
P202302923,王晓红,女,46,410702197805227712,城镇职工,漯河市,2020-06-12,在保,王**,4107****7712,P2023****3
P202301434,苏凤英,女,39,410104198508188992,城乡居民,新乡市,2020-10-22,在保,苏**,4101****8992,P2023****4
P202304872,吕浩,男,74,410106195005154368,灵活就业,许昌市,2021-01-07,在保,吕*,4101****4368,P2023****2
P202302032,沈俊杰,男,32,410202199207033216,城乡居民,平顶山市,2022-09-02,在保,沈**,4102****3216,P2023****2
P202301624,郑宇航,男,37,410104198707261952,城镇职工,安阳市,2024-01-25,在保,郑**,4101****1952,P2023****4
P202300032,蒋俊杰,男,83,410103194103091200,城乡居民,许昌市,2023-02-07,在保,蒋**,4101****1200,P2023****2
P202300938,刘莉,女,62,410302196207117888,城乡居民,平顶山市,2023-01-01,停保,刘*,4103****7888,P2023****8
P202301527,许梦瑶,女,83,410106194110047168,城乡居民,信阳市,2020-12-22,停保,许**,4101****7168,P2023****7
P202302651,王丽,女,33,410302199102225984,城镇职工,洛阳市,2023-03-26,在保,王*,4103****5984,P2023****1
P202304565,胡雨彤,女,64,410502196009245120,城乡居民,焦作市,2023-05-12,在保,胡**,4105****5120,P2023****5
P202300310,何天宇,男,46,410103197808155264,灵活就业,郑州市,2022-10-20,停保,何**,4101****5264,P2023****0
P202303001,谢佳慧,女,15,410102200903288640,城镇职工,新乡市,2021-02-11,在保,谢**,4101****8640,P2023****1
P202301500,朱婷,女,60,410102196404271872,城镇职工,新乡市,2022-10-20,停保,朱*,4101****1872,P2023****0
P202304158,宋海涛,男,41,410302198310190400,城乡居民,洛阳市,2024-05-12,在保,宋**,4103****0400,P2023****8
P202304450,高国强,男,76,410102194806209728,城乡居民,南阳市,2023-10-24,在保,高**,4101****9728,P2023****0
P202300496,阎波,男,59,410103196502096320,城乡居民,洛阳市,2023-09-03,停保,阎*,4101****6320,P2023****6
P202300206,林强,男,33,410502199104212352,城乡居民,洛阳市,2022-04-26,在保,林*,4105****2352,P2023****6
P202302727,宋天宇,男,68,410103195606188992,灵活就业,平顶山市,2021-01-03,在保,宋**,4101****8992,P2023****7
P202303426,蒋子轩,男,69,410302195502061824,灵活就业,平顶山市,2021-11-23,在保,蒋**,4103****1824,P2023****6
P202303905,许永强,男,79,410702194501041024,城乡居民,鹤壁市,2021-11-17,在保,许**,4107****1024,P2023****5
P202300306,吴建华,男,52,410702197211258560,城镇职工,安阳市,2023-12-01,在保,吴**,4107****8560,P2023****6
P202303867,徐莉,女,55,410104196907135808,城乡居民,新乡市,2024-05-12,在保,徐*,4101****5808,P2023****7
P202302313,傅海涛,男,54,410105197010162688,城镇职工,许昌市,2023-07-07,在保,傅**,4101****2688,P2023****3
P202301062,郭美琳,女,0,410106202407222464,城乡居民,漯河市,2022-04-29,在保,郭**,4101****2464,P2023****2
P202300844,叶敏,女,56,410702196802040000,城乡居民,漯河市,2020-03-09,在保,叶*,4107****0000,P2023****4
P202302768,郑玲,女,58,410103196605217728,城镇职工,郑州市,2023-05-21,在保,郑*,4101****7728,P2023****8
P202304674,苏丽,女,31,410502199311010752,城镇职工,商丘市,2022-07-08,退保,苏*,4105****0752,P2023****4
P202300212,薛飞,男,70,410702195411251968,城乡居民,周口市,2023-08-01,停保,薛*,4107****1968,P2023****2
P202301109,叶勇,男,38,410103198605267520,城乡居民,信阳市,2022-10-01,在保,叶*,4101****7520,P2023****9
P202303789,韩超,男,53,410502197108124032,城镇职工,开封市,2022-06-03,停保,韩*,4105****4032,P2023****9
P202300680,魏志强,男,72,410104195211181184,灵活就业,郑州市,2022-04-02,在保,魏**,4101****1184,P2023****0
P202300566,沈语嫣,女,42,410104198203281472,城乡居民,平顶山市,2023-12-29,在保,沈**,4101****1472,P2023****6
P202304663,袁海涛,男,39,410502198511172928,城镇职工,平顶山市,2024-04-25,在保,袁**,4105****2928,P2023****3
P202303652,沈紫薇,女,59,410702196511092736,城镇职工,郑州市,2024-01-08,在保,沈**,4107****2736,P2023****2
P202300681,董超,男,62,410102196210211968,城镇职工,驻马店市,2021-03-30,在保,董*,4101****1968,P2023****1
P202300181,萧思琪,女,61,410104196309216000,城乡居民,平顶山市,2020-09-21,在保,萧**,4101****6000,P2023****1
P202303949,卢娟,女,44,410402198012193408,城乡居民,鹤壁市,2022-07-04,在保,卢*,4104****3408,P2023****9
P202301770,李萍,女,59,410402196511108416,城镇职工,新乡市,2020-01-16,在保,李*,4104****8416,P2023****0
P202303144,韩勇,男,39,410302198512266048,城镇职工,周口市,2021-01-19,停保,韩*,4103****6048,P2023****4
P202304318,张国强,男,70,410402195411121856,灵活就业,驻马店市,2022-03-21,在保,张**,4104****1856,P2023****8
P202300279,吕娜,女,51,410102197308051968,灵活就业,驻马店市,2022-11-01,在保,吕*,4101****1968,P2023****9
P202301150,林志强,男,34,410702199010238528,城镇职工,焦作市,2020-05-24,停保,林**,4107****8528,P2023****0
P202301322,梁建国,男,59,410702196507257408,灵活就业,新乡市,2021-06-22,在保,梁**,4107****7408,P2023****2
P202300433,何斌,男,45,410302197907110144,城镇职工,商丘市,2020-08-30,在保,何*,4103****0144,P2023****3
P202300290,魏浩,男,38,410202198602265472,城乡居民,新乡市,2022-05-29,在保,魏*,4102****5472,P2023****0
P202301028,于嘉伟,男,52,410103197209139712,城镇职工,许昌市,2021-03-09,在保,于**,4101****9712,P2023****8
P202300536,许莉,女,50,410502197412081536,城镇职工,商丘市,2024-02-07,退保,许*,4105****1536,P2023****6
P202304630,彭辉,男,57,410102196707284800,城镇职工,驻马店市,2020-03-02,在保,彭*,4101****4800,P2023****0
P202300189,林语嫣,女,34,410202199010243200,灵活就业,平顶山市,2020-11-22,在保,林**,4102****3200,P2023****9
P202304044,邓浩,男,55,410402196905023680,城镇职工,周口市,2024-03-20,停保,邓*,4104****3680,P2023****4
P202303993,韩国强,男,14,410104201003253568,灵活就业,许昌市,2020-06-09,在保,韩**,4101****3568,P2023****3
P202304548,徐静,女,48,410302197608202752,灵活就业,南阳市,2023-09-26,在保,徐*,4103****2752,P2023****8
P202300271,卢敏,女,75,410104194912085312,城乡居民,驻马店市,2020-11-23,在保,卢*,4101****5312,P2023****1
P202303292,高辉,男,5,410202201911233792,城乡居民,新乡市,2021-12-01,停保,高*,4102****3792,P2023****2
P202304127,贾飞,男,34,410702199012231488,城镇职工,商丘市,2024-01-02,在保,贾*,4107****1488,P2023****7
P202304095,赵强,男,72,410402195205102656,城乡居民,周口市,2023-11-15,在保,赵*,4104****2656,P2023****5
P202303769,程文彬,男,61,410105196308158720,城镇职工,洛阳市,2020-09-23,在保,程**,4101****8720,P2023****9
P202300112,吕娟,女,49,410402197512106624,城乡居民,洛阳市,2020-10-13,在保,吕*,4104****6624,P2023****2
P202301972,邓佳慧,女,0,410702202408240064,城镇职工,周口市,2020-07-12,在保,邓**,4107****0064,P2023****2
P202300221,唐辉,男,91,410105193310030464,城乡居民,焦作市,2023-12-05,在保,唐*,4101****0464,P2023****1
P202301428,萧艳,女,30,410102199407131584,灵活就业,驻马店市,2020-05-10,在保,萧*,4101****1584,P2023****8
P202300628,何鹏,男,47,410103197711159424,城乡居民,平顶山市,2022-05-24,在保,何*,4101****9424,P2023****8
P202302656,卢梦瑶,女,65,410502195902103424,城乡居民,安阳市,2022-06-22,在保,卢**,4105****3424,P2023****6
P202303425,罗国强,男,18,410105200608132672,城乡居民,安阳市,2022-07-30,在保,罗**,4101****2672,P2023****5
P202303009,朱娟,女,69,410502195505047744,城镇职工,信阳市,2024-04-13,在保,朱*,4105****7744,P2023****9
P202300791,董宇航,男,57,410103196702266240,城乡,平顶山市,2020-07-27,在保,董**,4101****6240,P2023****1
P202304836,韩雨彤,女,51,410105197301183872,城乡居民,平顶山市,2021-08-30,在保,韩**,4101****3872,P2023****6
P202300462,郑莉,女,50,410702197402141376,城乡居民,信阳市,2024-04-17,在保,郑*,4107****1376,P2023****2
P202304447,赵雪,女,34,410302199011196544,城镇职工,漯河市,2023-06-04,在保,赵*,4103****6544,P2023****7
P202300552,曾建华,男,47,410105197703107072,城乡居民,漯河市,2020-10-03,在保,曾**,4101****7072,P2023****2
P202302403,薛强,男,40,410104198410173952,灵活就业,开封市,2022-04-21,在保,薛*,4101****3952,P2023****3
P202304182,吕紫薇,女,40,410105198404289536,城镇职工,开封市,2020-09-29,在保,吕**,4101****9536,P2023****2
P202300199,张国强,男,51,410103197304014528,灵活就业,南阳市,2020-11-06,在保,张**,4101****4528,P2023****9
P202302641,梁宇航,男,82,410102194209106944,灵活就业,新乡市,2024-03-03,在保,梁**,4101****6944,P2023****1
P202302835,朱涛,男,45,410402197904144640,灵活就业,信阳市,2023-11-19,在保,朱*,4104****4640,P2023****5
P202300403,刘婷,女,50,410302197407272384,城镇职工,信阳市,2022-06-28,在保,刘*,4103****2384,P2023****3
P202303339,薛霞,女,59,410103196504207872,城镇职工,漯河市,2023-03-25,退保,薛*,4101****7872,P2023****9
P202302178,贾佳慧,女,53,410402197104137728,城乡居民,开封市,2022-06-19,在保,贾**,4104****7728,P2023****8
P202304813,阎霞,女,61,410202196302050624,城镇职工,周口市,2020-02-17,在保,阎*,4102****0624,P2023****3
P202302074,杨晨曦,男,53,410105197112195712,城镇职工,鹤壁市,2022-09-25,在保,杨**,4101****5712,P2023****4
P202301731,程浩然,男,45,410102197911285248,城镇职工,周口市,2022-03-11,停保,程**,4101****5248,P2023****1
P202304508,许鹏,男,54,410106197001131648,城镇职工,开封市,2022-10-23,在保,许*,4101****1648,P2023****8
P202300651,刘海涛,男,83,410105194107093440,城镇职工,平顶山市,2024-04-02,在保,刘**,4101****3440,P2023****1
P202300709,陈超,男,12,410202201204208640,灵活就业,洛阳市,2021-04-21,在保,陈*,4102****8640,P2023****9
P202304590,董语嫣,女,30,410402199402126592,城乡居民,许昌市,2021-04-03,在保,董**,4104****6592,P2023****0
P202304459,梁丽,女,22,410106200202243264,城乡居民,新乡市,2020-06-01,在保,梁*,4101****3264,P2023****9
P202303323,杨鹏,男,22,410106200209021696,城乡居民,驻马店市,2023-05-18,在保,杨*,4101****1696,P2023****3
P202301898,孙霞,女,78,410202194605094400,城镇职工,鹤壁市,2022-12-24,在保,孙*,4102****4400,P2023****8
P202301833,曹芳,女,67,410502195701112064,城镇职工,周口市,2022-04-04,在保,曹*,4105****2064,P2023****3
P202300315,梁秀英,女,73,410102195106072960,城乡居民,平顶山市,2021-09-14,在保,梁**,4101****2960,P2023****5
P202301243,陈涛,男,39,410502198503242752,城乡居民,开封市,2022-06-27,在保,陈*,4105****2752,P2023****3
P202304520,贾萍,女,33,410106199106145664,灵活就业,焦作市,2020-03-05,在保,贾*,4101****5664,P2023****0
P202300114,曾欣怡,女,94,410302193011048512,城乡居民,周口市,2022-04-15,停保,曾**,4103****8512,P2023****4
P202300961,苏雨彤,女,61,410202196310226624,城乡居民,周口市,2020-12-01,在保,苏**,4102****6624,P2023****1
P202303908,萧紫薇,女,24,410104200003222080,城乡居民,郑州市,2021-05-30,在保,萧**,4101****2080,P2023****8
P202302743,许建华,男,50,410103197405174400,城镇职工,郑州市,2023-08-27,在保,许**,4101****4400,P2023****3
P202301685,谢思琪,女,28,410106199603265920,城镇职工,许昌市,2020-03-26,在保,谢**,4101****5920,P2023****5
P202304102,程凤英,女,35,410302198907182976,城镇职工,漯河市,2020-04-15,在保,程**,4103****2976,P2023****2
P202302660,程雪,女,59,410103196512200640,城镇职工,开封市,2021-05-18,在保,程*,4101****0640,P2023****0
P202301633,罗欣怡,女,38,410102198601103360,城镇职工,许昌市,2020-07-09,停保,罗**,4101****3360,P2023****3
P202303260,邓婷,女,75,410106194910200384,城镇职工,郑州市,2021-03-09,退保,邓*,4101****0384,P2023****0
P202304708,苏桂英,女,41,410103198305085440,城乡居民,焦作市,2023-10-31,在保,苏**,4101****5440,P2023****8
P202303483,黄超,男,43,410104198108202624,城乡居民,信阳市,2022-06-14,退保,黄*,4101****2624,P2023****3
P202304574,周敏,女,39,410104198507125184,城镇职工,周口市,2022-08-20,退保,周*,4101****5184,P2023****4
P202301880,苏杰,男,35,410202198912100544,城乡居民,南阳市,2023-07-19,在保,苏*,4102****0544,P2023****0
P202304122,刘子轩,男,47,410102197708256192,城镇职工,开封市,2023-04-11,在保,刘**,4101****6192,P2023****2
P202302006,徐斌,男,53,410106197106102208,城乡居民,信阳市,2023-03-06,在保,徐*,4101****2208,P2023****6
P202300327,蔡梦瑶,女,70,410103195410192640,灵活就业,郑州市,2020-05-12,在保,蔡**,4101****2640,P2023****7
P202300605,李娟,女,57,410702196707213248,城镇职工,南阳市,2022-02-20,在保,李*,4107****3248,P2023****5
P202304234,沈美琳,女,59,410104196512149440,灵活就业,驻马店市,2020-08-22,在保,沈**,4101****9440,P2023****4
P202303078,宋淑珍,女,59,410103196510201600,城镇职工,鹤壁市,2022-02-01,停保,宋**,4101****1600,P2023****8
P202302631,傅秀兰,女,55,410106196912211328,城乡居民,郑州市,2020-12-24,在保,傅**,4101****1328,P2023****1
P202304367,魏佳慧,女,40,410202198401203584,城乡居民,漯河市,2023-03-14,在保,魏**,4102****3584,P2023****7
P202304692,王勇,男,54,410106197009160832,灵活就业,鹤壁市,2021-04-10,在保,王*,4101****0832,P2023****2
P202303249,程俊杰,男,54,410106197004084352,城镇职工,周口市,2022-02-02,在保,程**,4101****4352,P2023****9
P202304973,朱天宇,男,31,410502199311193728,城乡居民,洛阳市,2024-02-06,停保,朱**,4105****3728,P2023****3
P202303393,王霞,女,48,410105197604221248,城镇职工,漯河市,2022-11-19,在保,王*,4101****1248,P2023****3
P202301472,曹波,男,39,410502198505081920,城镇职工,周口市,2024-01-22,在保,曹*,4105****1920,P2023****2
P202301774,吕美琳,女,53,410302197108248640,城镇职工,洛阳市,2021-05-02,在保,吕**,4103****8640,P2023****4
P202302785,高诗涵,女,41,410104198302195648,城乡居民,南阳市,2023-03-07,停保,高**,4101****5648,P2023****5
P202300790,阎娜,女,20,410502200405058752,城乡居民,周口市,2023-10-03,在保,阎*,4105****8752,P2023****0
P202302355,杨俊杰,男,71,410702195310191936,城乡居民,安阳市,2023-11-29,在保,杨**,4107****1936,P2023****5
P202302926,沈欣怡,女,54,410202197004104512,城镇职工,驻马店市,2021-05-05,在保,沈**,4102****4512,P2023****6
P202301546,郭语嫣,女,58,410502196604119488,城镇职工,漯河市,2021-05-05,在保,郭**,4105****9488,P2023****6
P202300872,唐明,男,35,410105198908085312,城镇职工,平顶山市,2023-02-05,在保,唐*,4101****5312,P2023****2
P202304393,宋建国,男,55,410202196904150720,城乡居民,南阳市,2024-04-26,在保,宋**,4102****0720,P2023****3
P202301372,高思琪,女,80,410103194409246272,城镇职工,开封市,2020-05-24,停保,高**,4101****6272,P2023****2
P202303079,梁明,男,54,410102197008255296,城乡居民,周口市,2020-07-05,在保,梁*,4101****5296,P2023****9
P202300074,赵语嫣,女,78,410106194608164544,城镇职工,开封市,2020-04-15,在保,赵**,4101****4544,P2023****4
P202301816,吴文彬,男,33,410104199101278400,城镇职工,新乡市,2023-12-05,在保,吴**,4101****8400,P2023****6
P202304404,沈文彬,男,56,410302196809288192,城乡居民,安阳市,2021-10-21,在保,沈**,4103****8192,P2023****4
P202302265,邓桂英,女,62,410102196211040768,灵活就业,信阳市,2021-11-28,在保,邓**,4101****0768,P2023****5
P202303995,曹波,男,12,410103201210035840,城镇职工,鹤壁市,2022-05-20,在保,曹*,4101****5840,P2023****5
P202302012,胡艳,女,36,410103198805026624,城乡居民,漯河市,2024-04-12,在保,胡*,4101****6624,P2023****2
P202304621,郭伟,男,41,410502198303107712,城乡居民,安阳市,2023-06-01,在保,郭*,4105****7712,P2023****1
P202303883,袁嘉伟,男,16,410103200806033216,城乡居民,许昌市,2022-10-06,在保,袁**,4101****3216,P2023****3
P202302288,赵志强,男,45,410105197909017920,城镇职工,漯河市,2022-06-24,在保,赵**,4101****7920,P2023****8
P202302944,薛娟,女,46,410502197807137664,城镇职工,洛阳市,2021-12-09,在保,薛*,4105****7664,P2023****4
P202303826,蔡宇航,男,71,410202195312246912,灵活就业,鹤壁市,2020-01-19,在保,蔡**,4102****6912,P2023****6
P202300495,薛雨彤,女,77,410105194703131072,城乡居民,洛阳市,2022-08-27,在保,薛**,4101****1072,P2023****5
P202303195,周丽,女,22,410105200206233344,城乡居民,商丘市,2024-02-05,在保,周*,4101****3344,P2023****5
P202302233,冯秀兰,女,14,410202201007196224,城镇职工,安阳市,2021-08-03,在保,冯**,4102****6224,P2023****3
P202304911,马凤英,女,40,410102198411182144,城镇职工,信阳市,2020-09-27,在保,马**,4101****2144,P2023****1
P202301165,许凤英,女,68,410702195609091648,城镇职工,信阳市,2024-03-07,退保,许**,4107****1648,P2023****5
P202303293,胡海涛,男,72,410402195208217280,城镇职工,郑州市,2021-06-05,在保,胡**,4104****7280,P2023****3
P202302365,唐建华,男,38,410103198606223040,灵活就业,驻马店市,2022-02-02,在保,唐**,4101****3040,P2023****5
P202303639,阎强,男,47,410702197704027136,城乡居民,漯河市,2021-06-04,在保,阎*,4107****7136,P2023****9
P202302222,郭凤英,女,38,410102198609061184,灵活就业,周口市,2022-12-16,在保,郭**,4101****1184,P2023****2
P202304263,梁波,男,63,410502196108260288,城乡居民,信阳市,2022-12-02,停保,梁*,4105****0288,P2023****3
P202300619,阎淑珍,女,58,410402196612211712,城镇职工,周口市,2024-02-12,在保,阎**,4104****1712,P2023****9
P202304344,唐俊杰,男,68,410105195602169920,城乡居民,焦作市,2020-08-20,在保,唐**,4101****9920,P2023****4
P202304471,张鹏,男,55,410103196906242496,城职,许昌市,2020-08-18,在保,张*,4101****2496,P2023****1
P202304822,邓晓红,女,46,410502197801228672,城镇职工,焦作市,2022-09-14,在保,邓**,4105****8672,P2023****2
P202304521,赵晓红,女,41,410105198311045440,城镇职工,周口市,2023-02-01,在保,赵**,4101****5440,P2023****1
P202302115,阎敏,女,63,410103196104056768,城镇职工,平顶山市,2020-11-17,在保,阎*,4101****6768,P2023****5
P202303479,黄永强,男,70,410105195404272512,灵活就业,平顶山市,2023-04-04,停保,黄**,4101****2512,P2023****9
P202300870,薛诗涵,女,86,410106193804236160,城乡居民,鹤壁市,2024-03-20,在保,薛**,4101****6160,P2023****0
P202303810,卢静,女,64,410106196006119488,城乡居民,洛阳市,2022-10-02,在保,卢*,4101****9488,P2023****0
P202301043,吕海涛,男,69,410105195512275712,城镇职工,开封市,2020-08-03,在保,吕**,4101****5712,P2023****3
P202301406,孙雪,女,36,410202198802286976,城镇职工,周口市,2022-02-05,在保,孙*,4102****6976,P2023****6
P202300357,胡诗涵,女,49,410702197505119296,城乡居民,洛阳市,2022-03-05,在保,胡**,4107****9296,P2023****7
P202301163,蒋鹏,男,24,410202200001207744,城镇职工,漯河市,2021-06-21,在保,蒋*,4102****7744,P2023****3
P202302821,杨国强,男,44,410105198009287040,城乡居民,商丘市,2023-04-04,停保,杨**,4101****7040,P2023****1
P202301936,傅雨彤,女,22,410106200204266624,城镇职工,平顶山市,2023-03-08,在保,傅**,4101****6624,P2023****6
P202304005,梁莉,女,25,410202199901072064,城乡居民,周口市,2020-04-10,在保,梁*,4102****2064,P2023****5
P202303889,赵斌,男,52,410202197212101696,城乡居民,漯河市,2024-03-05,在保,赵*,4102****1696,P2023****9
P202303596,胡晓红,女,70,410104195412195136,城镇职工,漯河市,2022-05-16,在保,胡**,4101****5136,P2023****6
P202303617,黄淑珍,女,32,410106199204159488,城乡居民,郑州市,2023-08-03,在保,黄**,4101****9488,P2023****7
P202303713,吕浩,男,55,410104196901095168,城乡居民,新乡市,2020-03-20,在保,吕*,4101****5168,P2023****3
P202303803,孙秀兰,女,28,410106199611191744,城镇职工,商丘市,2020-11-25,在保,孙**,4101****1744,P2023****3
P202302908,吴斌,男,29,410702199505111552,灵活就业,南阳市,2021-09-20,在保,吴*,4107****1552,P2023****8
P202300333,彭娟,女,51,410106197301264832,城镇职工,焦作市,2024-04-19,在保,彭*,4101****4832,P2023****3
P202301341,朱浩然,男,52,410104197208048576,城镇职工,郑州市,2022-06-28,停保,朱**,4101****8576,P2023****1
P202303063,邓辉,男,48,410702197604073408,城镇职工,驻马店市,2024-02-18,在保,邓*,4107****3408,P2023****3
P202302930,邓晨曦,男,67,410502195701257792,城镇职工,驻马店市,2021-03-23,在保,邓**,4105****7792,P2023****0
P202301259,刘秀英,女,37,410104198706154048,城镇职工,信阳市,2020-01-02,在保,刘**,4101****4048,P2023****9
P202303741,郭欣怡,女,37,410103198709098688,城镇职工,焦作市,2021-03-05,在保,郭**,4101****8688,P2023****1
P202304307,卢婷,女,38,410104198601070784,城镇职工,洛阳市,2023-12-31,在保,卢*,4101****0784,P2023****7
P202301117,罗芳,女,93,410102193101091392,城镇职工,漯河市,2021-08-03,在保,罗*,4101****1392,P2023****7
P202301919,萧语嫣,女,46,410402197807017088,城镇职工,新乡市,2020-09-16,在保,萧**,4104****7088,P2023****9
P202303625,萧芳,女,84,410302194006015872,城乡居民,南阳市,2021-01-03,停保,萧*,4103****5872,P2023****5
P202303876,苏文彬,男,71,410102195302256896,城乡居民,开封市,2020-02-26,在保,苏**,4101****6896,P2023****6
P202302601,马强,男,16,410502200812090880,城乡居民,洛阳市,2022-06-08,在保,马*,4105****0880,P2023****1
P202303332,杨海涛,男,22,410102200206259136,灵活就业,鹤壁市,2020-03-04,退保,杨**,4101****9136,P2023****2
P202301422,周思琪,女,69,410103195511041152,城乡居民,漯河市,2022-09-27,在保,周**,4101****1152,P2023****2
P202300446,卢紫薇,女,62,410302196204256064,城镇职工,开封市,2022-08-09,在保,卢**,4103****6064,P2023****6
P202302289,罗建国,男,39,410402198511063936,城乡居民,开封市,2023-02-26,在保,罗**,4104****3936,P2023****9
P202300453,朱静,女,32,410202199210238336,城镇职工,商丘市,2021-04-16,在保,朱*,4102****8336,P2023****3
P202303868,薛诗涵,女,79,410105194511107328,城镇职工,漯河市,2023-01-11,在保,薛**,4101****7328,P2023****8
P202304479,郭欣怡,女,24,410106200005241408,城镇职工,漯河市,2021-06-17,在保,郭**,4101****1408,P2023****9
P202303015,程强,男,39,410702198506275904,城乡居民,平顶山市,2022-09-04,在保,程*,4107****5904,P2023****5
P202300015,许浩然,男,18,410102200610115008,灵活就业,洛阳市,2022-01-13,停保,许**,4101****5008,P2023****5
P202302999,黄飞,男,56,410103196810086528,灵活就业,许昌市,2020-10-10,在保,黄*,4101****6528,P2023****9
P202300946,马美琳,女,30,410105199412077504,城镇职工,焦作市,2024-01-26,停保,马**,4101****7504,P2023****6
P202300248,高涛,男,38,410702198608090496,灵活就业,商丘市,2021-07-28,停保,高*,4107****0496,P2023****8
P202304335,高军,男,58,410106196601189760,城镇职工,新乡市,2020-08-03,在保,高*,4101****9760,P2023****5
P202300361,张淑珍,女,59,410202196512080512,灵活就业,漯河市,2021-07-04,停保,张**,4102****0512,P2023****1
P202304704,曾斌,男,60,410202196407041408,城乡居民,平顶山市,2022-02-22,在保,曾*,4102****1408,P2023****4
P202301596,唐莉,女,31,410302199304102528,城镇职工,平顶山市,2020-12-03,在保,唐*,4103****2528,P2023****6
P202304581,唐鹏,男,53,410103197111170816,城乡居民,安阳市,2021-06-21,在保,唐*,4101****0816,P2023****1
P202302348,蔡子轩,男,34,410102199008148928,城镇职工,南阳市,2021-07-30,在保,蔡**,4101****8928,P2023****8
P202304413,刘秀英,女,30,410502199401234816,灵活就业,焦作市,2024-02-21,在保,刘**,4105****4816,P2023****3
P202303549,董紫薇,女,29,410702199508076032,城乡居民,许昌市,2020-11-03,在保,董**,4107****6032,P2023****9
P202302053,叶文彬,男,38,410106198605194624,城镇职工,新乡市,2023-03-23,停保,叶**,4101****4624,P2023****3
P202303561,宋美琳,女,54,410106197009273152,城镇职工,许昌市,2024-02-18,在保,宋**,4101****3152,P2023****1
P202301384,梁俊杰,男,39,410103198511133184,城镇职工,信阳市,2023-08-02,在保,梁**,4101****3184,P2023****4
P202304935,薛杰,男,41,410202198308039360,城镇职工,平顶山市,2022-02-23,退保,薛*,4102****9360,P2023****5
P202304852,程静,女,95,未知,城镇职工,驻马店市,2020-08-04,在保,程*,未知,P2023****2
P202300491,蔡婷,女,49,410402197502136256,城乡居民,信阳市,2023-07-17,退保,蔡*,4104****6256,P2023****1
P202300863,蒋萍,女,77,410502194707259008,城镇职工,焦作市,2022-10-18,在保,蒋*,4105****9008,P2023****3
P202301804,郑思琪,女,22,410202200211173632,城镇职工,新乡市,2023-07-29,在保,郑**,4102****3632,P2023****4
P202303407,沈永强,男,62,410105196210202624,灵活就业,焦作市,2023-05-06,在保,沈**,4101****2624,P2023****7
P202301946,魏芳,女,43,410702198102081024,城乡居民,洛阳市,2022-08-05,在保,魏*,4107****1024,P2023****6
P202304648,冯浩,男,49,410102197502033792,城镇职工,鹤壁市,2020-10-04,在保,冯*,4101****3792,P2023****8
P202303655,朱勇,男,52,410702197204124608,城乡居民,新乡市,2022-12-18,在保,朱*,4107****4608,P2023****5
P202300507,朱桂英,女,39,410402198506157120,城镇职工,焦作市,2020-06-13,在保,朱**,4104****7120,P2023****7
P202304163,王明,男,45,410106197912143808,城镇职工,商丘市,2021-12-25,在保,王*,4101****3808,P2023****3
P202300026,马涛,男,51,410702197312180608,灵活就业,郑州市,2020-04-12,在保,马*,4107****0608,P2023****6
P202302330,赵霞,女,65,410104195902196544,城镇职工,安阳市,2021-05-01,在保,赵*,4101****6544,P2023****0
P202301223,邓桂英,女,61,410202196310211712,城乡居民,安阳市,2022-12-07,在保,邓**,4102****1712,P2023****3
P202301114,郭玲,女,58,410702196609233536,城镇职工,洛阳市,2022-06-06,在保,郭*,4107****3536,P2023****4
P202303423,孙敏,女,57,410103196711123968,城镇职工,鹤壁市,2021-04-26,在保,孙*,4101****3968,P2023****3
P202303492,张美琳,女,46,410202197804041856,城镇职工,安阳市,2023-08-31,停保,张**,4102****1856,P2023****2
P202304426,黄秀兰,女,29,410502199510153152,城镇职工,南阳市,2023-01-01,在保,黄**,4105****3152,P2023****6
P202304720,罗涛,男,52,410402197207176704,城镇职工,开封市,2023-03-28,在保,罗*,4104****6704,P2023****0
P202300434,叶子轩,男,62,410103196206171072,城乡,平顶山市,2023-11-05,在保,叶**,4101****1072,P2023****4
P202302108,沈雨彤,女,61,410104196309232000,城乡居民,许昌市,2023-01-30,在保,沈**,4101****2000,P2023****8
P202303866,邓斌,男,36,410202198812015424,城乡居民,焦作市,2023-04-01,在保,邓*,4102****5424,P2023****6
P202302894,薛文博,男,53,410105197109166592,城乡居民,鹤壁市,2022-01-01,退保,薛**,4101****6592,P2023****4
P202302134,谢晓红,女,60,410102196404026944,城职,许昌市,2022-03-10,在保,谢**,4101****6944,P2023****4
P202304006,李诗涵,女,60,410202196404126464,城镇职工,商丘市,2024-02-29,在保,李**,4102****6464,P2023****6
P202303228,吴强,男,72,410202195206220224,城乡居民,洛阳市,2022-07-26,在保,吴*,4102****0224,P2023****8
P202302174,阎俊杰,男,52,410105197203224064,城乡,许昌市,2024-03-04,在保,阎**,4101****4064,P2023****4
P202303564,董霞,女,71,410102195307101248,城乡居民,漯河市,2024-05-07,退保,董*,4101****1248,P2023****4
P202304756,程宇航,男,55,410702196906269824,城乡居民,驻马店市,2023-01-24,停保,程**,4107****9824,P2023****6
P202301103,黄强,男,87,410702193705080704,灵活就业,洛阳市,2021-07-18,在保,黄*,4107****0704,P2023****3
P202302310,薛文彬,男,65,410402195912067776,城镇职工,开封市,2023-01-12,停保,薛**,4104****7776,P2023****0
P202301505,黄嘉伟,男,46,410102197808060160,城乡居民,洛阳市,2024-01-24,在保,黄**,4101****0160,P2023****5
P202303149,黄永强,男,48,410102197602273344,城乡居民,洛阳市,2022-04-30,在保,黄**,4101****3344,P2023****9
P202303917,冯斌,男,48,410106197601042688,城镇职工,洛阳市,2022-02-05,在保,冯*,4101****2688,P2023****7
P202300157,马磊,男,83,410106194108171520,城乡居民,洛阳市,2021-03-30,在保,马*,4101****1520,P2023****7
P202303040,吕静,女,46,410103197801289088,城乡居民,南阳市,2022-04-30,在保,吕*,4101****9088,P2023****0
P202304195,周伟,男,7,410103201701260288,城镇职工,许昌市,2021-06-07,在保,周*,4101****0288,P2023****5
P202300616,曹秀英,女,52,410103197205091328,城镇职工,安阳市,2021-07-17,停保,曹**,4101****1328,P2023****6
P202300644,叶强,男,22,410202200202042816,城乡居民,平顶山市,2022-04-30,在保,叶*,4102****2816,P2023****4
P202304896,刘文彬,男,49,410105197504123712,城镇职工,驻马店市,2021-12-14,在保,刘**,4101****3712,P2023****6
P202304279,曹强,男,48,410105197604120640,城乡居民,鹤壁市,2023-08-09,在保,曹*,4101****0640,P2023****9
P202301069,罗涛,男,41,410105198312258240,城乡居民,平顶山市,2021-06-17,在保,罗*,4101****8240,P2023****9
P202303351,王文博,男,40,410702198407211392,城镇职工,信阳市,2024-05-07,在保,王**,4107****1392,P2023****1
P202302698,曾海涛,男,26,410502199803101632,城乡居民,南阳市,2023-09-12,在保,曾**,4105****1632,P2023****8
P202304284,冯雪,女,30,410103195704012352,灵活就业,安阳市,2022-02-16,在保,冯*,4101****2352,P2023****4
P202301567,何磊,男,51,410106197308052992,城乡居民,鹤壁市,2022-06-11,在保,何*,4101****2992,P2023****7
P202300331,郭波,男,49,410105197511265408,城镇职工,商丘市,2023-01-18,在保,郭*,4101****5408,P2023****1
P202301676,贾海涛,男,44,410104198010150720,城镇职工,许昌市,2023-07-22,在保,贾**,4101****0720,P2023****6
P202302699,阎雨彤,女,61,410502196301036992,城乡居民,驻马店市,2021-07-02,停保,阎**,4105****6992,P2023****9
P202303682,贾永强,男,42,410702198212285056,城乡居民,安阳市,2022-08-04,在保,贾**,4107****5056,P2023****2
P202300623,吕晓红,女,83,410106194106092736,城乡居民,安阳市,2023-09-02,在保,吕**,4101****2736,P2023****3
P202301655,胡丽,女,56,410106196812254336,城镇职工,许昌市,2021-07-10,在保,胡*,4101****4336,P2023****5
P202302370,傅嘉伟,男,72,410104195207149120,城镇职工,漯河市,2023-03-22,在保,傅**,4101****9120,P2023****0
P202303726,邓斌,男,60,410106196403141312,城镇职工,安阳市,2022-10-16,在保,邓*,4101****1312,P2023****6
P202302961,蒋辉,男,35,410402198903063616,城乡居民,信阳市,2022-10-21,在保,蒋*,4104****3616,P2023****1
P202302243,王慧,女,85,410302193906089792,城乡居民,安阳市,2022-02-20,在保,王*,4103****9792,P2023****3
P202301618,阎萍,女,36,410402198810075456,城乡居民,安阳市,2024-05-15,在保,阎*,4104****5456,P2023****8
P202302764,高美琳,女,38,410402198610097920,城镇职工,鹤壁市,2021-04-03,在保,高**,4104****7920,P2023****4
P202300756,黄桂英,女,95,410104192908289984,城镇职工,许昌市,2022-01-08,停保,黄**,4101****9984,P2023****6
P202300519,吕文博,男,51,410702197304117376,城镇职工,商丘市,2023-01-08,在保,吕**,4107****7376,P2023****9
P202304160,于凤英,女,51,410106197303171200,城乡居民,许昌市,2023-11-04,在保,于**,4101****1200,P2023****0
P202300033,彭艳,女,49,410105197511218752,城乡居民,驻马店市,2022-09-27,在保,彭*,4101****8752,P2023****3
P202303690,蒋莉,女,47,410302197704263552,城乡居民,南阳市,2022-10-30,在保,蒋*,4103****3552,P2023****0
P202301158,高凤英,女,90,410202193409108864,城乡居民,驻马店市,2021-07-01,在保,高**,4102****8864,P2023****8
P202300745,何杰,男,59,410202196505070848,城乡居民,焦作市,2021-01-07,在保,何*,4102****0848,P2023****5
P202302037,魏永强,男,57,410106196702075840,城镇职工,平顶山市,2024-01-07,在保,魏**,4101****5840,P2023****7
P202302448,唐强,男,45,410502197907021376,城镇职工,焦作市,2022-10-06,停保,唐*,4105****1376,P2023****8
P202301698,朱浩然,男,37,410105198709096000,城乡居民,漯河市,2023-01-01,在保,朱**,4101****6000,P2023****8
P202302643,宋娟,女,34,410302199010043328,灵活就业,焦作市,2021-10-07,在保,宋*,4103****3328,P2023****3
P202300784,董雨彤,女,60,410104196405241984,城镇职工,焦作市,2022-06-16,在保,董**,4101****1984,P2023****4
P202301836,苏莉,女,56,410103196802024576,城镇职工,信阳市,2023-09-27,在保,苏*,4101****4576,P2023****6
P202302555,郭诗涵,女,34,410106199005016320,城镇职工,新乡市,2021-05-17,在保,郭**,4101****6320,P2023****5
P202300230,苏永强,男,62,410402196201129664,城镇职工,平顶山市,2022-12-10,在保,苏**,4104****9664,P2023****0
P202300858,李杰,男,58,410103196601276928,城乡居民,南阳市,2023-09-03,在保,李*,4101****6928,P2023****8
P202302888,薛超,男,74,410202195007116160,城乡居民,焦作市,2020-02-04,在保,薛*,4102****6160,P2023****8
P202302407,谢嘉伟,男,26,410102199805042496,城乡居民,驻马店市,2020-12-19,在保,谢**,4101****2496,P2023****7
P202300409,黄嘉伟,男,52,410105197208278016,灵活就业,许昌市,2021-11-23,在保,黄**,4101****8016,P2023****9
P202300171,罗凤英,女,33,410302199103234560,城乡居民,信阳市,2020-03-27,在保,罗**,4103****4560,P2023****1
P202300541,胡桂英,女,65,410102195905063616,城镇职工,鹤壁市,2022-06-24,在保,胡**,4101****3616,P2023****1
P202303382,周秀兰,女,71,410202195311090944,城乡居民,驻马店市,2020-11-24,在保,周**,4102****0944,P2023****2
P202302349,王芳,女,62,410105196208062016,城乡居民,南阳市,2020-07-03,在保,王*,4101****2016,P2023****9
P202304564,曹美琳,女,53,410106197102034240,城乡居民,开封市,2022-11-07,在保,曹**,4101****4240,P2023****4
P202300614,冯玉兰,女,29,410106199505060352,灵活就业,许昌市,2021-09-14,在保,冯**,4101****0352,P2023****4
P202304271,梁婷,女,47,410105197706165184,城镇职工,平顶山市,2022-01-06,在保,梁*,4101****5184,P2023****1
P202302858,邓辉,男,45,410402197902114048,城乡居民,鹤壁市,2022-01-04,在保,邓*,4104****4048,P2023****8
P202304670,叶芳,女,50,410105197403168768,城镇职工,驻马店市,2023-01-20,在保,叶*,4101****8768,P2023****0
P202301162,曹芳,女,91,410302193308022272,灵活就业,南阳市,2021-01-12,在保,曹*,4103****2272,P2023****2
P202302102,罗玲,女,33,410102199101264000,城乡居民,周口市,2022-10-26,停保,罗*,4101****4000,P2023****2
P202302410,罗子轩,男,29,410105199501282944,城乡居民,洛阳市,2021-03-21,在保,罗**,4101****2944,P2023****0
P202302487,罗丽,女,43,410104198106137344,城乡居民,许昌市,2022-10-29,在保,罗*,4101****7344,P2023****7
P202301670,董丽,女,59,410702196509225792,城乡居民,信阳市,2022-05-20,在保,董*,4107****5792,P2023****0
P202304843,苏莉,女,62,410106196208200832,城乡居民,鹤壁市,2023-04-09,在保,苏*,4101****0832,P2023****3
P202303318,马嘉伟,男,32,410702199205031424,城乡居民,漯河市,2020-11-11,在保,马**,4107****1424,P2023****8
P202300565,杨婷,女,71,410502195310063872,城乡居民,南阳市,2020-03-30,在保,杨*,4105****3872,P2023****5
P202303802,陈霞,女,21,410502200306086400,城镇职工,安阳市,2020-08-10,在保,陈*,4105****6400,P2023****2
P202304292,彭晨曦,男,42,410702198205243776,城乡居民,洛阳市,2023-09-13,在保,彭**,4107****3776,P2023****2
P202301861,叶建国,男,47,410702197702140224,城镇职工,鹤壁市,2020-05-09,在保,叶**,4107****0224,P2023****1
P202303782,唐静,女,44,410302198005222016,城镇职工,周口市,2021-02-16,停保,唐*,4103****2016,P2023****2
P202301745,蒋婷,女,33,410104199102018560,城镇职工,商丘市,2020-07-07,停保,蒋*,4101****8560,P2023****5
P202304819,蔡玉兰,女,61,410202196312129600,城乡居民,鹤壁市,2020-10-29,停保,蔡**,4102****9600,P2023****9
P202304979,萧文博,男,57,410102196712063424,灵活就业,商丘市,2023-10-31,在保,萧**,4101****3424,P2023****9
P202303546,苏文彬,男,55,410103196909110016,城镇职工,安阳市,2020-09-19,在保,苏**,4101****0016,P2023****6
P202301589,蒋浩,男,35,410202198910243840,城乡居民,安阳市,2023-03-27,在保,蒋*,4102****3840,P2023****9
P202302438,马浩,男,64,410104196003013184,城乡居民,周口市,2022-08-21,在保,马*,4101****3184,P2023****8
P202302532,蔡文博,男,33,410402199111023680,城乡居民,商丘市,2020-07-10,在保,蔡**,4104****3680,P2023****2
P202302599,沈文彬,男,71,410702195301257728,城镇职工,新乡市,2021-04-08,在保,沈**,4107****7728,P2023****9
P202301173,黄婷,女,51,410105197306193792,城镇职工,洛阳市,2023-08-07,在保,黄*,4101****3792,P2023****3
P202304150,吕志强,男,54,410104197002079616,城镇职工,南阳市,2024-04-12,在保,吕**,4101****9616,P2023****0
P202300326,赵佳慧,女,28,410103199601028480,城乡居民,开封市,2021-02-09,在保,赵**,4101****8480,P2023****6
P202301052,梁永强,男,57,410202196701059200,灵活就业,漯河市,2020-10-29,在保,梁**,4102****9200,P2023****2
P202303861,蒋艳,女,41,410104198310213760,城乡居民,洛阳市,2024-01-06,退保,蒋*,4101****3760,P2023****1
P202303361,贾紫薇,女,29,410104199504116928,城镇职工,鹤壁市,2022-04-18,在保,贾**,4101****6928,P2023****1
P202302945,冯美琳,女,55,410105196910059136,城镇职工,郑州市,2023-06-13,停保,冯**,4101****9136,P2023****5
P202304327,彭霞,女,39,410102198501168320,城乡居民,开封市,2024-02-17,退保,彭*,4101****8320,P2023****7
P202304226,吴雪,女,59,410502196510161088,灵活就业,许昌市,2021-02-01,在保,吴*,4105****1088,P2023****6
P202301197,胡诗涵,女,49,410102197511210112,城乡居民,开封市,2023-04-15,在保,胡**,4101****0112,P2023****7
P202300621,韩永强,男,35,410402198905055424,城乡居民,郑州市,2021-08-14,停保,韩**,4104****5424,P2023****1
P202302379,吕霞,女,42,410702198205060288,城镇职工,许昌市,2023-11-25,在保,吕*,4107****0288,P2023****9
P202300066,梁语嫣,女,74,410103195005152512,城镇职工,周口市,2023-06-03,在保,梁**,4101****2512,P2023****6
P202301190,吴强,男,32,410105199207172864,城乡居民,漯河市,2023-06-14,在保,吴*,4101****2864,P2023****0
P202300329,魏淑珍,女,61,410302196311141760,城乡居民,新乡市,2021-01-18,在保,魏**,4103****1760,P2023****9
P202300649,胡军,男,45,410103197910128832,灵活就业,驻马店市,2021-03-25,在保,胡*,4101****8832,P2023****9
P202300898,朱斌,男,52,410702197208047296,城镇职工,平顶山市,2023-03-11,在保,朱*,4107****7296,P2023****8
P202303072,孙婷,女,80,410105194406152000,城乡居民,鹤壁市,2022-11-12,在保,孙*,4101****2000,P2023****2
P202301124,刘紫薇,女,29,410104199507220096,城乡居民,平顶山市,2024-04-11,停保,刘**,4101****0096,P2023****4
P202301962,梁霞,女,55,410302196903101056,城镇职工,未知,2021-06-05,在保,梁*,4103****1056,P2023****2
P202304691,胡欣怡,女,48,410302197606145536,城乡居民,鹤壁市,2024-04-02,在保,胡**,4103****5536,P2023****1
P202303979,叶慧,女,60,410202196401049152,城乡居民,南阳市,2022-07-13,停保,叶*,4102****9152,P2023****9
P202302005,郭杰,男,15,410106200901229760,城镇职工,商丘市,2023-01-20,在保,郭*,4101****9760,P2023****5
P202303254,蔡雨彤,女,69,410202195511088896,城乡居民,南阳市,2021-10-20,在保,蔡**,4102****8896,P2023****4
P202302498,罗霞,女,44,410502198010204864,城镇职工,郑州市,2020-10-21,在保,罗*,4105****4864,P2023****8
P202303379,叶佳慧,女,59,410105196503025088,灵活就业,周口市,2022-11-20,在保,叶**,4101****5088,P2023****9
P202302305,董浩,男,85,410102193904260800,灵活就业,漯河市,2021-02-01,在保,董*,4101****0800,P2023****5
P202301601,赵霞,女,46,410702197809038528,城乡居民,安阳市,2020-10-10,在保,赵*,4107****8528,P2023****1
P202303800,于丽,女,31,410202199308235008,灵活就业,鹤壁市,2020-01-13,在保,于*,4102****5008,P2023****0
P202301024,程俊杰,男,88,410104193601053760,城乡居民,洛阳市,2021-05-16,在保,程**,4101****3760,P2023****4
P202302046,韩晨曦,男,70,410102195405283392,城镇职工,郑州市,2022-04-12,在保,韩**,4101****3392,P2023****6
P202300229,林玲,女,37,410502198704143104,灵活就业,郑州市,2023-02-14,停保,林*,4105****3104,P2023****9
P202304644,阎桂英,女,75,410102194905265280,城乡居民,周口市,2021-08-22,在保,阎**,4101****5280,P2023****4
P202302953,谢玉兰,女,58,410702196611232832,城镇职工,洛阳市,2021-09-20,在保,谢**,4107****2832,P2023****3
P202304988,董梦瑶,女,51,410302197305101696,城乡居民,南阳市,2023-07-08,停保,董**,4103****1696,P2023****8
P202300810,张欣怡,女,33,410502199106046144,城镇职工,洛阳市,2020-09-04,在保,张**,4105****6144,P2023****0
P202303236,杨杰,男,53,410702197109029248,城镇职工,安阳市,2022-05-01,在保,杨*,4107****9248,P2023****6
P202300979,谢秀兰,女,21,410502200305044480,灵活就业,开封市,2020-10-13,在保,谢**,4105****4480,P2023****9
P202303003,董娟,女,42,410202198202163200,灵活就业,漯河市,2021-06-03,在保,董*,4102****3200,P2023****3
P202302744,王天宇,男,60,410106196405207232,城乡居民,驻马店市,2022-07-04,在保,王**,4101****7232,P2023****4
P202301747,高紫薇,女,67,410105195709088960,城镇职工,鹤壁市,2022-11-21,在保,高**,4101****8960,P2023****7
P202304254,王佳慧,女,30,410102199411212992,灵活就业,焦作市,2023-09-17,在保,王**,4101****2992,P2023****4
P202301452,曹飞,男,80,410102194411087168,灵活就业,安阳市,2022-07-08,退保,曹*,4101****7168,P2023****2
P202303472,何飞,男,48,410502197612171904,城镇职工,信阳市,2020-11-21,在保,何*,4105****1904,P2023****2
P202304981,吴斌,男,28,410402199607215168,城乡居民,平顶山市,2023-08-18,停保,吴*,4104****5168,P2023****1
P202302823,曹玉兰,女,49,410104197502132288,城镇职工,南阳市,2020-09-03,在保,曹**,4101****2288,P2023****3
P202303667,傅丽,女,63,410202196103248256,城乡居民,周口市,2020-12-31,在保,傅*,4102****8256,P2023****7
P202300175,梁梦瑶,女,54,410103197001241920,城镇职工,驻马店市,2022-03-03,停保,梁**,4101****1920,P2023****5
P202301653,陈国强,男,53,410103197104102592,灵活就业,平顶山市,2023-09-30,停保,陈**,4101****2592,P2023****3
P202303081,黄桂英,女,71,410202195306169728,城乡居民,漯河市,2022-03-14,在保,黄**,4102****9728,P2023****1
P202301533,袁晓红,女,55,410104196902011648,城镇职工,周口市,2021-01-17,在保,袁**,4101****1648,P2023****3
P202304507,黄晨曦,男,62,410202196208113088,城乡居民,新乡市,2023-01-15,在保,黄**,4102****3088,P2023****7
P202300218,邓浩,男,45,410202197902191168,城乡居民,鹤壁市,2023-01-26,停保,邓*,4102****1168,P2023****8
P202304823,彭浩,男,34,410102199011280704,城乡居民,周口市,2023-02-25,在保,彭*,4101****0704,P2023****3
P202303794,曹佳慧,女,45,410302197911200448,城乡居民,郑州市,2021-02-18,停保,曹**,4103****0448,P2023****4
P202301445,程桂英,女,57,410106196705048192,城乡居民,开封市,2020-11-07,在保,程**,4101****8192,P2023****5
P202300691,谢建国,男,43,410102198105065920,城乡居民,开封市,2021-10-16,在保,谢**,4101****5920,P2023****1
P202302629,周嘉伟,男,42,410103198201101056,城乡居民,安阳市,2023-12-29,停保,周**,4101****1056,P2023****9
P202302277,徐玲,女,62,410103196210188864,城乡居民,周口市,2020-10-07,在保,徐*,4101****8864,P2023****7
P202302458,何欣怡,女,54,410105197002228288,城乡居民,许昌市,2022-08-15,在保,何**,4101****8288,P2023****8
P202301107,孙辉,男,61,410104196311258752,灵活就业,周口市,2021-12-22,退保,孙*,4101****8752,P2023****7
P202302158,袁娜,女,44,410702198002124352,城镇职工,新乡市,2021-08-22,在保,袁*,4107****4352,P2023****8
P202302112,刘浩,男,47,410302197703274688,城镇职工,漯河市,2021-05-14,停保,刘*,4103****4688,P2023****2
P202301584,谢娜,女,51,410702197302157760,城乡居民,南阳市,2024-04-12,在保,谢*,4107****7760,P2023****4
P202300612,邓秀英,女,48,410702197602084800,城乡居民,商丘市,2023-07-21,在保,邓**,4107****4800,P2023****2
P202303308,郑慧,女,56,410202196810193792,城镇职工,郑州市,2021-12-02,在保,郑*,4102****3792,P2023****8
P202303785,刘波,男,58,410302196608211520,城乡居民,安阳市,2020-07-06,在保,刘*,4103****1520,P2023****5
P202300577,曹佳慧,女,54,410702197004232960,城镇职工,郑州市,2020-08-30,在保,曹**,4107****2960,P2023****7
P202302105,吕勇,男,28,410302199603060736,城乡居民,开封市,2020-02-05,在保,吕*,4103****0736,P2023****5
P202304481,高浩,男,28,410302199603145216,城乡居民,漯河市,2023-06-18,停保,高*,4103****5216,P2023****1
P202301181,高莉,女,53,410104197109087936,城乡居民,商丘市,2023-04-12,在保,高*,4101****7936,P2023****1
P202300889,何军,男,60,410104196406227648,城乡居民,信阳市,2022-08-02,在保,何*,4101****7648,P2023****9
P202303193,唐强,男,91,410402193305185984,城镇职工,新乡市,2020-02-10,在保,唐*,4104****5984,P2023****3
P202302433,周艳,女,49,410105197510153088,城镇职工,鹤壁市,2020-02-12,在保,周*,4101****3088,P2023****3
P202303075,胡雨彤,女,36,410104198801082368,城乡居民,郑州市,2023-01-01,停保,胡**,4101****2368,P2023****5
P202300818,林俊杰,男,66,410702195808038272,城乡居民,周口市,2021-10-18,在保,林**,4107****8272,P2023****8
P202304678,贾永强,男,69,410202195504089856,灵活就业,焦作市,2020-02-25,在保,贾**,4102****9856,P2023****8
P202303319,王秀英,女,70,410702195402261184,城乡,平顶山市,2021-09-11,在保,王**,4107****1184,P2023****9
P202300209,孙斌,男,59,410104196501274048,灵活就业,开封市,2024-03-13,退保,孙*,4101****4048,P2023****9
P202300294,谢永强,男,65,410104195901136384,灵活就业,许昌市,2023-01-01,在保,谢**,4101****6384,P2023****4
P202301120,孙莉,女,68,410202195610057024,城镇职工,安阳市,2020-10-04,在保,孙*,4102****7024,P2023****0
P202304730,邓建国,男,50,410106197402177024,灵活就业,郑州市,2024-03-18,停保,邓**,4101****7024,P2023****0
P202304395,朱紫薇,女,65,410103195902198080,灵活就业,许昌市,2022-06-01,在保,朱**,4101****8080,P2023****5
P202301265,陈梦瑶,女,53,410402197104022144,城镇职工,南阳市,2020-07-09,在保,陈**,4104****2144,P2023****5
P202300991,谢桂英,女,53,410103197111017024,城镇职工,平顶山市,2020-09-23,在保,谢**,4101****7024,P2023****1
P202302318,王杰,男,38,410103198601058304,城镇职工,漯河市,2023-08-28,在保,王*,4101****8304,P2023****8
P202304241,卢语嫣,女,16,410103200804048192,城镇职工,驻马店市,2021-06-02,退保,卢**,4101****8192,P2023****1
P202303432,薛晓红,女,74,410103195010106240,城乡居民,平顶山市,2023-03-30,在保,薛**,4101****6240,P2023****2
P202300354,韩俊杰,男,47,410502197711289600,城乡居民,周口市,2021-04-27,在保,韩**,4105****9600,P2023****4
P202301922,谢桂英,女,63,410103196108164672,城乡居民,许昌市,2020-07-03,在保,谢**,4101****4672,P2023****2
P202301539,沈杰,男,28,410302199611129600,城镇职工,鹤壁市,2021-06-21,在保,沈*,4103****9600,P2023****9
P202303459,曹静,女,50,410104197406052800,城镇职工,新乡市,2021-11-27,在保,曹*,4101****2800,P2023****9
P202301490,郑桂英,女,72,410202195202164096,城镇职工,郑州市,2022-12-10,在保,郑**,4102****4096,P2023****0
P202303834,李静,女,24,410102200005262080,城镇职工,郑州市,2023-06-23,在保,李*,4101****2080,P2023****4
P202303723,赵浩然,男,20,410102200408251456,灵活就业,漯河市,2021-07-21,在保,赵**,4101****1456,P2023****3
P202301229,沈敏,女,67,410502195710217856,城镇职工,焦作市,2023-03-24,在保,沈*,4105****7856,P2023****9
P202300260,卢萍,女,63,410202196110232064,城镇职工,焦作市,2020-12-29,退保,卢*,4102****2064,P2023****0
P202303538,马晨曦,男,35,410104198908065280,城镇职工,周口市,2020-01-21,在保,马**,4101****5280,P2023****8
P202304731,马鹏,男,28,410104199609177984,灵活就业,南阳市,2020-05-14,在保,马*,4101****7984,P2023****1
P202304789,赵涛,男,12,410702201204278208,城乡居民,商丘市,2020-12-21,退保,赵*,4107****8208,P2023****9
P202301834,何诗涵,女,55,410302196907271552,城镇职工,焦作市,2023-04-13,在保,何**,4103****1552,P2023****4
P202302592,程雪,女,41,410102198309053952,灵活就业,周口市,2021-03-01,在保,程*,4101****3952,P2023****2
P202300053,林霞,女,37,410502198702051520,城镇职工,南阳市,2023-11-22,在保,林*,4105****1520,P2023****3
P202302618,朱玉兰,女,51,410502197305058752,城镇职工,信阳市,2023-07-30,在保,朱**,4105****8752,P2023****8
P202304509,董杰,男,61,410105196303013760,城镇职工,驻马店市,2022-01-08,在保,董*,4101****3760,P2023****9
P202302237,周凤英,女,50,410202197411074240,城镇职工,开封市,2021-03-31,在保,周**,4102****4240,P2023****7
P202303430,梁欣怡,女,69,410102195503193472,城镇职工,新乡市,2022-11-28,在保,梁**,4101****3472,P2023****0
P202303117,袁国强,男,46,410103197802275968,城乡居民,开封市,2024-02-11,在保,袁**,4101****5968,P2023****7
P202302389,罗诗涵,女,66,未知,城乡居民,开封市,2022-11-23,在保,罗**,未知,P2023****9
P202301480,彭美琳,女,42,410106198202153984,灵活就业,平顶山市,2024-04-25,在保,彭**,4101****3984,P2023****0
P202301508,丁玲,女,67,410105195705016896,城乡居民,鹤壁市,2021-01-20,在保,丁*,4101****6896,P2023****8
P202301034,魏玉兰,女,61,410103196306149184,灵活就业,洛阳市,2022-10-25,在保,魏**,4101****9184,P2023****4
P202301098,吕婷,女,14,410302201004032832,城镇职工,开封市,2023-11-06,在保,吕*,4103****2832,P2023****8
P202301470,冯芳,女,58,410202196607286464,灵活就业,南阳市,2022-01-18,在保,冯*,4102****6464,P2023****0
P202300544,朱建华,男,75,410106194909166400,城乡居民,许昌市,2023-12-02,在保,朱**,4101****6400,P2023****4
P202301047,苏涛,男,61,410102196310253888,城镇职工,漯河市,2022-01-10,在保,苏*,4101****3888,P2023****7
P202304040,苏文彬,男,37,410402198712011840,灵活就业,平顶山市,2022-02-21,在保,苏**,4104****1840,P2023****0
P202301631,林玲,女,58,410302196605028800,城乡居民,郑州市,2021-09-06,在保,林*,4103****8800,P2023****1
P202300031,陈美琳,女,39,410106198503158528,城镇职工,许昌市,2021-09-11,在保,陈**,4101****8528,P2023****1
P202300726,袁佳慧,女,46,410502197806074240,城镇职工,安阳市,2023-07-03,在保,袁**,4105****4240,P2023****6
P202300927,郑文博,男,39,410103198501158912,城镇职工,许昌市,2020-10-11,在保,郑**,4101****8912,P2023****7
P202302139,何静,女,27,410102199707162816,城乡居民,南阳市,2023-02-18,停保,何*,4101****2816,P2023****9
P202303981,蒋秀英,女,74,410102195011162496,城乡居民,许昌市,2022-05-17,在保,蒋**,4101****2496,P2023****1
P202301427,阎涛,男,87,410102193710019712,城乡居民,焦作市,2021-05-28,停保,阎*,4101****9712,P2023****7
P202303750,周军,男,23,410106200101151616,城镇职工,安阳市,2021-12-26,在保,周*,4101****1616,P2023****0
P202300437,傅文博,男,79,410103194501015872,城乡居民,南阳市,2023-01-05,在保,傅**,4101****5872,P2023****7
P202302518,吴晨曦,男,10,410402201411275840,城镇职工,郑州市,2023-12-21,在保,吴**,4104****5840,P2023****8
P202300913,韩慧,女,54,410702197002149056,城镇职工,漯河市,2020-09-11,在保,韩*,4107****9056,P2023****3
P202304266,张斌,男,58,410502196604284352,城乡居民,漯河市,2020-09-10,在保,张*,4105****4352,P2023****6
P202304328,朱淑珍,女,66,410702195809084864,城镇职工,焦作市,2023-07-31,在保,朱**,4107****4864,P2023****8
P202304558,王嘉伟,男,56,410104196812053504,城乡居民,周口市,2022-11-03,停保,王**,4101****3504,P2023****8
P202304861,吴明,男,41,410106198308161536,城镇职工,许昌市,2023-04-25,在保,吴*,4101****1536,P2023****1
P202302332,贾欣怡,女,48,410104197603035136,城镇职工,新乡市,2023-12-21,在保,贾**,4101****5136,P2023****2
P202304747,赵美琳,女,52,410102197209077760,灵活就业,开封市,2021-08-06,在保,赵**,4101****7760,P2023****7
P202301239,彭梦瑶,女,60,410104196408248960,城乡居民,平顶山市,2020-07-31,在保,彭**,4101****8960,P2023****9
P202300904,叶芳,女,73,410202195106082112,城镇职工,郑州市,2023-09-23,退保,叶*,4102****2112,P2023****4
P202301838,沈芳,女,51,410103197306261760,城镇职工,安阳市,2023-06-04,在保,沈*,4101****1760,P2023****8
P202303209,贾波,男,66,410106195804115968,城镇职工,新乡市,2023-06-05,在保,贾*,4101****5968,P2023****9
P202304255,彭波,男,54,410702197012257600,城镇职工,商丘市,2020-06-16,在保,彭*,4107****7600,P2023****5
P202300508,刘辉,男,34,410103199009161856,城乡居民,漯河市,2021-05-27,在保,刘*,4101****1856,P2023****8
P202304351,于霞,女,13,410103201110036800,城镇职工,安阳市,2020-09-22,在保,于*,4101****6800,P2023****1
P202300184,曾国强,男,58,410702196612203456,城镇职工,郑州市,2020-02-28,在保,曾**,4107****3456,P2023****4
P202304152,周文博,男,70,410106195408027584,城乡居民,洛阳市,2020-01-05,在保,周**,4101****7584,P2023****2
P202301498,朱丽,女,71,410302195302249536,城镇职工,新乡市,2024-04-04,在保,朱*,4103****9536,P2023****8
P202303306,胡桂英,女,69,410102195503216704,城镇职工,信阳市,2020-12-05,在保,胡**,4101****6704,P2023****6
P202300322,吴军,男,60,未知,城镇职工,焦作市,2024-04-26,在保,吴*,未知,P2023****2
P202301841,赵静,女,47,410106197701164928,城镇职工,安阳市,2021-05-23,在保,赵*,4101****4928,P2023****1
P202302716,周波,男,12,未知,城镇职工,鹤壁市,2022-08-17,停保,周*,未知,P2023****6
P202304664,周紫薇,女,41,410105198303148800,城镇职工,信阳市,2022-05-03,在保,周**,4101****8800,P2023****4
P202303709,沈玲,女,57,410402196703226944,城镇职工,商丘市,2021-04-20,在保,沈*,4104****6944,P2023****9
P202301845,刘诗涵,女,52,410102197211266752,城职,洛阳市,2023-01-22,停保,刘**,4101****6752,P2023****5
P202301910,卢娟,女,52,410103197210177728,城乡居民,平顶山市,2022-09-15,在保,卢*,4101****7728,P2023****0
P202304557,赵志强,男,31,410106199307056704,灵活就业,许昌市,2021-09-02,停保,赵**,4101****6704,P2023****7
P202301552,陈涛,男,46,410106197808159552,城乡居民,周口市,2021-07-21,在保,陈*,4101****9552,P2023****2
P202304483,董波,男,34,410103199008210112,城乡居民,南阳市,2022-12-31,在保,董*,4101****0112,P2023****3
P202301147,陈语嫣,女,30,410106199402185920,灵活就业,鹤壁市,2022-11-26,停保,陈**,4101****5920,P2023****7
P202302111,傅天宇,男,40,410202198409231680,城镇职工,鹤壁市,2023-06-15,在保,傅**,4102****1680,P2023****1
P202300045,唐雪,女,23,410106200105074432,城乡居民,周口市,2023-09-02,在保,唐*,4101****4432,P2023****5
P202303939,陈雨彤,女,43,410702198106065344,灵活就业,许昌市,2023-05-11,在保,陈**,4107****5344,P2023****9
P202302493,刘俊杰,男,41,410702198303140864,城乡居民,南阳市,2020-09-28,在保,刘**,4107****0864,P2023****3
P202301892,蔡萍,女,50,410103197408159232,城乡居民,平顶山市,2021-02-26,在保,蔡*,4101****9232,P2023****2
P202301379,唐雨彤,女,39,410202198511264512,城乡居民,周口市,2022-12-06,在保,唐**,4102****4512,P2023****9
P202302440,苏晨曦,男,21,410402200302104000,城镇职工,鹤壁市,2023-06-18,在保,苏**,4104****4000,P2023****0
P202304994,杨静,女,60,410402196401228672,城镇职工,商丘市,2021-02-27,在保,杨*,4104****8672,P2023****4
P202300414,冯文彬,男,72,410502195205277184,城乡居民,鹤壁市,2021-10-04,在保,冯**,4105****7184,P2023****4
P202304812,李玉兰,女,15,410502200903222656,城乡居民,平顶山市,2021-12-09,在保,李**,4105****2656,P2023****2
P202301408,罗嘉伟,男,77,410202194711066048,城镇职工,开封市,2020-07-23,在保,罗**,4102****6048,P2023****8
P202301721,吴飞,男,59,410106196501255104,城乡居民,周口市,2023-06-21,在保,吴*,4101****5104,P2023****1
P202300802,李晨曦,男,40,410702198405088512,城乡居民,许昌市,2022-05-15,退保,李**,4107****8512,P2023****2
P202301289,苏敏,女,30,410202199409185472,城乡居民,新乡市,2022-04-07,在保,苏*,4102****5472,P2023****9
P202301559,吕丽,女,76,410105194805040064,灵活就业,商丘市,2021-09-23,在保,吕*,4101****0064,P2023****9
P202302225,林佳慧,女,38,410302198608086080,城镇职工,周口市,2020-01-10,在保,林**,4103****6080,P2023****5
P202302488,袁浩然,男,49,410104197503074624,城乡居民,商丘市,2023-01-23,在保,袁**,4101****4624,P2023****8
P202301667,蔡秀兰,女,32,410103199203163840,城镇职工,开封市,2022-02-06,在保,蔡**,4101****3840,P2023****7
P202304319,刘雪,女,52,410502197202254016,城镇职工,漯河市,2023-10-11,停保,刘*,4105****4016,P2023****9
P202300257,沈建国,男,72,410302195203052736,城镇职工,安阳市,2022-10-06,在保,沈**,4103****2736,P2023****7
P202301860,郭建华,男,54,410502197004200448,城镇职工,开封市,2021-06-13,在保,郭**,4105****0448,P2023****0
P202301752,许凤英,女,62,410106196207191552,灵活就业,驻马店市,2023-08-26,在保,许**,4101****1552,P2023****2
P202301152,于慧,女,11,410105201301020288,城镇职工,驻马店市,2023-05-30,停保,于*,4101****0288,P2023****2
P202302940,叶子轩,男,42,410402198211211584,城镇职工,漯河市,2021-07-29,在保,叶**,4104****1584,P2023****0
P202300648,丁志强,男,49,410103197511278016,城乡居民,焦作市,2022-05-07,在保,丁**,4101****8016,P2023****8
P202304598,梁艳,女,73,410202195103222656,城镇职工,驻马店市,2022-10-04,在保,梁*,4102****2656,P2023****8
P202303665,于波,男,71,410102195303173504,城镇职工,平顶山市,2020-05-17,在保,于*,4101****3504,P2023****5
P202301766,唐诗涵,女,34,410105199009199552,灵活就业,焦作市,2022-04-09,在保,唐**,4101****9552,P2023****6
P202303527,于娜,女,46,410502197802228928,城乡居民,焦作市,2020-08-23,在保,于*,4105****8928,P2023****7
P202302510,谢萍,女,26,410103199811100672,城镇职工,漯河市,2022-05-21,在保,谢*,4101****0672,P2023****0
P202303842,高浩,男,37,410702198702054528,灵活就业,周口市,2021-05-11,在保,高*,4107****4528,P2023****2
P202301316,曾宇航,男,26,410402199801097728,城乡居民,周口市,2021-07-08,在保,曾**,4104****7728,P2023****6
P202301089,贾凤英,女,45,410103197906201024,城乡居民,新乡市,2020-04-07,在保,贾**,4101****1024,P2023****9
P202304790,董诗涵,女,46,410402197812253120,城乡居民,鹤壁市,2021-05-16,在保,董**,4104****3120,P2023****0
P202302513,魏雪,女,59,410702196505064704,城镇职工,鹤壁市,2022-09-11,在保,魏*,4107****4704,P2023****3
P202302993,马建华,男,51,410502197307180480,城乡居民,洛阳市,2022-10-23,在保,马**,4105****0480,P2023****3
P202301351,吕桂英,女,28,410102199606019136,城镇职工,郑州市,2024-02-14,停保,吕**,4101****9136,P2023****1
P202302548,傅艳,女,39,410402198505017536,城乡居民,周口市,2024-01-12,停保,傅*,4104****7536,P2023****8
P202300113,罗志强,男,51,410105197309053952,城镇职工,焦作市,2023-10-05,停保,罗**,4101****3952,P2023****3
P202303198,萧秀兰,女,16,410402200805117824,灵活就业,洛阳市,2022-03-07,在保,萧**,4104****7824,P2023****8
P202300264,丁斌,男,31,410103199308204928,城乡居民,南阳市,2022-12-30,在保,丁*,4101****4928,P2023****4
P202301394,袁天宇,男,52,410202197202268480,城乡居民,新乡市,2024-01-14,在保,袁**,4102****8480,P2023****4
P202302624,孙杰,男,75,410106194901182848,城乡居民,焦作市,2020-11-14,在保,孙*,4101****2848,P2023****4
P202301187,贾静,女,32,410702199209031552,城乡居民,周口市,2023-04-29,在保,贾*,4107****1552,P2023****7
P202304120,曹俊杰,男,31,410702199305095616,城镇职工,安阳市,2024-03-15,在保,曹**,4107****5616,P2023****0
P202300057,吕建华,男,34,410302199010196800,城镇职工,洛阳市,2023-08-09,在保,吕**,4103****6800,P2023****7
P202301310,宋建国,男,58,410502196609287616,城镇职工,鹤壁市,2020-06-11,退保,宋**,4105****7616,P2023****0
P202300696,冯浩,男,44,410103198003014912,灵活就业,安阳市,2023-11-16,在保,冯*,4101****4912,P2023****6
P202304247,马娜,女,52,410702197202192320,城镇职工,安阳市,2021-01-13,在保,马*,4107****2320,P2023****7
P202303961,丁文彬,男,36,410103198807022528,城镇职工,鹤壁市,2024-02-20,在保,丁**,4101****2528,P2023****1
P202301790,未知,女,74,410402195007177216,城乡居民,商丘市,2022-07-22,在保,未知,4104****7216,P2023****0
P202302347,冯伟,男,41,410104198308166720,灵活就业,焦作市,2022-03-30,在保,冯*,4101****6720,P2023****7
P202304320,马强,男,43,410105198108070528,城镇职工,商丘市,2022-07-17,在保,马*,4101****0528,P2023****0
P202300320,陈莉,女,47,410302197711052416,城乡,安阳市,2021-10-07,停保,陈*,4103****2416,P2023****0
P202302331,邓文博,男,44,410702198008211456,城镇职工,信阳市,2023-05-24,退保,邓**,4107****1456,P2023****1
P202301590,苏思琪,女,51,410104197311228544,城镇职工,驻马店市,2023-10-29,在保,苏**,4101****8544,P2023****0
P202300683,彭萍,女,40,410102198411124096,城乡居民,许昌市,2022-05-25,在保,彭*,4101****4096,P2023****3
P202303738,卢莉,女,47,410102197706281344,城镇职工,洛阳市,2023-10-14,在保,卢*,4101****1344,P2023****8
P202303280,卢天宇,男,59,410402196502184256,城乡居民,安阳市,2021-09-02,在保,卢**,4104****4256,P2023****0
P202300480,吴紫薇,女,70,410103195411225024,城镇职工,郑州市,2024-04-14,停保,吴**,4101****5024,P2023****0
P202303977,何紫薇,女,59,410105196510010304,城镇职工,洛阳市,2022-01-28,在保,何**,4101****0304,P2023****7
P202304194,郑玲,女,6,410702201810166976,城乡居民,周口市,2020-06-24,在保,郑*,4107****6976,P2023****4
P202300287,郭文博,男,47,410104197704057280,城乡居民,鹤壁市,2021-05-21,在保,郭**,4101****7280,P2023****7
P202301966,杨波,男,51,410105197303209472,城镇职工,安阳市,2023-10-21,在保,杨*,4101****9472,P2023****6
P202303115,黄嘉伟,男,57,410104196707223872,城乡居民,平顶山市,2020-09-06,停保,黄**,4101****3872,P2023****5
P202302460,丁淑珍,女,58,410302196606139072,城乡居民,驻马店市,2021-04-26,在保,丁**,4103****9072,P2023****0
P202301783,陈明,男,22,410103200206283264,城镇职工,新乡市,2020-01-12,在保,陈*,4101****3264,P2023****3
P202303297,卢娜,女,80,410103194407169920,城镇职工,驻马店市,2020-05-21,在保,卢*,4101****9920,P2023****7
P202303839,彭辉,男,32,410102199203033536,城镇职工,漯河市,2023-08-07,在保,彭*,4101****3536,P2023****9
P202301599,蔡思琪,女,50,410202197411190912,灵活就业,开封市,2021-09-26,在保,蔡**,4102****0912,P2023****9
P202304916,傅桂英,女,53,未知,灵活就业,平顶山市,2022-02-26,在保,傅**,未知,P2023****6
P202302125,陈紫薇,女,50,410702197407160256,城镇职工,郑州市,2023-02-07,在保,陈**,4107****0256,P2023****5
P202300737,程思琪,女,54,410106197003124864,城镇职工,鹤壁市,2021-09-23,在保,程**,4101****4864,P2023****7
P202303210,萧宇航,男,58,410702196607125184,城乡居民,信阳市,2022-11-05,在保,萧**,4107****5184,P2023****0
P202300337,曹强,男,35,410105198910080192,城镇职工,信阳市,2020-01-02,在保,曹*,4101****0192,P2023****7
P202302705,傅文博,男,54,410104197008264896,城乡居民,信阳市,2024-03-09,退保,傅**,4101****4896,P2023****5
P202302827,程文博,男,72,410105195210211584,城镇职工,漯河市,2021-10-21,在保,程**,4101****1584,P2023****7
P202304921,卢敏,女,79,410502194502194048,灵活就业,新乡市,2022-12-31,在保,卢*,4105****4048,P2023****1
P202304449,彭美琳,女,58,410302196606193600,城镇职工,洛阳市,2023-08-31,在保,彭**,4103****3600,P2023****9
P202301072,李秀兰,女,58,410103196604224320,城镇职工,漯河市,2021-10-04,在保,李**,4101****4320,P2023****2
P202304537,刘丽,女,53,410103197111177024,城镇职工,南阳市,2023-12-11,在保,刘*,4101****7024,P2023****7
P202304851,阎超,男,2,410106202205238976,城乡居民,郑州市,2022-03-25,退保,阎*,4101****8976,P2023****1
P202302866,邓海涛,男,44,410105198012148800,城镇职工,鹤壁市,2020-04-16,在保,邓**,4101****8800,P2023****6
P202302367,贾浩,男,40,410502198407012992,城乡居民,焦作市,2022-04-23,在保,贾*,4105****2992,P2023****7
P202304156,宋文博,男,46,410502197801181248,城乡居民,郑州市,2021-01-29,在保,宋**,4105****1248,P2023****6
P202304003,袁浩然,男,50,410402197410018304,城镇职工,商丘市,2022-03-12,在保,袁**,4104****8304,P2023****3
P202303435,卢鹏,男,90,410104193410282112,城乡居民,平顶山市,2023-02-17,停保,卢*,4101****2112,P2023****5
P202301489,曹磊,男,22,410104200203045376,灵活就业,许昌市,2021-04-26,在保,曹*,4101****5376,P2023****9
P202300499,苏欣怡,女,34,410702199007176576,城乡居民,安阳市,2021-12-12,在保,苏**,4107****6576,P2023****9
P202304389,沈霞,女,52,410106197206113152,城镇职工,信阳市,2022-09-26,停保,沈*,4101****3152,P2023****9
P202303241,吴雪,女,50,410302197409028160,城镇职工,开封市,2022-11-15,在保,吴*,4103****8160,P2023****1
P202302928,王佳慧,女,53,410502197109138368,城乡居民,许昌市,2024-04-26,在保,王**,4105****8368,P2023****8
P202302385,卢婷,女,50,410102197402136640,城乡居民,漯河市,2024-04-30,在保,卢*,4101****6640,P2023****5
P202302981,于莉,女,54,未知,城镇职工,平顶山市,2020-12-06,在保,于*,未知,P2023****1
P202304957,周静,女,46,410702197803062912,城镇职工,郑州市,2020-10-31,在保,周*,4107****2912,P2023****7
P202302381,阎莉,女,32,410302199208013888,城乡居民,开封市,2020-05-10,在保,阎*,4103****3888,P2023****1
P202301611,张紫薇,女,44,410202198012118208,城镇职工,焦作市,2021-11-21,在保,张**,4102****8208,P2023****1
P202303090,郑海涛,男,52,410702197207114112,城职,驻马店市,2024-04-02,在保,郑**,4107****4112,P2023****0
P202303830,魏勇,男,58,410202196604225536,城镇职工,安阳市,2020-01-30,在保,魏*,4102****5536,P2023****0
P202304620,韩浩,男,48,410103197602273344,灵活就业,信阳市,2024-04-15,在保,韩*,4101****3344,P2023****0
P202301023,刘子轩,男,49,410104197507240256,城镇职工,焦作市,2020-04-20,在保,刘**,4101****0256,P2023****3
P202304587,胡淑珍,女,68,410103195609103680,城乡居民,安阳市,2020-08-08,停保,胡**,4101****3680,P2023****7
P202304937,贾娜,女,50,410103197408096512,城镇职工,开封市,2022-12-10,在保,贾*,4101****6512,P2023****7
P202304360,薛美琳,女,62,410103196211019712,城乡居民,驻马店市,2023-05-10,在保,薛**,4101****9712,P2023****0
P202303127,李娟,女,15,410402200906089600,城镇职工,许昌市,2023-08-15,在保,李*,4104****9600,P2023****7
P202303231,黄波,男,42,410103198209211968,城镇职工,平顶山市,2023-11-06,在保,黄*,4101****1968,P2023****1
P202300666,萧萍,女,51,410202197303215744,城镇职工,驻马店市,2023-12-23,在保,萧*,4102****5744,P2023****6
P202304010,徐佳慧,女,61,410502196304175168,城乡居民,漯河市,2020-01-09,停保,徐**,4105****5168,P2023****0
P202304946,傅佳慧,女,68,410105195604113728,灵活就业,南阳市,2021-05-06,在保,傅**,4101****3728,P2023****6
P202304213,何娟,女,64,410102196010110656,城乡居民,鹤壁市,2021-11-20,在保,何*,4101****0656,P2023****3
P202304310,许诗涵,女,41,410105198307055488,城镇职工,鹤壁市,2020-09-01,停保,许**,4101****5488,P2023****0
P202302292,丁涛,男,67,410105195712189888,灵活就业,信阳市,2022-05-05,在保,丁*,4101****9888,P2023****2
P202301018,魏霞,女,41,410202198303067840,城镇职工,焦作市,2021-10-15,在保,魏*,4102****7840,P2023****8
P202300558,高欣怡,女,42,410105198204031808,城乡居民,鹤壁市,2023-06-17,在保,高**,4101****1808,P2023****8
P202304295,孙诗涵,女,71,410302195301238208,城乡居民,安阳市,2023-09-13,在保,孙**,4103****8208,P2023****5
P202301208,邓涛,男,38,410105198603275456,城镇职工,鹤壁市,2024-01-10,在保,邓*,4101****5456,P2023****8
P202304321,叶艳,女,49,410105197510016192,城乡居民,郑州市,2020-04-16,在保,叶*,4101****6192,P2023****1
P202302893,徐霞,未知,63,410106196103011904,城乡居民,周口市,2021-06-21,在保,徐*,4101****1904,P2023****3
P202302846,杨莉,女,30,410103199411275520,城镇职工,周口市,2023-10-18,在保,杨*,4101****5520,P2023****6
P202301511,魏雪,女,29,410202199512213568,城乡居民,开封市,2023-04-03,在保,魏*,4102****3568,P2023****1
P202302087,徐伟,男,40,410106198403051136,城镇职工,开封市,2022-02-10,在保,徐*,4101****1136,P2023****7
P202300246,卢文博,男,43,410102198102133888,城乡居民,驻马店市,2022-09-01,在保,卢**,4101****3888,P2023****6
P202301164,叶伟,男,20,410702200407284352,城镇职工,平顶山市,2020-08-11,在保,叶*,4107****4352,P2023****4
P202303728,高明,男,69,410402195501232896,城镇职工,新乡市,2024-03-25,在保,高*,4104****2896,P2023****8
P202300267,赵芳,女,79,410105194509245312,城镇职工,周口市,2023-11-09,在保,赵*,4101****5312,P2023****7
P202304162,曾美琳,女,58,410202196610038656,城乡居民,南阳市,2020-01-10,停保,曾**,4102****8656,P2023****2
P202301115,马敏,女,52,410402197211054784,灵活就业,驻马店市,2021-08-16,在保,马*,4104****4784,P2023****5
P202300064,陈婷,女,28,410102199607275008,城乡居民,南阳市,2022-01-11,在保,陈*,4101****5008,P2023****4
P202301913,陈桂英,女,61,410102196307149952,城镇职工,南阳市,2021-07-04,在保,陈**,4101****9952,P2023****3
P202302644,韩杰,男,38,未知,城乡居民,开封市,2022-01-25,在保,韩*,未知,P2023****4
P202302230,蔡娟,女,68,410103195602248576,城镇职工,信阳市,2020-06-17,停保,蔡*,4101****8576,P2023****0
P202302813,郭磊,男,81,410106194301137600,城镇职工,周口市,2020-07-11,在保,郭*,4101****7600,P2023****3
P202303828,魏佳慧,女,58,410106196612094272,城镇职工,开封市,2020-03-14,在保,魏**,4101****4272,P2023****8
P202303140,薛宇航,男,45,410202197909138816,城乡居民,商丘市,2021-05-13,在保,薛**,4102****8816,P2023****0
P202303616,王飞,男,63,410202196112102016,城乡居民,许昌市,2020-04-18,在保,王*,4102****2016,P2023****6
P202304142,邓强,男,79,410402194504061184,灵活就业,南阳市,2024-05-07,在保,邓*,4104****1184,P2023****2
P202302303,于国强,男,43,410702198103060288,城镇职工,许昌市,2022-04-26,退保,于**,4107****0288,P2023****3
P202302814,徐静,女,44,410106198008045312,城乡居民,郑州市,2020-06-28,在保,徐*,4101****5312,P2023****4
P202301724,卢浩,男,61,410105196305189632,城镇职工,驻马店市,2023-05-27,在保,卢*,4101****9632,P2023****4
P202304700,蒋永强,男,41,410106198312034624,城镇职工,开封市,2021-01-17,在保,蒋**,4101****4624,P2023****0
P202301238,唐娜,女,40,410106198405210560,灵活就业,鹤壁市,2020-03-03,停保,唐*,4101****0560,P2023****8
P202300104,林波,男,35,410702198905233024,城乡居民,鹤壁市,2023-09-10,在保,林*,4107****3024,P2023****4
P202302856,于凤英,女,40,410702198410094656,城乡居民,南阳市,2023-12-06,在保,于**,4107****4656,P2023****6
P202300273,董国强,男,70,410102195412072128,城镇职工,平顶山市,2023-12-12,在保,董**,4101****2128,P2023****3
P202300509,黄浩然,男,50,410302197408087552,城乡居民,新乡市,2022-08-01,在保,黄**,4103****7552,P2023****9
P202302270,傅语嫣,女,48,410102197603262912,城镇职工,郑州市,2023-10-11,在保,傅**,4101****2912,P2023****0
P202304984,周斌,男,47,410106197704108864,城乡居民,许昌市,2023-09-25,停保,周*,4101****8864,P2023****4
P202302169,邓波,男,45,410103197902067456,灵活就业,商丘市,2020-03-01,在保,邓*,4101****7456,P2023****9
P202300866,何雪,女,43,410103198105155328,城镇职工,新乡市,2023-04-10,在保,何*,4101****5328,P2023****6
P202302479,苏语嫣,女,25,410302199905147456,城乡居民,安阳市,2023-03-20,在保,苏**,4103****7456,P2023****9
P202300909,程浩,男,61,410702196312147776,城镇职工,鹤壁市,2022-09-14,在保,程*,4107****7776,P2023****9
P202302481,薛莉,女,39,410106198510260800,城乡居民,周口市,2023-12-17,在保,薛*,4101****0800,P2023****1
P202302917,马建华,男,46,410104197805014272,城镇职工,鹤壁市,2021-09-07,停保,马**,4101****4272,P2023****7
P202303974,袁萍,女,51,410402197302063808,城镇职工,开封市,2023-01-04,在保,袁*,4104****3808,P2023****4
P202301628,卢玉兰,女,73,410102195101151936,城镇职工,周口市,2021-12-28,在保,卢**,4101****1936,P2023****8
P202302933,程辉,男,33,410702199106275904,城乡居民,焦作市,2020-10-27,在保,程*,4107****5904,P2023****3
P202301523,贾莉,女,45,410202197911160256,城乡居民,郑州市,2022-09-25,在保,贾*,4102****0256,P2023****3
P202300836,黄语嫣,女,54,410502197008065664,城镇职工,商丘市,2024-02-22,在保,黄**,4105****5664,P2023****6
P202300359,吴国强,男,55,410103196902197952,城乡居民,平顶山市,2021-08-08,停保,吴**,4101****7952,P2023****9
P202300139,于文博,男,64,410302196010135360,城镇职工,南阳市,2021-09-27,在保,于**,4103****5360,P2023****9
P202300300,林辉,男,61,410105196309206144,城乡,安阳市,2024-05-14,停保,林*,4101****6144,P2023****0
P202301557,吴伟,男,66,410202195804068224,城乡居民,新乡市,2023-01-14,在保,吴*,4102****8224,P2023****7
P202301004,魏子轩,男,38,410106198611216192,城乡居民,新乡市,2022-06-24,在保,魏**,4101****6192,P2023****4
P202300383,王娜,女,11,410202201301117760,城乡居民,新乡市,2020-02-06,在保,王*,4102****7760,P2023****3
P202300942,宋勇,男,65,410105195912262272,城乡居民,漯河市,2024-05-08,在保,宋*,4101****2272,P2023****2
P202304669,韩芳,女,34,410104199011071104,城镇职工,洛阳市,2022-09-29,在保,韩*,4101****1104,P2023****9
P202303822,阎俊杰,男,54,410302197003098816,灵活就业,漯河市,2023-05-19,在保,阎**,4103****8816,P2023****2
P202300762,冯嘉伟,男,52,410402197211049088,城镇职工,郑州市,2021-08-05,在保,冯**,4104****9088,P2023****2
P202302751,贾宇航,男,81,410103194311252864,城镇职工,南阳市,2023-09-20,退保,贾**,4101****2864,P2023****1
P202301944,丁娜,女,43,410402198110113600,城镇职工,焦作市,2022-03-24,在保,丁*,4104****3600,P2023****4
P202303959,朱辉,男,70,410103195402176128,灵活就业,驻马店市,2022-10-12,在保,朱*,4101****6128,P2023****9
P202302128,邓梦瑶,女,70,410302195412195520,城镇职工,洛阳市,2023-01-01,在保,邓**,4103****5520,P2023****8
P202302241,杨勇,男,51,410502197303150848,城乡居民,洛阳市,2024-01-21,停保,杨*,4105****0848,P2023****1
P202300899,彭飞,男,71,410302195311257088,灵活就业,焦作市,2020-12-25,在保,彭*,4103****7088,P2023****9
P202304079,梁慧,女,43,410105198103034432,灵活就业,郑州市,2020-12-29,停保,梁*,4101****4432,P2023****9
P202304523,贾建国,男,58,410105196602225856,城乡居民,郑州市,2024-04-22,在保,贾**,4101****5856,P2023****3
P202301403,曹秀英,女,71,410302195304083584,城镇职工,未知,2022-07-14,在保,曹**,4103****3584,P2023****3
P202302093,曹慧,女,61,410104196303125824,城镇职工,郑州市,2022-05-06,在保,曹*,4101****5824,P2023****3
P202303859,于鹏,男,36,410104198810284800,城镇职工,驻马店市,2020-06-07,在保,于*,4101****4800,P2023****9
P202304431,董慧,女,17,410103200705023616,灵活就业,鹤壁市,2022-08-16,停保,董*,4101****3616,P2023****1
P202303016,赵军,男,68,410702195608133120,城镇职工,焦作市,2021-08-16,在保,赵*,4107****3120,P2023****6
P202301513,宋嘉伟,男,37,410402198708255552,城镇职工,漯河市,2020-03-28,在保,宋**,4104****5552,P2023****3
P202301189,沈建国,男,59,410702196509289536,灵活就业,安阳市,2021-10-23,在保,沈**,4107****9536,P2023****9
P202303051,宋诗涵,女,25,410106199912281152,灵活就业,漯河市,2021-01-10,在保,宋**,4101****1152,P2023****1
P202302089,马鹏,男,41,410102198305178624,城镇职工,信阳市,2022-11-07,在保,马*,4101****8624,P2023****9
P202304585,彭婷,女,46,410402197801165248,城镇职工,平顶山市,2024-02-29,在保,彭*,4104****5248,P2023****5
P202303506,韩浩,男,25,410702199907156800,城乡居民,南阳市,2022-07-14,在保,韩*,4107****6800,P2023****6
P202300109,马欣怡,女,54,410103197008031424,灵活就业,鹤壁市,2023-10-17,在保,马**,4101****1424,P2023****9
P202302789,傅志强,男,41,410102198304249600,城乡居民,商丘市,2021-12-10,停保,傅**,4101****9600,P2023****9
P202303135,宋语嫣,女,50,410402197405082368,城乡居民,商丘市,2023-09-17,在保,宋**,4104****2368,P2023****5
P202301927,周文博,男,4,410402202001235904,灵活就业,许昌市,2020-04-11,在保,周**,4104****5904,P2023****7
P202300059,何诗涵,女,55,410102196912180544,城镇职工,新乡市,2023-08-24,在保,何**,4101****0544,P2023****9
P202300077,董玲,女,51,410302197305196352,灵活就业,周口市,2024-02-24,在保,董*,4103****6352,P2023****7
P202300797,宋飞,男,49,410104197507024000,城镇职工,商丘市,2023-08-06,在保,宋*,4101****4000,P2023****7
P202300369,高海涛,男,51,410105197305214208,城镇职工,郑州市,2024-05-17,退保,高**,4101****4208,P2023****9
P202304956,蔡语嫣,女,24,410103200005017344,灵活就业,商丘市,2021-08-11,停保,蔡**,4101****7344,P2023****6
P202300786,冯诗涵,女,69,410202195508269952,灵活就业,周口市,2021-02-28,在保,冯**,4102****9952,P2023****6
P202303843,梁凤英,女,67,410103195705261824,城乡居民,平顶山市,2024-02-23,在保,梁**,4101****1824,P2023****3
P202303529,于磊,男,17,410105200706158848,城镇职工,安阳市,2023-12-16,停保,于*,4101****8848,P2023****9
P202302030,王志强,男,41,410105198309107904,城乡居民,商丘市,2023-02-24,在保,王**,4101****7904,P2023****0
P202304092,胡明,男,75,410502194907212608,灵活就业,安阳市,2023-02-13,在保,胡*,4105****2608,P2023****2
P202303012,孙辉,男,73,410302195112277376,城乡居民,焦作市,2024-03-26,退保,孙*,4103****7376,P2023****2
P202303604,杨文彬,男,50,410106197404260864,城镇职工,南阳市,2022-05-20,在保,杨**,4101****0864,P2023****4
P202301974,贾慧,女,53,410103197107185280,城镇职工,许昌市,2020-04-13,在保,贾*,4101****5280,P2023****4
P202303269,董玲,女,54,410106197003192512,城镇职工,洛阳市,2022-09-13,在保,董*,4101****2512,P2023****9
P202300122,刘志强,男,33,410302199111045056,城乡居民,洛阳市,2020-06-14,在保,刘**,4103****5056,P2023****2
P202303636,胡玉兰,女,54,410502197003241152,城乡居民,许昌市,2022-10-14,在保,胡**,4105****1152,P2023****6
P202302414,吕辉,男,33,410702199107059392,城乡居民,鹤壁市,2024-05-09,在保,吕*,4107****9392,P2023****4
P202304077,冯莉,女,43,410103198108096256,城镇职工,新乡市,2022-11-12,在保,冯*,4101****6256,P2023****7
P202300911,罗凤英,女,44,未知,城镇职工,开封市,2024-01-04,在保,罗**,未知,P2023****1
P202300125,唐秀兰,女,60,410202196407116800,城乡居民,焦作市,2020-11-08,在保,唐**,4102****6800,P2023****5
P202302647,彭斌,男,43,410702198110034560,城镇职工,洛阳市,2022-09-21,在保,彭*,4107****4560,P2023****7
P202301587,冯宇航,男,53,410104197107185792,城乡居民,漯河市,2021-03-07,在保,冯**,4101****5792,P2023****7
P202301258,袁杰,男,57,410702196712172032,灵活就业,平顶山市,2020-10-12,在保,袁*,4107****2032,P2023****8
P202303510,萧芳,女,40,410202198405226304,城镇职工,鹤壁市,2022-08-13,在保,萧*,4102****6304,P2023****0
P202303551,叶建国,男,40,410302198405281344,灵活就业,焦作市,2020-07-20,在保,叶**,4103****1344,P2023****1
P202303677,唐丽,女,51,410402197302212480,灵活就业,郑州市,2020-10-12,在保,唐*,4104****2480,P2023****7
P202301179,宋明,男,32,410202199204153216,城乡居民,许昌市,2021-05-08,在保,宋*,4102****3216,P2023****9
P202302925,魏娟,女,51,410702197305100736,城乡居民,许昌市,2024-03-23,在保,魏*,4107****0736,P2023****5
P202303540,曹欣怡,女,47,410702197709272704,城乡居民,安阳市,2020-03-26,在保,曹**,4107****2704,P2023****0
P202302380,杨永强,男,54,410202197005226560,城乡居民,许昌市,2020-02-09,在保,杨**,4102****6560,P2023****0
P202302145,未知,男,45,410702197901017600,灵活就业,南阳市,2020-09-18,在保,未知,4107****7600,P2023****5
P202300443,郭诗涵,女,12,410202201208154560,城镇职工,平顶山市,2021-09-17,在保,郭**,4102****4560,P2023****3
P202302334,张秀兰,女,43,410302198110079872,城乡居民,漯河市,2021-04-25,在保,张**,4103****9872,P2023****4
P202303784,沈婷,女,28,410202199609114560,城乡居民,周口市,2020-06-03,退保,沈*,4102****4560,P2023****4
P202300926,彭秀兰,女,22,410202200206272448,城镇职工,商丘市,2022-03-27,在保,彭**,4102****2448,P2023****6
P202304309,胡涛,男,46,410202197811240960,城镇职工,郑州市,2020-08-03,在保,胡*,4102****0960,P2023****9
P202302187,冯艳,女,24,410502200002096512,城镇职工,商丘市,2021-07-08,在保,冯*,4105****6512,P2023****7
P202304820,彭慧,女,44,410202198012155584,城镇职工,鹤壁市,2021-04-14,在保,彭*,4102****5584,P2023****0
P202301412,叶雪,女,60,410106196406054592,城乡居民,安阳市,2023-07-06,在保,叶*,4101****4592,P2023****2
P202303537,王明,男,62,410202196208074432,城镇职工,商丘市,2021-08-06,在保,王*,4102****4432,P2023****7
P202301814,蒋杰,男,66,410106195809041536,城乡居民,开封市,2020-07-24,在保,蒋*,4101****1536,P2023****4
P202301510,马超,男,76,410202194808274816,城镇职工,开封市,2022-02-03,在保,马*,4102****4816,P2023****0
P202301228,何雪,女,47,410105197702191552,城乡居民,许昌市,2021-03-19,在保,何*,4101****1552,P2023****8
P202303674,冯鹏,男,64,410702196002111936,灵活就业,许昌市,2020-08-20,在保,冯*,4107****1936,P2023****4
P202302400,郑文博,男,51,410402197308085312,城乡居民,安阳市,2023-12-29,在保,郑**,4104****5312,P2023****0
P202304866,邓娜,女,19,410502200508156288,城乡居民,安阳市,2022-09-24,在保,邓*,4105****6288,P2023****6
P202303363,杨浩,男,17,410502200702057024,城镇职工,安阳市,2023-07-27,在保,杨*,4105****7024,P2023****3
P202303347,胡晨曦,男,44,410103198009201728,城镇职工,许昌市,2024-03-12,在保,胡**,4101****1728,P2023****7
P202300325,何诗涵,女,31,410102199307284608,灵活就业,许昌市,2023-01-31,在保,何**,4101****4608,P2023****5
P202303143,谢雪,女,48,410402197604273280,城乡居民,周口市,2020-09-13,在保,谢*,4104****3280,P2023****3
P202304897,袁海涛,男,19,410302200511076608,城镇职工,鹤壁市,2023-06-01,在保,袁**,4103****6608,P2023****7
P202301973,袁斌,男,61,410202196306185600,城镇职工,许昌市,2023-04-20,停保,袁*,4102****5600,P2023****3
P202303365,孙梦瑶,女,37,410105198706233600,城乡居民,平顶山市,2023-01-14,在保,孙**,4101****3600,P2023****5
P202303098,魏强,男,60,410502196406143424,城镇职工,新乡市,2024-04-27,在保,魏*,4105****3424,P2023****8
P202301499,贾思琪,女,68,410702195605124736,城镇职工,商丘市,2023-07-06,在保,贾**,4107****4736,P2023****9
P202301503,魏莉,女,35,410103198901122176,灵活就业,南阳市,2024-02-28,停保,魏*,4101****2176,P2023****3
P202301007,孙俊杰,男,66,410702195804031488,城镇职工,南阳市,2021-05-17,在保,孙**,4107****1488,P2023****7
P202303762,张志强,男,49,410106197511213440,城乡居民,焦作市,2020-12-13,在保,张**,4101****3440,P2023****2
P202302771,林浩,男,46,410103197803280896,城镇职工,鹤壁市,2022-09-01,在保,林*,4101****0896,P2023****1
P202303587,萧涛,男,37,410502198705023936,城镇职工,新乡市,2022-11-20,在保,萧*,4105****3936,P2023****7
P202301468,谢慧,女,57,410402196706187648,城镇职工,新乡市,2023-04-17,在保,谢*,4104****7648,P2023****8
P202301226,许浩,男,47,410102197710156096,城镇职工,洛阳市,2021-12-18,在保,许*,4101****6096,P2023****6
P202303200,韩天宇,男,57,410302196701019392,城乡居民,新乡市,2021-07-11,在保,韩**,4103****9392,P2023****0
P202302690,陈思琪,女,61,410202196304176512,城镇职工,安阳市,2022-11-20,在保,陈**,4102****6512,P2023****0
P202302227,林勇,男,75,410105194908248512,城乡居民,商丘市,2022-12-25,停保,林*,4101****8512,P2023****7
P202301217,赵建华,男,37,410402198710080832,城镇职工,南阳市,2023-06-16,在保,赵**,4104****0832,P2023****7
P202304055,林鹏,男,31,410202199303097856,城乡居民,信阳市,2020-04-19,在保,林*,4102****7856,P2023****5
P202303569,叶芳,女,54,410702197002015168,城镇职工,平顶山市,2024-01-09,在保,叶*,4107****5168,P2023****9
P202300421,傅娜,女,87,410106193704208896,城镇职工,鹤壁市,2021-04-06,停保,傅*,4101****8896,P2023****1
P202304258,董桂英,女,75,410502194912264512,城镇职工,安阳市,2023-07-29,在保,董**,4105****4512,P2023****8
P202300007,贾晓红,女,78,410103194610211776,城乡居民,许昌市,2021-05-16,在保,贾**,4101****1776,P2023****7
P202300933,林涛,男,23,410103200102147328,城镇职工,开封市,2021-10-30,停保,林*,4101****7328,P2023****3
P202301692,朱敏,女,41,410106198302158912,城镇职工,鹤壁市,2022-03-10,在保,朱*,4101****8912,P2023****2
P202300440,蒋秀英,女,49,410105197512195008,城镇职工,焦作市,2020-09-19,在保,蒋**,4101****5008,P2023****0
P202301314,梁宇航,男,60,410105196408044544,城乡居民,信阳市,2021-02-08,在保,梁**,4101****4544,P2023****4
P202300679,卢雨彤,女,66,410106195810221504,城镇职工,许昌市,2022-06-24,在保,卢**,4101****1504,P2023****9
P202302016,阎嘉伟,男,46,410302197809266432,城镇职工,信阳市,2020-12-02,停保,阎**,4103****6432,P2023****6
P202304657,张波,男,44,410502198004177344,城乡居民,周口市,2020-10-15,在保,张*,4105****7344,P2023****7
P202301889,罗勇,男,41,410502198312252416,城镇职工,焦作市,2021-06-02,在保,罗*,4105****2416,P2023****9
P202302312,周俊杰,男,82,410302194208136640,城镇职工,鹤壁市,2020-12-17,在保,周**,4103****6640,P2023****2
P202304681,李国强,男,45,410105197901288832,城镇职工,鹤壁市,2020-11-02,在保,李**,4101****8832,P2023****1
P202303321,贾丽,女,53,410302197109140864,灵活就业,信阳市,2021-05-04,在保,贾*,4103****0864,P2023****1
P202304769,彭雨彤,女,68,410302195610133888,城乡居民,驻马店市,2023-12-13,在保,彭**,4103****3888,P2023****9
P202302485,宋文彬,男,40,410202198404090176,城镇职工,许昌市,2020-05-29,在保,宋**,4102****0176,P2023****5
P202301087,张美琳,女,68,410502195601116608,城乡居民,洛阳市,2022-08-20,在保,张**,4105****6608,P2023****7
P202303013,宋敏,女,26,410106199809099200,城乡居民,鹤壁市,2020-03-29,在保,宋*,4101****9200,P2023****3
P202304289,卢明,男,77,410202194708049536,城职,郑州市,2021-07-22,在保,卢*,4102****9536,P2023****9
P202302834,贾军,男,45,410105197906219712,城乡居民,南阳市,2022-03-31,在保,贾*,4101****9712,P2023****4
P202302693,吴晨曦,男,49,410103197507205376,城乡居民,商丘市,2023-12-11,在保,吴**,4101****5376,P2023****3
P202300195,程婷,女,53,410702197109053376,城乡居民,焦作市,2020-11-28,在保,程*,4107****3376,P2023****5
P202301475,蔡萍,女,35,410103198910055424,城镇职工,焦作市,2024-01-24,在保,蔡*,4101****5424,P2023****5
P202303438,张思琪,女,27,410105199708286912,城镇职工,漯河市,2022-08-22,在保,张**,4101****6912,P2023****8
P202302183,萧伟,男,46,410502197810147840,灵活就业,南阳市,2020-01-10,在保,萧*,4105****7840,P2023****3
P202301212,李芳,女,37,410502198710051008,城乡居民,平顶山市,2022-03-12,在保,李*,4105****1008,P2023****2
P202304105,朱文彬,男,48,410202197604203776,城乡居民,许昌市,2023-11-30,停保,朱**,4102****3776,P2023****5
P202301658,贾磊,男,73,410104195104148864,城镇职工,新乡市,2022-08-14,在保,贾*,4101****8864,P2023****8
P202302754,郑晓红,女,47,410105197711248960,灵活就业,驻马店市,2021-02-10,在保,郑**,4101****8960,P2023****4
P202303159,许勇,男,73,410302195108041792,灵活就业,漯河市,2023-05-18,在保,许*,4103****1792,P2023****9
P202302759,梁佳慧,女,29,410102199510065472,城镇职工,南阳市,2022-08-07,在保,梁**,4101****5472,P2023****9
P202304106,张婷,女,54,410202197004066176,城乡居民,鹤壁市,2022-08-16,停保,张*,4102****6176,P2023****6
P202302214,卢梦瑶,女,41,410103198304054784,城镇职工,洛阳市,2023-08-27,在保,卢**,4101****4784,P2023****4
P202304452,徐婷,女,41,410302198304167360,城乡居民,新乡市,2021-09-19,在保,徐*,4103****7360,P2023****2
P202301131,袁子轩,男,55,410105196908162944,城乡居民,商丘市,2020-07-23,退保,袁**,4101****2944,P2023****1
P202301462,董杰,男,27,410103199703072704,城乡居民,漯河市,2023-01-15,在保,董*,4101****2704,P2023****2
P202300277,孙超,男,53,410502197107146112,城乡居民,周口市,2022-02-24,在保,孙*,4105****6112,P2023****7
P202304575,阎杰,男,36,410702198802013504,城镇职工,信阳市,2023-02-28,在保,阎*,4107****3504,P2023****5
P202303651,沈军,男,57,410302196708018240,城镇职工,驻马店市,2021-10-07,在保,沈*,4103****8240,P2023****1
P202303373,苏勇,男,76,410104194806041600,城镇职工,平顶山市,2023-08-23,在保,苏*,4101****1600,P2023****3
P202303188,吕莉,女,66,410302195802247360,灵活就业,洛阳市,2021-11-06,在保,吕*,4103****7360,P2023****8
P202301303,罗雨彤,女,46,410106197808234496,城镇职工,开封市,2024-03-03,在保,罗**,4101****4496,P2023****3
P202302847,罗勇,男,39,410104198505013888,城镇职工,商丘市,2020-12-29,在保,罗*,4101****3888,P2023****7
P202300223,谢美琳,女,62,410302196207036992,城镇职工,开封市,2023-08-31,停保,谢**,4103****6992,P2023****3
P202304688,赵萍,女,32,410702199201137600,城乡居民,鹤壁市,2023-05-01,在保,赵*,4107****7600,P2023****8
P202303657,冯鹏,男,50,410104197407063104,城乡居民,漯河市,2021-10-24,在保,冯*,4101****3104,P2023****7
P202300574,周敏,女,46,410106197806174208,城乡居民,新乡市,2023-11-26,在保,周*,4101****4208,P2023****4
P202301237,赵晓红,女,80,410106194409016192,城镇职工,郑州市,2023-08-18,在保,赵**,4101****6192,P2023****7
P202303615,刘文彬,男,62,410106196207253760,城镇职工,新乡市,2022-05-03,在保,刘**,4101****3760,P2023****5
P202302175,曾磊,男,34,410502199003285888,城镇职工,安阳市,2020-10-02,在保,曾*,4105****5888,P2023****5
P202302324,徐秀英,女,80,410302194403207936,灵活就业,商丘市,2020-07-09,在保,徐**,4103****7936,P2023****4
P202301335,许杰,男,52,410103197210156224,城乡居民,平顶山市,2020-05-29,在保,许*,4101****6224,P2023****5
P202304542,黄俊杰,男,85,410202193907052736,城乡居民,周口市,2023-05-18,在保,黄**,4102****2736,P2023****2
P202304953,刘波,男,64,410103196010048896,城镇职工,鹤壁市,2022-05-29,停保,刘*,4101****8896,P2023****3
P202300419,未知,女,71,410202195308046336,城乡居民,鹤壁市,2021-04-04,在保,未知,4102****6336,P2023****9
P202300268,谢淑珍,女,24,410702200012171520,城乡居民,郑州市,2022-09-15,在保,谢**,4107****1520,P2023****8
P202301105,魏芳,女,69,410502195512204864,城镇职工,鹤壁市,2023-11-09,在保,魏*,4105****4864,P2023****5
P202300258,于辉,男,37,410402198702122560,城镇职工,许昌市,2023-07-04,在保,于*,4104****2560,P2023****8
P202300296,王芳,女,37,410103198707231360,城乡居民,洛阳市,2021-04-13,在保,王*,4101****1360,P2023****6
P202302406,朱飞,男,74,410402195007185280,城乡居民,许昌市,2022-10-11,在保,朱*,4104****5280,P2023****6
P202300387,曾建国,男,56,410202196812218112,城镇职工,南阳市,2023-08-04,在保,曾**,4102****8112,P2023****7
P202304419,马玉兰,女,43,410502198110251840,城乡,商丘市,2021-09-23,在保,马**,4105****1840,P2023****9
P202303154,梁欣怡,女,43,410702198103050752,城镇职工,驻马店市,2020-10-05,停保,梁**,4107****0752,P2023****4
P202302275,贾欣怡,女,30,410104199402110592,灵活就业,鹤壁市,2022-04-12,停保,贾**,4101****0592,P2023****5
P202302291,张凤英,女,81,410106194303014592,城镇职工,商丘市,2021-02-27,在保,张**,4101****4592,P2023****1
P202304380,周国强,男,36,410105198806041024,城镇职工,新乡市,2023-09-04,在保,周**,4101****1024,P2023****0
P202303586,林永强,男,26,410104199805135744,城乡居民,开封市,2021-01-15,停保,林**,4101****5744,P2023****6
P202304251,傅慧,女,69,410202195511165184,城乡居民,开封市,2024-05-12,在保,傅*,4102****5184,P2023****1
P202304429,邓宇航,男,51,410402197306191168,城镇职工,商丘市,2022-02-06,在保,邓**,4104****1168,P2023****9
P202301564,卢天宇,男,65,410102195907193536,城镇职工,南阳市,2020-02-11,在保,卢**,4101****3536,P2023****4
P202301963,苏杰,男,59,410702196512251520,城乡居民,平顶山市,2021-03-29,在保,苏*,4107****1520,P2023****3
P202301401,孙伟,男,31,410402199312043392,城乡居民,洛阳市,2022-04-06,在保,孙*,4104****3392,P2023****1
P202300713,罗文彬,男,40,410103198411255296,城乡居民,平顶山市,2022-08-12,在保,罗**,4101****5296,P2023****3
P202304372,朱明,男,40,410104198406134976,灵活就业,开封市,2021-12-10,在保,朱*,4101****4976,P2023****2
P202302906,吕晨曦,男,63,410202196110183104,城乡居民,焦作市,2022-07-24,在保,吕**,4102****3104,P2023****6
P202300210,张芳,女,95,410702192902112896,城镇职工,商丘市,2023-01-17,在保,张*,4107****2896,P2023****0
P202304021,陈杰,男,89,410702193510144064,城镇职工,南阳市,2021-03-26,在保,陈*,4107****4064,P2023****1
P202301290,马诗涵,女,11,410104201303132928,灵活就业,驻马店市,2021-11-15,在保,马**,4101****2928,P2023****0
P202304879,韩文博,男,37,410105198706262528,城镇职工,洛阳市,2022-09-24,在保,韩**,4101****2528,P2023****9
P202301843,吕浩,男,40,410103198412279296,城乡居民,开封市,2022-06-01,在保,吕*,4101****9296,P2023****3
P202300450,赵雨彤,女,30,410106199412095936,灵活就业,周口市,2020-12-22,在保,赵**,4101****5936,P2023****0
P202304525,韩秀兰,女,71,410402195301265088,城乡居民,南阳市,2020-03-28,在保,韩**,4104****5088,P2023****5
P202303555,丁文博,男,16,410102200809191424,城镇职工,安阳市,2022-04-13,在保,丁**,4101****1424,P2023****5
P202301821,程明,男,47,410106197701066112,城乡居民,郑州市,2022-06-26,在保,程*,4101****6112,P2023****1
P202300959,曾超,男,60,410702196407035648,城镇职工,安阳市,2022-02-20,在保,曾*,4107****5648,P2023****9
P202301794,蔡艳,女,62,410105196210215936,城镇职工,鹤壁市,2020-02-29,在保,蔡*,4101****5936,P2023****4
P202302810,曾婷,女,1,410102198404135680,灵活就业,平顶山市,2021-04-18,在保,曾*,4101****5680,P2023****0
P202300655,吴艳,女,95,410402192903133824,灵活就业,信阳市,2024-01-14,在保,吴*,4104****3824,P2023****5
P202302452,徐语嫣,女,35,410202198903045056,城镇职工,信阳市,2020-04-17,在保,徐**,4102****5056,P2023****2
P202303928,薛艳,女,58,410102196612170944,灵活就业,安阳市,2022-04-08,退保,薛*,4101****0944,P2023****8
P202300332,丁玉兰,女,33,410402199106195136,城乡居民,南阳市,2021-07-07,在保,丁**,4104****5136,P2023****2
P202301761,周飞,男,79,410105194508240384,城乡居民,焦作市,2023-10-27,在保,周*,4101****0384,P2023****1
P202304661,蔡建华,男,76,410502194807250304,灵活就业,洛阳市,2020-07-06,停保,蔡**,4105****0304,P2023****1
P202302797,薛婷,女,60,410106196411164416,城乡居民,开封市,2020-04-04,在保,薛*,4101****4416,P2023****7
P202302155,于嘉伟,男,27,410402199709189120,城镇职工,平顶山市,2023-02-14,在保,于**,4104****9120,P2023****5
P202300412,贾国强,男,29,410104199502136768,城镇职工,周口市,2021-10-21,在保,贾**,4101****6768,P2023****2
P202301775,梁娜,女,36,410702198805281536,城镇职工,安阳市,2024-04-25,在保,梁*,4107****1536,P2023****5
P202304815,高军,男,55,410106196907102336,城镇职工,平顶山市,2021-05-27,在保,高*,4101****2336,P2023****5
P202302229,傅斌,男,16,410106200807080384,城乡居民,郑州市,2023-05-07,在保,傅*,4101****0384,P2023****9
P202302424,程海涛,男,49,410502197506034944,城镇职工,商丘市,2020-12-06,停保,程**,4105****4944,P2023****4
P202302679,杨鹏,男,51,410104197304074560,城乡居民,许昌市,2020-04-24,停保,杨*,4101****4560,P2023****9
P202304356,高建国,男,62,410702196206046400,城乡居民,周口市,2020-10-31,在保,高**,4107****6400,P2023****6
P202304824,苏梦瑶,女,49,410502197505137728,城乡居民,鹤壁市,2022-07-12,在保,苏**,4105****7728,P2023****4
P202304472,吕晓红,女,73,410302195101279872,灵活就业,信阳市,2023-01-01,在保,吕**,4103****9872,P2023****2
P202303383,曾霞,女,53,410702197106018816,城乡居民,新乡市,2021-09-21,在保,曾*,4107****8816,P2023****3
P202303533,何玉兰,女,48,410702197609109824,城乡居民,许昌市,2024-02-17,退保,何**,4107****9824,P2023****3
P202303629,沈芳,女,22,410103200211150528,城乡居民,鹤壁市,2021-02-06,退保,沈*,4101****0528,P2023****9
P202302003,袁秀英,女,35,410104198907201472,城乡居民,平顶山市,2022-01-30,在保,袁**,4101****1472,P2023****3
P202303436,李慧,女,66,410103195810140864,灵活就业,周口市,2021-03-26,在保,李*,4101****0864,P2023****6
P202303448,张美琳,女,35,410103198912205120,城乡居民,安阳市,2020-03-19,在保,张**,4101****5120,P2023****8
P202303823,冯雨彤,女,49,410702197504138240,灵活就业,安阳市,2020-10-08,在保,冯**,4107****8240,P2023****3
P202300431,蔡斌,男,28,410105199609277184,城乡居民,商丘市,2020-05-27,在保,蔡*,4101****7184,P2023****1
P202304561,叶晓红,女,30,410103199408032192,城镇职工,郑州市,2023-08-02,在保,叶**,4101****2192,P2023****1
P202302081,韩淑珍,女,50,410106197412099392,城乡居民,许昌市,2024-02-23,在保,韩**,4101****9392,P2023****1
P202301367,叶天宇,男,49,410702197507282048,城镇职工,郑州市,2022-03-31,在保,叶**,4107****2048,P2023****7
P202300174,沈娜,女,56,410402196806124544,城乡居民,周口市,2020-10-08,在保,沈*,4104****4544,P2023****4
P202302911,蔡磊,男,40,410402198406214144,城乡居民,商丘市,2022-02-19,在保,蔡*,4104****4144,P2023****1
P202301177,高国强,男,19,410702200511187520,城乡居民,驻马店市,2024-02-10,在保,高**,4107****7520,P2023****7
P202303400,高文彬,男,42,410702198208226880,城乡居民,鹤壁市,2021-03-21,在保,高**,4107****6880,P2023****0
P202301477,梁海涛,男,47,410402197705183488,灵活就业,平顶山市,2021-11-09,在保,梁**,4104****3488,P2023****7
P202303940,萧桂英,女,36,410302198804259200,城乡居民,许昌市,2024-04-15,在保,萧**,4103****9200,P2023****0
P202303566,郭军,男,50,410102197401112896,城乡居民,焦作市,2023-02-12,在保,郭*,4101****2896,P2023****6
P202300103,曾玲,女,43,410302198112094656,城乡居民,新乡市,2022-02-26,停保,曾*,4103****4656,P2023****3
P202303413,薛浩,男,85,410104193907103104,城镇职工,平顶山市,2024-04-23,在保,薛*,4101****3104,P2023****3
P202303265,黄婷,女,61,410102196311157376,城乡居民,商丘市,2021-07-17,在保,黄*,4101****7376,P2023****5
P202301264,高晨曦,男,33,410105199106123520,城乡居民,鹤壁市,2020-01-04,在保,高**,4101****3520,P2023****4
P202302941,叶雪,女,67,410105195705256768,城乡居民,开封市,2022-09-09,在保,叶*,4101****6768,P2023****1
P202301074,郑慧,女,26,410702199809011648,灵活就业,许昌市,2021-06-05,停保,郑*,4107****1648,P2023****4
P202302573,赵文博,男,44,410105198004287552,城镇职工,开封市,2020-09-20,在保,赵**,4101****7552,P2023****3
P202304706,刘雪,女,47,410202197701246976,城镇职工,商丘市,2021-09-18,在保,刘*,4102****6976,P2023****6
P202302795,蔡子轩,男,49,410302197509047424,城镇职工,新乡市,2022-04-30,在保,蔡**,4103****7424,P2023****5
P202303366,程杰,男,85,410402193912128832,城乡居民,商丘市,2022-10-04,在保,程*,4104****8832,P2023****6
P202304546,袁思琪,女,60,410302196406211264,城镇职工,漯河市,2021-12-04,在保,袁**,4103****1264,P2023****6
P202303756,宋晓红,女,14,410702201012249152,城乡居民,许昌市,2023-06-30,在保,宋**,4107****9152,P2023****6
P202301644,高明,男,58,410103196611131392,城乡居民,安阳市,2020-08-18,在保,高*,4101****1392,P2023****4
P202304551,卢美琳,女,75,410502194912141888,城镇职工,南阳市,2022-06-01,退保,卢**,4105****1888,P2023****1
P202300001,李子轩,男,58,410105196603241024,城镇职工,洛阳市,2023-04-24,在保,李**,4101****1024,P2023****1
P202301581,陈萍,女,53,410502197109160448,城镇职工,洛阳市,2021-12-22,在保,陈*,4105****0448,P2023****1
P202304467,杨俊杰,男,65,未知,灵活就业,周口市,2020-12-17,在保,杨**,未知,P2023****7
P202304454,陈波,男,55,410102196906122048,城镇职工,南阳市,2022-06-27,在保,陈*,4101****2048,P2023****4
P202301357,宋雨彤,女,40,410702198409175936,灵活就业,平顶山市,2020-09-26,在保,宋**,4107****5936,P2023****7
P202303460,张芳,女,30,410502199610106176,城乡居民,漯河市,2020-05-08,在保,张*,4105****6176,P2023****0
P202302124,曾文博,男,45,410402197905214848,城乡居民,平顶山市,2023-06-18,在保,曾**,4104****4848,P2023****4
P202302278,袁秀英,女,29,410102199505047552,城镇职工,周口市,2020-06-01,在保,袁**,4101****7552,P2023****8
P202302079,韩超,男,47,410105197709289408,城乡居民,开封市,2023-10-19,在保,韩*,4101****9408,P2023****9
P202304366,吕淑珍,女,87,410402193705210176,城乡居民,焦作市,2020-12-12,在保,吕**,4104****0176,P2023****6
P202300397,冯梦瑶,女,19,410104200502057088,灵活就业,鹤壁市,2020-11-22,在保,冯**,4101****7088,P2023****7
P202303530,宋伟,男,31,410202199311257856,灵活就业,南阳市,2020-03-05,在保,宋*,4102****7856,P2023****0
P202301065,魏丽,女,43,410202198109064448,城镇职工,洛阳市,2023-12-25,在保,魏*,4102****4448,P2023****5
P202302405,吕莉,女,80,410702194411271616,灵活就业,漯河市,2024-02-18,在保,吕*,4107****1616,P2023****5
P202304216,杨涛,男,60,410202196404289536,城乡居民,许昌市,2023-07-17,退保,杨*,4102****9536,P2023****6
P202302196,周玉兰,女,38,410104198601090688,城镇职工,鹤壁市,2021-04-21,停保,周**,4101****0688,P2023****6
P202300819,曹文博,男,51,410202197307064256,灵活就业,鹤壁市,2022-12-17,在保,曹**,4102****4256,P2023****9
P202301813,吕子轩,男,79,410102194505192000,城乡居民,南阳市,2021-11-21,在保,吕**,4101****2000,P2023****3
P202302621,孙霞,女,62,410502196208258240,城镇职工,漯河市,2020-01-11,在保,孙*,4105****8240,P2023****1
P202301553,胡霞,女,34,410302199011166080,城镇职工,信阳市,2022-06-14,在保,胡*,4103****6080,P2023****3
P202303185,唐霞,女,35,410102198901225600,城乡居民,安阳市,2024-02-13,在保,唐*,4101****5600,P2023****5
P202300817,沈建国,男,54,410402197009011264,城镇职工,开封市,2020-02-08,在保,沈**,4104****1264,P2023****7
P202301573,萧娟,女,55,410103196912081664,城乡居民,平顶山市,2020-03-27,在保,萧*,4101****1664,P2023****3
P202303028,林慧,女,58,410102196601263936,城乡居民,安阳市,2022-12-23,停保,林*,4101****3936,P2023****8
P202301801,叶婷,女,84,410103194004167232,灵活就业,开封市,2023-04-01,退保,叶*,4101****7232,P2023****1
P202304332,黄宇航,男,29,410302199510142720,城乡居民,洛阳市,2020-04-09,在保,黄**,4103****2720,P2023****2
P202300382,沈浩然,男,39,410103198503204416,城镇职工,南阳市,2022-05-28,退保,沈**,4101****4416,P2023****2
P202304533,于建华,男,59,410402196510051584,城乡居民,洛阳市,2023-09-25,在保,于**,4104****1584,P2023****3
P202303898,杨志强,男,62,410402196203156544,灵活就业,信阳市,2021-05-11,停保,杨**,4104****6544,P2023****8
P202302956,曾美琳,女,81,410102194306113088,城镇职工,安阳市,2023-08-21,在保,曾**,4101****3088,P2023****6
P202303574,蔡永强,男,53,410105197110142464,城乡居民,周口市,2020-03-28,在保,蔡**,4101****2464,P2023****4
P202302949,梁欣怡,女,46,410105197809088832,灵活就业,商丘市,2022-10-15,在保,梁**,4101****8832,P2023****9
P202304369,马磊,男,37,410103198702203520,城镇职工,郑州市,2023-11-14,在保,马*,4101****3520,P2023****9
P202301781,丁诗涵,女,24,410104200009053120,城乡居民,漯河市,2020-08-31,退保,丁**,4101****3120,P2023****1
P202302781,卢鹏,男,65,410702195906089344,城镇职工,漯河市,2020-03-19,在保,卢*,4107****9344,P2023****1
P202302482,曾子轩,男,80,410202194406018880,城乡居民,周口市,2023-12-09,在保,曾**,4102****8880,P2023****2
P202302378,冯天宇,男,26,410105199804150912,城镇职工,许昌市,2020-01-13,在保,冯**,4101****0912,P2023****8
P202300865,朱明,男,38,410402198604132224,灵活就业,南阳市,2022-02-11,在保,朱*,4104****2224,P2023****5
P202303083,周语嫣,女,14,410502201011129152,灵活就业,新乡市,2023-01-01,在保,周**,4105****9152,P2023****3
P202303971,梁海涛,男,42,410106198205275200,灵活就业,南阳市,2020-11-17,在保,梁**,4101****5200,P2023****1
P202300555,孙伟,男,56,410702196810096192,城乡居民,周口市,2021-04-17,在保,孙*,4107****6192,P2023****5
P202301160,罗子轩,男,44,410103198006248320,城乡居民,郑州市,2021-04-26,在保,罗**,4101****8320,P2023****0
P202301214,韩玲,女,66,410105195807182848,城镇职工,安阳市,2023-12-10,在保,韩*,4101****2848,P2023****4
P202302604,冯晓红,女,28,410502199601249856,城镇职工,漯河市,2023-06-25,在保,冯**,4105****9856,P2023****4
P202303672,吕婷,女,65,410502195907133760,城乡居民,安阳市,2023-01-18,在保,吕*,4105****3760,P2023****2
P202300049,林静,女,56,410102196802254336,城乡居民,开封市,2023-11-26,在保,林*,4101****4336,P2023****9
P202302986,胡婷,女,3,410202199203022144,灵活就业,鹤壁市,2023-08-20,在保,胡*,4102****2144,P2023****6
P202300701,吴文博,男,40,410106198410123584,城乡居民,鹤壁市,2022-10-22,在保,吴**,4101****3584,P2023****1
P202300653,魏浩,男,45,410202197907077632,城乡居民,新乡市,2024-05-14,在保,魏*,4102****7632,P2023****3
P202303222,冯飞,男,63,410302196102051712,城镇职工,漯河市,2023-01-13,在保,冯*,4103****1712,P2023****2
P202303132,萧宇航,男,49,410103197508169728,城乡居民,商丘市,2022-09-11,在保,萧**,4101****9728,P2023****2
P202303378,曹建国,男,32,未知,城乡居民,漯河市,2024-01-01,在保,曹**,未知,P2023****8
P202300749,丁涛,男,38,410106198605245056,城镇职工,开封市,2022-06-02,停保,丁*,4101****5056,P2023****9
P202301456,曹鹏,男,18,410402200611038272,城镇职工,鹤壁市,2022-11-08,停保,曹*,4104****8272,P2023****6
P202304239,彭建华,男,76,410106194808242368,城镇职工,南阳市,2022-01-17,在保,彭**,4101****2368,P2023****9
P202302252,刘玲,女,77,410302194709059712,城乡居民,开封市,2020-06-26,在保,刘*,4103****9712,P2023****2
P202302060,赵静,女,53,410105197112284736,城乡居民,鹤壁市,2022-03-16,停保,赵*,4101****4736,P2023****0
P202300867,于凤英,女,55,410302196906265088,城乡居民,安阳市,2022-02-22,在保,于**,4103****5088,P2023****7
P202300753,刘飞,男,32,410402199206209600,灵活就业,许昌市,2024-03-12,在保,刘*,4104****9600,P2023****3
P202301645,丁军,男,30,410102199407043520,城乡居民,信阳市,2020-10-22,在保,丁*,4101****3520,P2023****5
P202300093,曾莉,女,37,410402198703155520,灵活就业,焦作市,2021-11-11,在保,曾*,4104****5520,P2023****3
P202302882,胡文博,男,11,410302201307026432,城乡居民,鹤壁市,2020-03-16,在保,胡**,4103****6432,P2023****2
P202303165,徐嘉伟,男,29,410103199512050176,城镇职工,南阳市,2021-04-27,在保,徐**,4101****0176,P2023****5
P202302477,程佳慧,女,45,410502197903144640,城乡居民,开封市,2022-01-30,在保,程**,4105****4640,P2023****7
P202303904,刘凤英,女,33,410702199101106496,城乡居民,驻马店市,2023-11-03,在保,刘**,4107****6496,P2023****4
P202301491,贾静,女,40,410103198404151616,城乡居民,平顶山市,2021-06-18,在保,贾*,4101****1616,P2023****1
P202302955,邓浩然,男,32,410702199208094528,城乡居民,南阳市,2021-12-18,在保,邓**,4107****4528,P2023****5
P202304270,贾诗涵,女,66,410502195811207552,城乡居民,驻马店市,2020-05-12,在保,贾**,4105****7552,P2023****0
P202300730,蔡萍,女,35,410105198902051968,城镇职工,新乡市,2021-09-27,在保,蔡*,4101****1968,P2023****0
P202302772,魏欣怡,女,36,410104198807099072,城乡居民,开封市,2024-03-22,在保,魏**,4101****9072,P2023****2
P202302519,梁诗涵,女,45,410502197911214592,城镇职工,商丘市,2023-02-04,在保,梁**,4105****4592,P2023****9
P202303806,程秀英,女,59,410106196502249728,城镇职工,商丘市,2023-11-25,在保,程**,4101****9728,P2023****6
P202301937,曾雪,女,54,410302197006056064,城乡居民,安阳市,2022-08-25,在保,曾*,4103****6064,P2023****7
P202301746,赵海涛,男,54,410502197007065856,城镇职工,焦作市,2024-02-13,在保,赵**,4105****5856,P2023****6
P202303568,朱超,男,69,410402195512287808,城乡居民,南阳市,2022-11-08,在保,朱*,4104****7808,P2023****8
P202303380,彭静,女,36,410302198808243136,城乡居民,信阳市,2022-04-18,停保,彭*,4103****3136,P2023****0
P202303632,赵国强,男,38,410702198607104448,城镇职工,信阳市,2022-07-09,在保,赵**,4107****4448,P2023****2
P202301958,卢伟,未知,95,410302192909020736,城镇职工,南阳市,2024-01-08,在保,卢*,4103****0736,P2023****8
P202301111,黄霞,女,46,410102197803148736,城乡居民,商丘市,2020-10-17,在保,黄*,4101****8736,P2023****1
P202303406,徐静,女,4,410202202010254080,城镇职工,漯河市,2023-10-18,在保,徐*,4102****4080,P2023****6
P202304110,高萍,女,54,410102197011077888,城镇职工,郑州市,2021-12-03,在保,高*,4101****7888,P2023****0
P202304517,董磊,男,42,410103198204162112,城镇职工,鹤壁市,2021-08-31,在保,董*,4101****2112,P2023****7
P202304818,张明,男,34,410105199003246400,城乡居民,漯河市,2022-03-06,在保,张*,4101****6400,P2023****8
P202300347,徐欣怡,女,23,410103200106206272,城镇职工,许昌市,2020-03-04,在保,徐**,4101****6272,P2023****7
P202301186,魏强,男,66,410202195808146432,城镇职工,许昌市,2022-06-11,在保,魏*,4102****6432,P2023****6
P202304067,刘婷,女,53,410502197107183232,城镇职工,安阳市,2023-01-01,在保,刘*,4105****3232,P2023****7
P202304086,刘建国,男,45,410202197903048640,城乡居民,鹤壁市,2022-03-14,在保,刘**,4102****8640,P2023****6
P202301516,薛明,男,47,410202197708043328,城乡居民,驻马店市,2022-03-19,在保,薛*,4102****3328,P2023****6
P202304717,吕丽,女,92,410104193212142336,城乡居民,许昌市,2022-09-01,在保,吕*,4101****2336,P2023****7
P202300579,王海涛,男,23,410106200105260672,城镇职工,安阳市,2022-11-03,在保,王**,4101****0672,P2023****9
P202301965,王海涛,男,60,410502196409145216,城乡居民,新乡市,2020-01-29,在保,王**,4105****5216,P2023****5
P202300076,杨娟,女,64,410302196010208128,城镇职工,新乡市,2024-05-07,在保,杨*,4103****8128,P2023****6
P202301430,吴建华,男,45,410102197902220672,灵活就业,驻马店市,2022-12-30,在保,吴**,4101****0672,P2023****0
P202304394,林艳,女,40,410402198401134208,城乡居民,商丘市,2022-10-07,在保,林*,4104****4208,P2023****4
P202304960,宋明,男,59,410702196506131200,城乡居民,南阳市,2021-01-11,在保,宋*,4107****1200,P2023****0
P202304053,曾明,男,58,410202196612021824,城镇职工,焦作市,2022-11-08,退保,曾*,4102****1824,P2023****3
P202302654,贾慧,女,68,410202195606203136,城镇职工,许昌市,2022-07-09,在保,贾*,4102****3136,P2023****4
P202301847,黄磊,男,72,410102195212275520,灵活就业,商丘市,2023-04-18,退保,黄*,4101****5520,P2023****7
P202300132,谢鹏,男,51,410702197310039040,城乡居民,开封市,2020-11-18,在保,谢*,4107****9040,P2023****2
P202300179,李玉兰,女,45,410202197908265664,城乡居民,周口市,2020-06-25,在保,李**,4102****5664,P2023****9
P202304512,邓海涛,男,69,410502195501127680,城镇职工,鹤壁市,2021-08-15,在保,邓**,4105****7680,P2023****2
P202302749,王宇航,男,56,410105196801058304,灵活就业,平顶山市,2020-12-19,停保,王**,4101****8304,P2023****9
P202302570,王波,男,45,410104197904021888,城镇职工,南阳市,2021-11-17,退保,王*,4101****1888,P2023****0
P202302418,程永强,男,56,410302196802010560,城乡居民,信阳市,2022-10-12,在保,程**,4103****0560,P2023****8
P202304623,蒋军,男,34,410702199007212416,城镇职工,驻马店市,2020-06-24,在保,蒋*,4107****2416,P2023****3
P202300659,林飞,男,53,410105197110059328,城镇职工,漯河市,2020-01-11,在保,林*,4101****9328,P2023****9
P202301897,袁磊,男,45,410302197908165184,城乡居民,驻马店市,2020-05-17,在保,袁*,4103****5184,P2023****7
P202303385,蒋美琳,女,69,410104195506152256,城镇职工,郑州市,2023-06-06,停保,蒋**,4101****2256,P2023****5
P202303164,彭思琪,女,37,410102198711137152,城乡居民,平顶山市,2022-09-13,在保,彭**,4101****7152,P2023****4
P202300343,林超,男,54,410104197011038400,灵活就业,信阳市,2020-01-24,在保,林*,4101****8400,P2023****3
P202304499,刘文彬,男,10,410202201405120448,城镇职工,漯河市,2020-02-10,在保,刘**,4102****0448,P2023****9
P202300728,沈欣怡,女,56,410502196804124736,城乡居民,新乡市,2020-11-04,在保,沈**,4105****4736,P2023****8
P202303857,杨伟,男,24,410104200003110912,城乡居民,焦作市,2021-12-24,在保,杨*,4101****0912,P2023****7
P202300977,王超,男,41,410104198307120064,灵活就业,南阳市,2022-10-04,在保,王*,4101****0064,P2023****7
P202302419,陈志强,男,57,410202196701084288,灵活就业,平顶山市,2023-03-24,在保,陈**,4102****4288,P2023****9
P202304422,沈秀英,女,30,410106199405179328,城乡居民,安阳市,2020-02-10,停保,沈**,4101****9328,P2023****2
P202301929,郭文博,男,69,410104195509069440,灵活就业,周口市,2021-11-02,停保,郭**,4101****9440,P2023****9
P202302665,沈浩然,男,58,410104196604237120,城乡居民,新乡市,2020-10-20,在保,沈**,4101****7120,P2023****5
P202304913,苏紫薇,女,64,410502196001272704,城乡居民,郑州市,2023-10-20,在保,苏**,4105****2704,P2023****3
P202301300,冯思琪,女,55,410105196908072704,城镇职工,焦作市,2023-08-07,在保,冯**,4101****2704,P2023****0
P202304705,魏秀兰,女,60,410402196407094720,城乡居民,鹤壁市,2021-12-29,在保,魏**,4104****4720,P2023****5
P202304646,李紫薇,女,79,410104194511213696,城镇职工,信阳市,2024-01-22,在保,李**,4101****3696,P2023****6
P202300661,曹娟,女,39,410102198512244160,城镇职工,开封市,2022-01-04,在保,曹*,4101****4160,P2023****1
P202304048,郑浩,男,95,410106192911269696,城乡居民,驻马店市,2020-10-26,退保,郑*,4101****9696,P2023****8
P202302439,程霞,女,42,410106198205167424,城镇职工,鹤壁市,2022-12-25,在保,程*,4101****7424,P2023****9
P202303707,罗鹏,男,40,410102198407120640,城镇职工,平顶山市,2020-02-12,在保,罗*,4101****0640,P2023****7
P202303037,许建华,男,43,410402198101013312,城乡居民,许昌市,2020-03-25,在保,许**,4104****3312,P2023****7
P202302234,唐秀兰,女,66,410102195802025600,城镇职工,安阳市,2023-08-11,在保,唐**,4101****5600,P2023****4
P202303114,魏磊,男,28,410402199604150784,城镇职工,焦作市,2023-01-01,在保,魏*,4104****0784,P2023****4
P202303999,罗浩然,男,79,410402194505287104,城乡居民,新乡市,2024-03-12,在保,罗**,4104****7104,P2023****9
P202303669,马伟,男,47,410105197709127104,城乡居民,漯河市,2023-03-28,在保,马*,4101****7104,P2023****9
P202303257,杨美琳,女,34,410105199004159616,灵活就业,平顶山市,2021-04-15,停保,杨**,4101****9616,P2023****7
P202301279,贾宇航,男,53,410702197108077760,城镇职工,安阳市,2024-03-09,在保,贾**,4107****7760,P2023****9
P202303134,刘娜,女,76,410102194803032768,城镇职工,安阳市,2020-06-25,停保,刘*,4101****2768,P2023****4
P202301622,黄文博,男,24,410105200002257856,灵活就业,开封市,2020-08-20,在保,黄**,4101****7856,P2023****2
P202303076,刘静,女,82,410104194206048384,城镇职工,信阳市,2023-12-22,在保,刘*,4101****8384,P2023****6
P202300916,何文彬,男,55,410104196905086144,城乡居民,商丘市,2020-11-26,在保,何**,4101****6144,P2023****6
P202300068,傅芳,女,68,410105195602087360,城乡居民,信阳市,2023-02-11,在保,傅*,4101****7360,P2023****8
P202304741,冯志强,男,59,410104196509176832,城乡居民,信阳市,2023-06-02,在保,冯**,4101****6832,P2023****1
P202302168,叶莉,女,27,410106199706260992,城乡居民,平顶山市,2021-02-26,在保,叶*,4101****0992,P2023****8
P202304746,韩慧,女,44,410103198005230784,城镇职工,驻马店市,2020-01-02,在保,韩*,4101****0784,P2023****6
P202300821,冯思琪,女,40,410702198406060288,城镇职工,安阳市,2022-03-09,在保,冯**,4107****0288,P2023****1
P202301227,郑海涛,男,50,410105197405108416,城镇职工,周口市,2024-02-02,在保,郑**,4101****8416,P2023****7
P202303186,赵飞,男,73,410103195108143040,城乡居民,周口市,2022-04-25,在保,赵*,4101****3040,P2023****6
P202304891,叶斌,男,35,410104198903078976,城乡居民,信阳市,2022-02-14,停保,叶*,4101****8976,P2023****1
P202302958,吴子轩,男,45,410702197905256256,城职,信阳市,2022-04-09,停保,吴**,4107****6256,P2023****8
P202304503,于娜,女,21,410202200311234240,城镇职工,许昌市,2022-12-28,在保,于*,4102****4240,P2023****3
P202304314,马波,男,56,410104196807211776,城镇职工,安阳市,2022-10-09,在保,马*,4101****1776,P2023****4
P202304146,卢丽,女,2,410202202209136128,灵活就业,鹤壁市,2022-03-28,在保,卢*,4102****6128,P2023****6
P202301144,胡诗涵,女,52,410402197209123648,城镇职工,漯河市,2023-02-18,停保,胡**,4104****3648,P2023****4
P202300398,沈思琪,女,74,410702195007253696,城镇职工,郑州市,2023-11-02,停保,沈**,4107****3696,P2023****8
P202304244,董玉兰,女,62,410103196210039488,城镇职工,平顶山市,2023-02-26,在保,董**,4101****9488,P2023****4
P202304346,董艳,女,50,410105197408039488,城镇职工,漯河市,2024-01-02,在保,董*,4101****9488,P2023****6
P202304420,孙建国,男,10,410103201402288192,灵活就业,鹤壁市,2022-06-28,在保,孙**,4101****8192,P2023****0
P202301399,吴紫薇,女,71,410702195306280064,城乡居民,郑州市,2023-12-29,在保,吴**,4107****0064,P2023****9
P202301660,张辉,男,70,410702195407042880,城镇职工,漯河市,2022-07-10,停保,张*,4107****2880,P2023****0
P202300980,王玉兰,女,63,410105196102072896,灵活就业,开封市,2022-03-19,在保,王**,4101****2896,P2023****0
P202301299,于佳慧,女,54,410104197005258432,城镇职工,平顶山市,2020-08-16,在保,于**,4101****8432,P2023****9
P202303661,冯强,男,43,410105198110178752,城乡居民,郑州市,2022-06-23,在保,冯*,4101****8752,P2023****1
P202300083,薛桂英,女,76,410102194802089856,城乡居民,周口市,2020-02-12,退保,薛**,4101****9856,P2023****3
P202302226,黄辉,男,73,410102195101199744,城镇职工,南阳市,2023-03-08,在保,黄*,4101****9744,P2023****6
P202302506,沈辉,男,35,410202198910276416,城乡居民,郑州市,2020-10-14,在保,沈*,4102****6416,P2023****6
P202304317,张秀英,女,29,410402199510195072,城镇职工,南阳市,2020-10-05,在保,张**,4104****5072,P2023****7
P202304709,林杰,男,67,410502195707118528,灵活就业,洛阳市,2023-01-04,在保,林*,4105****8528,P2023****9
P202304099,韩欣怡,女,47,410106197708091072,城镇职工,郑州市,2023-02-17,在保,韩**,4101****1072,P2023****9
P202300424,王桂英,女,67,410104195701059520,城乡居民,周口市,2020-04-14,在保,王**,4101****9520,P2023****4
P202304384,朱莉,女,53,410103197104160128,城乡居民,焦作市,2023-02-24,停保,朱*,4101****0128,P2023****4
P202301905,吴军,男,48,410502197608014016,灵活就业,漯河市,2023-03-06,在保,吴*,4105****4016,P2023****5
P202304679,丁丽,女,65,410202195902023168,城镇职工,安阳市,2022-02-12,停保,丁*,4102****3168,P2023****9
P202304057,徐辉,男,76,410104194808033856,灵活就业,商丘市,2022-12-11,在保,徐*,4101****3856,P2023****7
P202303166,冯杰,男,18,410302200607240256,灵活就业,开封市,2021-01-24,在保,冯*,4103****0256,P2023****6
P202301566,张波,男,44,410105198002239360,城镇职工,洛阳市,2023-06-14,在保,张*,4101****9360,P2023****6
P202303424,王建国,男,57,410105196706283200,城乡居民,周口市,2021-08-18,在保,王**,4101****3200,P2023****4
P202300840,曹玉兰,女,46,410102197812080512,城乡居民,漯河市,2022-05-10,在保,曹**,4101****0512,P2023****0
P202300501,郑鹏,男,66,410102195812169728,城乡居民,安阳市,2020-01-19,在保,郑*,4101****9728,P2023****1
P202300142,叶莉,女,73,410402195111196608,城乡居民,焦作市,2023-07-08,在保,叶*,4104****6608,P2023****2
P202301378,张萍,女,68,410103195610041216,城镇职工,焦作市,2023-04-03,在保,张*,4101****1216,P2023****8
P202303771,彭梦瑶,女,68,410102195609054208,城乡居民,许昌市,2020-02-07,在保,彭**,4101****4208,P2023****1
P202302571,贾芳,女,50,410104197403107584,城乡居民,洛阳市,2021-08-15,在保,贾*,4101****7584,P2023****1
P202301139,阎宇航,男,60,410105196402067456,灵活就业,平顶山市,2023-01-01,停保,阎**,4101****7456,P2023****9
P202302595,彭军,男,65,410702195910219200,城乡居民,郑州市,2021-03-16,在保,彭*,4107****9200,P2023****5
P202301788,薛勇,男,36,410103198803076224,城镇职工,漯河市,2023-08-14,在保,薛*,4101****6224,P2023****8
P202302616,邓婷,女,62,410202196207136192,灵活就业,驻马店市,2023-03-13,退保,邓*,4102****6192,P2023****6
P202300551,冯明,男,51,410302197305203392,城乡居民,驻马店市,2020-09-26,在保,冯*,4103****3392,P2023****1
P202303163,彭天宇,男,41,410202198309164928,城乡居民,鹤壁市,2021-11-14,在保,彭**,4102****4928,P2023****3
P202302020,王鹏,男,27,410402199712238464,城镇职工,平顶山市,2021-12-26,在保,王*,4104****8464,P2023****0
P202300949,张军,男,49,410402197505236096,城镇职工,商丘市,2024-03-06,在保,张*,4104****6096,P2023****9
P202302304,赵晨曦,男,54,410302197005168512,城镇职工,郑州市,2022-05-14,在保,赵**,4103****8512,P2023****4
P202300533,程丽,女,48,410702197602206592,城乡居民,郑州市,2024-02-05,在保,程*,4107****6592,P2023****3
P202301830,胡建国,男,50,410402197402080576,城镇职工,许昌市,2021-04-14,在保,胡**,4104****0576,P2023****0
P202304848,杨敏,女,40,410104198411070528,城乡居民,鹤壁市,2021-12-15,在保,杨*,4101****0528,P2023****8
P202304463,谢涛,男,65,410103195901047360,灵活就业,驻马店市,2021-09-10,在保,谢*,4101****7360,P2023****3
P202303948,刘婷,女,57,410702196711083264,城镇职工,焦作市,2021-05-07,在保,刘*,4107****3264,P2023****8
P202301603,蒋丽,女,38,410402198606173120,城乡居民,商丘市,2023-12-16,在保,蒋*,4104****3120,P2023****3
P202300640,薛国强,男,26,410103199801241472,城镇职工,商丘市,2020-02-09,在保,薛**,4101****1472,P2023****0
P202304882,梁建国,男,74,410502195012016896,城镇职工,开封市,2022-07-28,在保,梁**,4105****6896,P2023****2
P202300968,丁紫薇,女,82,410702194207234688,城镇职工,信阳市,2021-12-25,在保,丁**,4107****4688,P2023****8
P202304282,曹梦瑶,女,22,410202200202100096,城镇职工,南阳市,2020-08-12,在保,曹**,4102****0096,P2023****2
P202302678,周玉兰,女,21,410502200305236736,城镇职工,信阳市,2020-02-19,在保,周**,4105****6736,P2023****8
P202301684,邓静,女,55,410702196902084224,城镇职工,平顶山市,2021-07-05,在保,邓*,4107****4224,P2023****4
P202304516,蔡超,男,33,410105199110023808,城镇职工,焦作市,2023-01-01,在保,蔡*,4101****3808,P2023****6
P202304545,何美琳,女,56,410103196806154624,城镇职工,南阳市,2022-03-01,在保,何**,4101****4624,P2023****5
P202300156,胡宇航,男,37,410106198701214912,城乡居民,驻马店市,2020-07-29,在保,胡**,4101****4912,P2023****6
P202302535,刘艳,女,42,410402198202116416,城镇职工,鹤壁市,2024-05-09,在保,刘*,4104****6416,P2023****5
P202303705,许凤英,女,47,410105197703250624,城乡居民,周口市,2023-05-27,在保,许**,4101****0624,P2023****5
P202301090,赵飞,男,46,410302197804060928,灵活就业,许昌市,2022-01-25,在保,赵*,4103****0928,P2023****0
P202302708,吴艳,女,50,410106197408079104,城镇职工,焦作市,2024-02-22,在保,吴*,4101****9104,P2023****8
P202304285,傅军,男,35,410103198907093312,城镇职工,漯河市,2022-04-17,在保,傅*,4101****3312,P2023****5
P202300289,唐建国,男,55,410202196908163328,城乡居民,郑州市,2024-05-04,在保,唐**,4102****3328,P2023****9
P202300931,马萍,女,40,410104198409198016,城镇职工,郑州市,2020-09-18,在保,马*,4101****8016,P2023****1
P202302585,周紫薇,女,69,410702195509117632,城乡居民,开封市,2021-08-16,在保,周**,4107****7632,P2023****5
P202302306,宋永强,男,95,410102192905192064,城镇职工,开封市,2022-04-26,在保,宋**,4101****2064,P2023****6
P202303440,冯宇航,男,55,410104196912026624,灵活就业,漯河市,2020-05-01,退保,冯**,4101****6624,P2023****0
P202304134,董强,男,72,410202195205089728,城镇职工,南阳市,2023-08-04,退保,董*,4102****9728,P2023****4
P202303358,彭超,男,11,410702201312134400,城镇职工,焦作市,2021-08-24,在保,彭*,4107****4400,P2023****8
P202300943,魏淑珍,女,61,410104196301184000,城镇职工,南阳市,2023-10-20,在保,魏**,4101****4000,P2023****3
P202303935,苏勇,未知,51,410104197301184000,城镇职工,安阳市,2024-03-10,在保,苏*,4101****4000,P2023****5
P202304710,沈宇航,男,49,410102197506065408,灵活就业,平顶山市,2023-05-23,在保,沈**,4101****5408,P2023****0
P202301699,吴宇航,男,59,410103196512204672,城镇职工,信阳市,2024-01-17,停保,吴**,4101****4672,P2023****9
P202304757,叶敏,女,23,410105200108244224,城乡居民,平顶山市,2020-11-27,在保,叶*,4101****4224,P2023****7
P202303017,冯桂英,女,22,410502200210264640,城乡居民,开封市,2022-03-04,在保,冯**,4105****4640,P2023****7
P202303648,罗海涛,男,53,410202197104179456,城镇职工,洛阳市,2023-11-13,在保,罗**,4102****9456,P2023****8
P202303913,沈建国,男,68,410302195604236224,城镇职工,安阳市,2024-04-17,在保,沈**,4103****6224,P2023****3
P202300986,贾子轩,男,29,未知,城乡居民,新乡市,2020-09-03,在保,贾**,未知,P2023****6
P202302828,赵凤英,女,48,410103197610237568,城乡居民,焦作市,2023-02-16,停保,赵**,4101****7568,P2023****8
P202302232,吴芳,女,64,410106196011010688,城镇职工,新乡市,2021-10-25,在保,吴*,4101****0688,P2023****2
P202302268,阎文彬,男,55,410104196903076928,城乡居民,漯河市,2024-04-01,在保,阎**,4101****6928,P2023****8
P202304827,曹飞,男,51,410104197301094080,灵活就业,漯河市,2020-04-06,停保,曹*,4101****4080,P2023****7
P202300982,梁浩然,男,57,410302196709249472,城乡居民,开封市,2020-08-12,退保,梁**,4103****9472,P2023****2
P202303408,傅国强,男,52,410106197207124480,城镇职工,新乡市,2020-06-01,在保,傅**,4101****4480,P2023****8
P202304528,杨文彬,男,63,410702196109063040,城乡居民,信阳市,2020-04-13,在保,杨**,4107****3040,P2023****8
P202303226,曹斌,男,32,410105199210246144,灵活就业,安阳市,2023-10-21,在保,曹*,4101****6144,P2023****6
P202303002,许娟,女,34,410106199004228608,城乡居民,商丘市,2020-06-18,在保,许*,4101****8608,P2023****2
P202304588,袁嘉伟,男,66,410702195803171712,城镇职工,平顶山市,2020-10-27,在保,袁**,4107****1712,P2023****8
P202303920,薛嘉伟,男,48,410106197604098944,灵活就业,漯河市,2020-10-28,在保,薛**,4101****8944,P2023****0
P202301458,陈伟,男,56,410202196810031616,城乡居民,商丘市,2022-08-01,在保,陈*,4102****1616,P2023****8
P202301396,李建华,男,53,410102197106168896,城镇职工,洛阳市,2023-10-28,在保,李**,4101****8896,P2023****6
P202300265,许娜,女,45,410202197912265472,城乡居民,商丘市,2020-06-23,在保,许*,4102****5472,P2023****5
P202302441,沈辉,男,81,410402194307141376,城镇职工,开封市,2021-05-23,在保,沈*,4104****1376,P2023****1
P202300930,唐欣怡,女,48,410103197606149632,城乡居民,商丘市,2023-12-03,停保,唐**,4101****9632,P2023****0
P202303124,蒋慧,女,43,410102198108242752,城乡居民,新乡市,2021-03-15,停保,蒋*,4101****2752,P2023****4
P202302179,袁欣怡,女,86,410702193804073600,城乡居民,平顶山市,2023-06-21,在保,袁**,4107****3600,P2023****9
P202303571,曾娟,女,44,410502198007027968,城镇职工,商丘市,2021-05-11,停保,曾*,4105****7968,P2023****1
P202300247,贾杰,男,41,410302198311263424,城镇职工,鹤壁市,2020-07-14,停保,贾*,4103****3424,P2023****7
P202303663,徐鹏,男,56,410402196806130688,城乡居民,驻马店市,2020-03-26,停保,徐*,4104****0688,P2023****3
P202301759,李嘉伟,男,79,410106194507250816,城乡居民,洛阳市,2024-01-13,在保,李**,4101****0816,P2023****9
P202304915,袁文博,男,27,410202199708127424,城乡居民,焦作市,2020-10-11,在保,袁**,4102****7424,P2023****5
P202302868,董建华,男,34,410702199006039936,城乡居民,商丘市,2021-03-02,在保,董**,4107****9936,P2023****8
P202300924,曹思琪,女,37,410102198701097664,城乡居民,商丘市,2023-04-07,在保,曹**,4101****7664,P2023****4
P202302390,沈丽,女,68,410402195611090880,城乡居民,南阳市,2023-01-10,在保,沈*,4104****0880,P2023****0
P202300269,杨敏,女,42,410104198206103488,城乡居民,平顶山市,2021-02-27,在保,杨*,4101****3488,P2023****9
P202300670,胡晨曦,男,69,410103195502139200,灵活就业,安阳市,2020-06-06,在保,胡**,4101****9200,P2023****0
P202304936,郭紫薇,女,59,410103196505201280,城镇职工,鹤壁市,2022-04-23,在保,郭**,4101****1280,P2023****6
P202301911,胡飞,男,81,410702194306276928,城镇职工,郑州市,2020-01-08,在保,胡*,4107****6928,P2023****1
P202303047,郑磊,男,70,410102195402285760,城乡居民,驻马店市,2024-01-22,在保,郑*,4101****5760,P2023****7
P202301153,傅志强,男,38,410302198612054400,城镇职工,驻马店市,2020-10-09,在保,傅**,4103****4400,P2023****3
P202304867,赵雨彤,女,53,410302197103048192,城镇职工,信阳市,2024-03-06,在保,赵**,4103****8192,P2023****7
P202303524,萧霞,女,79,410106194512269760,城乡,鹤壁市,2022-06-03,在保,萧*,4101****9760,P2023****4
P202304513,丁嘉伟,男,39,410402198505219456,城乡居民,安阳市,2024-02-14,退保,丁**,4104****9456,P2023****3
P202303964,魏杰,男,63,410103196101192448,城乡居民,信阳市,2024-01-24,退保,魏*,4101****2448,P2023****4
P202304529,谢敏,女,49,410302197503040064,城乡,驻马店市,2023-01-01,在保,谢*,4103****0064,P2023****9
P202303044,于强,男,54,410106197006156096,城乡居民,新乡市,2020-10-02,在保,于*,4101****6096,P2023****4
P202301916,阎雪,女,40,410302198407182080,城乡居民,驻马店市,2020-10-15,在保,阎*,4103****2080,P2023****6
P202300613,吕娜,女,55,410502196901164672,灵活就业,漯河市,2022-08-18,在保,吕*,4105****4672,P2023****3
P202302451,郑梦瑶,女,33,410105199105278656,城镇职工,平顶山市,2021-11-07,在保,郑**,4101****8656,P2023****1
P202304125,贾艳,女,55,410302196911278976,城乡居民,安阳市,2022-07-01,在保,贾*,4103****8976,P2023****5
P202301899,贾秀英,女,60,410702196404157248,城乡居民,洛阳市,2020-02-01,在保,贾**,4107****7248,P2023****9
P202301650,卢娟,女,95,410106192908132736,城镇职工,信阳市,2021-03-27,在保,卢*,4101****2736,P2023****0
P202302499,胡建国,男,64,410502196007015232,城镇职工,鹤壁市,2021-10-13,在保,胡**,4105****5232,P2023****9
P202300259,萧军,男,57,410102196707118592,城镇职工,南阳市,2023-01-01,在保,萧*,4101****8592,P2023****9
P202300848,邓桂英,女,94,410103193002016064,城乡居民,周口市,2021-01-31,停保,邓**,4101****6064,P2023****8
P202304296,于霞,女,22,410106200201261760,城乡居民,许昌市,2020-09-10,在保,于*,4101****1760,P2023****6
P202301234,丁静,女,95,410502192908167104,城乡居民,商丘市,2020-09-03,在保,丁*,4105****7104,P2023****4
P202301128,黄磊,男,36,410702198802171008,城镇职工,新乡市,2020-07-31,在保,黄*,4107****1008,P2023****8
P202301968,徐国强,男,47,410302197705064064,城乡居民,新乡市,2021-05-07,在保,徐**,4103****4064,P2023****8
P202300559,萧美琳,女,57,410302196701207552,城镇职工,许昌市,2021-10-02,在保,萧**,4103****7552,P2023****9
P202303983,韩晨曦,男,95,410402192906271808,城镇职工,焦作市,2021-08-14,在保,韩**,4104****1808,P2023****3
P202300485,程萍,女,36,410104198808142144,城镇职工,未知,2024-03-20,在保,程*,4101****2144,P2023****5
P202302212,王静,女,60,410105196410097728,城镇职工,开封市,2024-02-09,停保,王*,4101****7728,P2023****2
P202301321,沈永强,男,51,410104197304254080,城镇职工,鹤壁市,2020-11-19,在保,沈**,4101****4080,P2023****1
P202302575,韩静,女,95,410103192911246272,城乡居民,鹤壁市,2020-06-03,在保,韩*,4101****6272,P2023****5
P202300008,郭晓红,女,63,410502196104223296,城乡居民,新乡市,2020-03-06,在保,郭**,4105****3296,P2023****8
P202304408,张嘉伟,男,43,410103198104098816,灵活就业,安阳市,2020-03-09,在保,张**,4101****8816,P2023****8
P202303255,薛玲,女,56,410104196806053952,城职,平顶山市,2024-02-28,在保,薛*,4101****3952,P2023****5
P202301451,李萍,女,55,410302196903128704,灵活就业,新乡市,2022-11-17,在保,李*,4103****8704,P2023****1
P202304059,朱海涛,男,67,410105195711183552,城乡居民,信阳市,2023-02-21,在保,朱**,4101****3552,P2023****9
P202301815,傅永强,男,45,410502197903118784,城镇职工,周口市,2023-09-23,在保,傅**,4105****8784,P2023****5
P202300774,杨斌,男,67,410106195706197440,灵活就业,平顶山市,2023-10-04,在保,杨*,4101****7440,P2023****4
P202301012,许鹏,男,53,410302197103019328,城镇职工,郑州市,2021-04-09,在保,许*,4103****9328,P2023****2
P202303146,马永强,男,58,410202196606160064,灵活就业,周口市,2024-01-09,在保,马**,4102****0064,P2023****6
P202302816,沈慧,女,64,410702196010156416,灵活就业,郑州市,2021-10-08,在保,沈*,4107****6416,P2023****6
P202301992,韩勇,男,63,410103196102109888,城镇职工,安阳市,2021-03-19,在保,韩*,4101****9888,P2023****2
P202301278,魏梦瑶,女,57,410103196707048128,城乡居民,未知,2021-06-18,退保,魏**,4101****8128,P2023****8
P202301784,张婷,女,63,410302196109241856,城镇职工,安阳市,2021-09-13,在保,张*,4103****1856,P2023****4
P202303169,陈莉,女,48,410104197605244608,灵活就业,商丘市,2020-06-23,在保,陈*,4101****4608,P2023****9
P202300447,唐超,男,56,410105196810221696,城乡居民,开封市,2022-07-02,在保,唐*,4101****1696,P2023****7
P202300881,韩晨曦,男,95,410104192904104448,灵活就业,开封市,2023-05-21,在保,韩**,4101****4448,P2023****1
P202304505,苏俊杰,男,46,410502197804022720,灵活就业,郑州市,2020-09-16,在保,苏**,4105****2720,P2023****5
P202300782,张慧,女,25,410502199910246272,城镇职工,新乡市,2024-01-02,在保,张*,4105****6272,P2023****2
P202301750,邓紫薇,女,68,410102195606250048,城乡居民,驻马店市,2020-10-21,在保,邓**,4101****0048,P2023****0
P202303457,罗文彬,男,69,410106195507186112,城乡居民,信阳市,2023-08-25,在保,罗**,4101****6112,P2023****7
P202304932,谢莉,女,10,410103201411064256,灵活就业,洛阳市,2021-04-10,在保,谢*,4101****4256,P2023****2
P202300884,郑雨彤,女,68,410106195607208448,城乡居民,南阳市,2021-05-25,在保,郑**,4101****8448,P2023****4
P202303775,郑敏,女,18,410402200610012032,城乡居民,新乡市,2020-01-29,在保,郑*,4104****2032,P2023****5
P202301092,郭雨彤,女,49,410104197510151232,城镇职工,焦作市,2020-10-30,在保,郭**,4101****1232,P2023****2
P202302998,傅莉,女,27,410302199709055936,城镇职工,信阳市,2020-01-23,在保,傅*,4103****5936,P2023****8
P202300532,曾娟,女,20,410106200402194112,城镇职工,漯河市,2021-03-21,在保,曾*,4101****4112,P2023****2
P202304101,王玲,女,22,410105200206044096,城镇职工,开封市,2022-03-21,在保,王*,4101****4096,P2023****1
P202304245,宋玉兰,女,50,410502197404057472,城乡居民,鹤壁市,2023-05-02,在保,宋**,4105****7472,P2023****5
P202304140,徐梦瑶,女,50,410103197412284224,灵活就业,安阳市,2021-03-29,在保,徐**,4101****4224,P2023****0
P202301728,郑秀兰,女,64,410105196001184960,城乡居民,洛阳市,2023-10-08,在保,郑**,4101****4960,P2023****8
P202300611,黄莉,女,61,410103196303247488,城乡居民,鹤壁市,2024-03-17,在保,黄*,4101****7488,P2023****1
P202300571,蒋国强,男,50,410106197406030528,城乡居民,南阳市,2020-12-31,在保,蒋**,4101****0528,P2023****1
P202304441,赵秀兰,女,25,410402199908288000,城镇职工,商丘市,2022-12-12,在保,赵**,4104****8000,P2023****1
P202304093,周国强,男,47,410502197706260224,城乡居民,郑州市,2024-03-24,在保,周**,4105****0224,P2023****3
P202300344,贾磊,男,40,410103198412010496,城镇职工,信阳市,2024-02-09,在保,贾*,4101****0496,P2023****4
P202303270,蔡慧,女,61,410104196302094400,灵活就业,信阳市,2021-01-10,在保,蔡*,4101****4400,P2023****0
P202303204,薛雪,女,73,410202195103173760,灵活就业,鹤壁市,2023-06-13,在保,薛*,4102****3760,P2023****4
P202300435,马浩然,男,77,410302194707276736,灵活就业,信阳市,2020-11-16,在保,马**,4103****6736,P2023****5
P202301904,朱俊杰,男,56,410105196810151680,城乡居民,新乡市,2021-05-02,在保,朱**,4101****1680,P2023****4
P202303878,朱磊,男,54,410105197007217792,灵活就业,商丘市,2020-05-16,在保,朱*,4101****7792,P2023****8
P202303286,孙雪,女,77,410104194712275456,城乡居民,信阳市,2020-03-14,在保,孙*,4101****5456,P2023****6
P202302070,胡涛,男,66,410104195810262400,城镇职工,开封市,2020-02-03,在保,胡*,4101****2400,P2023****0
P202301538,吴永强,男,40,410502198403287808,城镇职工,信阳市,2022-11-17,退保,吴**,4105****7808,P2023****8
P202302296,薛秀英,女,59,410202196510284608,灵活就业,安阳市,2024-05-09,在保,薛**,4102****4608,P2023****6
P202302989,林飞,男,29,410102199502041920,城镇职工,开封市,2023-01-14,在保,林*,4101****1920,P2023****9
P202301518,丁伟,男,61,410502196302161472,灵活就业,许昌市,2021-09-19,在保,丁*,4105****1472,P2023****8
P202300966,孙玉兰,女,75,410502194909209024,城乡居民,信阳市,2023-04-28,在保,孙**,4105****9024,P2023****6
P202304451,吴艳,女,41,410106198304186944,城乡居民,许昌市,2022-09-13,在保,吴*,4101****6944,P2023****1
P202300529,沈建华,男,54,410502197012093696,城镇职工,信阳市,2022-03-24,在保,沈**,4105****3696,P2023****9
P202300177,董杰,男,50,410402197402267008,灵活就业,商丘市,2021-12-12,在保,董*,4104****7008,P2023****7
P202303553,刘嘉伟,男,56,410702196807247424,城乡居民,焦作市,2021-09-13,在保,刘**,4107****7424,P2023****3
P202302593,马波,男,49,410702197505267904,城乡居民,南阳市,2021-01-11,在保,马*,4107****7904,P2023****3
P202304734,罗飞,男,58,410105196601259200,城镇职工,平顶山市,2024-02-21,在保,罗*,4101****9200,P2023****4
P202300573,杨浩然,男,55,410202196907270720,城镇职工,鹤壁市,2023-02-01,在保,杨**,4102****0720,P2023****3
P202303850,苏勇,男,24,410302200011169536,城镇职工,漯河市,2021-11-08,在保,苏*,4103****9536,P2023****0
P202303860,吴丽,女,46,410104197802016320,城乡居民,焦作市,2023-07-31,在保,吴*,4101****6320,P2023****0
P202302874,蔡斌,男,39,410302198504134528,灵活就业,焦作市,2023-11-27,在保,蔡*,4103****4528,P2023****4
P202303278,李思琪,女,52,410702197205170304,城镇职工,新乡市,2020-07-28,在保,李**,4107****0304,P2023****8
P202302634,彭莉,女,55,410202196909119808,城镇职工,漯河市,2022-10-06,在保,彭*,4102****9808,P2023****4
P202302209,吴丽,女,44,410106198006289472,城镇职工,许昌市,2022-04-14,在保,吴*,4101****9472,P2023****9
P202302615,陈芳,女,60,410202196405167360,城镇职工,漯河市,2023-12-20,在保,陈*,4102****7360,P2023****5
P202302811,许娟,女,47,410702197711084096,城乡居民,许昌市,2020-06-10,在保,许*,4107****4096,P2023****1
P202300384,高天宇,男,40,410106198403043904,灵活就业,周口市,2021-09-18,在保,高**,4101****3904,P2023****4
P202300853,宋涛,男,38,未知,城乡居民,周口市,2021-11-18,在保,宋*,未知,P2023****3
P202301881,高晓红,女,67,410302195703281920,城镇职工,开封市,2020-11-07,在保,高**,4103****1920,P2023****1
P202300371,丁雨彤,女,50,410302197407283584,城乡居民,安阳市,2021-03-22,在保,丁**,4103****3584,P2023****1
P202302423,阎明,男,45,410103197901238592,城镇职工,南阳市,2021-10-20,在保,阎*,4101****8592,P2023****3
P202304368,邓辉,男,50,410104197407135168,城职,南阳市,2021-02-24,在保,邓*,4101****5168,P2023****8
P202301106,蔡秀英,女,31,410202199308059840,城镇职工,商丘市,2022-08-29,在保,蔡**,4102****9840,P2023****6
P202304236,梁杰,男,28,410106199601119296,城镇职工,安阳市,2022-08-27,在保,梁*,4101****9296,P2023****6
P202304024,曾斌,男,64,410102196006094016,城乡居民,新乡市,2023-05-15,在保,曾*,4101****4016,P2023****4
P202301337,李淑珍,女,38,410102198610273984,城乡居民,郑州市,2021-04-06,在保,李**,4101****3984,P2023****7
P202302190,黄语嫣,女,60,410202196409249152,城乡居民,开封市,2022-10-02,在保,黄**,4102****9152,P2023****0
P202304640,谢佳慧,女,0,410104202404163712,灵活就业,驻马店市,2024-04-01,在保,谢**,4101****3712,P2023****0
P202301601,赵霞,女,46,410702197809038528,城乡居民,安阳市,2020-10-10,在保,赵*,4107****8528,P2023****1
P202303611,邓玲,女,50,410202197402288896,城乡居民,焦作市,2022-08-26,在保,邓*,4102****8896,P2023****1
P202303007,杨语嫣,女,58,410102196604023552,城乡居民,驻马店市,2022-07-14,停保,杨**,4101****3552,P2023****7
P202304898,杨思琪,女,29,410202199506185024,城乡居民,新乡市,2020-02-07,在保,杨**,4102****5024,P2023****8
P202301172,何芳,女,55,410202196909230464,城乡居民,新乡市,2021-12-17,在保,何*,4102****0464,P2023****2
P202302645,叶涛,男,30,410104199410263488,城镇职工,安阳市,2022-01-04,在保,叶*,4101****3488,P2023****5
P202304004,高淑珍,女,58,410702196605161792,城乡居民,洛阳市,2023-08-24,在保,高**,4107****1792,P2023****4
P202301423,徐欣怡,女,43,410302198105182912,城镇职工,鹤壁市,2023-03-13,在保,徐**,4103****2912,P2023****3
P202302648,彭勇,男,24,410102200005034176,城乡居民,驻马店市,2023-01-01,在保,彭*,4101****4176,P2023****8
P202304488,赵婷,女,39,410402198508260480,城乡居民,南阳市,2022-09-26,在保,赵*,4104****0480,P2023****8
P202304198,蒋建国,男,21,410106200311125248,城镇职工,漯河市,2021-01-10,在保,蒋**,4101****5248,P2023****8
P202301465,马紫薇,女,39,410102198502163520,城镇职工,周口市,2024-03-27,在保,马**,4101****3520,P2023****5
P202300875,高秀兰,女,49,410302197512183040,城镇职工,周口市,2020-02-17,在保,高**,4103****3040,P2023****5
P202302298,丁桂英,女,75,410104194907280768,城镇职工,许昌市,2020-02-26,在保,丁**,4101****0768,P2023****8
P202303594,谢勇,男,23,410202200102215872,城镇职工,周口市,2022-12-16,在保,谢*,4102****5872,P2023****4
P202304385,程文彬,男,39,410105198502148352,城镇职工,开封市,2020-10-14,在保,程**,4101****8352,P2023****5
P202301252,袁浩然,男,65,410105195908090304,城镇职工,驻马店市,2023-09-10,在保,袁**,4101****0304,P2023****2
P202302707,王浩然,男,52,410102197208031488,城乡居民,郑州市,2020-10-16,在保,王**,4101****1488,P2023****7
P202300841,王淑珍,女,49,410103197510260224,城镇职工,许昌市,2022-05-17,退保,王**,4101****0224,P2023****1
P202303133,彭艳,女,18,410102200608171072,城乡居民,漯河市,2020-05-31,在保,彭*,4101****1072,P2023****3
P202300582,萧佳慧,女,42,410102198209105792,城乡居民,驻马店市,2023-01-02,在保,萧**,4101****5792,P2023****2
P202300205,朱艳,女,25,410106199909232768,城乡居民,洛阳市,2023-06-14,在保,朱*,4101****2768,P2023****5
P202301642,郭娟,女,75,410103194912142592,城乡居民,信阳市,2020-01-03,退保,郭*,4101****2592,P2023****2
P202302015,蒋语嫣,女,64,410103196007016192,灵活就业,新乡市,2023-03-20,在保,蒋**,4101****6192,P2023****5
P202300906,刘海涛,男,50,410105197403031808,灵活就业,驻马店市,2021-02-22,在保,刘**,4101****1808,P2023****6
P202300632,阎凤英,女,77,410402194703216576,城镇职工,漯河市,2020-03-18,在保,阎**,4104****6576,P2023****2
P202304011,梁军,男,50,410402197408164224,城镇职工,周口市,2020-07-01,在保,梁*,4104****4224,P2023****1
P202301975,林慧,女,49,410702197504035584,城乡居民,周口市,2020-11-12,在保,林*,4107****5584,P2023****5
P202300163,林莉,女,70,410103195409120704,城镇职工,驻马店市,2022-11-05,在保,林*,4101****0704,P2023****3
P202303317,谢天宇,男,49,410104197506165824,城乡居民,周口市,2023-03-09,在保,谢**,4101****5824,P2023****7
P202304530,胡淑珍,女,40,410104198409216640,城乡居民,漯河市,2022-05-17,在保,胡**,4101****6640,P2023****0
P202304541,曹雪,女,31,410103199304217536,灵活就业,新乡市,2024-01-03,在保,曹*,4101****7536,P2023****1
P202300618,曹杰,男,63,410102196106039872,城乡居民,周口市,2020-11-11,在保,曹*,4101****9872,P2023****8
P202300876,周勇,男,82,410202194210218176,灵活就业,漯河市,2023-05-29,在保,周*,4102****8176,P2023****6
P202301432,韩浩然,男,64,410105196011025792,城乡居民,洛阳市,2020-02-10,在保,韩**,4101****5792,P2023****2
P202300548,傅晓红,未知,46,410102197804173120,城乡居民,信阳市,2022-03-16,在保,傅**,4101****3120,P2023****8
P202303403,于美琳,女,53,410502197107216896,灵活就业,南阳市,2023-08-16,在保,于**,4105****6896,P2023****3
P202304592,韩美琳,女,53,410302197112048768,城镇职工,南阳市,2022-01-08,在保,韩**,4103****8768,P2023****2
P202304267,胡建华,男,55,410202196911140480,城镇职工,信阳市,2022-09-11,在保,胡**,4102****0480,P2023****7
P202303932,彭雨彤,女,77,410302194706014336,城乡居民,鹤壁市,2024-05-01,在保,彭**,4103****4336,P2023****2
P202302719,苏淑珍,女,39,410105198503018944,灵活就业,洛阳市,2022-10-10,在保,苏**,4101****8944,P2023****9
P202304772,吕娜,女,32,410104199211249152,灵活就业,新乡市,2020-02-15,在保,吕*,4101****9152,P2023****2
P202304123,孙子轩,男,67,410202195712263104,城乡居民,信阳市,2021-02-26,在保,孙**,4102****3104,P2023****3
P202301862,朱俊杰,男,30,410105196006227712,城镇职工,商丘市,2020-11-30,退保,朱**,4101****7712,P2023****2
P202300641,林天宇,男,43,410102198103210496,城乡居民,鹤壁市,2020-07-18,在保,林**,4101****0496,P2023****1
P202303049,曾桂英,女,57,410702196702115456,城乡居民,漯河市,2021-10-22,在保,曾**,4107****5456,P2023****9
P202300638,曹波,男,51,410502197311105088,城镇职工,鹤壁市,2022-07-09,退保,曹*,4105****5088,P2023****8
P202304904,曹永强,男,43,410102198101186560,城镇职工,焦作市,2022-07-24,在保,曹**,4101****6560,P2023****4
P202304800,黄晓红,女,63,410402196106177088,城镇职工,许昌市,2020-10-24,在保,黄**,4104****7088,P2023****0
P202303048,林明,男,43,410702198108270016,城乡居民,周口市,2023-08-18,停保,林*,4107****0016,P2023****8
P202302097,张斌,男,62,未知,城镇职工,郑州市,2023-08-16,在保,张*,未知,P2023****7
P202302527,韩雨彤,女,57,410702196701281216,城乡居民,信阳市,2023-04-15,在保,韩**,4107****1216,P2023****7
P202303139,沈文博,男,58,410302196612052800,城镇职工,信阳市,2024-01-09,在保,沈**,4103****2800,P2023****9
P202303748,韩鹏,男,53,410104197112224704,城乡居民,平顶山市,2022-01-17,在保,韩*,4101****4704,P2023****8
P202302900,朱建华,男,55,410103196910083200,城镇职工,平顶山市,2023-03-17,在保,朱**,4101****3200,P2023****0
P202300922,孙涛,男,31,410104199304099264,城镇职工,信阳市,2023-07-07,停保,孙*,4101****9264,P2023****2
P202300547,高淑珍,女,60,410103196406168896,城乡居民,驻马店市,2020-06-29,在保,高**,4101****8896,P2023****7
P202303740,梁浩然,男,25,410103199907049856,城职,商丘市,2024-04-14,在保,梁**,4101****9856,P2023****0
P202301901,吕莉,女,62,410702196209177984,城乡居民,漯河市,2024-04-14,在保,吕*,4107****7984,P2023****1
P202302029,林秀英,女,53,410103197109022784,灵活就业,商丘市,2023-01-01,在保,林**,4101****2784,P2023****9
P202302302,黄玲,女,32,410502199207195648,城镇职工,郑州市,2022-02-06,在保,黄*,4105****5648,P2023****2
P202301886,董静,女,55,410302196905281664,灵活就业,洛阳市,2020-10-28,在保,董*,4103****1664,P2023****6
P202301643,曾艳,女,48,410104197610068352,城乡居民,洛阳市,2023-10-06,在保,曾*,4101****8352,P2023****3
P202304399,马嘉伟,男,69,410104195501161472,城镇职工,南阳市,2021-01-08,在保,马**,4101****1472,P2023****9
P202304859,蒋志强,男,52,410102197202096896,城乡居民,漯河市,2023-06-13,在保,蒋**,4101****6896,P2023****9
P202302098,赵艳,女,30,410103199404215488,城镇职工,郑州市,2021-07-12,在保,赵*,4101****5488,P2023****8
P202304402,韩宇航,男,69,410402195510211200,灵活就业,郑州市,2022-07-11,退保,韩**,4104****1200,P2023****2
P202303634,朱超,男,63,410702196112224704,城镇职工,许昌市,2022-12-22,在保,朱*,4107****4704,P2023****4
P202304540,冯子轩,男,63,410502196109160256,灵活就业,漯河市,2020-06-13,在保,冯**,4105****0256,P2023****0
P202303352,邓波,男,43,410402198105221312,城乡居民,商丘市,2024-01-28,退保,邓*,4104****1312,P2023****2
P202300837,陈国强,男,77,未知,城镇职工,鹤壁市,2021-04-11,停保,陈**,未知,P2023****7
P202300602,叶勇,男,33,410402199109104000,城乡居民,周口市,2022-07-04,在保,叶*,4104****4000,P2023****2
P202302185,梁梦瑶,女,10,410202201409288384,灵活就业,南阳市,2021-06-27,在保,梁**,4102****8384,P2023****5
P202303942,韩浩,男,72,410402195205246400,城职,郑州市,2022-01-25,在保,韩*,4104****6400,P2023****2
P202302529,蒋玲,女,87,410402193701087296,城乡居民,郑州市,2022-05-11,在保,蒋*,4104****7296,P2023****9
P202304352,丁晨曦,男,50,410502197403282944,灵活就业,洛阳市,2022-05-12,停保,丁**,4105****2944,P2023****2
P202301583,苏建国,男,31,410402199307118208,城镇职工,信阳市,2021-12-11,在保,苏**,4104****8208,P2023****3
P202304311,袁建国,男,50,410702197411283712,城乡居民,洛阳市,2020-08-13,在保,袁**,4107****3712,P2023****1
P202303536,张凤英,女,78,410502194611213056,城乡居民,驻马店市,2024-02-05,在保,张**,4105****3056,P2023****6
P202303227,李建国,男,34,410105199007193856,城镇职工,南阳市,2023-02-26,在保,李**,4101****3856,P2023****7
P202301071,赵勇,男,49,410104197502035072,城镇职工,漯河市,2021-03-01,在保,赵*,4101****5072,P2023****1
P202301776,阎超,男,26,410302199810179712,城镇职工,许昌市,2023-04-26,在保,阎*,4103****9712,P2023****6
P202304858,蔡俊杰,男,67,410103195707219200,城乡,郑州市,2021-04-04,在保,蔡**,4101****9200,P2023****8
P202301284,何淑珍,女,67,410702195702214976,城镇职工,焦作市,2020-06-19,在保,何**,4107****4976,P2023****4
P202303113,王勇,男,44,410106198012181504,城镇职工,驻马店市,2023-01-19,在保,王*,4101****1504,P2023****3
P202304803,董淑珍,女,24,410103200007288448,灵活就业,漯河市,2023-03-24,在保,董**,4101****8448,P2023****3
P202301837,张芳,女,29,410106199510085568,城乡居民,洛阳市,2024-01-04,在保,张*,4101****5568,P2023****7
P202304287,唐丽,女,41,410104198310129536,城乡居民,平顶山市,2024-03-07,在保,唐*,4101****9536,P2023****7
P202301020,许雪,女,57,410302196702197312,城乡居民,驻马店市,2023-03-29,在保,许*,4103****7312,P2023****0
P202303272,曾雪,女,34,410402199006102848,城乡居民,驻马店市,2021-06-12,停保,曾*,4104****2848,P2023****2
P202301327,张紫薇,女,33,410402199104096192,城乡居民,南阳市,2020-05-01,在保,张**,4104****6192,P2023****7
P202300476,程军,男,45,410302197911262272,城镇职工,平顶山市,2021-10-08,在保,程*,4103****2272,P2023****6
P202303517,董志强,男,35,410102198909242816,城镇职工,周口市,2022-03-26,在保,董**,4101****2816,P2023****7
P202301652,郭子轩,男,55,410106196912042816,城镇职工,平顶山市,2021-09-27,在保,郭**,4101****2816,P2023****2
P202304078,魏波,男,13,410104201105090752,灵活就业,南阳市,2022-03-07,在保,魏*,4101****0752,P2023****8
P202304330,薛凤英,女,42,410702198210027520,灵活就业,洛阳市,2022-06-27,在保,薛**,4107****7520,P2023****0
P202304484,高秀兰,女,59,410402196503229568,城镇职工,周口市,2024-03-12,在保,高**,4104****9568,P2023****4
P202302524,吴伟,男,44,410302198002052416,城乡居民,南阳市,2023-10-27,在保,吴*,4103****2416,P2023****4
P202302635,贾紫薇,女,80,410106194403199168,城镇职工,鹤壁市,2022-05-08,在保,贾**,4101****9168,P2023****5
P202301374,叶玲,女,20,410103200402246208,城镇职工,鹤壁市,2022-01-12,在保,叶*,4101****6208,P2023****4
P202300740,罗涛,男,68,410104195608213248,灵活就业,平顶山市,2020-03-10,在保,罗*,4101****3248,P2023****0
P202303692,傅霞,女,65,410106195912061696,城乡居民,周口市,2021-11-12,在保,傅*,4101****1696,P2023****2
P202304785,程建华,男,95,410102192910112576,城镇职工,鹤壁市,2023-08-22,在保,程**,4101****2576,P2023****5
P202300868,高霞,女,56,410202196802108608,城乡居民,驻马店市,2023-01-24,在保,高*,4102****8608,P2023****8
P202301141,赵雨彤,女,44,410104198011195712,城镇职工,新乡市,2021-06-01,在保,赵**,4101****5712,P2023****1
P202300998,傅紫薇,女,61,410702196305071872,城镇职工,开封市,2023-03-17,在保,傅**,4107****1872,P2023****8
P202301338,何文博,男,44,410202198009156672,城镇职工,平顶山市,2023-03-22,停保,何**,4102****6672,P2023****8
P202300542,张晓红,女,29,410105199511121600,城乡居民,洛阳市,2024-02-23,在保,张**,4101****1600,P2023****2
P202301100,郑霞,女,56,410502196802124416,城镇职工,开封市,2022-03-23,在保,郑*,4105****4416,P2023****0
P202301133,萧敏,女,79,410102194510100352,城乡居民,信阳市,2020-03-28,停保,萧*,4101****0352,P2023****3
P202304902,袁辉,男,31,未知,城镇职工,安阳市,2023-04-16,在保,袁*,未知,P2023****2
P202304899,曾斌,男,62,410702196210227776,城镇职工,平顶山市,2023-10-17,停保,曾*,4107****7776,P2023****9
P202302259,黄天宇,男,3,410106202110249728,城镇职工,南阳市,2020-01-09,在保,黄**,4101****9728,P2023****9
P202304066,谢凤英,女,38,410502198610234496,城镇职工,洛阳市,2021-02-02,在保,谢**,4105****4496,P2023****6
P202300060,叶伟,男,67,410105195701201536,灵活就业,开封市,2022-08-27,在保,叶*,4101****1536,P2023****0
P202302943,郭伟,男,61,410105196305180032,城乡居民,鹤壁市,2021-11-14,停保,郭*,4101****0032,P2023****3
P202301939,张辉,男,69,410104195506255744,城镇职工,南阳市,2021-03-30,在保,张*,4101****5744,P2023****9
P202302628,于鹏,男,62,410202196208180416,城镇职工,平顶山市,2022-08-09,在保,于*,4102****0416,P2023****8
P202304987,徐超,男,46,410302197805194560,城镇职工,信阳市,2023-01-29,在保,徐*,4103****4560,P2023****7
P202301079,于美琳,女,77,410702194712098368,城镇职工,周口市,2020-08-08,在保,于**,4107****8368,P2023****9
P202302978,胡天宇,男,34,410102199011029376,城乡居民,商丘市,2024-01-16,在保,胡**,4101****9376,P2023****8
P202304881,马永强,男,67,410105195710216768,城乡居民,商丘市,2020-12-12,在保,马**,4101****6768,P2023****1
P202302536,薛强,男,44,410402198008204608,城乡居民,郑州市,2020-10-18,在保,薛*,4104****4608,P2023****6
P202300941,郭文博,男,26,410402199811272192,城乡居民,安阳市,2023-12-13,退保,郭**,4104****2192,P2023****1
P202301081,彭诗涵,女,43,410502198106130304,灵活就业,开封市,2021-10-22,在保,彭**,4105****0304,P2023****1
P202300188,梁明,男,48,410106197608081472,城乡居民,郑州市,2021-08-17,停保,梁*,4101****1472,P2023****8
P202302687,谢强,男,58,410102196602049216,城乡居民,安阳市,2022-03-12,在保,谢*,4101****9216,P2023****7
P202302086,曹军,男,28,410104199608137664,城镇职工,新乡市,2021-03-27,在保,曹*,4101****7664,P2023****6
P202302250,杨思琪,女,66,410102195811073728,城镇职工,郑州市,2022-04-25,退保,杨**,4101****3728,P2023****0
P202304941,郭永强,男,60,410105196406288960,城乡居民,信阳市,2020-09-24,在保,郭**,4101****8960,P2023****1
P202302024,傅永强,男,26,410104199812039872,城乡居民,商丘市,2023-07-14,在保,傅**,4101****9872,P2023****4
P202303783,赵秀兰,女,31,410302199308099904,城乡居民,信阳市,2023-02-12,停保,赵**,4103****9904,P2023****3
P202301493,吴文博,男,39,410202198506137728,城镇职工,郑州市,2022-11-10,在保,吴**,4102****7728,P2023****3
P202303680,刘雪,女,48,410402197608281344,城乡居民,郑州市,2022-07-08,在保,刘*,4104****1344,P2023****0
P202300227,董文彬,男,51,410102197304240448,城乡居民,信阳市,2021-04-24,在保,董**,4101****0448,P2023****7
P202303371,未知,男,48,410202197605067520,城乡居民,鹤壁市,2022-09-29,在保,未知,4102****7520,P2023****1
P202301930,王娜,女,85,410502193911275264,城镇职工,开封市,2023-11-11,在保,王*,4105****5264,P2023****0
P202303642,邓静,女,46,410402197806082432,城乡居民,鹤壁市,2021-11-09,在保,邓*,4104****2432,P2023****2
P202304535,吕建华,男,63,410202196112092608,灵活就业,信阳市,2023-02-02,在保,吕**,4102****2608,P2023****5
P202301405,王飞,男,67,410102195710193856,城镇职工,开封市,2021-01-21,在保,王*,4101****3856,P2023****5
P202302180,苏飞,男,50,410302197402126464,城乡居民,信阳市,2023-09-25,在保,苏*,4103****6464,P2023****0
P202300698,贾明,男,27,410105199703034368,城镇职工,洛阳市,2020-02-08,在保,贾*,4101****4368,P2023****8
P202301125,刘秀英,女,79,410103194506201024,城镇职工,周口市,2022-09-13,在保,刘**,4101****1024,P2023****5
P202302891,陈辉,男,52,410103197204035456,城镇职工,南阳市,2020-03-07,在保,陈*,4101****5456,P2023****1
P202302979,阎梦瑶,女,59,410202196509271552,城镇职工,鹤壁市,2020-02-21,在保,阎**,4102****1552,P2023****9
P202301779,叶凤英,女,42,410106198205281728,城乡居民,信阳市,2023-12-17,在保,叶**,4101****1728,P2023****9
P202302918,董佳慧,女,62,410702196206027328,城镇职工,郑州市,2021-06-10,停保,董**,4107****7328,P2023****8
P202301038,林艳,女,23,410702200102055808,灵活就业,洛阳市,2020-01-31,在保,林*,4107****5808,P2023****8
P202304218,董凤英,女,41,410102198306123072,城乡居民,周口市,2023-04-12,在保,董**,4101****3072,P2023****8
P202302257,曾佳慧,女,65,410102195907132672,城镇职工,焦作市,2020-07-20,在保,曾**,4101****2672,P2023****7
P202300314,孙明,男,64,410102196007038976,城乡居民,鹤壁市,2021-08-01,在保,孙*,4101****8976,P2023****4
P202302282,黄桂英,女,37,410502198706117632,城乡居民,开封市,2023-01-23,在保,黄**,4105****7632,P2023****2
P202301417,赵浩,男,51,410105197312110720,灵活就业,信阳市,2021-02-27,在保,赵*,4101****0720,P2023****7
P202301037,董佳慧,女,27,未知,城职,郑州市,2023-12-30,在保,董**,未知,P2023****7
P202302160,罗明,男,60,410302196403196224,城镇职工,安阳市,2022-02-09,在保,罗*,4103****6224,P2023****0
P202304206,唐美琳,女,38,410302198610255104,城乡居民,信阳市,2020-11-06,在保,唐**,4103****5104,P2023****6
P202301755,宋宇航,男,59,410702196512242368,城镇职工,南阳市,2024-01-12,在保,宋**,4107****2368,P2023****5
P202303177,吕雨彤,女,23,410105200111133312,城镇职工,开封市,2023-07-03,在保,吕**,4101****3312,P2023****7
P202304304,叶淑珍,女,62,410402196211234688,城乡居民,周口市,2023-11-05,在保,叶**,4104****4688,P2023****4
P202302752,冯思琪,女,78,410402194605027392,城乡居民,驻马店市,2022-10-06,在保,冯**,4104****7392,P2023****2
P202303274,贾飞,男,62,410302196203234624,灵活就业,商丘市,2020-05-11,退保,贾*,4103****4624,P2023****4
P202303414,蒋志强,男,35,410702198906219584,城乡居民,洛阳市,2022-09-18,退保,蒋**,4107****9584,P2023****4
P202303500,杨慧,女,43,410702198102193536,城镇职工,平顶山市,2023-02-11,在保,杨*,4107****3536,P2023****0
P202301507,李娜,女,62,410402196207069952,城乡居民,周口市,2020-03-31,在保,李*,4104****9952,P2023****7
P202301924,周秀兰,女,54,410104197003209664,城镇职工,焦作市,2022-11-15,在保,周**,4101****9664,P2023****4
P202300449,张永强,男,40,410202198407169408,城镇职工,漯河市,2020-04-05,在保,张**,4102****9408,P2023****9
P202302489,宋永强,男,50,410106197402135360,城乡居民,南阳市,2023-11-29,在保,宋**,4101****5360,P2023****9
P202302577,黄佳慧,女,76,410105194812202624,城镇职工,鹤壁市,2022-04-23,在保,黄**,4101****2624,P2023****7
P202301085,胡艳,女,56,410402196808022784,城镇职工,洛阳市,2020-09-11,在保,胡*,4104****2784,P2023****5
P202304991,赵军,男,12,410402201205235968,城乡居民,郑州市,2021-07-26,在保,赵*,4104****5968,P2023****1
P202300362,宋俊杰,男,77,410106194705275008,城乡居民,鹤壁市,2021-04-11,在保,宋**,4101****5008,P2023****2
P202302184,马杰,男,74,410302195005090688,城乡居民,洛阳市,2020-03-12,停保,马*,4103****0688,P2023****4
P202301135,袁秀英,女,45,410104197906217344,城镇职工,焦作市,2022-07-30,在保,袁**,4101****7344,P2023****5
P202303957,蔡文彬,男,48,410302197612083392,灵活就业,周口市,2021-08-05,在保,蔡**,4103****3392,P2023****7
P202302156,程建华,男,38,410102198605275712,城乡居民,开封市,2021-10-09,在保,程**,4101****5712,P2023****6
P202301831,马超,男,62,410106196208102016,灵活就业,开封市,2020-08-21,在保,马*,4101****2016,P2023****1
P202301054,张涛,男,54,410105197007235584,城乡居民,周口市,2022-02-12,在保,张*,4101****5584,P2023****4
P202302461,丁萍,女,51,410502197308135616,城乡居民,焦作市,2023-11-07,在保,丁*,4105****5616,P2023****1
P202300023,萧娟,女,51,410103197308268800,灵活就业,洛阳市,2020-04-13,在保,萧*,4101****8800,P2023****3
P202302067,吴晨曦,男,6,410103201811229952,城乡居民,信阳市,2021-08-08,在保,吴**,4101****9952,P2023****7
P202301654,苏志强,男,43,410102198103013376,灵活就业,南阳市,2023-03-09,在保,苏**,4101****3376,P2023****4
P202302639,曾美琳,女,31,410104199306086528,城乡居民,驻马店市,2021-07-28,在保,曾**,4101****6528,P2023****9
P202303277,谢斌,男,71,410302195303231360,城乡居民,鹤壁市,2020-05-07,退保,谢*,4103****1360,P2023****7
P202303882,萧波,男,53,410105197103108736,灵活就业,驻马店市,2021-05-03,在保,萧*,4101****8736,P2023****2
P202304111,许美琳,女,70,410702195402025280,城乡居民,安阳市,2020-08-12,在保,许**,4107****5280,P2023****1
P202302469,周艳,女,62,410402196211036224,灵活就业,驻马店市,2020-11-01,停保,周*,4104****6224,P2023****9
P202302326,程超,男,62,410302196203148736,城镇职工,信阳市,2021-10-14,在保,程*,4103****8736,P2023****6
P202300461,邓秀兰,女,85,410102193912174400,城镇职工,平顶山市,2022-09-14,在保,邓**,4101****4400,P2023****1
P202301068,薛子轩,男,70,410402195411217984,城镇职工,开封市,2021-05-05,在保,薛**,4104****7984,P2023****8
P202300088,吕紫薇,女,55,410402196901072768,城乡居民,开封市,2021-08-12,在保,吕**,4104****2768,P2023****8
P202301431,魏嘉伟,男,55,410102196903046976,城镇职工,郑州市,2022-02-19,在保,魏**,4101****6976,P2023****1
P202302700,傅慧,女,73,410105195101278976,城乡居民,郑州市,2020-11-06,在保,傅*,4101****8976,P2023****0
P202300283,于军,男,78,410105194605280320,城乡居民,安阳市,2021-12-14,停保,于*,4101****0320,P2023****3
P202302484,韩敏,女,36,410104198812185984,城镇职工,平顶山市,2023-08-26,在保,韩*,4101****5984,P2023****4
P202300463,马文彬,男,37,410302198705070080,灵活就业,周口市,2022-12-06,在保,马**,4103****0080,P2023****3
P202300213,袁桂英,女,67,410103195703054912,城镇职工,漯河市,2021-05-23,在保,袁**,4101****4912,P2023****3
P202303871,袁淑珍,女,24,410502200007257600,城镇职工,许昌市,2022-12-04,退保,袁**,4105****7600,P2023****1
P202301369,刘浩然,男,42,410104198208271616,城镇职工,南阳市,2020-11-22,在保,刘**,4101****1616,P2023****9
P202300235,罗晓红,女,88,410105193612047616,城镇职工,漯河市,2021-05-11,在保,罗**,4101****7616,P2023****5
P202302826,宋天宇,男,80,410105194411209408,城镇职工,驻马店市,2024-04-02,在保,宋**,4101****9408,P2023****6
P202300598,曾秀兰,女,32,410105199209069952,城镇职工,南阳市,2020-05-15,在保,曾**,4101****9952,P2023****8
P202304465,郭莉,女,39,410402198506149760,城镇职工,平顶山市,2022-10-20,退保,郭*,4104****9760,P2023****5
P202302251,袁鹏,男,47,410402197705051264,城乡居民,焦作市,2021-07-10,在保,袁*,4104****1264,P2023****1
P202304109,萧雪,女,46,410106197806278080,城镇职工,鹤壁市,2021-11-19,在保,萧*,4101****8080,P2023****9
P202302284,何静,女,32,410102199211266112,城镇职工,开封市,2021-04-10,在保,何*,4101****6112,P2023****4
P202300663,萧紫薇,女,49,410302197503268928,城镇职工,商丘市,2022-08-08,在保,萧**,4103****8928,P2023****3
P202300795,谢梦瑶,女,30,410104199409148032,城乡居民,开封市,2022-05-28,在保,谢**,4101****8032,P2023****5
P202302286,张超,男,58,410103196601152064,城镇职工,鹤壁市,2022-10-21,在保,张*,4101****2064,P2023****6
P202304765,韩诗涵,女,32,410103199211112000,城镇职工,信阳市,2022-02-14,在保,韩**,4101****2000,P2023****5
P202303259,邓飞,男,71,410103195308106112,城镇职工,平顶山市,2022-01-13,在保,邓*,4101****6112,P2023****9
P202302551,韩凤英,女,21,410702200312134272,城乡居民,南阳市,2020-06-08,在保,韩**,4107****4272,P2023****1
P202303700,曾秀兰,女,45,410402197904030912,城镇职工,周口市,2021-02-25,在保,曾**,4104****0912,P2023****0
P202300780,徐晨曦,男,61,410402196308160192,城镇职工,周口市,2021-05-11,在保,徐**,4104****0192,P2023****0
P202304770,袁浩,男,64,410502196009022976,城乡居民,安阳市,2023-08-02,在保,袁*,4105****2976,P2023****0
P202303495,程浩然,男,59,410106196509237440,城乡居民,平顶山市,2022-02-09,在保,程**,4101****7440,P2023****5
P202303354,蔡梦瑶,女,51,410702197304090304,城乡居民,周口市,2020-06-23,在保,蔡**,4107****0304,P2023****4
P202303263,杨天宇,男,33,410502199106267072,灵活就业,驻马店市,2021-05-27,在保,杨**,4105****7072,P2023****3
P202304885,徐国强,男,61,410302196305270976,城乡居民,周口市,2024-04-13,在保,徐**,4103****0976,P2023****5
P202300686,程语嫣,女,62,410202196202197760,城乡居民,洛阳市,2020-01-14,在保,程**,4102****7760,P2023****6
P202303415,吕永强,男,40,410105198408049408,城镇职工,安阳市,2024-04-28,在保,吕**,4101****9408,P2023****5
P202302803,叶静,女,56,410105196810124096,城乡居民,开封市,2024-02-28,在保,叶*,4101****4096,P2023****3
P202304473,贾文博,男,73,410402195108204480,城镇职工,郑州市,2021-11-01,在保,贾**,4104****4480,P2023****3
P202302172,萧莉,女,48,410202197603188800,城镇职工,漯河市,2022-05-16,在保,萧*,4102****8800,P2023****2
P202303751,张秀英,女,39,410102198510276288,城乡居民,开封市,2023-07-18,在保,张**,4101****6288,P2023****1
P202301851,胡波,男,38,410106198610130944,城乡居民,漯河市,2020-11-19,在保,胡*,4101****0944,P2023****1
P202300488,曹玲,女,30,410702199401131008,城镇职工,郑州市,2021-03-17,在保,曹*,4107****1008,P2023****8
P202301689,傅志强,男,55,410105196909073856,城乡居民,驻马店市,2023-08-19,在保,傅**,4101****3856,P2023****9
P202302231,梁磊,男,37,410502198711127104,城乡居民,焦作市,2022-10-23,在保,梁*,4105****7104,P2023****1
P202304940,苏丽,女,24,410502200011160384,城乡居民,焦作市,2020-11-04,在保,苏*,4105****0384,P2023****0
P202302321,曾斌,男,57,410502196701125760,城镇职工,商丘市,2021-04-17,在保,曾*,4105****5760,P2023****1
P202300783,于国强,男,56,410103196805214272,城镇职工,洛阳市,2022-10-10,在保,于**,4101****4272,P2023****3
P202300522,沈海涛,男,59,410402196509207168,城乡居民,安阳市,2020-04-10,在保,沈**,4104****7168,P2023****2
P202300523,王嘉伟,男,38,410402198602158208,灵活就业,焦作市,2023-02-16,在保,王**,4104****8208,P2023****3
P202302896,袁永强,男,95,410104192906173824,城镇职工,安阳市,2022-05-06,在保,袁**,4101****3824,P2023****6
P202304031,魏慧,女,65,410302195910088384,城镇职工,商丘市,2020-03-07,在保,魏*,4103****8384,P2023****1
P202302399,阎霞,女,53,410105197107277184,城乡居民,鹤壁市,2022-11-10,在保,阎*,4101****7184,P2023****9
P202302208,赵涛,男,56,410302196810027648,城乡居民,信阳市,2020-06-03,在保,赵*,4103****7648,P2023****8
P202303906,贾淑珍,女,44,410302198002198784,城乡居民,开封市,2021-07-02,在保,贾**,4103****8784,P2023****6
P202303623,马梦瑶,女,14,410502201010238336,城乡居民,许昌市,2021-09-06,在保,马**,4105****8336,P2023****3
P202303811,沈萍,女,32,410402199209056064,城乡居民,驻马店市,2022-09-25,退保,沈*,4104****6064,P2023****1
P202302880,沈文博,男,46,410102197807124096,城镇职工,许昌市,2022-11-02,在保,沈**,4101****4096,P2023****0
P202301512,郑紫薇,女,46,410402197811184192,城镇职工,南阳市,2020-06-26,在保,郑**,4104****4192,P2023****2
P202301883,杨杰,男,27,410103199702129344,城镇职工,鹤壁市,2021-05-29,在保,杨*,4101****9344,P2023****3
P202300652,薛强,男,70,410104195403260288,灵活就业,驻马店市,2020-08-25,在保,薛*,4101****0288,P2023****2
P202302844,梁萍,女,28,410702199610060352,城镇职工,新乡市,2022-09-10,在保,梁*,4107****0352,P2023****4
P202303814,张娜,女,51,410402197303104256,城镇职工,新乡市,2023-04-11,在保,张*,4104****4256,P2023****4
P202300370,程嘉伟,男,36,410104198810260096,城镇职工,安阳市,2023-05-30,在保,程**,4101****0096,P2023****0
P202304386,邓伟,男,42,410702198204150720,城乡居民,洛阳市,2023-07-03,在保,邓*,4107****0720,P2023****6
P202300119,黄永强,男,70,410104195401128064,灵活就业,周口市,2021-10-25,在保,黄**,4101****8064,P2023****9
P202303886,马海涛,男,59,410103196503272064,城乡居民,洛阳市,2022-02-18,在保,马**,4101****2064,P2023****6
P202303097,唐艳,女,68,410105195602170496,灵活就业,新乡市,2023-04-20,停保,唐*,4101****0496,P2023****7
P202302217,许美琳,女,42,410106198212208192,城镇职工,漯河市,2022-04-27,在保,许**,4101****8192,P2023****7
P202303613,冯欣怡,女,46,410202197811223360,城乡居民,周口市,2020-02-20,在保,冯**,4102****3360,P2023****3
P202301614,张玲,女,48,410302197610219904,城镇职工,信阳市,2022-05-04,停保,张*,4103****9904,P2023****4
P202304074,邓辉,男,47,410202197705032960,城镇职工,驻马店市,2023-07-25,在保,邓*,4102****2960,P2023****4
P202300963,陈桂英,女,53,410202197106252800,城乡居民,鹤壁市,2021-04-07,在保,陈**,4102****2800,P2023****3
P202302511,胡伟,男,58,410104196610118080,城乡居民,鹤壁市,2022-03-22,在保,胡*,4101****8080,P2023****1
P202303618,萧伟,男,44,410106198008021120,城乡,焦作市,2023-12-12,在保,萧*,4101****1120,P2023****8
P202302881,魏霞,女,9,410502201506216704,城镇职工,焦作市,2021-05-18,在保,魏*,4105****6704,P2023****1
P202303514,曹波,男,18,410302200606204032,城乡居民,许昌市,2021-11-16,在保,曹*,4103****4032,P2023****4
P202303095,何莉,女,34,410302199007175296,城镇职工,信阳市,2022-02-02,在保,何*,4103****5296,P2023****5
P202302416,董文彬,男,54,410103197009145856,城镇职工,信阳市,2020-11-09,在保,董**,4101****5856,P2023****6
P202304702,吕娜,女,23,410502200105181696,城镇职工,洛阳市,2022-07-01,在保,吕*,4105****1696,P2023****2
P202304281,阎强,男,87,410106193706076032,城乡居民,郑州市,2021-07-13,在保,阎*,4101****6032,P2023****1
P202302186,黄娜,女,77,410502194709011392,城镇职工,新乡市,2020-01-17,在保,黄*,4105****1392,P2023****6
P202304363,林娟,女,54,410105197006218496,城镇职工,信阳市,2021-05-24,在保,林*,4101****8496,P2023****3
P202302568,苏婷,女,61,410106196303117824,城镇职工,鹤壁市,2020-04-18,在保,苏*,4101****7824,P2023****8
P202302038,萧雪,女,40,410402198407025792,城乡居民,信阳市,2021-03-17,在保,萧*,4104****5792,P2023****8
P202304306,冯婷,女,21,410702200301223360,城镇职工,南阳市,2023-08-22,在保,冯*,4107****3360,P2023****6
P202300773,郑霞,女,61,410502196301047616,城乡居民,开封市,2021-01-08,在保,郑*,4105****7616,P2023****3
P202301285,罗玲,女,35,410402198911150272,城乡居民,周口市,2023-04-12,在保,罗*,4104****0272,P2023****5
P202304650,叶淑珍,女,45,410502197909236928,灵活就业,新乡市,2024-02-16,在保,叶**,4105****6928,P2023****0
P202304786,郭美琳,女,44,410202198002286272,城镇职工,周口市,2020-09-10,停保,郭**,4102****6272,P2023****6
P202304622,卢明,男,81,410302194306025792,城镇职工,商丘市,2023-08-03,在保,卢*,4103****5792,P2023****2
P202301415,卢飞,男,38,410502198601029888,城乡居民,南阳市,2021-01-20,在保,卢*,4105****9888,P2023****5
P202301235,卢玉兰,女,35,410202198908256896,城镇职工,许昌市,2022-05-18,在保,卢**,4102****6896,P2023****5
P202303478,郑雨彤,女,12,410106201204070720,城乡居民,平顶山市,2023-06-08,停保,郑**,4101****0720,P2023****8
P202300436,薛波,男,51,410502197305211456,城乡居民,商丘市,2024-02-02,在保,薛*,4105****1456,P2023****6
P202301675,何辉,男,79,410104194503024384,城镇职工,鹤壁市,2021-02-24,在保,何*,4101****4384,P2023****5
P202300366,刘晓红,女,42,410105198205128448,城镇职工,驻马店市,2022-03-23,在保,刘**,4101****8448,P2023****6
P202304906,宋超,男,66,410202195811145088,灵活就业,许昌市,2023-11-09,在保,宋*,4102****5088,P2023****6
P202300232,刘雪,女,53,410302197109171392,城镇职工,新乡市,2021-06-06,在保,刘*,4103****1392,P2023****2
P202304312,沈志强,男,18,410103200606162496,城乡居民,平顶山市,2020-06-26,停保,沈**,4101****2496,P2023****2
P202300148,苏海涛,男,26,410202199802186944,城镇职工,安阳市,2021-05-31,在保,苏**,4102****6944,P2023****8
P202304444,郑斌,男,62,410502196201166400,城乡居民,开封市,2021-03-02,在保,郑*,4105****6400,P2023****4
P202300408,张晨曦,男,47,410104197712247360,城镇职工,洛阳市,2021-06-04,在保,张**,4101****7360,P2023****8
P202302091,陈萍,女,55,410202196904267008,城乡居民,信阳市,2021-06-11,在保,陈*,4102****7008,P2023****1
P202300087,梁敏,女,66,410302195809270016,灵活就业,信阳市,2022-04-26,在保,梁*,4103****0016,P2023****7
P202300845,周强,男,52,410402197201106240,灵活就业,洛阳市,2020-07-27,在保,周*,4104****6240,P2023****5
P202301032,傅涛,男,19,410102200504090880,城乡居民,周口市,2020-04-01,在保,傅*,4101****0880,P2023****2
P202302684,贾建华,男,63,410402196112246528,城乡居民,许昌市,2021-02-27,在保,贾**,4104****6528,P2023****4
P202304609,林明,男,62,410106196207257216,城镇职工,洛阳市,2021-09-28,在保,林*,4101****7216,P2023****9
P202302779,魏明,男,48,410106197603163712,城镇职工,信阳市,2022-02-14,在保,魏*,4101****3712,P2023****9
P202303296,宋飞,男,30,410302199409207424,城镇职工,周口市,2022-07-10,停保,宋*,4103****7424,P2023****6
P202302907,林欣怡,女,42,410202198205048000,城乡居民,许昌市,2021-01-11,在保,林**,4102****8000,P2023****7
P202300856,郑伟,男,39,410104198505152000,城乡居民,漯河市,2024-04-16,在保,郑*,4101****2000,P2023****6
P202300079,贾萍,女,51,410102197304107264,城乡居民,许昌市,2022-07-18,在保,贾*,4101****7264,P2023****9
P202302248,丁佳慧,女,26,410202199812264064,城镇职工,鹤壁市,2020-09-23,在保,丁**,4102****4064,P2023****8
P202304616,李建国,男,44,410402198009173184,城乡居民,信阳市,2023-02-27,在保,李**,4104****3184,P2023****6
P202303730,叶涛,男,8,410102201605269824,城乡居民,驻马店市,2020-07-26,在保,叶*,4101****9824,P2023****0
P202304088,丁勇,男,51,410702197302089088,城镇职工,安阳市,2021-05-03,在保,丁*,4107****9088,P2023****8
P202302969,黄浩,男,17,410702200707040192,城镇职工,信阳市,2021-12-13,在保,黄*,4107****0192,P2023****9
P202302280,贾玲,女,58,410105196604228864,城镇职工,鹤壁市,2021-11-06,在保,贾*,4101****8864,P2023****0
P202302650,郑浩然,男,66,410105195802272384,城镇职工,开封市,2022-10-21,在保,郑**,4101****2384,P2023****0
P202304202,谢思琪,女,30,410402199408152192,城镇职工,漯河市,2024-01-19,在保,谢**,4104****2192,P2023****2
P202303947,蒋勇,男,59,410106196502170240,城镇职工,鹤壁市,2021-07-22,在保,蒋*,4101****0240,P2023****7
P202303497,沈晓红,女,64,410103196010085120,城镇职工,平顶山市,2021-02-08,停保,沈**,4101****5120,P2023****7
P202302177,张鹏,男,21,410104200305077312,城镇职工,新乡市,2022-03-31,在保,张*,4101****7312,P2023****7
P202300425,曹佳慧,女,61,410202196302267264,城乡居民,驻马店市,2021-03-26,退保,曹**,4102****7264,P2023****5
P202300393,吴秀英,女,26,410103199812241024,城乡居民,商丘市,2021-04-18,在保,吴**,4101****1024,P2023****3
P202304775,周娟,女,8,410105201607124608,城镇职工,新乡市,2022-06-24,在保,周*,4101****4608,P2023****5
P202303484,袁勇,男,48,410106197610280448,城乡居民,新乡市,2020-08-28,在保,袁*,4101****0448,P2023****4
P202300105,沈文博,男,47,410102197710245056,城乡居民,平顶山市,2021-04-16,在保,沈**,4101****5056,P2023****5
P202303033,程强,男,58,410103196610239232,灵活就业,驻马店市,2022-04-01,退保,程*,4101****9232,P2023****3
P202302623,胡建国,男,51,410103197306288128,城乡居民,开封市,2021-04-14,在保,胡**,4101****8128,P2023****3
P202303201,周永强,男,53,410702197109196352,城乡居民,郑州市,2023-11-07,退保,周**,4107****6352,P2023****1
P202303896,袁霞,女,68,410702195608027520,城镇职工,驻马店市,2023-09-03,在保,袁*,4107****7520,P2023****6
P202301949,贾秀英,女,70,410102195402221376,城乡居民,信阳市,2021-10-04,在保,贾**,4101****1376,P2023****9
P202301460,未知,男,62,410105196204027328,城乡居民,南阳市,2021-10-18,在保,未知,4101****7328,P2023****0
P202303324,曾波,男,54,410106197006061952,城乡居民,鹤壁市,2023-03-18,在保,曾*,4101****1952,P2023****4
P202302861,沈婷,女,40,410106198406259328,城镇职工,商丘市,2021-11-17,在保,沈*,4101****9328,P2023****1
P202302760,刘浩,男,61,410104196310252032,城镇职工,郑州市,2023-11-28,在保,刘*,4101****2032,P2023****0
P202304839,邓雪,女,74,410104195002091264,灵活就业,洛阳市,2020-03-21,在保,邓*,4101****1264,P2023****9
P202301588,徐文博,男,43,410402198102084800,城镇职工,漯河市,2023-10-09,在保,徐**,4104****4800,P2023****8
P202303733,林静,女,13,410106201106233856,城镇职工,洛阳市,2022-11-10,在保,林*,4101****3856,P2023****3
P202301732,陈娜,女,43,410302198109070784,城镇职工,商丘市,2021-01-30,在保,陈*,4103****0784,P2023****2
P202304814,赵敏,女,35,410202198910152256,城乡居民,开封市,2021-11-03,在保,赵*,4102****2256,P2023****4
P202303787,沈艳,女,55,410103196907242752,灵活就业,商丘市,2023-10-04,在保,沈*,4101****2752,P2023****7
P202303755,吴思琪,女,37,410302198702268736,灵活就业,周口市,2021-06-25,在保,吴**,4103****8736,P2023****5
P202301792,梁勇,男,52,410502197211244672,城乡居民,漯河市,2023-09-08,在保,梁*,4105****4672,P2023****2
P202302356,马建华,男,54,410106197005252736,城镇职工,平顶山市,2022-10-13,在保,马**,4101****2736,P2023****6
P202301941,唐文博,男,55,410502196907027648,城镇职工,信阳市,2021-01-31,在保,唐**,4105****7648,P2023****1
P202300703,魏军,男,37,410502198712163776,灵活就业,开封市,2022-06-19,在保,魏*,4105****3776,P2023****3
P202302443,谢志强,男,26,410402199801079296,城乡居民,驻马店市,2022-04-01,在保,谢**,4104****9296,P2023****3
P202304461,彭浩然,男,71,410105195312084672,城乡居民,漯河市,2021-01-03,在保,彭**,4101****4672,P2023****1
P202300497,罗娟,女,31,410106199308211264,城镇职工,驻马店市,2020-12-15,在保,罗*,4101****1264,P2023****7
P202300465,许秀兰,女,47,410702197705224064,城乡居民,南阳市,2023-02-04,在保,许**,4107****4064,P2023****5
P202303102,袁子轩,男,65,410702195910188608,城乡居民,周口市,2022-10-12,在保,袁**,4107****8608,P2023****2
P202304378,阎国强,男,86,410502193808166208,城镇职工,新乡市,2022-03-20,在保,阎**,4105****6208,P2023****8
P202300173,李勇,男,48,410402197601050688,城乡居民,平顶山市,2023-08-14,在保,李*,4104****0688,P2023****3
P202304457,彭秀英,女,29,410502199507151680,城乡居民,信阳市,2022-09-10,在保,彭**,4105****1680,P2023****7
P202304846,李宇航,男,59,410102196501011584,城乡居民,平顶山市,2022-08-17,在保,李**,4101****1584,P2023****6
P202302541,傅紫薇,女,37,410102198703198464,城乡居民,焦作市,2023-02-19,在保,傅**,4101****8464,P2023****1
P202304810,薛梦瑶,女,42,410502198202277760,城镇职工,平顶山市,2022-11-03,在保,薛**,4105****7760,P2023****0
P202303011,蔡梦瑶,女,48,410105197602217792,城乡居民,平顶山市,2021-04-29,在保,蔡**,4101****7792,P2023****1
P202302261,赵文彬,男,57,410702196710209344,城镇职工,洛阳市,2020-07-02,在保,赵**,4107****9344,P2023****1
P202302113,傅晨曦,男,50,410502197410136896,城镇职工,新乡市,2022-09-17,在保,傅**,4105****6896,P2023****3
P202300901,高伟,男,56,410103196805087552,城乡居民,平顶山市,2021-05-13,在保,高*,4101****7552,P2023****1
P202301447,黄永强,男,40,410402198402250432,灵活就业,漯河市,2022-02-19,在保,黄**,4104****0432,P2023****7
P202304951,郑佳慧,女,54,410702197010219904,城镇职工,商丘市,2022-03-25,在保,郑**,4107****9904,P2023****1
P202300742,郑斌,男,26,410502199812114624,城乡居民,平顶山市,2020-04-16,在保,郑*,4105****4624,P2023****2
P202302294,何建国,男,35,410502198907196928,灵活就业,开封市,2020-04-27,在保,何**,4105****6928,P2023****4
P202302453,韩芳,女,48,410302197602264320,城镇职工,安阳市,2023-01-14,在保,韩*,4103****4320,P2023****3
P202302806,蒋淑珍,女,18,410106200605264000,灵活就业,开封市,2022-10-09,在保,蒋**,4101****4000,P2023****6
P202304129,马晓红,女,36,410102198805029888,城镇职工,焦作市,2022-02-11,退保,马**,4101****9888,P2023****9
P202301207,魏伟,男,37,410103198712119360,城乡居民,平顶山市,2024-04-17,在保,魏*,4101****9360,P2023****7
P202300510,邓永强,男,35,410402198907229824,灵活就业,漯河市,2021-10-23,在保,邓**,4104****9824,P2023****0
P202304197,何文博,男,69,410102195510234048,城乡居民,洛阳市,2023-07-19,在保,何**,4101****4048,P2023****7
P202302673,梁伟,男,54,410702197003194304,灵活就业,南阳市,2022-12-29,停保,梁*,4107****4304,P2023****3
P202302860,何莉,女,53,410104197104107072,灵活就业,焦作市,2023-06-04,停保,何*,4101****7072,P2023****0
P202303401,贾超,男,58,410104196602205248,城镇职工,平顶山市,2023-04-06,在保,贾*,4101****5248,P2023****1
P202301550,孙美琳,女,72,410402195206084032,城乡居民,许昌市,2021-07-08,停保,孙**,4104****4032,P2023****0
P202303334,唐思琪,女,60,410104196404077056,城乡居民,郑州市,2020-02-29,在保,唐**,4101****7056,P2023****4
P202302203,罗波,男,62,410103196212132224,城乡居民,信阳市,2020-01-25,在保,罗*,4101****2224,P2023****3
P202302567,徐梦瑶,女,32,410102199208265600,城镇职工,驻马店市,2022-07-23,在保,徐**,4101****5600,P2023****7
P202302733,傅国强,男,60,410106196403224320,灵活就业,新乡市,2022-08-29,退保,傅**,4101****4320,P2023****3
P202302045,曹淑珍,女,35,410402198910159424,城镇职工,漯河市,2020-07-01,在保,曹**,4104****9424,P2023****5
P202300768,郑永强,男,81,410202194309075008,城镇职工,漯河市,2022-03-05,在保,郑**,4102****5008,P2023****8
P202304923,卢勇,男,60,410702196411204736,城镇职工,许昌市,2020-06-27,在保,卢*,4107****4736,P2023****3
P202303812,谢玲,女,57,410104196703014400,城乡居民,商丘市,2023-12-04,在保,谢*,4101****4400,P2023****2
P202300422,叶莉,女,81,410702194304257408,城乡居民,安阳市,2022-07-08,在保,叶*,4107****7408,P2023****2
P202300124,赵佳慧,女,24,410502200012282176,城乡居民,信阳市,2021-04-12,在保,赵**,4105****2176,P2023****4
P202304205,袁伟,男,51,410302197302225920,灵活就业,郑州市,2022-09-12,在保,袁*,4103****5920,P2023****5
P202302681,蒋勇,男,62,未知,城乡居民,洛阳市,2020-10-10,停保,蒋*,未知,P2023****1
P202300820,杨敏,女,69,410502195503101440,灵活就业,安阳市,2024-04-22,在保,杨*,4105****1440,P2023****0
P202301404,李美琳,女,62,410502196201223808,城乡居民,开封市,2020-01-04,退保,李**,4105****3808,P2023****4
P202301383,阎诗涵,女,88,410402193602113600,城镇职工,驻马店市,2024-02-24,在保,阎**,4104****3600,P2023****3
P202302149,唐军,男,48,410202197608126272,灵活就业,信阳市,2020-05-16,在保,唐*,4102****6272,P2023****9
P202301576,徐婷,女,49,410104197501070784,灵活就业,焦作市,2021-09-03,在保,徐*,4101****0784,P2023****6
P202301639,苏宇航,男,87,410105193712231296,城镇职工,许昌市,2023-10-29,在保,苏**,4101****1296,P2023****9
P202301796,蒋语嫣,女,36,410106198804185600,城乡居民,新乡市,2020-12-07,在保,蒋**,4101****5600,P2023****6
P202304865,杨梦瑶,女,48,410106197604098368,城乡居民,新乡市,2022-04-14,在保,杨**,4101****8368,P2023****5
P202300400,蒋文博,男,72,410502195212236352,城镇职工,南阳市,2023-09-17,在保,蒋**,4105****6352,P2023****0
P202302311,沈军,男,44,410105198006210496,城乡居民,平顶山市,2023-02-27,在保,沈*,4101****0496,P2023****1
P202300883,邓飞,男,41,410402198308155904,灵活就业,许昌市,2020-07-05,在保,邓*,4104****5904,P2023****3
P202300643,宋佳慧,女,45,410302197906049984,城乡居民,驻马店市,2020-10-08,在保,宋**,4103****9984,P2023****3
P202304627,傅莉,女,37,410103198710221632,灵活就业,平顶山市,2022-12-31,在保,傅*,4101****1632,P2023****7
P202301353,杨斌,男,59,410103196508154240,灵活就业,信阳市,2020-10-02,停保,杨*,4101****4240,P2023****3
P202304347,蔡斌,男,49,410202197505116672,城镇职工,驻马店市,2021-12-21,在保,蔡*,4102****6672,P2023****7
P202304596,朱美琳,女,52,410302197210071744,城乡居民,信阳市,2023-07-21,在保,朱**,4103****1744,P2023****6
P202302131,李俊杰,男,57,410106196709272576,城乡居民,驻马店市,2020-08-01,在保,李**,4101****2576,P2023****1
P202300983,周勇,男,32,410102199211080512,城镇职工,南阳市,2023-05-07,在保,周*,4101****0512,P2023****3
P202300457,程丽,女,48,410302197610058112,城镇职工,鹤壁市,2024-04-20,在保,程*,4103****8112,P2023****7
P202303602,黄娟,女,37,410103198701207680,城镇职工,漯河市,2020-10-13,在保,黄*,4101****7680,P2023****2
P202301080,胡莉,女,65,410103195908069120,城镇职工,驻马店市,2021-06-02,在保,胡*,4101****9120,P2023****0
P202301951,郑宇航,男,18,410702200605156480,城乡居民,焦作市,2020-03-06,在保,郑**,4107****6480,P2023****1
P202304359,赵敏,女,60,410105196408211072,城乡居民,商丘市,2023-10-12,在保,赵*,4101****1072,P2023****9
P202300690,陈萍,女,57,410702196708194432,城乡居民,商丘市,2023-11-05,在保,陈*,4107****4432,P2023****0
P202302430,唐紫薇,女,43,410102198104173824,城镇职工,驻马店市,2022-03-28,在保,唐**,4101****3824,P2023****0
P202300642,曾磊,男,80,410103194402166080,城乡居民,新乡市,2020-05-09,在保,曾*,4101****6080,P2023****2
P202302393,胡思琪,女,23,410106200105092224,灵活就业,平顶山市,2023-05-03,在保,胡**,4101****2224,P2023****3
P202301954,阎欣怡,女,38,410702198602012864,城镇职工,开封市,2020-03-05,停保,阎**,4107****2864,P2023****4
P202302804,阎凤英,女,31,410102199306125056,城乡居民,信阳市,2020-07-20,在保,阎**,4101****5056,P2023****4
P202303299,罗辉,男,29,410106199512224448,城乡居民,许昌市,2021-04-12,在保,罗*,4101****4448,P2023****9
P202303504,杨伟,男,50,410502197407048192,灵活就业,平顶山市,2021-05-27,在保,杨*,4105****8192,P2023****4
P202302711,邓语嫣,女,35,410106198905010176,城镇职工,许昌市,2022-01-20,在保,邓**,4101****0176,P2023****1
P202303405,魏萍,女,57,410102196704173440,城镇职工,安阳市,2020-10-27,停保,魏*,4101****3440,P2023****5
P202304816,傅伟,男,45,410106197911010624,城乡居民,开封市,2024-05-15,停保,傅*,4101****0624,P2023****6
P202302991,蒋思琪,女,77,410103194709087936,城乡居民,南阳市,2020-10-22,在保,蒋**,4101****7936,P2023****1
P202301885,傅静,女,49,410103197503196096,城镇职工,信阳市,2020-01-28,停保,傅*,4101****6096,P2023****5
P202300390,冯俊杰,男,39,410502198512201216,灵活就业,洛阳市,2020-08-05,在保,冯**,4105****1216,P2023****0
P202302495,梁桂英,女,27,410202199708121024,城乡居民,安阳市,2022-08-21,在保,梁**,4102****1024,P2023****5
P202303182,沈军,男,59,未知,灵活就业,郑州市,2023-05-26,在保,沈*,未知,P2023****2
P202304728,唐波,男,41,410102198301188928,城镇职工,漯河市,2023-05-22,在保,唐*,4101****8928,P2023****8
P202300846,马文博,男,58,410103196610254208,城镇职工,鹤壁市,2023-05-12,在保,马**,4101****4208,P2023****6
P202300543,马伟,男,59,410103196505154816,城镇职工,焦作市,2021-03-04,在保,马*,4101****4816,P2023****3
P202300092,陈辉,男,67,410302195706265216,城乡居民,鹤壁市,2020-01-06,在保,陈*,4103****5216,P2023****2
P202303967,胡玉兰,女,55,410103196902021440,城乡居民,周口市,2021-02-22,在保,胡**,4101****1440,P2023****7
P202301980,蔡勇,男,57,410102196703026496,城乡居民,郑州市,2021-07-21,停保,蔡*,4101****6496,P2023****0
P202304808,彭俊杰,男,61,410702196303235200,城乡居民,洛阳市,2021-09-06,在保,彭**,4107****5200,P2023****8
P202304727,罗凤英,女,53,410105197102211008,灵活就业,驻马店市,2022-12-29,在保,罗**,4101****1008,P2023****7
P202303253,杨伟,男,61,410104196310163712,灵活就业,平顶山市,2023-05-20,在保,杨*,4101****3712,P2023****3
P202302530,袁萍,女,29,410502199512282304,城镇职工,焦作市,2021-12-26,在保,袁*,4105****2304,P2023****0
P202301677,萧丽,女,71,410202195301027840,城乡居民,平顶山市,2020-02-25,在保,萧*,4102****7840,P2023****7
P202301049,郭波,男,76,410402194807172224,城镇职工,开封市,2020-04-20,在保,郭*,4104****2224,P2023****9
P202301961,宋飞,男,49,410104197511128448,城镇职工,洛阳市,2022-10-07,在保,宋*,4101****8448,P2023****1
P202302531,曹浩,男,58,410103196603278272,城镇职工,洛阳市,2021-10-23,在保,曹*,4101****8272,P2023****1
P202304689,阎玉兰,女,24,410202200002245952,城镇职工,南阳市,2022-08-03,在保,阎**,4102****5952,P2023****9
P202300238,张莉,女,53,410104197101095680,灵活就业,周口市,2024-01-14,在保,张*,4101****5680,P2023****8
P202303027,胡飞,男,53,410302197106251456,城镇职工,安阳市,2020-07-04,在保,胡*,4103****1456,P2023****7
P202303559,谢莉,女,47,410202197705231232,灵活就业,新乡市,2022-11-19,在保,谢*,4102****1232,P2023****9
P202301134,周凤英,女,58,410402196605011648,灵活就业,驻马店市,2022-10-27,在保,周**,4104****1648,P2023****4
P202301806,黄凤英,女,21,410104200304287488,城镇职工,漯河市,2020-07-10,在保,黄**,4101****7488,P2023****6
P202304478,郑晓红,女,63,410502196103135040,城乡居民,南阳市,2021-10-29,停保,郑**,4105****5040,P2023****8
P202300164,韩文博,男,35,410302198906097664,城乡居民,焦作市,2020-05-18,在保,韩**,4103****7664,P2023****4
P202303862,沈淑珍,女,35,410502198905014720,灵活就业,商丘市,2023-08-16,在保,沈**,4105****4720,P2023****2
P202304758,高俊杰,男,73,410102195105075008,城乡居民,洛阳市,2023-07-04,在保,高**,4101****5008,P2023****8
P202303412,王佳慧,女,42,410103198201200128,城镇职工,驻马店市,2022-11-29,在保,王**,4101****0128,P2023****2
P202304715,曾敏,女,51,410105197309158144,灵活就业,信阳市,2021-02-28,在保,曾*,4101****8144,P2023****5
P202303266,叶强,男,84,410104194011284288,灵活就业,开封市,2021-12-09,在保,叶*,4101****4288,P2023****6
P202303708,王秀英,女,74,410106195002071232,城镇职工,焦作市,2022-01-20,在保,王**,4101****1232,P2023****8
P202304017,薛凤英,女,41,410104198304197120,城乡居民,漯河市,2024-03-29,在保,薛**,4101****7120,P2023****7
P202301812,黄文彬,男,52,410402197203243520,城乡居民,平顶山市,2022-06-15,停保,黄**,4104****3520,P2023****2
P202303174,程永强,男,63,410502196104031744,城乡居民,新乡市,2024-01-06,在保,程**,4105****1744,P2023****4
P202303214,曾丽,女,77,410105194712235136,城镇职工,安阳市,2020-01-28,在保,曾*,4101****5136,P2023****4
P202301429,宋永强,男,46,410102197808038656,城乡居民,周口市,2022-12-18,在保,宋**,4101****8656,P2023****9
P202303687,杨建国,男,94,410202193010080704,城乡居民,许昌市,2022-05-23,在保,杨**,4102****0704,P2023****7
P202302857,于国强,男,37,410106198710159296,城镇职工,洛阳市,2020-02-23,退保,于**,4101****9296,P2023****7
P202303465,袁娟,女,53,410105197111276480,城镇职工,漯河市,2022-09-13,在保,袁*,4101****6480,P2023****5
P202304506,徐文博,男,56,410106196806041920,城乡居民,商丘市,2024-04-21,在保,徐**,4101****1920,P2023****6
P202304697,冯海涛,男,1,410702196501195328,城镇职工,安阳市,2021-10-24,在保,冯**,4107****5328,P2023****7
P202302878,冯凤英,女,37,410106198710153600,城镇职工,安阳市,2020-06-29,在保,冯**,4101****3600,P2023****8
P202301453,张霞,女,54,410402197011033408,城乡居民,郑州市,2020-09-24,停保,张*,4104****3408,P2023****3
P202300594,杨俊杰,男,56,410402196802153152,城乡居民,信阳市,2021-04-19,停保,杨**,4104****3152,P2023****4
P202302726,傅浩,男,50,410102197405288448,城乡居民,郑州市,2020-12-21,在保,傅*,4101****8448,P2023****6
P202300042,于萍,女,53,410103197107191936,灵活就业,郑州市,2023-12-22,在保,于*,4101****1936,P2023****2
P202300561,胡鹏,男,55,410106196905151680,城镇职工,安阳市,2023-06-09,停保,胡*,4101****1680,P2023****1
P202302996,韩宇航,男,51,410702197301197376,灵活就业,商丘市,2020-02-01,在保,韩**,4107****7376,P2023****6
P202303104,林婷,女,69,410102195501015936,城镇职工,安阳市,2021-04-02,在保,林*,4101****5936,P2023****4
P202300244,李婷,女,65,410302195903049408,城乡居民,驻马店市,2020-10-31,在保,李*,4103****9408,P2023****4
P202301340,陈桂英,女,53,410105197111072064,灵活就业,开封市,2022-05-18,退保,陈**,4101****2064,P2023****0
P202302837,赵雨彤,女,84,410105194001146880,城乡居民,开封市,2024-02-11,在保,赵**,4101****6880,P2023****7
P202303022,吴淑珍,女,41,410402198310068992,城镇职工,洛阳市,2023-10-04,在保,吴**,4104****8992,P2023****2
P202303873,吕雨彤,女,30,410103199404223040,城镇职工,郑州市,2023-02-23,退保,吕**,4101****3040,P2023****3
P202301443,蔡军,男,53,410103197101019392,城乡居民,焦作市,2020-07-03,在保,蔡*,4101****9392,P2023****3
P202300262,谢敏,女,48,410105197610181824,灵活就业,郑州市,2024-01-29,在保,谢*,4101****1824,P2023****2
P202302820,郑凤英,女,15,410302200902146112,城乡居民,周口市,2022-04-20,在保,郑**,4103****6112,P2023****0
P202301690,林静,女,45,410104197912136320,城乡居民,许昌市,2020-12-15,在保,林*,4101****6320,P2023****0
P202301726,王美琳,女,69,410302195511041472,城镇职工,周口市,2022-06-08,在保,王**,4103****1472,P2023****6
P202301204,李鹏,男,59,410105196507025728,城镇职工,安阳市,2023-10-14,在保,李*,4101****5728,P2023****4
P202300835,高志强,男,49,410102197505169280,灵活就业,新乡市,2020-01-15,在保,高**,4101****9280,P2023****5
P202301867,阎建国,男,68,410106195610185856,城镇职工,商丘市,2023-01-01,在保,阎**,4101****5856,P2023****7
P202302497,蔡娜,女,44,410302198007122624,城镇职工,洛阳市,2020-11-11,在保,蔡*,4103****2624,P2023****7
P202302011,薛诗涵,女,21,410402200308151360,城镇职工,南阳市,2022-03-30,在保,薛**,4104****1360,P2023****1
P202300341,韩鹏,男,35,410106198903067456,城乡居民,许昌市,2023-03-19,在保,韩*,4101****7456,P2023****1
P202303050,于俊杰,男,71,410702195311150848,城镇职工,周口市,2020-12-03,退保,于**,4107****0848,P2023****0
P202301602,徐梦瑶,女,74,410502195002166208,城乡居民,许昌市,2021-08-04,在保,徐**,4105****6208,P2023****2
P202303065,程佳慧,女,22,410202200204286080,灵活就业,平顶山市,2020-12-11,在保,程**,4102****6080,P2023****5
P202304742,苏莉,女,58,410102196609059904,城镇职工,平顶山市,2022-07-06,在保,苏*,4101****9904,P2023****2
P202300481,程超,男,47,410402197710282816,城乡居民,开封市,2024-04-14,停保,程*,4104****2816,P2023****1
P202302883,沈子轩,男,39,410102198512088320,城镇职工,周口市,2024-03-23,在保,沈**,4101****8320,P2023****3
P202303606,何浩,男,35,410202198903144704,城镇职工,漯河市,2020-04-20,在保,何*,4102****4704,P2023****6
P202303978,薛建国,男,76,410502194806112640,城镇职工,漯河市,2020-01-20,在保,薛**,4105****2640,P2023****8
P202304843,苏莉,女,62,410106196208200832,城乡居民,鹤壁市,2023-04-09,在保,苏*,4101****0832,P2023****3
P202304686,高国强,男,61,410202196306177344,城镇职工,南阳市,2024-03-01,在保,高**,4102****7344,P2023****6
P202304833,贾莉,女,60,410104196408114304,城镇职工,开封市,2023-12-06,在保,贾*,4101****4304,P2023****3
P202304070,林伟,男,68,410106195607021056,灵活就业,开封市,2024-03-04,在保,林*,4101****1056,P2023****0
P202301767,蔡永强,男,89,410104193509253440,灵活就业,开封市,2021-12-04,在保,蔡**,4101****3440,P2023****7
P202304519,于鹏,男,56,410302196806227072,城镇职工,洛阳市,2023-09-09,在保,于*,4103****7072,P2023****9
P202302454,王玲,女,37,410104198707130176,城镇职工,新乡市,2021-12-24,在保,王*,4101****0176,P2023****4
P202303340,朱嘉伟,男,82,410104194204145088,城镇职工,驻马店市,2021-02-26,在保,朱**,4101****5088,P2023****0
P202303890,曹思琪,女,65,410103195907155200,城镇职工,洛阳市,2022-06-05,退保,曹**,4101****5200,P2023****0
P202304096,贾磊,男,31,410402199305287296,城乡居民,郑州市,2021-02-14,在保,贾*,4104****7296,P2023****6
P202304725,冯军,男,48,410106197608139456,城镇职工,郑州市,2022-06-30,在保,冯*,4101****9456,P2023****5
P202303753,蔡波,男,72,410105195203120576,城乡居民,许昌市,2023-10-25,退保,蔡*,4101****0576,P2023****3
P202301272,马娜,女,60,410402196408120512,城镇职工,商丘市,2022-01-26,在保,马*,4104****0512,P2023****2
P202304570,贾梦瑶,女,50,410102197405289216,城乡居民,信阳市,2020-09-22,在保,贾**,4101****9216,P2023****0
P202304547,吴霞,女,48,410302197607151808,城镇职工,开封市,2023-03-18,在保,吴*,4103****1808,P2023****7
P202303791,吴超,男,60,410402196403031552,城镇职工,郑州市,2020-02-25,在保,吴*,4104****1552,P2023****1
P202304185,马建国,男,41,410102198304233856,城镇职工,驻马店市,2021-04-16,在保,马**,4101****3856,P2023****5
P202300348,彭晨曦,男,24,410102200002112128,城镇职工,南阳市,2023-11-28,在保,彭**,4101****2128,P2023****8
P202303958,周欣怡,女,45,410104197901090624,城镇职工,焦作市,2020-10-15,在保,周**,4101****0624,P2023****8
P202304671,许飞,男,61,410104196301142208,城乡居民,鹤壁市,2021-06-19,在保,许*,4101****2208,P2023****1
P202302563,吴超,男,33,410106199112266048,城镇职工,驻马店市,2022-11-24,在保,吴*,4101****6048,P2023****3
P202304636,吴浩,男,0,410402202412254848,灵活就业,驻马店市,2021-11-01,在保,吴*,4104****4848,P2023****6
P202301424,唐俊杰,男,34,410105199002188672,灵活就业,新乡市,2020-09-17,在保,唐**,4101****8672,P2023****4
P202300657,冯丽,女,50,410105197405201600,城乡居民,漯河市,2020-12-14,在保,冯*,4101****1600,P2023****7
P202302103,董梦瑶,女,34,410105199006173376,城乡居民,商丘市,2022-04-02,在保,董**,4101****3376,P2023****3
P202300633,吴雨彤,女,47,410302197710015296,城镇职工,信阳市,2022-06-12,在保,吴**,4103****5296,P2023****3
P202302952,杨思琪,女,63,410702196112199616,城乡居民,周口市,2022-10-30,在保,杨**,4107****9616,P2023****2
P202302494,梁玉兰,女,75,410402194911174144,灵活就业,焦作市,2022-10-19,在保,梁**,4104****4144,P2023****4
P202302666,彭思琪,女,25,410302199907202112,城乡居民,信阳市,2024-03-26,退保,彭**,4103****2112,P2023****6
P202304128,贾佳慧,女,82,410103194209112000,城乡居民,郑州市,2024-04-21,在保,贾**,4101****2000,P2023****8
P202304305,郭萍,女,26,410103199804145024,城乡居民,商丘市,2022-10-10,在保,郭*,4101****5024,P2023****5
P202304624,卢俊杰,男,63,410202196102177472,城乡居民,许昌市,2021-05-09,在保,卢**,4102****7472,P2023****4
P202303160,彭语嫣,女,55,410202196903063232,城乡居民,漯河市,2023-06-13,在保,彭**,4102****3232,P2023****0
P202303668,卢永强,男,60,410106196403195968,城镇职工,安阳市,2022-10-28,在保,卢**,4101****5968,P2023****8
P202302501,袁海涛,男,60,410104196401267136,城镇职工,许昌市,2020-04-09,在保,袁**,4101****7136,P2023****1
P202301466,蔡浩然,男,60,410402196401246912,灵活就业,焦作市,2023-04-19,在保,蔡**,4104****6912,P2023****6
P202303152,沈萍,女,43,410502198107161280,城镇职工,商丘市,2021-03-22,在保,沈*,4105****1280,P2023****2
P202300116,刘淑珍,女,55,410103196908036800,城镇职工,商丘市,2023-08-02,在保,刘**,4101****6800,P2023****6
P202301822,于斌,男,51,410102197307081344,灵活就业,鹤壁市,2021-07-30,在保,于*,4101****1344,P2023****2
P202301495,王玉兰,女,77,410702194706179200,城乡居民,南阳市,2021-03-11,在保,王**,4107****9200,P2023****5
P202302402,马莉,女,53,410202197110105792,城镇职工,漯河市,2023-09-27,停保,马*,4102****5792,P2023****2
P202301233,郑玲,女,48,410202197609039040,城乡居民,鹤壁市,2021-03-14,退保,郑*,4102****9040,P2023****3
P202302662,周勇,男,33,410402199102183680,城镇职工,开封市,2020-05-26,停保,周*,4104****3680,P2023****2
P202302818,傅文彬,男,56,410103196801140800,城乡居民,新乡市,2023-07-18,在保,傅**,4101****0800,P2023****8
P202303439,韩静,女,26,410106199809013952,城乡居民,洛阳市,2020-05-19,在保,韩*,4101****3952,P2023****9
P202304619,何慧,女,49,410702197506011200,城乡居民,鹤壁市,2024-04-07,在保,何*,4107****1200,P2023****9
P202301154,吕晨曦,男,26,410105199806149376,城镇职工,新乡市,2021-04-20,在保,吕**,4101****9376,P2023****4
P202304817,赵国强,男,73,410102195108185088,城镇职工,郑州市,2021-12-01,在保,赵**,4101****5088,P2023****7
P202300058,孙娜,女,44,410202198004153344,城镇职工,平顶山市,2022-02-15,在保,孙*,4102****3344,P2023****8
P202303464,薛娟,女,68,410106195612218176,城乡居民,安阳市,2020-03-04,在保,薛*,4101****8176,P2023****4
P202304333,李秀英,女,63,410105196104111872,灵活就业,鹤壁市,2022-06-09,在保,李**,4101****1872,P2023****3
P202304996,冯芳,女,49,410402197506211200,城乡居民,洛阳市,2021-06-26,在保,冯*,4104****1200,P2023****6
P202301736,唐丽,女,20,410402200403244096,城镇职工,商丘市,2020-09-23,在保,唐*,4104****4096,P2023****6
P202302824,陈志强,男,24,410502200006095936,城乡居民,平顶山市,2020-04-02,在保,陈**,4105****5936,P2023****4
P202302197,魏海涛,男,57,410402196703012736,城镇职工,洛阳市,2020-02-10,在保,魏**,4104****2736,P2023****7
P202303624,丁雨彤,女,50,410106197406271552,城乡居民,周口市,2021-02-18,停保,丁**,4101****1552,P2023****4
P202302476,杨欣怡,女,62,410402196212107456,城乡居民,开封市,2022-10-12,在保,杨**,4104****7456,P2023****6
P202302565,于敏,女,33,410102199112178240,城乡居民,驻马店市,2023-01-01,在保,于*,4101****8240,P2023****5
P202303765,彭斌,男,54,410702197003038464,城乡居民,洛阳市,2020-03-25,在保,彭*,4107****8464,P2023****5
P202302609,徐嘉伟,男,66,410103195805031232,城乡居民,鹤壁市,2022-12-28,在保,徐**,4101****1232,P2023****9
P202303729,周鹏,男,28,410302199609196288,城乡居民,商丘市,2021-06-09,在保,周*,4103****6288,P2023****9
P202300708,董婷,女,81,410103194302054016,城乡居民,许昌市,2023-04-24,退保,董*,4101****4016,P2023****8
P202304325,何娜,女,36,410702198811286912,城镇职工,驻马店市,2023-11-01,退保,何*,4107****6912,P2023****5
P202301094,阎欣怡,女,50,410103197405253056,城乡居民,焦作市,2023-02-17,在保,阎**,4101****3056,P2023****4
P202303633,彭玉兰,女,45,410702197911046080,城镇职工,开封市,2020-03-16,在保,彭**,4107****6080,P2023****3
P202301377,蒋霞,女,37,410402198709208576,城镇职工,南阳市,2023-05-27,在保,蒋*,4104****8576,P2023****7
P202304964,于慧,女,55,410104196907035008,城乡居民,南阳市,2021-01-18,在保,于*,4101****5008,P2023****4
P202300073,王雨彤,女,49,410106197501025664,城乡居民,许昌市,2020-09-15,在保,王**,4101****5664,P2023****3
P202301923,曹鹏,男,30,410104199402045568,城镇职工,开封市,2021-07-28,在保,曹*,4101****5568,P2023****3
P202303239,程慧,女,53,410502197105014528,城乡居民,平顶山市,2023-11-28,在保,程*,4105****4528,P2023****9
P202301765,胡静,女,45,410702197905066560,城镇职工,商丘市,2020-09-29,在保,胡*,4107****6560,P2023****5
P202300744,林建国,男,50,410104197410224192,城乡居民,信阳市,2022-09-06,停保,林**,4101****4192,P2023****4
P202302938,吕波,男,45,410702197907089600,城镇职工,漯河市,2020-04-12,在保,吕*,4107****9600,P2023****8
P202301006,曹杰,男,57,410104196704195008,城乡居民,商丘市,2021-07-31,在保,曹*,4101****5008,P2023****6
P202302669,徐雨彤,女,59,410106196503144576,城镇职工,鹤壁市,2022-01-25,在保,徐**,4101****4576,P2023****9
P202301191,马丽,女,51,410106197308152320,城镇职工,安阳市,2021-06-15,退保,马*,4101****2320,P2023****1
P202304875,卢凤英,女,39,410202198501210240,城镇职工,平顶山市,2022-06-19,在保,卢**,4102****0240,P2023****5
P202302602,张磊,男,61,410502196302044096,灵活就业,安阳市,2023-03-30,在保,张*,4105****4096,P2023****2
P202301126,黄子轩,男,29,410502199512230528,城乡居民,驻马店市,2020-10-22,在保,黄**,4105****0528,P2023****6
P202301242,丁丽,女,46,410702197812125312,灵活就业,商丘市,2022-04-05,在保,丁*,4107****5312,P2023****2
P202302909,李斌,男,41,410302198311137088,灵活就业,洛阳市,2020-02-05,在保,李*,4103****7088,P2023****9
P202304173,林斌,男,41,410103198303163456,城乡居民,漯河市,2021-06-04,在保,林*,4101****3456,P2023****3
P202304877,许永强,男,25,410104199908140480,城镇职工,驻马店市,2024-05-02,在保,许**,4101****0480,P2023****7
P202300999,袁浩,男,39,410502198505108736,城乡居民,安阳市,2023-12-21,在保,袁*,4105****8736,P2023****9
P202303455,黄慧,女,0,410302202409115968,灵活就业,开封市,2023-11-06,在保,黄*,4103****5968,P2023****5
P202302685,苏思琪,女,56,410106196807201344,城镇职工,驻马店市,2022-01-28,停保,苏**,4101****1344,P2023****5
P202301578,董文博,男,70,410104195411263104,城乡居民,新乡市,2020-10-18,在保,董**,4101****3104,P2023****8
P202304840,彭伟,男,38,410106198608208320,城乡居民,许昌市,2020-04-05,在保,彭*,4101****8320,P2023****0
P202301827,黄强,男,30,410103199409040384,城乡居民,郑州市,2024-02-17,在保,黄*,4101****0384,P2023****7
P202303921,萧飞,男,83,410702194105105792,城镇职工,信阳市,2023-08-06,在保,萧*,4107****5792,P2023****1
P202302100,薛玲,女,64,未知,城乡居民,鹤壁市,2022-06-10,在保,薛*,未知,P2023****0
P202303607,苏美琳,女,35,410102198903157440,城乡居民,洛阳市,2020-01-16,在保,苏**,4101****7440,P2023****7
P202300441,赵鹏,男,56,410105196806164608,城乡居民,周口市,2023-09-12,在保,赵*,4101****4608,P2023****1
P202302587,胡欣怡,女,26,410105199806092160,城乡居民,南阳市,2023-01-28,在保,胡**,4101****2160,P2023****7
P202301101,刘凤英,女,67,410103195701213888,城镇职工,新乡市,2021-08-25,在保,刘**,4101****3888,P2023****1
P202304090,傅明,男,43,410106198105027776,城乡居民,信阳市,2023-08-08,在保,傅*,4101****7776,P2023****0
P202303122,刘佳慧,女,38,410302198608043008,灵活就业,信阳市,2022-12-14,在保,刘**,4103****3008,P2023****2
P202300650,郭强,男,62,未知,城镇职工,信阳市,2020-12-27,在保,郭*,未知,P2023****0
P202301547,罗艳,女,32,410502199211142848,城乡居民,周口市,2022-05-18,在保,罗*,4105****2848,P2023****7
P202303807,马飞,男,50,410702197404190848,城镇职工,南阳市,2023-11-05,在保,马*,4107****0848,P2023****7
P202303631,刘秀英,女,60,410702196408057152,城镇职工,驻马店市,2020-09-22,停保,刘**,4107****7152,P2023****1
P202304190,卢凤英,女,48,410103197609255808,城乡居民,平顶山市,2022-06-08,在保,卢**,4101****5808,P2023****0
P202304652,孙天宇,男,61,410105196311286272,城镇职工,平顶山市,2021-11-07,在保,孙**,4101****6272,P2023****2
P202303815,杨辉,男,27,410105199702187136,城镇职工,周口市,2021-05-04,在保,杨*,4101****7136,P2023****5
P202300631,朱萍,女,19,410402200512091072,城乡居民,洛阳市,2020-05-24,在保,朱*,4104****1072,P2023****1
P202300673,冯莉,女,43,410202198108196800,城镇职工,鹤壁市,2023-01-28,在保,冯*,4102****6800,P2023****3
P202301250,苏思琪,女,21,410102200310131584,城乡居民,周口市,2021-03-07,退保,苏**,4101****1584,P2023****0
P202300483,唐语嫣,女,21,410104200308047168,城乡居民,信阳市,2021-10-08,在保,唐**,4101****7168,P2023****3
P202301585,吴嘉伟,男,57,410202196711234496,城乡居民,开封市,2020-10-18,在保,吴**,4102****4496,P2023****5
P202303138,郑艳,女,31,410103199312204928,城乡居民,新乡市,2020-07-31,退保,郑*,4101****4928,P2023****8
P202304675,李文博,男,64,410502196002276096,城乡居民,郑州市,2020-06-02,停保,李**,4105****6096,P2023****5
P202303101,周超,男,37,410106198706110208,灵活就业,焦作市,2021-08-28,在保,周*,4101****0208,P2023****1
P202301463,贾军,男,46,410103197804068672,城乡居民,平顶山市,2021-04-11,在保,贾*,4101****8672,P2023****3
P202304007,吴天宇,男,1,410202202303287040,城镇职工,许昌市,2021-11-06,在保,吴**,4102****7040,P2023****7
P202303695,于明,男,65,410202195912200128,城镇职工,许昌市,2020-03-03,在保,于*,4102****0128,P2023****5
P202300394,何凤英,女,82,410104194201282944,城镇职工,平顶山市,2023-10-18,在保,何**,4101****2944,P2023****4
P202302579,孙辉,男,55,410302196907072768,城乡居民,许昌市,2020-04-21,在保,孙*,4103****2768,P2023****9
P202304035,沈鹏,男,35,410702198905038464,城镇职工,焦作市,2023-03-02,在保,沈*,4107****8464,P2023****5
P202300050,傅明,男,18,410103200608058176,灵活就业,商丘市,2022-12-23,退保,傅*,4101****8176,P2023****0
P202304334,韩强,男,53,410105197102137600,城乡居民,开封市,2024-04-06,在保,韩*,4101****7600,P2023****4
P202303120,罗伟,男,79,410202194502237184,灵活就业,开封市,2021-10-06,在保,罗*,4102****7184,P2023****0
P202300859,宋嘉伟,男,40,410402198404128256,城镇职工,商丘市,2020-12-16,停保,宋**,4104****8256,P2023****9
P202301073,徐丽,女,51,410104197311196480,城镇职工,鹤壁市,2020-03-05,在保,徐*,4101****6480,P2023****3
P202300720,贾磊,男,48,410103197606060224,灵活就业,焦作市,2020-03-17,在保,贾*,4101****0224,P2023****0
P202304791,阎慧,女,45,410302197903144192,城镇职工,许昌市,2024-04-16,停保,阎*,4103****4192,P2023****1
P202302632,李波,男,58,410202196608186560,城镇职工,商丘市,2021-04-10,在保,李*,4102****6560,P2023****2
P202304924,赵天宇,男,75,410402194912264704,城乡居民,鹤壁市,2021-01-31,在保,赵**,4104****4704,P2023****4
P202301661,宋嘉伟,男,73,410103195102262592,城镇职工,驻马店市,2024-03-08,在保,宋**,4101****2592,P2023****1
P202301657,梁强,男,53,410202197108252480,灵活就业,焦作市,2022-10-06,在保,梁*,4102****2480,P2023****7
P202302426,郑雪,女,59,410103196506274624,城乡居民,安阳市,2024-01-11,在保,郑*,4101****4624,P2023****6
P202303997,郑斌,男,12,410202201208153856,城乡居民,周口市,2024-02-06,在保,郑*,4102****3856,P2023****7
P202304273,薛晓红,女,25,410702199904044160,城乡居民,郑州市,2022-12-07,在保,薛**,4107****4160,P2023****3
P202304768,韩建华,男,45,410104197907013824,城镇职工,新乡市,2022-12-10,在保,韩**,4101****3824,P2023****8
P202303376,萧秀英,女,31,410302199311171392,城镇职工,平顶山市,2024-01-08,在保,萧**,4103****1392,P2023****6
P202304522,阎娟,女,69,410102195503070080,城镇职工,开封市,2021-03-06,在保,阎*,4101****0080,P2023****2
P202303372,丁丽,女,28,410402199605186880,城镇职工,信阳市,2020-01-10,在保,丁*,4104****6880,P2023****2
P202304801,杨梦瑶,女,59,410402196508279424,城乡居民,许昌市,2021-02-08,在保,杨**,4104****9424,P2023****1
P202304169,梁雪,女,67,410502195712017024,城镇职工,鹤壁市,2022-10-29,在保,梁*,4105****7024,P2023****9
P202302607,朱嘉伟,男,39,410102198502118080,城乡居民,洛阳市,2023-12-08,停保,朱**,4101****8080,P2023****7
P202301386,梁伟,男,55,410702196905177152,城镇职工,安阳市,2024-03-29,在保,梁*,4107****7152,P2023****6
P202303910,吕嘉伟,男,36,410702198811231872,城镇职工,安阳市,2022-12-09,在保,吕**,4107****1872,P2023****0
P202301400,阎磊,男,38,410502198607241664,城乡居民,新乡市,2023-05-16,在保,阎*,4105****1664,P2023****0
P202301196,郭凤英,女,57,410502196711250752,城乡居民,漯河市,2020-03-19,在保,郭**,4105****0752,P2023****6
P202301409,吕嘉伟,男,44,410402198011188544,城镇职工,平顶山市,2022-07-06,停保,吕**,4104****8544,P2023****9
P202303899,傅杰,男,57,410103196712189312,城乡居民,开封市,2020-01-23,在保,傅*,4101****9312,P2023****9
P202301799,何莉,女,69,410402195510237440,城乡居民,开封市,2022-07-04,在保,何*,4104****7440,P2023****9
P202301476,谢国强,男,61,410103196301153792,灵活就业,新乡市,2021-03-04,停保,谢**,4101****3792,P2023****6
P202303283,袁淑珍,女,11,410202201307117248,城镇职工,洛阳市,2022-12-06,停保,袁**,4102****7248,P2023****3
P202300036,于勇,男,28,410202199601122176,城镇职工,商丘市,2020-07-29,在保,于*,4102****2176,P2023****6
P202303612,曾玲,女,52,410103197212172288,城镇职工,开封市,2021-07-09,在保,曾*,4101****2288,P2023****2
P202302346,周杰,男,69,410402195502039744,城镇职工,新乡市,2022-02-21,停保,周*,4104****9744,P2023****6
P202304931,苏宇航,男,69,410106195506203776,城乡居民,平顶山市,2022-06-23,在保,苏**,4101****3776,P2023****1
P202302360,彭飞,男,57,410202196711114944,城镇职工,开封市,2020-07-06,在保,彭*,4102****4944,P2023****0
P202302207,李宇航,男,76,410702194808031936,城乡居民,商丘市,2022-07-13,在保,李**,4107****1936,P2023****7
P202304945,程超,男,81,410104194304090496,城乡居民,信阳市,2020-03-14,在保,程*,4101****0496,P2023****5
P202301287,韩文彬,男,16,410103200802132224,灵活就业,洛阳市,2023-03-14,在保,韩**,4101****2224,P2023****7
P202300350,王秀兰,女,46,410702197808070976,城镇职工,新乡市,2020-12-15,在保,王**,4107****0976,P2023****0
P202302138,黄海涛,男,77,410302194706231232,城乡居民,新乡市,2021-07-09,停保,黄**,4103****1232,P2023****8
P202302692,邓晓红,女,45,410106197908044992,城镇职工,驻马店市,2021-06-21,在保,邓**,4101****4992,P2023****2
P202303041,梁梦瑶,女,60,410103196406064128,城乡居民,信阳市,2021-06-01,在保,梁**,4101****4128,P2023****1
P202303190,萧海涛,男,82,410106194204129408,城镇职工,许昌市,2020-04-27,退保,萧**,4101****9408,P2023****0
P202301682,袁萍,女,49,410202197507160448,城乡居民,南阳市,2022-08-15,在保,袁*,4102****0448,P2023****2
P202304100,胡斌,男,51,410105197309211584,城乡居民,鹤壁市,2020-09-28,在保,胡*,4101****1584,P2023****0
P202301444,胡欣怡,女,26,410105199805270656,城镇职工,周口市,2021-10-08,在保,胡**,4101****0656,P2023****4
P202303310,陈雪,女,49,410202197503233216,城镇职工,许昌市,2023-09-19,停保,陈*,4102****3216,P2023****0
P202301672,杨语嫣,女,43,410104198101087552,城乡居民,鹤壁市,2020-08-19,在保,杨**,4101****7552,P2023****2
P202303014,魏佳慧,女,24,410103200009033536,城镇职工,郑州市,2021-11-29,在保,魏**,4101****3536,P2023****4
P202301180,谢秀英,女,30,410502199402126720,城镇职工,周口市,2021-04-16,在保,谢**,4105****6720,P2023****0
P202302799,傅玉兰,女,43,410102198111225472,灵活就业,焦作市,2020-08-01,在保,傅**,4101****5472,P2023****9
P202301693,徐玉兰,女,65,410202195905288960,灵活就业,开封市,2022-04-05,在保,徐**,4102****8960,P2023****3
P202303951,魏晓红,女,59,410202196502061760,城乡居民,鹤壁市,2024-03-04,在保,魏**,4102****1760,P2023****1
P202300373,陈桂英,女,76,410202194805096704,灵活就业,新乡市,2020-11-03,在保,陈**,4102****6704,P2023****3
P202303684,曹文博,男,72,410105195210183232,城镇职工,新乡市,2023-02-11,在保,曹**,4101****3232,P2023****4
P202301917,徐淑珍,女,35,410102198909085504,城乡居民,驻马店市,2023-02-11,在保,徐**,4101****5504,P2023****7
P202301358,蒋静,女,57,410102196712263936,城乡居民,平顶山市,2021-02-09,退保,蒋*,4101****3936,P2023****8
P202301826,谢玲,女,57,410104196704094912,城镇职工,开封市,2021-05-29,在保,谢*,4101****4912,P2023****6
P202300787,蒋志强,男,65,410105195903205056,城镇职工,平顶山市,2022-05-01,停保,蒋**,4101****5056,P2023****7
P202300470,阎俊杰,男,39,410402198508012096,城职,安阳市,2021-02-02,在保,阎**,4104****2096,P2023****0
P202300141,林军,男,54,410105197003201536,城镇职工,开封市,2024-05-01,在保,林*,4101****1536,P2023****1
P202300789,陈飞,男,48,410702197604045760,城镇职工,信阳市,2021-06-12,退保,陈*,4107****5760,P2023****9
P202300324,朱俊杰,男,87,410104193702232576,灵活就业,南阳市,2022-11-17,在保,朱**,4101****2576,P2023****4
P202300051,叶美琳,女,55,410502196907279296,城镇职工,信阳市,2020-11-21,在保,叶**,4105****9296,P2023****1
P202300715,韩凤英,女,49,410102197503186752,城乡居民,漯河市,2023-12-17,在保,韩**,4101****6752,P2023****5
P202304534,彭凤英,女,34,410103199001180608,城镇职工,新乡市,2021-06-25,在保,彭**,4101****0608,P2023****4
P202302841,冯霞,女,55,410702196905043136,城镇职工,焦作市,2021-01-29,在保,冯*,4107****3136,P2023****1
P202302447,徐雨彤,女,55,410402196906194816,城镇职工,焦作市,2021-04-18,停保,徐**,4104****4816,P2023****7
P202304863,杨淑珍,女,37,410702198711250176,城镇职工,开封市,2023-01-26,在保,杨**,4107****0176,P2023****3
P202304464,高美琳,女,70,410105195408027136,城镇职工,许昌市,2023-11-29,在保,高**,4101****7136,P2023****4
P202304642,赵子轩,男,52,410202197212168128,城镇职工,漯河市,2022-06-04,在保,赵**,4102****8128,P2023****2
P202303077,梁雪,女,63,410102196110096512,灵活就业,安阳市,2020-11-07,在保,梁*,4101****6512,P2023****7
P202302667,赵慧,女,65,410105195911164224,城乡居民,周口市,2020-05-26,停保,赵*,4101****4224,P2023****7
P202300407,丁凤英,女,30,410105199401113664,城镇职工,驻马店市,2022-12-05,在保,丁**,4101****3664,P2023****7
P202303428,苏国强,男,74,410102195001268480,灵活就业,洛阳市,2021-10-04,在保,苏**,4101****8480,P2023****8
P202301005,朱莉,女,62,410302196203152384,城乡居民,焦作市,2020-10-30,停保,朱*,4103****2384,P2023****5
P202303067,沈强,男,81,410102194307108608,城乡居民,南阳市,2020-05-18,停保,沈*,4101****8608,P2023****7
P202300891,许子轩,男,64,410103196011250112,城镇职工,开封市,2022-06-21,在保,许**,4101****0112,P2023****1
P202302412,卢桂英,女,77,410302194705067584,城乡居民,安阳市,2020-01-24,在保,卢**,4103****7584,P2023****2
P202302546,宋伟,男,57,410104196702176832,灵活就业,南阳市,2023-03-02,在保,宋*,4101****6832,P2023****6
P202303505,罗俊杰,男,40,410702198410033536,城乡居民,新乡市,2022-12-22,在保,罗**,4107****3536,P2023****5
P202302391,魏文彬,男,1,410302200802068224,灵活就业,南阳市,2022-03-13,在保,魏**,4103****8224,P2023****1
P202304018,韩宇航,男,62,410103196210252928,城镇职工,开封市,2023-07-28,在保,韩**,4101****2928,P2023****8
P202300043,谢斌,男,47,410202197710116800,城镇职工,许昌市,2021-09-07,在保,谢*,4102****6800,P2023****3
P202302831,何敏,女,19,410502200505112384,城乡居民,焦作市,2022-03-08,在保,何*,4105****2384,P2023****1
P202304884,蔡浩,男,58,410402196610090176,城镇职工,郑州市,2023-09-07,在保,蔡*,4104****0176,P2023****4
P202300304,李国强,男,60,410106196404029440,城镇职工,平顶山市,2022-03-26,在保,李**,4101****9440,P2023****4
P202304559,蔡晓红,女,40,410102198408259840,城乡居民,开封市,2020-08-11,在保,蔡**,4101****9840,P2023****9
P202303821,蒋霞,女,42,410502198203119680,城镇职工,漯河市,2020-04-04,在保,蒋*,4105****9680,P2023****1
P202300665,蔡磊,男,37,410202198712025280,城乡居民,漯河市,2020-04-15,在保,蔡*,4102****5280,P2023****5
P202301178,彭志强,男,48,410502197608112768,城乡居民,鹤壁市,2023-03-24,在保,彭**,4105****2768,P2023****8
P202302677,马晨曦,男,56,410502196812287168,城乡居民,安阳市,2021-12-07,退保,马**,4105****7168,P2023****7
P202301948,蔡天宇,男,49,410102197507236352,城镇职工,漯河市,2021-04-23,在保,蔡**,4101****6352,P2023****8
P202302502,李文彬,男,67,410106195712032192,城乡居民,商丘市,2023-03-30,在保,李**,4101****2192,P2023****2
P202301474,林建国,男,50,410105197407160128,灵活就业,商丘市,2020-11-20,在保,林**,4101****0128,P2023****4
P202303554,韩敏,女,95,410202192901277248,城乡居民,驻马店市,2023-02-09,在保,韩*,4102****7248,P2023****4
P202303786,卢国强,男,40,410702198406074688,城乡居民,郑州市,2020-05-28,退保,卢**,4107****4688,P2023****6
P202302133,吕文彬,男,62,410106196212045696,城乡居民,南阳市,2021-04-29,在保,吕**,4101****5696,P2023****3
P202301027,王波,男,50,410402197409238464,城乡居民,漯河市,2023-03-17,在保,王*,4104****8464,P2023****7
P202302990,王艳,女,93,410402193107104768,城镇职工,郑州市,2024-02-08,在保,王*,4104****4768,P2023****0
P202300962,梁宇航,男,73,410102195110080768,城镇职工,洛阳市,2022-12-24,在保,梁**,4101****0768,P2023****2
P202302890,马语嫣,女,56,410106196808222464,城镇职工,驻马店市,2022-05-14,在保,马**,4101****2464,P2023****0
P202303276,马慧,女,74,410302195012266880,城乡居民,南阳市,2020-08-31,停保,马*,4103****6880,P2023****6
P202302010,刘敏,女,66,410104195811276928,城乡居民,许昌市,2022-12-19,在保,刘*,4101****6928,P2023****0
P202302150,邓文博,男,20,410202200405200960,城乡居民,信阳市,2022-07-19,在保,邓**,4102****0960,P2023****0
P202304680,林娜,女,54,410202197011038272,灵活就业,洛阳市,2021-02-27,在保,林*,4102****8272,P2023****0
P202302339,薛玉兰,女,50,410702197407065664,城镇职工,开封市,2021-01-10,停保,薛**,4107****5664,P2023****9
P202303966,郑玲,女,56,410102196804099200,城镇职工,洛阳市,2023-06-10,在保,郑*,4101****9200,P2023****6
P202300305,于雨彤,女,49,410502197509201536,城职,洛阳市,2021-09-26,在保,于**,4105****1536,P2023****5
P202301441,郭子轩,男,61,410104196311135872,城乡居民,开封市,2022-04-22,在保,郭**,4101****5872,P2023****1
P202301497,宋艳,女,87,未知,城镇职工,信阳市,2020-02-29,在保,宋*,未知,P2023****7
P202302653,孙天宇,男,59,410202196507043840,城乡居民,开封市,2021-11-28,在保,孙**,4102****3840,P2023****3
P202302876,周莉,女,33,410105199108244736,城镇职工,漯河市,2020-02-26,退保,周*,4101****4736,P2023****6
P202300917,卢天宇,男,60,410302196412200000,灵活就业,驻马店市,2021-01-21,停保,卢**,4103****0000,P2023****7
P202304225,胡芳,女,25,410104199903187968,城乡居民,周口市,2021-04-01,在保,胡*,4101****7968,P2023****5
P202303795,陈诗涵,女,50,410105197411133440,灵活就业,开封市,2023-04-19,在保,陈**,4101****3440,P2023****5
P202302773,邓敏,女,46,410402197807060160,城乡居民,未知,2020-05-01,在保,邓*,4104****0160,P2023****3
P202301625,陈杰,男,83,410104194109277056,城镇职工,新乡市,2022-09-07,退保,陈*,4101****7056,P2023****5
P202303912,朱海涛,男,53,410402197111210176,城乡居民,许昌市,2021-06-06,在保,朱**,4104****0176,P2023****2
P202300822,冯晨曦,男,75,410302194902022080,城镇职工,平顶山市,2023-05-07,在保,冯**,4103****2080,P2023****2
P202303367,蒋涛,男,40,410104198407113856,城镇职工,商丘市,2022-07-23,退保,蒋*,4101****3856,P2023****7
P202301355,程志强,男,39,410702198504052224,城乡居民,开封市,2020-10-19,在保,程**,4107****2224,P2023****5
P202304543,林艳,女,17,410402200709064576,城乡居民,许昌市,2020-03-20,在保,林*,4104****4576,P2023****3
P202300851,吴志强,男,38,410202198605129920,城镇职工,驻马店市,2023-04-16,在保,吴**,4102****9920,P2023****1
P202301001,刘梦瑶,女,75,未知,灵活就业,商丘市,2023-05-24,退保,刘**,未知,P2023****1
P202304388,卢凤英,女,24,410105200009040960,灵活就业,平顶山市,2021-03-03,在保,卢**,4101****0960,P2023****8
P202300019,曾建华,男,33,410105199101037248,城镇职工,新乡市,2020-05-18,停保,曾**,4101****7248,P2023****9
P202301638,许敏,女,57,410702196709262528,城镇职工,焦作市,2020-12-10,在保,许*,4107****2528,P2023****8
P202301668,蔡俊杰,男,40,410103198402251584,灵活就业,洛阳市,2020-11-10,在保,蔡**,4101****1584,P2023****8
P202300494,薛莉,女,34,410402199007061888,城乡居民,开封市,2024-01-30,在保,薛*,4104****1888,P2023****4
P202301348,周天宇,男,66,410102195801208192,城乡居民,鹤壁市,2024-02-24,在保,周**,4101****8192,P2023****8
P202303019,邓语嫣,女,41,410302198301274432,城镇职工,许昌市,2023-04-23,在保,邓**,4103****4432,P2023****9
P202303801,谢诗涵,女,25,410302199902171520,城乡居民,平顶山市,2023-01-09,在保,谢**,4103****1520,P2023****1
P202303322,黄浩然,男,33,410102199103200896,城镇职工,驻马店市,2020-06-20,退保,黄**,4101****0896,P2023****2
P202304217,彭斌,男,83,410104194108219072,城镇职工,平顶山市,2023-05-04,在保,彭*,4101****9072,P2023****7
P202303552,谢超,男,21,410302200309265408,城乡居民,焦作市,2021-11-24,在保,谢*,4103****5408,P2023****2
P202300688,曾玲,女,43,410402198104018112,城乡居民,开封市,2021-06-21,在保,曾*,4104****8112,P2023****8
P202303805,朱文博,男,33,410102199105232768,灵活就业,安阳市,2024-05-17,在保,朱**,4101****2768,P2023****5
P202301609,蒋桂英,女,55,410702196912060096,灵活就业,安阳市,2022-05-01,在保,蒋**,4107****0096,P2023****9
P202304591,陈海涛,男,38,410105198602266816,城镇职工,商丘市,2021-09-03,在保,陈**,4101****6816,P2023****1
P202303471,胡桂英,女,48,410402197609225728,城镇职工,驻马店市,2020-02-21,在保,胡**,4104****5728,P2023****1
P202301010,许子轩,男,40,410103198404054912,城乡居民,漯河市,2022-06-28,在保,许**,4101****4912,P2023****0
P202302409,唐伟,男,64,410103196005100480,城镇职工,漯河市,2022-03-27,在保,唐*,4101****0480,P2023****9
P202301093,苏凤英,女,63,410502196109085888,城乡居民,商丘市,2022-09-30,退保,苏**,4105****5888,P2023****3
P202301328,郭雪,女,47,410106197702161344,城镇职工,焦作市,2024-05-06,在保,郭*,4101****1344,P2023****8
P202301678,魏伟,男,77,410104194712266560,城镇职工,洛阳市,2020-06-18,在保,魏*,4101****6560,P2023****8
P202302000,魏紫薇,女,36,410202198804129920,灵活就业,南阳市,2022-01-29,在保,魏**,4102****9920,P2023****0
P202301311,董国强,男,49,410105197505267584,城乡居民,许昌市,2023-08-25,停保,董**,4101****7584,P2023****1
P202304699,曹强,男,52,410102197203063680,城乡居民,焦作市,2021-10-23,停保,曹*,4101****3680,P2023****9
P202301988,冯诗涵,女,59,410302196508259008,灵活就业,南阳市,2021-04-23,在保,冯**,4103****9008,P2023****8
P202303722,萧凤英,女,80,410502194409189952,城乡居民,漯河市,2020-12-03,在保,萧**,4105****9952,P2023****2
P202300345,冯志强,男,41,410202198309131008,灵活就业,平顶山市,2023-03-29,在保,冯**,4102****1008,P2023****5
P202304229,魏思琪,女,54,410502197001184896,城镇职工,南阳市,2024-02-24,在保,魏**,4105****4896,P2023****9
P202300987,郭涛,男,77,410302194701202048,灵活就业,鹤壁市,2020-04-14,在保,郭*,4103****2048,P2023****7
P202303927,程美琳,女,67,410105195701119808,城乡居民,鹤壁市,2023-02-16,在保,程**,4101****9808,P2023****7
P202303881,曹梦瑶,女,55,410702196912230144,城镇职工,许昌市,2020-01-12,在保,曹**,4107****0144,P2023****1
P202304357,唐桂英,女,54,410402197005142656,城镇职工,新乡市,2024-04-08,停保,唐**,4104****2656,P2023****7
P202304082,林永强,男,37,410202198711240320,城乡居民,南阳市,2022-06-29,在保,林**,4102****0320,P2023****2
P202303155,冯涛,男,31,410502199312138432,城乡居民,洛阳市,2022-09-11,在保,冯*,4105****8432,P2023****5
P202304636,吴浩,男,0,410402202412254848,灵活就业,驻马店市,2021-11-01,在保,吴*,4104****4848,P2023****6
P202301143,朱强,男,47,410102197706254208,城乡居民,驻马店市,2020-05-27,在保,朱*,4101****4208,P2023****3
P202302359,郭天宇,男,18,410105200609147520,城乡,洛阳市,2023-08-30,在保,郭**,4101****7520,P2023****9
P202301199,邓文博,男,54,410105197001140672,城乡居民,驻马店市,2023-06-05,在保,邓**,4101****0672,P2023****9
P202300086,宋斌,男,40,410106198411138368,城乡居民,郑州市,2022-07-20,在保,宋*,4101****8368,P2023****6
P202301519,罗诗涵,女,31,410103199304010176,城镇职工,安阳市,2020-09-04,在保,罗**,4101****0176,P2023****9
P202300517,沈杰,男,59,410202196512152832,城乡居民,漯河市,2023-02-09,在保,沈*,4102****2832,P2023****7
P202301382,梁浩,男,41,410106198303075712,城乡居民,商丘市,2021-10-21,在保,梁*,4101****5712,P2023****2
P202302717,傅晓红,女,61,410105196306105216,灵活就业,许昌市,2021-02-27,在保,傅**,4101****5216,P2023****7
P202304673,赵嘉伟,男,58,410103196608206720,城镇职工,未知,2021-10-25,在保,赵**,4101****6720,P2023****3
P202301015,于建国,男,81,410104194311141504,城镇职工,周口市,2021-08-10,在保,于**,4101****1504,P2023****5
P202300129,于文博,男,51,410702197310226560,城乡居民,郑州市,2023-06-01,停保,于**,4107****6560,P2023****9
P202301365,吴俊杰,男,71,410102195304247616,城乡居民,驻马店市,2023-05-15,在保,吴**,4101****7616,P2023****5
P202304889,王天宇,男,54,410102197006074688,城镇职工,开封市,2023-01-23,退保,王**,4101****4688,P2023****9
P202304056,宋欣怡,女,53,410502197111054144,城乡居民,驻马店市,2023-01-18,在保,宋**,4105****4144,P2023****6
P202303627,冯伟,男,34,410302199012279808,城乡居民,洛阳市,2023-01-01,在保,冯*,4103****9808,P2023****7
P202300892,丁强,男,59,410502196504157120,灵活就业,鹤壁市,2023-07-24,在保,丁*,4105****7120,P2023****2
P202302794,吴伟,男,33,410502199111181760,城镇职工,平顶山市,2021-04-28,在保,吴*,4105****1760,P2023****4
P202304252,胡凤英,女,53,410302197104026048,灵活就业,信阳市,2021-03-25,在保,胡**,4103****6048,P2023****2
P202301360,胡梦瑶,女,53,410702197107152192,灵活就业,周口市,2021-06-22,在保,胡**,4107****2192,P2023****0
P202300308,黄伟,男,39,410102198503169728,城乡,驻马店市,2022-11-25,在保,黄*,4101****9728,P2023****8
P202301662,张志强,男,47,410502197703227776,城乡居民,漯河市,2022-09-29,在保,张**,4105****7776,P2023****2
P202302432,杨美琳,女,31,410302199312202112,城镇职工,许昌市,2021-04-29,在保,杨**,4103****2112,P2023****2
P202304012,冯文博,男,24,410302200006055232,城镇职工,开封市,2023-12-11,停保,冯**,4103****5232,P2023****2
P202301318,苏凤英,女,44,410104198008013248,城镇职工,信阳市,2022-10-12,在保,苏**,4101****3248,P2023****8
P202304348,胡辉,男,21,410103200311260928,城镇职工,南阳市,2020-07-01,在保,胡*,4101****0928,P2023****8
P202302475,韩宇航,男,55,410702196906066368,城镇职工,平顶山市,2021-09-15,在保,韩**,4107****6368,P2023****5
P202302543,苏欣怡,女,46,410105197810148160,城镇职工,郑州市,2022-08-13,停保,苏**,4101****8160,P2023****3
P202301247,未知,女,50,410105197412257536,灵活就业,安阳市,2020-04-19,在保,未知,4101****7536,P2023****7
P202301209,谢飞,男,24,410502200012089600,城镇职工,郑州市,2020-02-11,在保,谢*,4105****9600,P2023****9
P202300217,冯雨彤,女,36,410402198809266816,城乡居民,平顶山市,2021-05-21,在保,冯**,4104****6816,P2023****7
P202304337,叶敏,女,20,410702200406015680,城乡居民,周口市,2023-12-24,在保,叶*,4107****5680,P2023****7
P202304667,黄建华,男,3,410102198602265408,城镇职工,安阳市,2022-08-05,在保,黄**,4101****5408,P2023****7
P202301240,吕晨曦,男,79,410104194503034304,城乡居民,郑州市,2022-06-27,在保,吕**,4101****4304,P2023****0
P202302290,阎紫薇,女,75,410502194907059136,城镇职工,开封市,2023-02-10,在保,阎**,4105****9136,P2023****0
P202302741,梁伟,男,57,410106196702254528,灵活就业,漯河市,2024-05-17,在保,梁*,4101****4528,P2023****1
P202300276,蔡天宇,男,58,410702196610036864,城乡居民,焦作市,2020-08-29,在保,蔡**,4107****6864,P2023****6
P202300490,黄玉兰,女,65,410702195904195904,灵活就业,开封市,2024-05-17,在保,黄**,4107****5904,P2023****0
P202301036,杨美琳,女,78,410105194604266944,城乡居民,平顶山市,2024-01-11,在保,杨**,4101****6944,P2023****6
P202301230,薛语嫣,女,89,410402193504060032,城乡居民,新乡市,2020-07-06,停保,薛**,4104****0032,P2023****0
P202304631,傅静,女,22,410102200205206656,城镇职工,信阳市,2023-12-28,在保,傅*,4101****6656,P2023****1
P202301009,周明,男,68,410106195603216128,城乡居民,平顶山市,2020-01-20,退保,周*,4101****6128,P2023****9
P202304778,萧磊,男,71,410402195306118016,城乡居民,周口市,2020-08-30,在保,萧*,4104****8016,P2023****8
P202304428,周桂英,女,34,410702199004044608,城乡居民,鹤壁市,2023-04-01,在保,周**,4107****4608,P2023****8
P202303248,曹语嫣,女,36,410202198803024896,灵活就业,商丘市,2020-07-30,在保,曹**,4102****4896,P2023****8
P202302533,邓辉,男,59,410106196505023168,城乡居民,驻马店市,2023-01-05,在保,邓*,4101****3168,P2023****3
P202304212,蒋波,男,40,410105198402255872,城乡居民,开封市,2022-06-22,在保,蒋*,4101****5872,P2023****2
P202301059,吕嘉伟,男,59,410402196512256384,城镇职工,洛阳市,2023-07-21,在保,吕**,4104****6384,P2023****9
P202302167,周鹏,男,35,410105198911209280,城乡居民,漯河市,2020-06-16,在保,周*,4101****9280,P2023****7
P202304141,袁子轩,男,61,410103196308186816,城镇职工,焦作市,2023-02-08,停保,袁**,4101****6816,P2023****1
P202303442,许磊,男,38,410104198611236608,灵活,鹤壁市,2023-10-23,在保,许*,4101****6608,P2023****2
P202300282,郭浩然,男,61,410202196309277760,城乡,平顶山市,2024-01-12,在保,郭**,4102****7760,P2023****2
P202304442,曹敏,女,54,410106197010036032,城镇职工,南阳市,2021-01-30,停保,曹*,4101****6032,P2023****2
P202301317,宋建国,男,30,410106199411102720,城乡居民,新乡市,2021-11-29,在保,宋**,4101****2720,P2023****7
P202304685,张秀英,女,31,410302199309086656,城乡居民,安阳市,2022-03-12,在保,张**,4103****6656,P2023****5
P202300969,郭秀兰,女,49,410105197505218752,城乡居民,安阳市,2022-04-12,在保,郭**,4101****8752,P2023****9
P202303991,曾慧,女,19,410502200508197696,城乡居民,商丘市,2023-05-27,退保,曾*,4105****7696,P2023****1
P202303998,陈芳,女,44,410102198012022208,城乡居民,信阳市,2021-02-20,在保,陈*,4101****2208,P2023****8
P202303232,薛文彬,男,13,410302201111201472,城镇职工,郑州市,2021-11-21,在保,薛**,4103****1472,P2023****2
P202303590,萧婷,女,42,410102198201123456,城镇职工,鹤壁市,2024-02-13,在保,萧*,4101****3456,P2023****0
P202300620,卢辉,男,54,410103197001064768,城乡居民,信阳市,2021-09-09,在保,卢*,4101****4768,P2023****0
P202304391,傅欣怡,女,59,410103196509016832,城镇职工,平顶山市,2021-01-01,在保,傅**,4101****6832,P2023****1
P202301743,曾飞,男,51,410302197305170432,城镇职工,南阳市,2021-07-18,在保,曾*,4103****0432,P2023****3
P202301391,吕志强,男,58,410302196609185792,城乡居民,南阳市,2021-01-16,在保,吕**,4103****5792,P2023****1
P202304867,赵雨彤,女,53,410302197103048192,城镇职工,信阳市,2024-03-06,在保,赵**,4103****8192,P2023****7
P202301848,陈建华,男,34,410106199005181440,灵活就业,平顶山市,2020-09-03,在保,陈**,4101****1440,P2023****8
P202301580,林勇,男,35,410103198905120576,灵活就业,信阳市,2022-03-02,停保,林*,4101****0576,P2023****0
P202301656,蒋诗涵,女,44,410702198010120960,灵活就业,信阳市,2023-07-03,在保,蒋**,4107****0960,P2023****6
P202302353,冯美琳,女,62,410102196207287104,灵活就业,平顶山市,2021-05-29,在保,冯**,4101****7104,P2023****3
P202302213,曾辉,男,65,410402195908063872,城镇职工,郑州市,2021-03-02,在保,曾*,4104****3872,P2023****3
P202302021,于斌,男,51,410202197301164032,城镇职工,漯河市,2020-04-10,在保,于*,4102****4032,P2023****1
P202301118,杨天宇,男,48,410105197607199424,城镇职工,安阳市,2021-03-24,在保,杨**,4101****9424,P2023****8
P202301957,蔡莉,女,11,410102201306130688,城镇职工,郑州市,2022-04-14,退保,蔡*,4101****0688,P2023****7
P202301308,彭紫薇,女,49,410103197511073664,城乡居民,信阳市,2023-03-12,停保,彭**,4101****3664,P2023****8
P202302004,罗语嫣,女,44,410103198004014656,城镇职工,开封市,2021-05-05,在保,罗**,4101****4656,P2023****4
P202304501,苏晨曦,男,32,410103199201026560,城镇职工,南阳市,2022-03-08,在保,苏**,4101****6560,P2023****1
P202300576,何婷,女,10,410702201406056320,城乡居民,信阳市,2022-11-30,在保,何*,4107****6320,P2023****6
P202302361,林桂英,女,31,410702199301278144,城乡居民,周口市,2024-05-18,在保,林**,4107****8144,P2023****1
P202304246,刘飞,男,22,410202200205127552,城乡居民,信阳市,2021-04-16,在保,刘*,4102****7552,P2023****6
P202304482,张玲,女,55,410103196907245760,城镇职工,洛阳市,2021-08-26,在保,张*,4101****5760,P2023****2
P202301707,赵雪,女,62,410105196207174912,城镇职工,鹤壁市,2020-02-24,在保,赵*,4101****4912,P2023****7
P202303816,杨军,男,17,410502200705220224,灵活就业,焦作市,2021-05-30,在保,杨*,4105****0224,P2023****6
P202303541,薛莉,女,55,410105196903210368,城镇职工,商丘市,2022-01-31,在保,薛*,4101****0368,P2023****1
P202301281,冯永强,男,52,410106197208208064,城镇职工,洛阳市,2021-03-29,在保,冯**,4101****8064,P2023****1
P202300862,苏宇航,男,22,410104200209199104,城镇职工,新乡市,2024-01-29,在保,苏**,4101****9104,P2023****2
P202304188,刘美琳,女,37,410105198711191808,城镇职工,焦作市,2021-05-09,在保,刘**,4101****1808,P2023****8
P202301802,周勇,男,48,410103197603263744,城镇职工,许昌市,2024-01-27,停保,周*,4101****3744,P2023****2
P202301629,卢桂英,女,51,410102197306284736,城镇职工,开封市,2020-07-15,在保,卢**,4101****4736,P2023****9
P202301994,许子轩,男,62,410702196211201024,城乡居民,漯河市,2022-04-14,在保,许**,4107****1024,P2023****4
P202302640,吕萍,女,57,410702196707102784,城镇职工,信阳市,2024-05-03,在保,吕*,4107****2784,P2023****0
P202300270,程敏,女,52,410402197206033088,城镇职工,平顶山市,2023-12-26,在保,程*,4104****3088,P2023****0
P202300630,孙凤英,女,69,410105195510131840,城镇职工,洛阳市,2020-10-21,在保,孙**,4101****1840,P2023****0
P202303082,孙建国,男,52,410104197205142528,城乡居民,鹤壁市,2022-05-31,在保,孙**,4101****2528,P2023****2
P202302335,郑敏,女,66,410702195801063488,城镇职工,许昌市,2023-01-16,在保,郑*,4107****3488,P2023****5
P202302967,魏慧,女,56,410402196812268224,城乡居民,安阳市,2020-09-11,在保,魏*,4104****8224,P2023****7
P202300301,蒋晨曦,男,35,410502198910171904,城镇职工,安阳市,2023-08-16,在保,蒋**,4105****1904,P2023****1
P202300460,许建国,男,28,410103199608221312,城乡居民,驻马店市,2020-01-03,停保,许**,4101****1312,P2023****0
P202301448,徐紫薇,女,60,410202196408195840,城镇职工,信阳市,2020-02-10,退保,徐**,4102****5840,P2023****8
P202301473,徐慧,女,47,410102197706040704,灵活就业,许昌市,2022-09-03,在保,徐*,4101****0704,P2023****3
P202302047,贾娟,女,50,410102197410243968,城乡居民,周口市,2022-05-23,在保,贾*,4101****3968,P2023****7
P202304272,张建国,男,40,410106198402018112,城镇职工,洛阳市,2022-01-27,在保,张**,4101****8112,P2023****2
P202303838,孙嘉伟,男,56,410302196802119104,城镇职工,周口市,2021-03-20,在保,孙**,4103****9104,P2023****8
P202302114,袁飞,男,31,410502199307064064,城乡居民,洛阳市,2021-05-22,在保,袁*,4105****4064,P2023****4
P202300028,曾文彬,男,56,410103196807225984,城镇职工,驻马店市,2021-10-09,停保,曾**,4101****5984,P2023****8
P202304629,罗语嫣,女,69,410302195512131008,城镇职工,信阳市,2024-04-03,在保,罗**,4103****1008,P2023****9
P202304568,蒋明,男,3,410104199710164672,城乡居民,安阳市,2023-08-10,在保,蒋*,4101****4672,P2023****8
P202300838,胡语嫣,女,32,410502199210096960,城乡居民,漯河市,2022-07-18,在保,胡**,4105****6960,P2023****8
P202304374,杨艳,女,52,410104197208217280,城镇职工,新乡市,2020-10-21,在保,杨*,4101****7280,P2023****4
P202303434,沈斌,男,48,410103197609148160,城乡居民,洛阳市,2022-09-16,在保,沈*,4101****8160,P2023****4
P202302009,朱超,男,61,410106196312064448,城乡居民,平顶山市,2022-08-01,在保,朱*,4101****4448,P2023****9
P202304958,阎天宇,男,69,410102195502071296,城镇职工,驻马店市,2023-05-21,在保,阎**,4101****1296,P2023****8
P202300504,卢欣怡,女,60,410106196407078720,城乡居民,开封市,2020-10-06,在保,卢**,4101****8720,P2023****4
P202303955,郭娜,女,39,410102198509097792,城镇职工,焦作市,2023-03-14,在保,郭*,4101****7792,P2023****5
P202304349,赵艳,女,33,410102199102046912,城乡居民,信阳市,2021-03-12,在保,赵*,4101****6912,P2023****9
P202300381,阎磊,男,34,410104199006210560,城乡,信阳市,2021-07-14,在保,阎*,4101****0560,P2023****1
P202301852,蔡诗涵,女,81,410104194310224320,城乡居民,漯河市,2022-10-30,在保,蔡**,4101****4320,P2023****2
P202301526,蔡勇,男,69,410102195509150720,城乡居民,开封市,2022-08-06,在保,蔡*,4101****0720,P2023****6
P202302366,刘勇,男,77,410104194710271104,城乡居民,平顶山市,2022-11-24,在保,刘*,4101****1104,P2023****6
P202304723,董辉,男,50,410105197408085440,城乡居民,洛阳市,2021-03-22,退保,董*,4101****5440,P2023****3
P202303053,孙鹏,男,44,410402198012152448,城乡居民,许昌市,2022-08-02,在保,孙*,4104****2448,P2023****3
P202302885,傅军,男,0,410202202409077696,城乡居民,平顶山市,2021-07-20,在保,傅*,4102****7696,P2023****5
P202302341,董丽,女,62,410105196210252544,城乡居民,商丘市,2020-01-27,在保,董*,4101****2544,P2023****1
P202300375,何晓红,女,88,410302193612025984,城镇职工,鹤壁市,2021-01-23,在保,何**,4103****5984,P2023****5
P202303327,贾建华,男,49,未知,灵活就业,平顶山市,2024-04-11,在保,贾**,未知,P2023****7
P202302382,胡芳,女,32,410702199209069824,城镇职工,新乡市,2023-02-23,停保,胡*,4107****9824,P2023****2
P202304354,梁美琳,女,19,410302200507052800,城镇职工,开封市,2020-09-16,在保,梁**,4103****2800,P2023****4
P202300940,高慧,女,39,410104198510101504,城乡居民,周口市,2021-10-17,在保,高*,4101****1504,P2023****0
P202304655,周莉,女,62,410302196202075328,城乡居民,信阳市,2020-06-02,在保,周*,4103****5328,P2023****5
P202304208,薛强,男,0,410202202404139520,城镇职工,焦作市,2024-01-04,在保,薛*,4102****9520,P2023****8
P202302800,王婷,女,55,410103196910250816,城镇职工,安阳市,2023-08-09,在保,王*,4101****0816,P2023****0
P202302148,傅桂英,女,35,410702198911101760,城镇职工,开封市,2023-12-30,停保,傅**,4107****1760,P2023****8
P202303892,何紫薇,女,60,410402196404250176,城镇职工,开封市,2020-03-24,在保,何**,4104****0176,P2023****2
P202304586,董文彬,男,71,410402195308223360,灵活就业,许昌市,2023-08-27,在保,董**,4104****3360,P2023****6
P202304260,宋雨彤,女,34,410105199012188224,城镇职工,焦作市,2021-02-04,在保,宋**,4101****8224,P2023****0
P202302069,徐俊杰,男,75,410106194907133440,城乡居民,信阳市,2024-03-19,在保,徐**,4101****3440,P2023****9
P202300530,马文彬,男,33,410104199105013056,城镇职工,新乡市,2021-10-06,在保,马**,4101****3056,P2023****0
P202303804,沈文博,男,52,410502197203043200,城乡居民,平顶山市,2020-02-18,在保,沈**,4105****3200,P2023****4
P202300637,曹秀英,女,64,410402196012071424,灵活就业,新乡市,2020-02-21,在保,曹**,4104****1424,P2023****7
P202301270,丁桂英,女,72,410202195202261824,城乡居民,驻马店市,2024-04-04,在保,丁**,4102****1824,P2023****0
P202300186,程娟,女,62,410302196205150720,城乡居民,开封市,2022-06-19,在保,程*,4103****0720,P2023****6
P202303893,杨慧,女,35,410202198904218752,城乡居民,安阳市,2023-10-11,在保,杨*,4102****8752,P2023****3
P202303245,萧国强,男,46,410103197803257792,城乡居民,开封市,2023-02-14,在保,萧**,4101****7792,P2023****5
P202304524,吕子轩,男,87,410104193708012672,城乡居民,郑州市,2024-05-12,在保,吕**,4101****2672,P2023****4
P202301798,薛欣怡,女,35,410105198903264000,灵活就业,新乡市,2020-02-10,在保,薛**,4101****4000,P2023****8
P202302980,孙思琪,女,53,410402197110097216,城镇职工,开封市,2022-11-03,停保,孙**,4104****7216,P2023****0
P202301442,薛勇,男,71,410402195306209536,城乡居民,驻马店市,2024-02-14,在保,薛*,4104****9536,P2023****2
P202304094,蒋敏,女,53,未知,城镇职工,漯河市,2021-03-08,在保,蒋*,未知,P2023****4
P202304925,许萍,女,58,410702196609116160,灵活就业,信阳市,2020-07-22,退保,许*,4107****6160,P2023****5
P202301536,黄建国,男,21,410702200309013120,城乡居民,焦作市,2021-05-14,停保,黄**,4107****3120,P2023****6
P202303712,未知,男,26,410103199803262208,城乡居民,驻马店市,2020-06-21,在保,未知,4101****2208,P2023****2
P202303189,谢丽,女,66,410104195803228160,城乡居民,漯河市,2020-04-08,在保,谢*,4101****8160,P2023****9
P202301274,罗梦瑶,女,44,410103198006240384,城镇职工,许昌市,2022-03-22,在保,罗**,4101****0384,P2023****4
P202302468,何天宇,男,50,410103197407201920,灵活就业,平顶山市,2020-12-24,在保,何**,4101****1920,P2023****8
P202300608,杨勇,男,27,410302199708267136,城乡居民,漯河市,2022-05-21,在保,杨*,4103****7136,P2023****8
P202303456,韩秀英,女,86,410302193807057856,城镇职工,南阳市,2022-06-10,在保,韩**,4103****7856,P2023****6
P202301713,梁子轩,男,10,410104201404099200,城镇职工,焦作市,2020-04-16,在保,梁**,4101****9200,P2023****3
P202302200,叶辉,男,58,410402196601197504,城乡居民,信阳市,2020-11-05,在保,叶*,4104****7504,P2023****0
P202300956,袁鹏,男,70,410502195403149696,城镇职工,新乡市,2021-09-07,在保,袁*,4105****9696,P2023****6
P202302580,林秀兰,女,81,410402194311288384,城乡居民,安阳市,2023-09-17,在保,林**,4104****8384,P2023****0
P202304610,冯俊杰,男,34,410302199006088704,城镇职工,新乡市,2020-01-26,在保,冯**,4103****8704,P2023****0
P202304470,郭明,男,56,410102196805274816,城镇职工,洛阳市,2023-02-14,在保,郭*,4101****4816,P2023****0
P202304316,卢敏,女,68,410105195606029760,灵活就业,开封市,2020-05-13,在保,卢*,4101****9760,P2023****6
P202303759,唐文博,男,54,410104197008131072,城乡居民,南阳市,2021-07-08,在保,唐**,4101****1072,P2023****9
P202300404,杨语嫣,女,50,410202197402167616,城乡居民,洛阳市,2022-04-06,在保,杨**,4102****7616,P2023****4
P202302072,魏天宇,男,72,410302195208129536,城镇职工,信阳市,2022-05-24,在保,魏**,4103****9536,P2023****2
P202304805,林思琪,女,45,410302197906271424,城镇职工,安阳市,2023-07-23,退保,林**,4103****1424,P2023****5
P202301978,周永强,男,67,410102195705032832,灵活就业,信阳市,2021-07-24,在保,周**,4101****2832,P2023****8
P202300159,丁海涛,男,28,410104199603022912,城镇职工,许昌市,2020-10-11,在保,丁**,4101****2912,P2023****9
P202301749,唐思琪,女,53,410103197108167168,灵活就业,南阳市,2022-10-13,在保,唐**,4101****7168,P2023****9
P202302910,徐永强,男,72,410103195207181440,城镇职工,鹤壁市,2022-10-28,停保,徐**,4101****1440,P2023****0
P202303605,张丽,女,64,410302196002149888,城镇职工,焦作市,2022-11-10,在保,张*,4103****9888,P2023****5
P202300903,薛美琳,女,50,410106197406218048,城镇职工,驻马店市,2022-04-29,在保,薛**,4101****8048,P2023****3
P202300353,沈娜,女,65,410103195902223552,城镇职工,南阳市,2024-03-29,在保,沈*,4101****3552,P2023****3
P202301231,吴杰,男,39,410102198506039168,城乡居民,开封市,2022-11-13,在保,吴*,4101****9168,P2023****1
P202304718,高慧,女,71,410105195311286528,城乡居民,洛阳市,2023-03-15,在保,高*,4101****6528,P2023****8
P202302141,程静,女,52,410302197203069632,城镇职工,洛阳市,2023-06-01,在保,程*,4103****9632,P2023****1
P202300445,李文博,男,26,410102199810194176,城乡居民,新乡市,2020-03-16,在保,李**,4101****4176,P2023****5
P202304999,孙语嫣,女,64,410103196005077696,城乡居民,周口市,2021-01-29,在保,孙**,4101****7696,P2023****9
P202300755,何杰,男,32,410202199208050944,城乡居民,许昌市,2022-12-22,在保,何*,4102****0944,P2023****5
P202301738,沈天宇,男,30,410103199405014080,灵活就业,商丘市,2022-12-28,在保,沈**,4101****4080,P2023****8
P202302972,丁静,女,48,410202197610267968,城镇职工,商丘市,2023-01-30,在保,丁*,4102****7968,P2023****2
P202300487,韩艳,女,38,410104198608260096,城镇职工,南阳市,2022-10-20,在保,韩*,4101****0096,P2023****7
P202302921,于雨彤,女,37,410702198710272448,灵活就业,新乡市,2022-03-08,在保,于**,4107****2448,P2023****1
P202300312,王明,男,69,410202195507051840,城镇职工,驻马店市,2024-01-02,在保,王*,4102****1840,P2023****2
P202300549,郑永强,男,56,410106196804172800,城镇职工,商丘市,2021-06-11,停保,郑**,4101****2800,P2023****9
P202300662,李志强,男,40,410104198412158784,城乡居民,许昌市,2023-04-10,在保,李**,4101****8784,P2023****2
P202304811,宋语嫣,女,63,410106196101156864,城镇职工,周口市,2020-06-29,在保,宋**,4101****6864,P2023****1
P202301990,罗梦瑶,女,57,410302196707076992,城镇职工,周口市,2024-04-26,在保,罗**,4103****6992,P2023****0
P202300307,刘明,男,72,410302195202156288,城镇职工,郑州市,2021-09-25,在保,刘*,4103****6288,P2023****7
P202302336,郭娜,女,60,410202196411178048,灵活就业,许昌市,2022-12-15,在保,郭*,4102****8048,P2023****6
P202300695,谢紫薇,女,60,410202196403042240,城乡居民,驻马店市,2021-03-28,在保,谢**,4102****2240,P2023****5
P202302357,郑秀兰,女,43,410105198109273984,城乡,安阳市,2022-07-07,在保,郑**,4101****3984,P2023****7
P202301928,高晓红,女,44,410202198007099712,城乡居民,信阳市,2020-12-17,在保,高**,4102****9712,P2023****8
P202300685,董玲,女,28,410302199612141440,城镇职工,周口市,2020-06-25,在保,董*,4103****1440,P2023****5
P202300750,马子轩,男,24,410302200003148096,城乡居民,郑州市,2021-08-17,退保,马**,4103****8096,P2023****0
P202303560,薛莉,女,26,410105199808204800,城乡居民,郑州市,2020-02-04,在保,薛*,4101****4800,P2023****0
P202303313,吴娜,女,87,410102193711054848,城乡居民,平顶山市,2023-06-29,停保,吴*,4101****4848,P2023****3
P202301267,蔡婷,女,47,410402197702127040,城乡居民,商丘市,2022-04-08,在保,蔡*,4104****7040,P2023****7
P202303352,邓波,男,43,410402198105221312,城乡居民,商丘市,2024-01-28,退保,邓*,4104****1312,P2023****2
P202303600,宋文博,男,45,410102197912063616,城镇职工,周口市,2022-05-29,在保,宋**,4101****3616,P2023****0
P202304468,傅文彬,男,57,410104196712229184,灵活就业,郑州市,2020-01-01,在保,傅**,4101****9184,P2023****8
P202304063,谢霞,女,32,410502199210063232,城镇职工,漯河市,2022-12-21,停保,谢*,4105****3232,P2023****3
P202303084,萧斌,男,29,410202199501101568,灵活就业,焦作市,2023-05-28,在保,萧*,4102****1568,P2023****4
P202303062,唐鹏,男,44,410106198008283392,灵活就业,周口市,2020-01-27,停保,唐*,4101****3392,P2023****2
P202303026,韩国强,男,43,410106198112086976,灵活就业,南阳市,2023-06-07,在保,韩**,4101****6976,P2023****6
P202300971,王秀兰,女,52,410104197208165248,城乡居民,许昌市,2020-09-12,在保,王**,4101****5248,P2023****1
P202300014,袁紫薇,女,15,410103200911108608,城镇职工,周口市,2021-02-11,在保,袁**,4101****8608,P2023****4
P202300874,谢勇,男,36,410104198805240128,城乡居民,平顶山市,2023-09-11,在保,谢*,4101****0128,P2023****4
P202300809,袁勇,男,72,410402195203235264,城乡居民,洛阳市,2023-11-23,在保,袁*,4104****5264,P2023****9
P202303199,邓莉,女,43,410102198102126720,城乡居民,开封市,2020-08-26,在保,邓*,4101****6720,P2023****9
P202300515,曹明,男,39,410502198511253568,城镇职工,许昌市,2021-01-30,在保,曹*,4105****3568,P2023****5
P202304518,卢飞,男,56,410103196810089152,城乡居民,南阳市,2023-01-01,在保,卢*,4101****9152,P2023****8
P202300410,张晓红,女,59,410702196502259136,城乡居民,信阳市,2023-09-10,在保,张**,4107****9136,P2023****0
P202304154,林凤英,女,36,410106198809227840,城乡居民,平顶山市,2020-10-05,停保,林**,4101****7840,P2023****4
P202304387,许玲,女,37,410702198709188032,城镇职工,驻马店市,2020-01-07,在保,许*,4107****8032,P2023****7
P202300208,梁玲,女,59,410103196511192384,城乡居民,许昌市,2024-01-20,停保,梁*,4101****2384,P2023****8
P202303290,孙慧,女,44,410402198012130304,城镇职工,开封市,2020-01-13,在保,孙*,4104****0304,P2023****0
P202300459,胡建国,男,40,410502198411148480,灵活就业,周口市,2020-07-16,在保,胡**,4105****8480,P2023****9
P202303542,吴秀兰,女,76,410102194802243712,城乡居民,新乡市,2023-08-22,在保,吴**,4101****3712,P2023****2
P202302431,苏雨彤,女,60,410402196409180096,城乡居民,南阳市,2021-10-20,在保,苏**,4104****0096,P2023****1
P202304651,董国强,男,45,410402197901170304,城乡居民,新乡市,2022-11-02,在保,董**,4104****0304,P2023****1
P202300111,曾淑珍,女,15,410202200902222400,城乡居民,郑州市,2023-06-22,停保,曾**,4102****2400,P2023****1
P202303820,于晓红,女,28,410105199611078272,城乡居民,许昌市,2023-03-23,在保,于**,4101****8272,P2023****0
P202301108,曹文博,男,31,410103199301270208,城镇职工,商丘市,2021-08-18,在保,曹**,4101****0208,P2023****8
P202301884,刘芳,女,39,410502198501044864,城乡居民,驻马店市,2022-03-22,在保,刘*,4105****4864,P2023****4
P202301714,于国强,男,65,410402195907255744,城镇职工,周口市,2021-03-07,退保,于**,4104****5744,P2023****4
P202304037,于娜,女,59,410302196503277440,灵活就业,周口市,2021-10-17,停保,于*,4103****7440,P2023****7
P202303468,罗杰,男,52,410202197208177920,灵活就业,平顶山市,2022-06-10,在保,罗*,4102****7920,P2023****8
P202300553,卢嘉伟,男,71,410104195306035712,城乡居民,许昌市,2020-08-30,在保,卢**,4101****5712,P2023****3
P202301440,傅美琳,女,63,410302196109141824,城镇职工,郑州市,2023-11-22,在保,傅**,4103****1824,P2023****0
P202302271,郑凤英,女,56,410502196801011712,灵活就业,商丘市,2021-08-23,在保,郑**,4105****1712,P2023****1
P202303145,叶霞,女,57,410302196704276096,城镇职工,许昌市,2023-05-05,在保,叶*,4103****6096,P2023****5
P202302822,唐建国,男,65,410104195912021184,灵活就业,商丘市,2020-01-27,在保,唐**,4101****1184,P2023****2
P202304831,叶波,男,65,410104195910229952,城乡居民,许昌市,2022-03-19,在保,叶*,4101****9952,P2023****1
P202301926,蔡玲,女,33,410102199106147968,城镇职工,开封市,2020-01-06,在保,蔡*,4101****7968,P2023****6
P202300635,苏海涛,男,31,410502199306038592,城镇职工,平顶山市,2024-04-18,在保,苏**,4105****8592,P2023****5
P202304855,邓梦瑶,女,71,410302195312273152,城镇职工,安阳市,2022-08-26,停保,邓**,4103****3152,P2023****5
P202300317,李娟,女,62,410102196206017792,城乡居民,鹤壁市,2024-02-20,在保,李*,4101****7792,P2023****7
P202304261,吕梦瑶,女,67,410302195709078912,城乡居民,焦作市,2020-03-09,在保,吕**,4103****8912,P2023****1
P202304748,袁桂英,女,30,410105199408186624,城镇职工,南阳市,2023-12-09,在保,袁**,4101****6624,P2023****8
P202301329,吴国强,男,28,410105199609034496,城镇职工,焦作市,2023-03-18,在保,吴**,4101****4496,P2023****9
P202300428,卢文彬,男,62,410105196201229056,灵活就业,南阳市,2020-08-20,在保,卢**,4101****9056,P2023****8
P202303443,胡强,男,52,410202197210287616,城镇职工,平顶山市,2022-10-11,在保,胡*,4102****7616,P2023****3
P202300106,高梦瑶,女,57,410106196711257408,城镇职工,商丘市,2020-07-17,停保,高**,4101****7408,P2023****6
P202303042,高文博,男,52,410102197208189312,城乡居民,安阳市,2024-02-14,在保,高**,4101****9312,P2023****2
P202300143,陈慧,女,21,410106200305190592,城镇职工,驻马店市,2020-05-31,在保,陈*,4101****0592,P2023****3
P202302170,叶秀兰,女,58,410103196602192512,城乡居民,信阳市,2023-01-08,在保,叶**,4101****2512,P2023****0
P202303397,罗玲,女,59,410104196502124992,城乡居民,平顶山市,2021-03-31,在保,罗*,4101****4992,P2023****7
P202300090,高俊杰,男,59,410402196502218496,灵活就业,信阳市,2024-01-07,在保,高**,4104****8496,P2023****0
P202302919,于淑珍,女,51,410106197304020992,灵活就业,焦作市,2023-07-08,在保,于**,4101****0992,P2023****9
P202303238,何凤英,女,27,410106199706063680,城镇职工,新乡市,2022-07-16,在保,何**,4101****3680,P2023****8
P202302242,胡晨曦,男,60,410302196402120896,城镇职工,郑州市,2023-09-03,停保,胡**,4103****0896,P2023****2
P202303175,叶晓红,女,31,410202199303060032,城镇职工,开封市,2020-01-14,在保,叶**,4102****0032,P2023****5
P202303481,高玲,女,44,410702198008127552,城镇职工,许昌市,2021-12-29,在保,高*,4107****7552,P2023****1
P202302164,吕紫薇,女,70,410702195412155968,灵活就业,信阳市,2020-12-15,在保,吕**,4107****5968,P2023****4
P202302637,陈欣怡,女,53,410202197107152448,城镇职工,信阳市,2024-03-28,在保,陈**,4102****2448,P2023****7
P202301950,刘芳,女,49,410302197512020800,城镇职工,洛阳市,2021-11-21,在保,刘*,4103****0800,P2023****0
P202301769,傅天宇,男,52,410202197201215040,城镇职工,安阳市,2022-03-02,停保,傅**,4102****5040,P2023****9
P202303350,苏思琪,女,47,410202197710126912,城镇职工,平顶山市,2022-05-18,在保,苏**,4102****6912,P2023****0
P202302273,彭思琪,女,37,410502198706284672,城乡居民,南阳市,2023-09-26,在保,彭**,4105****4672,P2023****3
P202300002,杨涛,男,47,410702197701182016,城镇职工,南阳市,2021-03-27,在保,杨*,4107****2016,P2023****2
P202304603,郑磊,男,79,410103194501070912,城乡居民,南阳市,2022-07-16,在保,郑*,4101****0912,P2023****3
P202302469,周艳,女,62,410402196211036224,灵活就业,驻马店市,2020-11-01,停保,周*,4104****6224,P2023****9
P202301952,曹军,男,72,410105195203156096,城乡居民,郑州市,2021-12-25,在保,曹*,4101****6096,P2023****2
P202300936,卢梦瑶,女,40,410302198404082624,城乡居民,安阳市,2020-06-28,在保,卢**,4103****2624,P2023****6
P202304341,马国强,男,66,410105195806154496,城镇职工,安阳市,2020-06-15,在保,马**,4101****4496,P2023****1
P202302721,魏志强,男,85,410106193901028288,城乡居民,许昌市,2024-02-13,在保,魏**,4101****8288,P2023****1
P202303544,唐玉兰,女,30,410102199404014528,城镇职工,商丘市,2023-01-01,在保,唐**,4101****4528,P2023****4
P202301110,蒋慧,女,84,410402194001273600,城镇职工,许昌市,2021-11-14,停保,蒋*,4104****3600,P2023****0
P202303660,高霞,女,89,410102193510118528,城镇职工,信阳市,2023-11-04,在保,高*,4101****8528,P2023****0
P202300592,刘静,女,41,410102198302130560,城镇职工,南阳市,2022-03-13,在保,刘*,4101****0560,P2023****2
P202301696,谢明,男,84,410502194009068480,城乡居民,焦作市,2024-01-25,退保,谢*,4105****8480,P2023****6
P202303519,阎志强,男,73,410202195104182208,城乡居民,许昌市,2022-12-28,在保,阎**,4102****2208,P2023****9
P202302937,高霞,女,39,410202198506037824,城乡居民,平顶山市,2023-01-01,在保,高*,4102****7824,P2023****7
P202304248,蒋子轩,男,89,410103193503076224,灵活就业,新乡市,2020-04-23,在保,蒋**,4101****6224,P2023****8
P202303480,吕斌,男,74,410402195001030272,城乡居民,许昌市,2021-02-25,在保,吕*,4104****0272,P2023****0
P202301577,韩淑珍,女,20,410102200406162048,城镇职工,新乡市,2022-06-10,在保,韩**,4101****2048,P2023****7
P202304033,胡伟,男,29,未知,城镇职工,商丘市,2023-12-24,在保,胡*,未知,P2023****3
P202300214,林凤英,女,61,410202196305197440,城乡居民,郑州市,2021-06-19,在保,林**,4102****7440,P2023****4
P202300779,于俊杰,男,48,410502197604033088,城乡居民,开封市,2022-08-28,在保,于**,4105****3088,P2023****9
P202301416,蔡文博,男,66,410502195809281856,城镇职工,焦作市,2023-10-26,在保,蔡**,4105****1856,P2023****6
P202303833,叶子轩,男,68,410105195603170560,城乡居民,商丘市,2023-03-03,在保,叶**,4101****0560,P2023****3
P202302044,马慧,女,52,410102197201054336,城镇职工,信阳市,2022-03-21,在保,马*,4101****4336,P2023****4
P202302849,谢敏,女,39,410502198507149248,灵活就业,安阳市,2024-02-07,在保,谢*,4105****9248,P2023****9
P202304583,卢欣怡,女,49,410302197503136832,城镇职工,开封市,2022-06-27,在保,卢**,4103****6832,P2023****3
P202303576,傅建华,男,55,410502196905109760,城乡居民,驻马店市,2020-07-22,在保,傅**,4105****9760,P2023****6
P202303887,李超,男,10,410105201403097152,灵活就业,驻马店市,2021-04-23,在保,李*,4101****7152,P2023****7
P202301568,高斌,男,59,410502196502088896,城镇职工,周口市,2020-04-16,在保,高*,4105****8896,P2023****8
P202300166,贾慧,女,57,410104196702237952,城乡居民,郑州市,2021-08-23,在保,贾*,4101****7952,P2023****6
P202304763,王永强,男,62,410402196211247744,灵活就业,平顶山市,2021-11-29,在保,王**,4104****7744,P2023****3
P202303656,赵磊,男,56,410402196801281920,城镇职工,信阳市,2022-01-26,在保,赵*,4104****1920,P2023****6
P202304977,袁诗涵,女,74,410402195005157376,城镇职工,开封市,2024-03-01,在保,袁**,4104****7376,P2023****7
P202301344,薛桂英,女,71,410105195302265216,城镇职工,信阳市,2021-06-06,在保,薛**,4101****5216,P2023****4
P202302014,张伟,男,33,410402199111067456,灵活就业,洛阳市,2021-09-25,在保,张*,4104****7456,P2023****4
P202300274,沈军,男,50,410502197403123328,城乡居民,信阳市,2020-08-21,在保,沈*,4105****3328,P2023****4
P202300072,魏莉,女,77,410502194710100992,灵活就业,安阳市,2021-04-10,在保,魏*,4105****0992,P2023****2
P202303965,曹凤英,女,39,410402198504284288,城乡,平顶山市,2022-07-23,在保,曹**,4104****4288,P2023****5
P202301088,魏玲,女,54,410202197007035712,城镇职工,信阳市,2023-06-08,在保,魏*,4102****5712,P2023****8
P202300395,赵文博,男,71,410102195301281408,城乡居民,焦作市,2022-01-02,停保,赵**,4101****1408,P2023****5
P202300584,孙萍,女,90,410106193412283200,城镇职工,安阳市,2022-04-27,在保,孙*,4101****3200,P2023****4
P202301368,程凤英,女,33,410106199101032576,城镇职工,商丘市,2021-09-30,在保,程**,4101****2576,P2023****8
P202304316,卢敏,女,68,410105195606029760,灵活就业,开封市,2020-05-13,在保,卢*,4101****9760,P2023****6
P202304690,李霞,女,41,410302198311066752,城镇职工,商丘市,2023-07-29,停保,李*,4103****6752,P2023****0
P202302549,马思琪,女,68,410105195604259584,城乡居民,平顶山市,2020-11-06,在保,马**,4101****9584,P2023****9
P202301014,赵鹏,男,37,410702198706043712,城镇职工,漯河市,2020-03-29,在保,赵*,4107****3712,P2023****4
P202304948,张文博,男,25,410202199908239808,城镇职工,鹤壁市,2021-02-18,停保,张**,4102****9808,P2023****8
P202303004,阎天宇,男,83,410103194101067520,城乡居民,安阳市,2020-04-06,停保,阎**,4101****7520,P2023****4
P202304838,程敏,女,36,410102198807024384,城职,商丘市,2021-04-30,在保,程*,4101****4384,P2023****8
P202304595,高婷,女,49,410102197511264320,灵活就业,洛阳市,2023-06-11,在保,高*,4101****4320,P2023****5
P202304526,梁慧,女,70,410702195407142080,城乡居民,未知,2020-02-29,在保,梁*,4107****2080,P2023****6
P202301764,郭晨曦,男,21,410202200306092544,城乡居民,漯河市,2022-12-08,在保,郭**,4102****2544,P2023****4
P202301876,孙娜,女,75,410302194907228864,城镇职工,平顶山市,2024-02-25,停保,孙*,4103****8864,P2023****6
P202301260,孙鹏,男,48,410104197604282112,城镇职工,洛阳市,2024-01-23,在保,孙*,4101****2112,P2023****0
P202303345,薛浩然,男,32,410103199206151808,城镇职工,洛阳市,2023-12-18,在保,薛**,4101****1808,P2023****5
P202304576,谢浩然,男,46,410502197812092352,城乡居民,商丘市,2021-12-19,停保,谢**,4105****2352,P2023****6
P202302254,蒋雨彤,女,49,410106197511270912,城镇职工,洛阳市,2023-10-05,在保,蒋**,4101****0912,P2023****4
P202302782,蒋国强,男,38,410103198611211072,城乡居民,郑州市,2022-04-15,在保,蒋**,4101****1072,P2023****2
P202303666,贾紫薇,女,27,410502199702156608,灵活就业,洛阳市,2023-09-27,在保,贾**,4105****6608,P2023****6
P202300527,徐宇航,男,20,410302200409116736,城镇职工,驻马店市,2023-05-13,在保,徐**,4103****6736,P2023****7
P202304036,魏永强,男,67,410104195704185536,城镇职工,商丘市,2022-05-07,退保,魏**,4101****5536,P2023****6
P202302947,唐嘉伟,男,51,410106197310190656,城乡居民,周口市,2023-11-15,在保,唐**,4101****0656,P2023****7
P202300378,郑明,男,53,410106197107269056,城乡居民,焦作市,2021-06-17,在保,郑*,4101****9056,P2023****8
P202301560,董艳,女,45,410103197907234560,城镇职工,开封市,2024-02-22,停保,董*,4101****4560,P2023****0
P202303895,邓辉,男,42,410104198209104256,城乡居民,信阳市,2020-05-07,在保,邓*,4101****4256,P2023****5
P202301964,陈伟,男,61,410102196310026560,城乡居民,鹤壁市,2023-10-18,在保,陈*,4101****6560,P2023****4
P202304782,彭语嫣,女,55,410402196909142400,城镇职工,漯河市,2020-06-10,退保,彭**,4104****2400,P2023****2
P202300349,蒋玲,女,37,410103198701135872,城镇职工,鹤壁市,2022-10-02,在保,蒋*,4101****5872,P2023****9
P202302435,彭杰,男,54,410103197010236288,城镇职工,驻马店市,2024-01-20,在保,彭*,4101****6288,P2023****5
P202302247,薛永强,男,33,410402199111064064,城镇职工,郑州市,2022-11-09,在保,薛**,4104****4064,P2023****7
P202304862,谢海涛,男,35,410702198912127040,灵活就业,新乡市,2024-05-11,在保,谢**,4107****7040,P2023****2
P202301710,谢海涛,男,32,410202199204169600,城镇职工,南阳市,2023-01-01,退保,谢**,4102****9600,P2023****0
P202301051,郑晓红,女,38,410302198601188032,城乡居民,新乡市,2020-06-08,在保,郑**,4103****8032,P2023****1
P202300591,傅桂英,女,51,410106197310081728,城镇职工,安阳市,2023-06-09,停保,傅**,4101****1728,P2023****1
P202300520,邓永强,男,63,410502196103202880,城乡居民,南阳市,2023-08-05,在保,邓**,4105****2880,P2023****0
P202303381,吕斌,男,88,410402193605228864,城镇职工,平顶山市,2021-11-27,在保,吕*,4104****8864,P2023****1
P202304539,魏雪,女,46,410105197808171776,城镇职工,许昌市,2021-05-08,在保,魏*,4101****1776,P2023****9
P202304166,郑娜,女,64,410104196012239552,城乡居民,漯河市,2021-10-23,在保,郑*,4101****9552,P2023****6
P202302478,于俊杰,男,76,410102194804234112,城镇职工,平顶山市,2022-11-07,在保,于**,4101****4112,P2023****8
P202301084,赵建华,男,87,410702193711035904,城镇职工,商丘市,2024-03-28,在保,赵**,4107****5904,P2023****4
P202303662,赵淑珍,女,36,410104198802096448,城镇职工,许昌市,2020-12-29,在保,赵**,4101****6448,P2023****2
P202304828,朱莉,女,64,410302196005182592,城镇职工,信阳市,2021-01-24,在保,朱*,4103****2592,P2023****8
P202304555,曾宇航,男,48,410106197610260352,城镇职工,漯河市,2020-06-20,在保,曾**,4101****0352,P2023****5
P202301295,朱国强,男,51,410105197311204544,城乡居民,平顶山市,2020-12-28,退保,朱**,4101****4544,P2023****5
P202301810,魏勇,男,30,410104195802287040,城镇职工,南阳市,2022-08-13,在保,魏*,4101****7040,P2023****0
P202300792,袁军,男,53,410103197104121600,城镇职工,许昌市,2022-06-23,在保,袁*,4101****1600,P2023****2
P202300793,魏语嫣,女,54,410202197006271424,城镇职工,鹤壁市,2021-02-17,在保,魏**,4102****1424,P2023****3
P202304376,孙娜,女,61,410105196308091136,城镇职工,商丘市,2022-11-06,在保,孙*,4101****1136,P2023****6
P202301856,曾佳慧,女,37,410302198703106560,灵活就业,漯河市,2023-05-23,停保,曾**,4103****6560,P2023****6
P202304807,叶浩然,男,36,410302198808221760,城乡居民,安阳市,2021-09-11,在保,叶**,4103****1760,P2023****7
P202301981,高文博,男,32,410402199208128704,城镇职工,许昌市,2020-07-30,在保,高**,4104****8704,P2023****1
P202303234,董欣怡,女,84,410402194001112960,城镇职工,驻马店市,2021-10-25,在保,董**,4104****2960,P2023****4
P202303986,谢诗涵,女,12,410302201202284288,城镇职工,驻马店市,2023-04-07,停保,谢**,4103****4288,P2023****6
P202303454,彭秀英,女,39,410202198504020992,灵活就业,鹤壁市,2021-08-08,在保,彭**,4102****0992,P2023****4
P202303329,郭宇航,男,30,410202199407019840,城镇职工,洛阳市,2021-06-08,停保,郭**,4102****9840,P2023****9
P202301531,曹玉兰,女,52,410302197201235392,城乡居民,商丘市,2023-01-18,在保,曹**,4103****5392,P2023****1
P202301411,蒋雨彤,女,73,410702195102285312,城乡居民,商丘市,2023-09-03,在保,蒋**,4107****5312,P2023****1
P202304339,程宇航,男,12,410202201203091136,城镇职工,商丘市,2020-02-27,在保,程**,4102****1136,P2023****9
P202304696,未知,女,46,410202197807091392,城镇职工,许昌市,2020-10-11,在保,未知,4102****1392,P2023****6
P202300084,沈娜,女,40,410104198408176704,城乡居民,漯河市,2021-07-23,在保,沈*,4101****6704,P2023****4
P202300869,高敏,女,61,410202196301182080,城镇职工,新乡市,2023-01-01,在保,高*,4102****2080,P2023****9
P202302351,马雨彤,女,69,410302195505059584,城镇职工,许昌市,2020-07-22,在保,马**,4103****9584,P2023****1
P202300021,冯艳,女,76,410302194806144192,城镇职工,鹤壁市,2024-02-02,在保,冯*,4103****4192,P2023****1
P202303493,宋建国,男,58,410106196610180928,城乡居民,驻马店市,2023-09-09,在保,宋**,4101****0928,P2023****3
P202302796,许国强,男,34,410103199011234880,城乡居民,许昌市,2022-02-18,在保,许**,4101****4880,P2023****6
P202304618,董辉,男,0,410104202412080128,灵活就业,周口市,2023-12-31,在保,董*,4101****0128,P2023****8
P202301563,郑淑珍,女,6,410106201804136128,城镇职工,郑州市,2023-11-06,停保,郑**,4101****6128,P2023****3
P202303094,赵梦瑶,女,57,410106196710182080,城镇职工,信阳市,2020-06-11,在保,赵**,4101****2080,P2023****4
P202303156,李勇,男,20,410106200402236416,城镇职工,周口市,2021-05-03,在保,李*,4101****6416,P2023****6
P202300974,于志强,男,38,410202198602119360,城镇职工,鹤壁市,2023-01-09,停保,于**,4102****9360,P2023****4
P202301711,邓天宇,男,69,410104195507258688,城镇职工,郑州市,2021-01-30,停保,邓**,4101****8688,P2023****1
P202303202,郭淑珍,女,57,410103196712087488,灵活就业,周口市,2024-03-26,在保,郭**,4101****7488,P2023****2
P202304060,冯建国,男,45,410105197902266240,城镇职工,开封市,2024-01-22,在保,冯**,4101****6240,P2023****0
P202304869,邓慧,女,52,410104197210283456,城镇职工,南阳市,2023-10-08,在保,邓*,4101****3456,P2023****9
P202301099,吴浩,男,66,410103195804019136,灵活就业,开封市,2021-06-30,在保,吴*,4101****9136,P2023****9
P202304204,罗天宇,男,32,410402199210032640,城乡居民,信阳市,2022-09-04,在保,罗**,4104****2640,P2023****4
P202302845,于莉,女,53,410302197110067904,城乡居民,周口市,2021-12-11,在保,于*,4103****7904,P2023****5
P202300887,谢磊,男,60,410502196406144640,城乡居民,安阳市,2021-02-28,在保,谢*,4105****4640,P2023****7
P202304982,刘欣怡,女,65,410302195905160384,城镇职工,新乡市,2022-05-18,在保,刘**,4103****0384,P2023****2
P202303752,李凤英,女,55,410302196903126848,城乡居民,许昌市,2022-09-03,在保,李**,4103****6848,P2023****2
P202304626,蔡佳慧,女,72,410202195202207808,城乡,周口市,2021-06-06,停保,蔡**,4102****7808,P2023****6
P202304490,苏国强,男,50,410103197406064640,城乡居民,许昌市,2022-01-14,在保,苏**,4101****4640,P2023****0
P202304446,罗娟,女,36,410302198810287360,城镇职工,平顶山市,2024-05-16,在保,罗*,4103****7360,P2023****6
P202300516,郑欣怡,女,63,410102196108234496,城镇职工,安阳市,2023-01-16,在保,郑**,4101****4496,P2023****6
P202304668,丁天宇,男,79,410103194502069888,灵活就业,焦作市,2023-06-21,在保,丁**,4101****9888,P2023****8
P202300738,薛永强,男,67,410102195712266880,城乡居民,安阳市,2023-02-05,在保,薛**,4101****6880,P2023****8
P202301454,薛国强,男,95,410302192904163904,城镇职工,郑州市,2023-11-24,在保,薛**,4103****3904,P2023****4
P202304050,叶嘉伟,男,57,410103196706244416,城镇职工,漯河市,2021-05-26,在保,叶**,4101****4416,P2023****0
P202304749,周宇航,男,30,410302199001234240,城乡居民,周口市,2023-08-24,在保,周**,4103****4240,P2023****9
P202302507,王丽,女,95,410106192905056640,城乡居民,平顶山市,2021-04-22,退保,王*,4101****6640,P2023****7
P202302995,萧玲,女,32,410702199202130368,城镇职工,许昌市,2023-11-03,在保,萧*,4107****0368,P2023****5
P202302127,陈婷,女,28,410702199609283072,城镇职工,南阳市,2022-08-04,在保,陈*,4107****3072,P2023****7
P202302927,薛斌,男,47,410102197710117440,城乡居民,开封市,2023-09-08,在保,薛*,4101****7440,P2023****7
P202304795,郭佳慧,女,47,410106197710213440,城镇职工,洛阳市,2020-09-27,在保,郭**,4101****3440,P2023****5
P202300907,于子轩,男,25,410104199912072512,城乡居民,开封市,2023-05-25,在保,于**,4101****2512,P2023****7
P202303721,魏桂英,女,67,410202195705109568,城乡居民,信阳市,2024-04-03,停保,魏**,4102****9568,P2023****1
P202301031,李娟,女,45,410502197902032192,城职,郑州市,2024-03-29,停保,李*,4105****2192,P2023****1
P202302508,邓萍,女,72,410104195206172864,灵活就业,鹤壁市,2020-02-05,在保,邓*,4101****2864,P2023****8
P202302429,叶明,男,70,410502195403060864,城乡居民,郑州市,2023-10-26,在保,叶*,4105****0864,P2023****9
P202300948,孙娜,女,37,410502198711116096,城镇职工,开封市,2023-07-08,在保,孙*,4105****6096,P2023****8
P202303880,程丽,女,46,410103197803203584,城镇职工,郑州市,2021-05-16,在保,程*,4101****3584,P2023****0
P202300763,唐超,男,95,410103192906050304,城乡居民,信阳市,2023-12-20,在保,唐*,4101****0304,P2023****3
P202300716,周玲,女,69,410402195502196928,城乡居民,商丘市,2023-02-08,在保,周*,4104****6928,P2023****6
P202300285,徐萍,女,88,410105193604260608,城镇职工,焦作市,2022-12-26,在保,徐*,4101****0608,P2023****5
P202300687,冯丽,女,45,410702197903071936,城乡居民,安阳市,2023-02-08,在保,冯*,4107****1936,P2023****7
P202300704,孙俊杰,男,24,410302200007075264,城镇职工,南阳市,2020-08-19,在保,孙**,4103****5264,P2023****4
P202303342,何凤英,女,45,410106197907149184,城镇职工,驻马店市,2022-06-01,在保,何**,4101****9184,P2023****2
P202302354,吕强,男,25,410302199902163328,城乡居民,洛阳市,2022-11-13,在保,吕*,4103****3328,P2023****4
P202302258,孙磊,男,42,410202198205076736,城镇职工,洛阳市,2024-01-27,在保,孙*,4102****6736,P2023****8
P202303622,阎波,男,56,410502196804087360,城乡居民,信阳市,2023-04-20,在保,阎*,4105****7360,P2023****2
P202300474,袁敏,女,74,410502195005119680,城乡居民,平顶山市,2022-11-17,退保,袁*,4105****9680,P2023****4
P202300022,刘波,男,45,410103197904071936,城乡居民,信阳市,2020-10-14,在保,刘*,4101****1936,P2023****2
P202302753,卢玲,女,41,410202198304093376,城镇职工,安阳市,2022-02-18,在保,卢*,4102****3376,P2023****3
P202300886,郭晨曦,男,83,410106194111037120,城乡居民,漯河市,2022-10-07,在保,郭**,4101****7120,P2023****6
P202302449,何佳慧,女,35,410702198903023232,城镇职工,许昌市,2023-02-14,退保,何**,4107****3232,P2023****9
P202300918,于辉,男,53,410502197109229056,城乡居民,周口市,2021-09-22,在保,于*,4105****9056,P2023****8
P202303831,梁桂英,女,46,410702197809272896,灵活就业,商丘市,2021-07-14,停保,梁**,4107****2896,P2023****1
P202303825,杨俊杰,男,37,410104198711278720,灵活就业,鹤壁市,2023-01-01,在保,杨**,4101****8720,P2023****5
P202302240,黄美琳,女,62,410402196210062208,城镇职工,安阳市,2022-05-23,在保,黄**,4104****2208,P2023****0
P202303919,孙美琳,女,67,410202195708022912,城镇职工,安阳市,2022-01-15,在保,孙**,4102****2912,P2023****9
P202303396,冯莉,女,25,410502199901216448,城乡居民,安阳市,2022-01-26,在保,冯*,4105****6448,P2023****6
P202301266,于勇,男,24,410302200011274944,城镇职工,安阳市,2022-05-13,在保,于*,4103****4944,P2023****6
P202300484,蔡涛,男,53,410103197106126272,城镇职工,开封市,2023-01-28,在保,蔡*,4101****6272,P2023****4
P202304382,丁欣怡,女,53,410104197104058432,灵活就业,开封市,2021-04-12,停保,丁**,4101****8432,P2023****2
P202302964,曹欣怡,女,30,410402199406171008,城乡居民,南阳市,2020-03-31,在保,曹**,4104****1008,P2023****4
P202301220,袁雪,女,88,410103193602147136,灵活就业,南阳市,2020-09-17,在保,袁*,4101****7136,P2023****0
P202300278,苏雪,女,39,410104198509065024,城乡居民,开封市,2021-01-18,在保,苏*,4101****5024,P2023****8
P202300989,黄霞,女,46,410202197812142528,城镇职工,漯河市,2020-04-07,在保,黄*,4102****2528,P2023****9
P202302085,彭勇,男,40,410702198410202560,城镇职工,开封市,2023-05-10,在保,彭*,4107****2560,P2023****5
P202301246,阎杰,男,27,410105199711124736,城乡居民,漯河市,2024-01-23,停保,阎*,4101****4736,P2023****6
P202302383,蒋佳慧,女,56,410102196812057984,城镇职工,信阳市,2024-01-24,在保,蒋**,4101****7984,P2023****3
P202300572,吕思琪,女,80,410702194410265728,城乡居民,信阳市,2024-03-14,在保,吕**,4107****5728,P2023****2
P202301436,唐勇,男,55,410202196904134336,城乡居民,信阳市,2024-02-11,在保,唐*,4102****4336,P2023****6
P202300994,陈建华,男,37,410106198712167808,城乡居民,驻马店市,2024-01-16,在保,陈**,4101****7808,P2023****4
P202303521,贾嘉伟,男,59,未知,城镇职工,郑州市,2021-07-16,在保,贾**,未知,P2023****1
P202303516,郭文博,男,58,410106196606210368,城镇职工,安阳市,2020-02-18,在保,郭**,4101****0368,P2023****6
P202300586,杨浩,男,54,410402197009051968,城乡居民,漯河市,2022-09-17,在保,杨*,4104****1968,P2023****6
P202303732,李玲,女,35,410103198902221952,灵活就业,洛阳市,2022-11-13,在保,李*,4101****1952,P2023****2
P202302515,谢磊,男,47,410502197702155520,灵活就业,开封市,2021-08-26,在保,谢*,4105****5520,P2023****5
P202301350,谢晨曦,男,45,410104197901162112,灵活就业,南阳市,2023-07-04,在保,谢**,4101****2112,P2023****0
P202301008,赵欣怡,女,61,410102196310043840,城乡居民,郑州市,2020-08-13,在保,赵**,4101****3840,P2023****8
P202300675,吴超,男,24,410104200010067264,城镇职工,安阳市,2021-01-08,退保,吴*,4101****7264,P2023****5
P202302413,刘建国,男,29,410202199504015808,城镇职工,南阳市,2022-05-26,在保,刘**,4102****5808,P2023****3
P202302904,胡明,男,55,410202196906078720,城镇职工,洛阳市,2021-10-18,在保,胡*,4102****8720,P2023****4
P202300448,薛子轩,男,33,410202199101087808,城乡居民,新乡市,2020-05-08,在保,薛**,4102****7808,P2023****8
P202303543,彭文彬,男,65,410302195907072256,城乡居民,周口市,2020-12-04,停保,彭**,4103****2256,P2023****3
P202303832,吴晨曦,男,40,410106198404259712,城镇职工,郑州市,2022-09-26,在保,吴**,4101****9712,P2023****2
P202303922,苏建华,男,54,410106197003286400,城乡居民,南阳市,2021-05-01,在保,苏**,4101****6400,P2023****2
P202300360,冯霞,女,35,410402198910204864,城镇职工,开封市,2021-07-18,在保,冯*,4104****4864,P2023****0
P202302065,罗明,男,54,410702197007177600,城乡居民,平顶山市,2023-01-11,在保,罗*,4107****7600,P2023****5
P202304495,蒋娜,女,65,410302195911067328,城乡居民,许昌市,2023-08-31,在保,蒋*,4103****7328,P2023****5
P202303884,黄浩,男,33,410102199112235648,灵活就业,郑州市,2020-09-30,在保,黄*,4101****5648,P2023****4
P202301691,冯玲,女,60,410105196407257344,城镇职工,焦作市,2024-01-19,在保,冯*,4101****7344,P2023****1
P202304371,叶军,男,18,410103200608193408,城镇职工,开封市,2023-02-09,在保,叶*,4101****3408,P2023****1
P202301549,萧国强,男,63,410103196112248960,城乡居民,商丘市,2021-05-20,在保,萧**,4101****8960,P2023****9
P202301248,孙霞,女,36,410202198807088576,城镇职工,安阳市,2021-02-12,在保,孙*,4102****8576,P2023****8
P202301986,黄宇航,男,59,410105196512188416,城镇职工,洛阳市,2023-06-23,在保,黄**,4101****8416,P2023****6
P202300295,卢秀英,女,30,410102196804160768,城乡居民,周口市,2021-04-08,在保,卢**,4101****0768,P2023****5
P202301548,阎文彬,男,55,410104196912101952,灵活就业,许昌市,2023-01-16,在保,阎**,4101****1952,P2023****8
P202302013,吴诗涵,女,36,410502198802019520,城镇职工,焦作市,2023-08-22,在保,吴**,4105****9520,P2023****3
P202300589,李莉,女,64,410105196006072000,城乡居民,安阳市,2022-12-26,在保,李*,4101****2000,P2023****9
P202303330,阎淑珍,女,65,410402195908127680,城镇职工,焦作市,2023-12-19,停保,阎**,4104****7680,P2023****0
P202302404,王波,男,45,410103197908195968,城镇职工,开封市,2021-01-22,停保,王*,4101****5968,P2023****4
P202302130,徐敏,女,62,410102196203131456,城乡居民,郑州市,2022-03-23,在保,徐*,4101****1456,P2023****0
P202304433,苏俊杰,男,54,410702197009114688,城乡居民,开封市,2022-01-28,在保,苏**,4107****4688,P2023****3
P202303509,赵思琪,女,59,410202196506224576,城乡居民,未知,2020-11-17,在保,赵**,4102****4576,P2023****9
P202302411,朱建国,男,64,未知,城乡居民,信阳市,2020-09-28,在保,朱**,未知,P2023****1
P202302720,于玉兰,女,52,410502197203104000,城镇职工,焦作市,2021-06-24,停保,于**,4105****4000,P2023****0
P202304600,曾天宇,男,73,410106195106225856,城乡居民,开封市,2023-07-20,在保,曾**,4101****5856,P2023****0
P202300426,袁杰,男,74,410502195007033600,城镇职工,漯河市,2021-03-12,在保,袁*,4105****3600,P2023****6
P202302583,吕嘉伟,男,49,410106197502094848,城镇职工,新乡市,2021-05-25,在保,吕**,4101****4848,P2023****3
P202301055,胡永强,男,40,410102198406273728,城乡居民,安阳市,2021-09-20,在保,胡**,4101****3728,P2023****5
P202304045,蔡俊杰,男,66,410302195801134464,城镇职工,驻马店市,2022-09-14,在保,蔡**,4103****4464,P2023****5
P202304608,程玲,女,58,410102196606014464,城镇职工,焦作市,2023-06-12,在保,程*,4101****4464,P2023****8
P202300557,韩志强,男,41,未知,城乡居民,平顶山市,2020-01-31,停保,韩**,未知,P2023****7
P202304403,吕超,男,34,410702199001282368,城乡居民,许昌市,2023-12-08,在保,吕*,4107****2368,P2023****3
P202304016,宋梦瑶,女,39,410102198512198720,城镇职工,许昌市,2022-01-22,在保,宋**,4101****8720,P2023****6
P202304761,张丽,女,27,410202199710101824,城乡居民,漯河市,2020-03-28,在保,张*,4102****1824,P2023****1
P202302470,蔡志强,男,46,410202197802118656,城镇职工,许昌市,2021-12-01,在保,蔡**,4102****8656,P2023****0
P202304759,袁子轩,男,38,410202198602015360,城镇职工,平顶山市,2020-07-27,在保,袁**,4102****5360,P2023****9
P202300356,黄浩然,男,31,410104199304261952,城镇职工,郑州市,2022-05-17,在保,黄**,4101****1952,P2023****6
P202301194,魏凤英,女,55,410402196905047360,城乡居民,信阳市,2022-06-04,在保,魏**,4104****7360,P2023****4
P202301717,吕欣怡,女,55,410103196911124608,城镇职工,周口市,2020-04-07,在保,吕**,4101****4608,P2023****7
P202303417,何晓红,女,65,410105195912085504,城乡居民,平顶山市,2023-01-29,停保,何**,4101****5504,P2023****7
P202302605,马勇,男,38,410105198605179136,城镇职工,安阳市,2023-02-07,在保,马*,4101****9136,P2023****5
P202304578,贾芳,女,82,410102194207286656,城乡居民,洛阳市,2024-02-11,在保,贾*,4101****6656,P2023****8
P202302829,苏子轩,男,67,410106195708284288,城乡居民,漯河市,2020-08-05,在保,苏**,4101****4288,P2023****9
P202301705,彭敏,女,57,410302196701206976,灵活就业,南阳市,2022-01-23,在保,彭*,4103****6976,P2023****5
P202302864,黄玲,女,62,410104196206028800,灵活就业,驻马店市,2021-10-24,停保,黄*,4101****8800,P2023****4
P202302619,吴淑珍,女,58,410202196607120256,城镇职工,南阳市,2020-01-17,在保,吴**,4102****0256,P2023****9
P202302401,胡勇,男,37,410102198707138240,城镇职工,周口市,2024-05-07,在保,胡*,4101****8240,P2023****1
P202302140,谢丽,女,23,410102200107058048,城镇职工,洛阳市,2021-10-24,停保,谢*,4101****8048,P2023****0
P202303240,冯桂英,女,66,410402195801140864,城乡居民,漯河市,2023-06-13,在保,冯**,4104****0864,P2023****0
P202302384,程婷,女,49,410102197507213824,灵活就业,商丘市,2021-03-30,在保,程*,4101****3824,P2023****4
P202303219,贾凤英,女,36,410102198803020416,灵活就业,洛阳市,2022-08-21,在保,贾**,4101****0416,P2023****9
P202303818,陈霞,女,47,410702197708093568,城职,许昌市,2022-12-07,在保,陈*,4107****3568,P2023****8
P202301286,沈秀兰,女,26,410102199805187648,城镇职工,新乡市,2022-02-07,停保,沈**,4101****7648,P2023****6
P202303870,冯淑珍,女,67,410202195702106112,城镇职工,洛阳市,2023-01-24,在保,冯**,4102****6112,P2023****0
P202303915,周雨彤,女,23,410103200109245696,城镇职工,商丘市,2022-07-18,在保,周**,4101****5696,P2023****5
P202304514,宋斌,男,33,410105199104267904,城乡居民,信阳市,2022-04-13,在保,宋*,4101****7904,P2023****4
P202302088,曾美琳,女,47,410105197704247552,城乡居民,许昌市,2023-01-10,在保,曾**,4101****7552,P2023****8
P202301890,刘娜,女,49,410302197505106688,城乡居民,安阳市,2023-08-28,在保,刘*,4103****6688,P2023****0
P202303577,阎凤英,女,35,410105198912099008,城镇职工,许昌市,2020-01-17,在保,阎**,4101****9008,P2023****7
P202301592,刘莉,女,0,410106202402271488,城镇职工,新乡市,2021-03-24,停保,刘*,4101****1488,P2023****2
P202301347,魏梦瑶,女,4,410102202003282560,灵活就业,周口市,2020-01-19,在保,魏**,4101****2560,P2023****7
P202304476,宋语嫣,女,59,410103196512171648,城镇职工,平顶山市,2022-10-18,在保,宋**,4101****1648,P2023****6
P202302163,蒋婷,女,58,410106196603212992,城镇职工,安阳市,2024-02-16,停保,蒋*,4101****2992,P2023****3
P202302397,林文彬,男,33,410402199101059392,城镇职工,新乡市,2022-02-07,在保,林**,4104****9392,P2023****7
P202303717,阎建华,男,95,410105192911137344,城乡居民,郑州市,2022-01-10,停保,阎**,4101****7344,P2023****7
P202302272,朱晨曦,男,41,410104198303271232,城镇职工,周口市,2020-03-18,在保,朱**,4101****1232,P2023****2
P202304536,许娟,女,38,410302198606183872,城镇职工,漯河市,2024-02-16,在保,许*,4103****3872,P2023****6
P202303112,冯磊,男,44,410402198007203328,城镇职工,平顶山市,2021-07-31,在保,冯*,4104****3328,P2023****2
P202301138,陈娜,女,27,410104199704046784,城镇职工,信阳市,2023-10-23,在保,陈*,4101****6784,P2023****8
P202303973,刘秀兰,女,56,410402196803121728,城乡居民,开封市,2021-04-13,在保,刘**,4104****1728,P2023****3
P202300973,徐思琪,女,65,未知,灵活就业,鹤壁市,2020-09-30,在保,徐**,未知,P2023****3
P202300796,萧语嫣,女,68,410202195601151488,城乡居民,许昌市,2022-11-25,停保,萧**,4102****1488,P2023****6
P202303021,董美琳,女,71,410702195306150400,城乡居民,周口市,2023-03-03,停保,董**,4107****0400,P2023****1
P202301712,邓晨曦,男,47,410302197707200896,城镇职工,南阳市,2020-11-11,在保,邓**,4103****0896,P2023****2
P202303388,程浩然,男,51,410702197301027392,城乡居民,鹤壁市,2021-03-05,在保,程**,4107****7392,P2023****8
P202300037,吕欣怡,女,53,410105197103268288,城镇职工,漯河市,2022-04-24,在保,吕**,4101****8288,P2023****7
P202300454,魏敏,女,59,410402196508076032,城乡居民,商丘市,2022-04-21,在保,魏*,4104****6032,P2023****4
P202300914,胡浩然,男,78,410106194612125248,城镇职工,商丘市,2023-11-11,在保,胡**,4101****5248,P2023****4
P202304131,董军,男,45,410402197910237504,灵活就业,洛阳市,2022-06-18,在保,董*,4104****7504,P2023****1
P202301200,张斌,男,74,410702195007216000,城乡居民,商丘市,2021-12-15,在保,张*,4107****6000,P2023****0
P202301275,许军,男,71,410104195311164416,城镇职工,焦作市,2022-07-27,在保,许*,4101****4416,P2023****5
P202302376,刘浩然,男,76,410104194810229184,城镇职工,信阳市,2021-01-27,停保,刘**,4101****9184,P2023****6
P202300038,冯佳慧,女,14,410105201005068032,城乡居民,南阳市,2020-03-20,停保,冯**,4101****8032,P2023****8
P202300975,马鹏,男,41,410106198304017536,城乡居民,南阳市,2021-03-21,停保,马*,4101****7536,P2023****5
P202303196,张飞,男,16,410202200810144512,城乡居民,信阳市,2022-10-12,在保,张*,4102****4512,P2023****6
P202300984,程玲,女,49,410103197507086336,城镇职工,许昌市,2022-11-13,在保,程*,4101****6336,P2023****4
P202304416,陈梦瑶,女,60,410106196408264960,城镇职工,漯河市,2021-01-21,在保,陈**,4101****4960,P2023****6
P202304353,郭浩然,男,45,410106197911238592,城乡居民,鹤壁市,2020-09-07,在保,郭**,4101****8592,P2023****3
P202301419,高玉兰,女,77,410302194701051456,灵活就业,新乡市,2023-06-27,在保,高**,4103****1456,P2023****9
P202303333,阎艳,女,78,410302194608010112,城镇职工,周口市,2023-05-29,在保,阎*,4103****0112,P2023****3
P202301561,李雪,女,49,410105197511164480,城乡居民,焦作市,2021-10-21,在保,李*,4101****4480,P2023****1
P202300040,宋霞,女,53,410106197106215232,灵活就业,商丘市,2023-01-03,在保,宋*,4101****5232,P2023****0
P202301487,谢静,女,24,410302200009016448,城镇职工,商丘市,2021-10-25,在保,谢*,4103****6448,P2023****7
P202303960,邓杰,男,53,410202197110271936,城乡居民,许昌市,2022-11-05,在保,邓*,4102****1936,P2023****0
P202300170,魏斌,男,36,410702198803182976,城镇职工,洛阳市,2020-06-12,在保,魏*,4107****2976,P2023****0
P202301356,薛军,男,3,410106202110042560,城乡,安阳市,2021-01-13,在保,薛*,4101****2560,P2023****6
P202302786,董艳,女,43,410302198108047936,城乡居民,焦作市,2020-10-07,在保,董*,4103****7936,P2023****6
P202303706,朱永强,男,55,410102196905076608,城镇职工,商丘市,2022-10-11,在保,朱**,4101****6608,P2023****6
P202304798,梁芳,女,14,410202201007174400,城镇职工,南阳市,2023-05-11,在保,梁*,4102****4400,P2023****8
P202304084,郑霞,女,15,410103200903199424,城乡居民,许昌市,2020-12-05,在保,郑*,4101****9424,P2023****4
P202302683,阎语嫣,女,44,410105198004148672,城乡居民,商丘市,2023-03-26,在保,阎**,4101****8672,P2023****3
P202304753,邓玉兰,女,45,410702197905115200,城乡居民,南阳市,2020-05-30,在保,邓**,4107****5200,P2023****3
P202304104,宋明,男,65,410106195903208512,城乡居民,新乡市,2024-03-28,在保,宋*,4101****8512,P2023****4
P202301641,朱萍,女,50,410105197409103552,城乡居民,南阳市,2023-04-24,在保,朱*,4101****3552,P2023****1
P202301291,蔡嘉伟,男,56,410702196811149952,城镇职工,南阳市,2021-01-21,在保,蔡**,4107****9952,P2023****1
P202301381,李欣怡,女,62,410106196206276992,城乡居民,焦作市,2021-05-24,在保,李**,4101****6992,P2023****1
P202301934,薛超,男,48,410402197601275840,城镇职工,新乡市,2020-03-30,在保,薛*,4104****5840,P2023****4
P202300580,黄永强,男,70,410302195412196288,城镇职工,鹤壁市,2020-12-25,在保,黄**,4103****6288,P2023****0
P202304264,董国强,男,44,410502198003042944,灵活就业,开封市,2021-09-27,在保,董**,4105****2944,P2023****4
P202303161,何玲,女,39,410106198504269440,城乡居民,平顶山市,2023-12-11,在保,何*,4101****9440,P2023****1
P202302031,蒋磊,男,64,410302196003136768,城镇职工,驻马店市,2021-08-10,在保,蒋*,4103****6768,P2023****1
P202300893,韩天宇,男,69,410102195510010496,城镇职工,平顶山市,2021-02-17,停保,韩**,4101****0496,P2023****3
P202304910,阎秀兰,女,35,410202198908234944,城镇职工,鹤壁市,2021-08-11,在保,阎**,4102****4944,P2023****0
P202300781,刘桂英,女,53,410302197107285056,城镇职工,周口市,2024-02-06,在保,刘**,4103****5056,P2023****1
P202300160,董萍,女,61,410103196301092224,城镇职工,驻马店市,2024-01-29,在保,董*,4101****2224,P2023****0
P202300003,王紫薇,女,61,410302196306091584,城乡居民,平顶山市,2021-11-20,在保,王**,4103****1584,P2023****3
P202302264,蔡雨彤,女,30,410102199412172672,城乡居民,周口市,2023-08-20,在保,蔡**,4101****2672,P2023****4
P202303217,马文彬,男,20,410106200410230528,城乡居民,开封市,2020-09-19,在保,马**,4101****0528,P2023****7
P202302110,胡雪,女,60,410103196401116480,城镇职工,焦作市,2021-01-02,在保,胡*,4101****6480,P2023****0
P202300850,刘勇,男,40,410302198409217728,城镇职工,安阳市,2023-04-10,停保,刘*,4103****7728,P2023****0
P202302738,梁丽,女,56,410702196811235520,城镇职工,郑州市,2023-01-01,在保,梁*,4107****5520,P2023****8
P202302467,高子轩,男,36,410202198811050496,城乡居民,新乡市,2023-11-05,在保,高**,4102****0496,P2023****7
P202304714,赵莉,女,56,410702196806163008,城乡居民,焦作市,2023-12-18,在保,赵*,4107****3008,P2023****4
P202304835,孙磊,男,15,410702200901028608,城镇职工,安阳市,2020-05-22,在保,孙*,4107****8608,P2023****5
P202301597,曾淑珍,女,61,410103196302038144,灵活就业,开封市,2023-01-11,在保,曾**,4101****8144,P2023****7
P202301777,彭子轩,男,38,410402198601093696,城乡居民,新乡市,2022-11-19,在保,彭**,4104****3696,P2023****7
P202301914,卢波,男,59,410106196502230912,灵活就业,安阳市,2020-01-04,在保,卢*,4101****0912,P2023****4
P202301044,沈波,男,49,410105197507284736,灵活就业,焦作市,2022-08-12,在保,沈*,4101****4736,P2023****4
P202304762,谢凤英,女,62,410202196208105344,城镇职工,新乡市,2023-07-23,在保,谢**,4102****5344,P2023****2
P202301545,程飞,男,39,410402198506185280,城镇职工,商丘市,2020-05-08,在保,程*,4104****5280,P2023****5
P202302737,于秀兰,女,43,410502198101197184,城镇职工,信阳市,2023-08-11,在保,于**,4105****7184,P2023****7
P202303780,董杰,男,48,410202197602189312,城乡居民,安阳市,2024-04-20,在保,董*,4102****9312,P2023****0
P202304665,阎磊,男,62,410103196211170560,城乡居民,新乡市,2022-11-15,停保,阎*,4101****0560,P2023****5
P202300054,陈斌,男,61,410502196308140608,城镇职工,鹤壁市,2022-05-10,在保,陈*,4105****0608,P2023****4
P202301797,贾娟,女,44,410502198004115712,城乡居民,安阳市,2022-05-05,在保,贾*,4105****5712,P2023****7
P202303589,曾淑珍,女,72,410202195211254592,城乡居民,商丘市,2023-09-26,停保,曾**,4102****4592,P2023****9
P202301912,萧俊杰,男,90,410104193401128384,城乡居民,焦作市,2024-02-29,在保,萧**,4101****8384,P2023****2
P202302307,何嘉伟,男,60,410702196404281152,城镇职工,开封市,2023-02-27,在保,何**,4107****1152,P2023****7
P202302554,曹玉兰,女,57,410102196702168832,城乡居民,周口市,2020-05-27,在保,曹**,4101****8832,P2023****4
P202302801,谢秀兰,女,53,410104197110133504,城乡居民,南阳市,2020-08-23,在保,谢**,4101****3504,P2023****1
P202300937,薛莉,女,31,410103199310121280,灵活就业,南阳市,2023-03-27,在保,薛*,4101****1280,P2023****7
P202304170,罗晨曦,男,37,410502198704122752,灵活就业,鹤壁市,2020-10-15,在保,罗**,4105****2752,P2023****0
P202300825,罗国强,男,41,410103198311172096,城镇职工,焦作市,2023-01-11,退保,罗**,4101****2096,P2023****5
P202304783,黄雪,女,19,410202200510027648,城乡居民,安阳市,2023-06-03,在保,黄*,4102****7648,P2023****3
P202303179,贾雪,女,67,410104195703148992,城乡居民,新乡市,2023-11-14,在保,贾*,4101****8992,P2023****9
P202303402,郑佳慧,女,60,410103196411227456,城镇职工,开封市,2021-11-10,在保,郑**,4101****7456,P2023****2
P202301390,李慧,女,36,410105198804084480,城镇职工,开封市,2020-01-26,在保,李*,4101****4480,P2023****0
P202303565,吴思琪,女,67,410202195704260672,城乡居民,鹤壁市,2022-01-23,停保,吴**,4102****0672,P2023****5
P202304927,贾婷,女,41,410105198312174272,城乡居民,南阳市,2023-07-18,在保,贾*,4101****4272,P2023****7
P202300885,萧淑珍,女,62,410104196212190976,灵活就业,许昌市,2020-03-30,在保,萧**,4101****0976,P2023****5
P202303879,曾建华,男,22,410104200208021888,城镇职工,洛阳市,2023-01-29,在保,曾**,4101****1888,P2023****9
P202303647,魏慧,女,54,410702197002153088,城乡居民,洛阳市,2020-09-14,在保,魏*,4107****3088,P2023****7
P202301608,韩丽,女,79,410402194511138048,城乡居民,信阳市,2020-09-29,在保,韩*,4104****8048,P2023****8
P202301595,吴秀兰,女,7,410102201706121216,城乡居民,新乡市,2022-09-23,停保,吴**,4101****1216,P2023****5
P202300772,傅磊,男,39,410502198502174336,灵活就业,洛阳市,2022-08-09,在保,傅*,4105****4336,P2023****2
P202302612,蒋波,男,29,410702199505062528,城镇职工,洛阳市,2021-12-14,在保,蒋*,4107****2528,P2023****2
P202303930,苏秀兰,女,53,410302197112246016,城镇职工,洛阳市,2024-01-25,在保,苏**,4103****6016,P2023****0
P202302274,董思琪,女,50,410103197407207040,城乡居民,新乡市,2023-03-29,在保,董**,4101****7040,P2023****4
P202301869,高俊杰,男,30,410104199407213824,城镇职工,驻马店市,2022-05-14,在保,高**,4101****3824,P2023****9
P202301086,曾淑珍,女,57,410102196705016576,城镇职工,郑州市,2022-08-03,在保,曾**,4101****6576,P2023****6
P202300011,周建国,男,41,410102198302056448,城乡居民,平顶山市,2023-10-25,在保,周**,4101****6448,P2023****1
P202303685,袁国强,男,60,410302196411079936,城镇职工,平顶山市,2022-07-29,在保,袁**,4103****9936,P2023****5
P202301326,朱文彬,男,14,410106201002032512,城乡居民,焦作市,2024-01-20,在保,朱**,4101****2512,P2023****6
P202303391,叶莉,女,21,410102200304262336,城镇职工,鹤壁市,2024-04-19,在保,叶*,4101****2336,P2023****1
P202301464,彭秀兰,女,34,410106199004142592,城乡居民,许昌市,2021-05-08,在保,彭**,4101****2592,P2023****4
P202300807,于晨曦,男,53,410105197108033792,城镇职工,南阳市,2023-04-19,在保,于**,4101****3792,P2023****7
P202303809,韩淑珍,女,61,410402196307025728,灵活就业,开封市,2020-01-18,在保,韩**,4104****5728,P2023****9
P202304064,杨辉,男,55,410102196904124096,城乡居民,郑州市,2021-02-19,停保,杨*,4101****4096,P2023****4
P202303845,何艳,女,78,410105194607092992,城镇职工,新乡市,2020-11-24,在保,何*,4101****2992,P2023****5
P202302109,于斌,男,44,410104198012010624,城镇职工,焦作市,2021-02-06,在保,于*,4101****0624,P2023****9
P202304280,郭梦瑶,女,56,410702196811277248,城乡居民,南阳市,2023-12-09,在保,郭**,4107****7248,P2023****0
P202300590,蒋敏,女,34,410104199005040128,城镇职工,驻马店市,2022-11-18,在保,蒋*,4101****0128,P2023****0
P202302235,丁浩然,男,28,410103199612171520,城乡居民,商丘市,2021-03-31,在保,丁**,4101****1520,P2023****5
P202303212,曹俊杰,男,28,410105199601156672,灵活就业,平顶山市,2023-11-07,在保,曹**,4101****6672,P2023****2
P202300964,韩明,男,62,410103196202065408,城镇职工,周口市,2022-09-29,在保,韩*,4101****5408,P2023****4
P202303416,苏雪,女,47,410106197706255040,城镇职工,许昌市,2021-07-10,在保,苏*,4101****5040,P2023****6
P202303827,徐敏,女,28,410103199606210752,灵活就业,郑州市,2023-07-22,在保,徐*,4101****0752,P2023****7
P202300399,程嘉伟,男,47,410302197708020672,城乡居民,商丘市,2021-10-05,在保,程**,4103****0672,P2023****9
P202302633,蒋勇,男,53,410702197112234560,城镇职工,漯河市,2021-05-05,在保,蒋*,4107****4560,P2023****3
P202304901,郭飞,男,42,410502198202260736,灵活就业,周口市,2020-09-04,在保,郭*,4105****0736,P2023****1
P202302997,宋俊杰,男,54,410103197012204608,城乡居民,洛阳市,2023-02-05,在保,宋**,4101****4608,P2023****7
P202300705,黄凤英,女,21,410104200308253696,城镇职工,驻马店市,2024-01-18,在保,黄**,4101****3696,P2023****5
P202300432,李浩,男,13,410102201102030528,城乡居民,平顶山市,2021-05-30,在保,李*,4101****0528,P2023****2
P202300293,胡雨彤,女,39,410106198503289536,灵活就业,洛阳市,2023-09-02,在保,胡**,4101****9536,P2023****3
P202304917,邓丽,女,69,410106195509161152,城乡居民,郑州市,2020-04-15,在保,邓*,4101****1152,P2023****7
P202300146,刘浩,男,64,410202196012035136,城镇职工,郑州市,2021-05-22,在保,刘*,4102****5136,P2023****6
P202304379,曹涛,未知,55,410202196908052288,城乡居民,许昌市,2023-07-07,在保,曹*,4102****2288,P2023****9
P202302034,陈秀英,女,59,410202196506142784,城乡居民,周口市,2023-10-05,在保,陈**,4102****2784,P2023****4
P202304672,周语嫣,女,20,410302200402189120,城乡居民,洛阳市,2020-01-20,在保,周**,4103****9120,P2023****2
P202301166,周嘉伟,男,93,410106193102087872,城镇职工,安阳市,2021-11-22,在保,周**,4101****7872,P2023****6
P202303501,孙秀兰,女,71,410104195304076224,城乡居民,郑州市,2023-10-23,在保,孙**,4101****6224,P2023****1
P202302051,吕淑珍,女,64,410106196007224448,城镇职工,安阳市,2021-11-07,在保,吕**,4101****4448,P2023****1
P202302625,彭莉,女,57,410102196701090944,城乡居民,许昌市,2024-03-18,在保,彭*,4101****0944,P2023****5
P202304423,韩桂英,女,72,410502195205132416,灵活就业,开封市,2023-08-12,在保,韩**,4105****2416,P2023****3
P202300340,苏慧,女,39,410104198512187136,城乡居民,平顶山市,2021-12-31,在保,苏*,4101****7136,P2023****0
P202303956,马勇,男,38,410202198608112256,城镇职工,焦作市,2020-05-21,在保,马*,4102****2256,P2023****6
P202303746,周玉兰,女,46,410402197808164928,城镇职工,安阳市,2024-05-13,停保,周**,4104****4928,P2023****6
P202302974,丁婷,女,85,410102193908024640,城乡居民,开封市,2022-12-29,在保,丁*,4101****4640,P2023****4
P202300266,蒋永强,男,27,410702199701196608,城镇职工,平顶山市,2021-11-10,退保,蒋**,4107****6608,P2023****6
P202302425,杨霞,女,22,410105200205026176,城镇职工,驻马店市,2021-12-26,在保,杨*,4101****6176,P2023****5
P202301263,蔡欣怡,女,59,410702196507180736,灵活就业,信阳市,2023-10-03,在保,蔡**,4107****0736,P2023****3
P202301772,邓俊杰,男,80,410702194404098112,城乡居民,洛阳市,2022-01-15,在保,邓**,4107****8112,P2023****2
P202303512,叶秀英,女,34,410502199006226176,城镇职工,新乡市,2021-12-11,在保,叶**,4105****6176,P2023****2
P202300272,萧娟,女,24,410104200003216768,城乡居民,南阳市,2020-02-29,在保,萧*,4101****6768,P2023****2
P202300697,彭婷,女,55,410202196903233088,城乡居民,许昌市,2020-08-30,在保,彭*,4102****3088,P2023****7
P202300748,徐莉,女,36,410502198807259456,城镇职工,鹤壁市,2023-10-11,在保,徐*,4105****9456,P2023****8
P202300245,郑霞,女,28,410103199606134720,城乡居民,新乡市,2023-11-28,在保,郑*,4101****4720,P2023****5
P202300318,朱建国,男,44,410302198008029952,灵活就业,许昌市,2021-07-27,在保,朱**,4103****9952,P2023****8
P202300477,邓雪,女,60,410106196404100928,城镇职工,商丘市,2024-03-13,在保,邓*,4101****0928,P2023****7
P202302033,何莉,女,58,410104196611220672,城镇职工,洛阳市,2022-05-26,退保,何*,4101****0672,P2023****3
P202300958,贾军,男,58,410102196604021952,城乡居民,安阳市,2021-03-16,退保,贾*,4101****1952,P2023****8
P202303022,吴淑珍,女,41,410402198310068992,城镇职工,洛阳市,2023-10-04,在保,吴**,4104****8992,P2023****2
P202300814,叶勇,男,53,410402197108224576,城乡居民,鹤壁市,2024-01-30,在保,叶*,4104****4576,P2023****4
P202304214,朱芳,女,16,410302200804131456,城镇职工,平顶山市,2020-04-20,在保,朱*,4103****1456,P2023****4
P202301915,赵淑珍,女,17,410702200705256320,城乡,郑州市,2022-12-06,在保,赵**,4107****6320,P2023****5
P202304649,薛芳,女,20,410105200405250944,灵活就业,漯河市,2022-06-27,在保,薛*,4101****0944,P2023****9
P202303488,韩雨彤,女,61,410502196303048832,城镇职工,平顶山市,2023-11-08,在保,韩**,4105****8832,P2023****8
P202301298,董志强,男,44,410102198005264064,城乡居民,焦作市,2022-03-29,在保,董**,4101****4064,P2023****8
P202304625,李辉,男,56,410702196801104448,灵活就业,安阳市,2023-05-10,在保,李*,4107****4448,P2023****5
P202301805,叶宇航,男,17,410102200704012864,灵活就业,新乡市,2022-03-05,在保,叶**,4101****2864,P2023****5
P202300759,徐雨彤,女,34,410103199008024512,城乡居民,许昌市,2023-02-22,在保,徐**,4101****4512,P2023****9
P202300251,刘敏,女,27,410103199706207872,城镇职工,周口市,2022-03-23,退保,刘*,4101****7872,P2023****1
P202302462,林子轩,男,63,410402196112035584,城乡居民,新乡市,2020-01-13,在保,林**,4104****5584,P2023****2
P202300546,萧海涛,男,35,410103198907222784,灵活就业,鹤壁市,2020-08-08,在保,萧**,4101****2784,P2023****6
P202303242,唐永强,男,95,410302192905044480,城乡居民,郑州市,2021-11-30,在保,唐**,4103****4480,P2023****2
P202300739,蔡敏,女,79,410105194508130112,城乡居民,漯河市,2021-06-07,在保,蔡*,4101****0112,P2023****9
P202300311,谢杰,男,46,410103197810227392,城镇职工,新乡市,2024-02-26,在保,谢*,4101****7392,P2023****1
P202303854,梁慧,女,30,410103199409121088,城镇职工,南阳市,2023-03-11,在保,梁*,4101****1088,P2023****4
P202302942,沈海涛,男,41,410106198307217088,城乡居民,洛阳市,2023-07-21,停保,沈**,4101****7088,P2023****2
P202301132,谢思琪,女,57,410302196712261120,城镇职工,南阳市,2022-05-20,在保,谢**,4103****1120,P2023****2
P202301450,蒋涛,男,50,410202197405238080,灵活就业,焦作市,2023-05-19,退保,蒋*,4102****8080,P2023****0
P202304970,曾勇,男,76,410202194807156928,城镇职工,驻马店市,2023-09-24,在保,曾*,4102****6928,P2023****0
P202300016,林娜,女,39,410702198502037504,城镇职工,鹤壁市,2020-05-21,退保,林*,4107****7504,P2023****6
P202303233,杨丽,女,30,410302199401280576,城镇职工,开封市,2020-10-24,在保,杨*,4103****0576,P2023****3
P202302770,贾浩,男,46,410302197803161920,城乡居民,鹤壁市,2020-08-08,在保,贾*,4103****1920,P2023****0
P202303469,谢婷,女,41,410106198306281280,城乡居民,新乡市,2024-04-20,在保,谢*,4101****1280,P2023****9
P202300921,徐丽,女,69,410104195504161856,城镇职工,洛阳市,2022-07-11,在保,徐*,4101****1856,P2023****1
P202303030,何杰,男,50,410106197403178240,城镇职工,焦作市,2021-05-22,退保,何*,4101****8240,P2023****0
P202301373,郭娜,女,25,410106199902214784,城镇职工,周口市,2020-12-10,停保,郭*,4101****4784,P2023****3
P202303588,丁美琳,女,33,410202199108172480,灵活就业,漯河市,2021-06-27,在保,丁**,4102****2480,P2023****8
P202302545,许玲,女,93,未知,城乡居民,洛阳市,2022-05-19,在保,许*,未知,P2023****5
P202303599,彭磊,男,56,410202196808276736,城乡居民,周口市,2023-01-01,在保,彭*,4102****6736,P2023****9
P202300039,胡俊杰,男,26,410202199805278144,灵活就业,新乡市,2020-02-18,在保,胡**,4102****8144,P2023****9
P202300364,薛慧,女,57,410202196701178112,城乡居民,洛阳市,2021-09-29,在保,薛*,4102****8112,P2023****4
P202304701,罗晓红,女,32,410202199205220352,城镇职工,南阳市,2021-05-21,退保,罗**,4102****0352,P2023****1
P202300183,何涛,男,30,410502199405056384,城乡居民,周口市,2022-12-28,在保,何*,4105****6384,P2023****3
P202303034,曾浩然,男,32,410104199209264832,城乡居民,驻马店市,2024-05-09,在保,曾**,4101****4832,P2023****4
P202302984,韩晓红,女,55,410105196903127040,城镇职工,安阳市,2021-08-09,停保,韩**,4101****7040,P2023****4
P202301195,周辉,男,21,410103200306260800,城乡居民,许昌市,2020-06-01,在保,周*,4101****0800,P2023****5
P202302853,马桂英,女,30,410702199402278848,城镇职工,南阳市,2021-11-03,在保,马**,4107****8848,P2023****3
P202303840,高梦瑶,女,44,410102198007064832,城镇职工,鹤壁市,2024-02-26,在保,高**,4101****4832,P2023****0
P202301122,贾桂英,女,71,410202195308124352,城乡居民,南阳市,2022-04-20,在保,贾**,4102****4352,P2023****2
P202302236,王静,女,63,410302196103025408,灵活就业,驻马店市,2020-05-23,在保,王*,4103****5408,P2023****6
P202302668,朱晓红,女,27,410102199702048000,城乡居民,商丘市,2020-03-03,在保,朱**,4101****8000,P2023****8
P202303162,袁敏,女,58,410103196602108032,灵活就业,新乡市,2020-04-04,在保,袁*,4101****8032,P2023****2
P202303224,谢桂英,女,62,410202196210110528,城乡居民,南阳市,2021-03-10,在保,谢**,4102****0528,P2023****4
P202301183,孙晨曦,男,66,410104195802142720,城乡居民,许昌市,2022-08-20,在保,孙**,4101****2720,P2023****3
P202304227,罗慧,女,83,410302194109223168,灵活就业,安阳市,2022-04-24,在保,罗*,4103****3168,P2023****7
P202304338,冯紫薇,女,59,410105196511121600,城镇职工,新乡市,2022-01-17,在保,冯**,4101****1600,P2023****8
P202300615,刘梦瑶,女,94,410104193010026752,城乡居民,平顶山市,2023-01-01,在保,刘**,4101****6752,P2023****5
P202304959,何永强,男,49,410102197511198592,城镇职工,周口市,2023-01-01,在保,何**,4101****8592,P2023****9
P202301467,贾思琪,女,80,410103194410097472,城乡居民,信阳市,2022-01-03,在保,贾**,4101****7472,P2023****7
P202300402,未知,男,39,410402198503037696,城乡居民,焦作市,2021-05-08,在保,未知,4104****7696,P2023****2
P202303043,胡伟,男,39,410202198509161472,城乡居民,许昌市,2023-02-11,在保,胡*,4102****1472,P2023****3
P202300935,杨佳慧,女,57,410105196710259456,城乡居民,洛阳市,2023-08-11,在保,杨**,4101****9456,P2023****5
P202302420,张勇,男,26,410702199812275968,城乡居民,许昌市,2020-05-25,在保,张*,4107****5968,P2023****0
P202304180,叶强,男,43,410103198102228928,城乡居民,安阳市,2020-01-04,在保,叶*,4101****8928,P2023****0
P202304560,谢诗涵,女,61,410302196310040448,城乡居民,郑州市,2023-07-08,在保,谢**,4103****0448,P2023****0
P202302642,孙艳,女,46,410102197801090816,城镇职工,许昌市,2020-09-15,在保,孙*,4101****0816,P2023****2
P202304097,唐婷,女,60,410502196412099392,城乡居民,南阳市,2021-11-05,在保,唐*,4105****9392,P2023****7
P202300727,李海涛,男,50,410104197410162176,城乡居民,安阳市,2023-07-30,在保,李**,4101****2176,P2023****7
P202300827,王强,男,78,410402194605202560,灵活就业,焦作市,2023-07-18,在保,王*,4104****2560,P2023****7
P202301522,张慧,女,60,410102196405234816,城镇职工,平顶山市,2023-01-08,在保,张*,4101****4816,P2023****2
P202304794,唐淑珍,女,54,410106197010164608,城镇职工,平顶山市,2021-10-02,在保,唐**,4101****4608,P2023****4
P202302931,朱娜,女,65,410502195909114368,城镇职工,许昌市,2021-09-02,在保,朱*,4105****4368,P2023****1
P202300137,于伟,男,35,410103198906194368,城乡居民,南阳市,2023-12-24,在保,于*,4101****4368,P2023****7
P202303591,苏欣怡,女,69,410302195505212608,城乡居民,安阳市,2021-03-15,退保,苏**,4103****2608,P2023****1
P202300629,何丽,女,51,410106197301133952,城乡居民,郑州市,2021-06-12,退保,何*,4101****3952,P2023****9
P202300335,郑晓红,女,67,410104195703086080,城乡居民,平顶山市,2023-01-01,在保,郑**,4101****6080,P2023****5
P202300391,阎辉,男,33,410105199106234176,城乡居民,开封市,2020-03-21,在保,阎*,4101****4176,P2023****1
P202304432,周超,男,9,410102201512033664,灵活就业,安阳市,2021-06-08,在保,周*,4101****3664,P2023****2
P202304926,蔡斌,男,40,410106198408096192,城乡居民,商丘市,2021-09-18,在保,蔡*,4101****6192,P2023****6
P202303907,赵志强,男,73,410104195102154304,城镇职工,焦作市,2020-06-02,停保,赵**,4101****4304,P2023****7
P202301818,周紫薇,女,37,410402198701251008,城乡居民,信阳市,2020-08-30,在保,周**,4104****1008,P2023****8
P202300401,郑思琪,女,21,410302200303278464,城乡居民,漯河市,2023-06-09,在保,郑**,4103****8464,P2023****1
P202300711,曹婷,女,53,410402197102042560,城镇职工,信阳市,2021-04-17,在保,曹*,4104****2560,P2023****1
P202301040,沈玉兰,女,68,410103195603237888,城镇职工,安阳市,2022-08-27,退保,沈**,4101****7888,P2023****0
P202304069,孙婷,女,28,410106199607159552,城乡居民,南阳市,2021-03-04,在保,孙*,4101****9552,P2023****9
P202303360,黄斌,男,32,410103199211152064,灵活就业,安阳市,2022-08-02,在保,黄*,4101****2064,P2023****0
P202300047,杨诗涵,女,41,410105198311102272,灵活就业,开封市,2020-02-20,在保,杨**,4101****2272,P2023****7
P202301562,董萍,女,36,410104198812036160,城镇职工,开封市,2022-04-07,在保,董*,4101****6160,P2023****2
P202304849,程宇航,男,39,410302198504222528,灵活就业,驻马店市,2024-04-19,停保,程**,4103****2528,P2023****9
P202303643,刘勇,男,32,410106199209162624,城乡居民,驻马店市,2020-09-10,在保,刘*,4101****2624,P2023****3
P202303727,沈雪,女,58,410103196602260160,城镇职工,驻马店市,2022-08-06,在保,沈*,4101****0160,P2023****7
P202304893,阎永强,男,39,410402198512056320,灵活就业,鹤壁市,2023-11-23,在保,阎**,4104****6320,P2023****3
P202301113,苏思琪,女,65,410402195909062720,城乡居民,漯河市,2023-01-01,在保,苏**,4104****2720,P2023****3
P202302514,赵文博,男,45,410105197912013952,灵活就业,开封市,2023-04-24,在保,赵**,4101****3952,P2023****4
P202303609,阎磊,男,25,410103199912170944,灵活就业,信阳市,2023-11-10,在保,阎*,4101****0944,P2023****9
P202301224,邓萍,女,57,410402196704119488,城镇职工,开封市,2022-12-09,在保,邓*,4104****9488,P2023****4
P202304907,彭欣怡,女,41,未知,城镇职工,洛阳市,2023-01-01,在保,彭**,未知,P2023****7
P202303024,冯建华,男,70,410104195405071680,灵活,新乡市,2023-11-02,停保,冯**,4101****1680,P2023****4
P202302422,马雪,女,71,410106195308140288,城乡居民,许昌市,2022-12-30,在保,马*,4101****0288,P2023****2
P202301509,王梦瑶,女,51,410702197307189760,城镇职工,平顶山市,2021-04-19,在保,王**,4107****9760,P2023****9
P202301751,孙明,男,1,410202202311060864,城乡居民,商丘市,2023-09-12,在保,孙*,4102****0864,P2023****1
P202304887,周婷,女,36,410104198804188992,城镇职工,焦作市,2022-05-09,在保,周*,4101****8992,P2023****7
P202304138,贾文彬,男,56,410402196804038848,灵活就业,开封市,2024-04-27,在保,贾**,4104****8848,P2023****8
P202301800,王丽,女,50,410402197402060544,城乡居民,新乡市,2023-09-27,停保,王*,4104****0544,P2023****0
P202300339,陈玉兰,女,57,410302196710043456,城乡居民,焦作市,2020-10-06,退保,陈**,4103****3456,P2023****9
P202300216,苏嘉伟,男,63,410202196110082240,灵活就业,信阳市,2020-11-09,在保,苏**,4102****2240,P2023****6
P202303664,于霞,女,55,410103196909249792,城乡居民,安阳市,2020-09-06,在保,于*,4101****9792,P2023****4
P202301342,韩强,男,50,410302197404077888,城镇职工,周口市,2020-09-12,在保,韩*,4103****7888,P2023****2
P202300012,韩波,男,41,410402198309099968,城乡居民,鹤壁市,2020-01-24,在保,韩*,4104****9968,P2023****2
P202301521,韩玉兰,女,71,410302195310199424,城镇职工,商丘市,2023-06-13,在保,韩**,4103****9424,P2023****1
P202303641,林思琪,女,41,410103198304255680,城镇职工,驻马店市,2021-03-19,在保,林**,4101****5680,P2023****1
P202304744,阎杰,男,57,410104196711108352,城镇职工,南阳市,2020-07-22,停保,阎*,4101****8352,P2023****4
P202303849,胡建华,男,47,410105197701010432,城乡居民,郑州市,2020-05-02,在保,胡**,4101****0432,P2023****9
P202303005,吴嘉伟,男,1,410105196402193408,城乡居民,驻马店市,2023-07-24,在保,吴**,4101****3408,P2023****5
P202302865,于欣怡,女,57,410302196705178112,城镇职工,商丘市,2022-04-22,在保,于**,4103****8112,P2023****5
P202303116,彭浩然,男,54,410702197007013952,城镇职工,郑州市,2021-06-24,在保,彭**,4107****3952,P2023****6
P202304890,苏丽,女,61,410104196301251968,城乡居民,信阳市,2020-05-24,在保,苏*,4101****1968,P2023****0
P202302323,刘军,男,58,410402196607070784,城镇职工,信阳市,2021-09-24,在保,刘*,4104****0784,P2023****3
P202302572,唐斌,男,23,410103200106032640,城乡居民,许昌市,2023-04-20,在保,唐*,4101****2640,P2023****2
P202302914,徐勇,男,63,410402196105183488,城镇职工,信阳市,2024-02-14,在保,徐*,4104****3488,P2023****4
P202300102,苏霞,女,42,410102198208106944,城乡居民,开封市,2020-05-31,在保,苏*,4101****6944,P2023****2
P202303550,苏思琪,女,49,410502197502128768,城镇职工,驻马店市,2020-11-17,在保,苏**,4105****8768,P2023****0
P202301459,蒋敏,女,73,410102195112052032,城乡居民,开封市,2020-07-06,在保,蒋*,4101****2032,P2023****9
P202300172,吕秀兰,女,35,410102198902226496,城镇职工,焦作市,2022-11-16,在保,吕**,4101****6496,P2023****2
P202300108,孙艳,女,53,410502197106175104,城镇职工,鹤壁市,2020-12-02,在保,孙*,4105****5104,P2023****8
P202304240,卢婷,女,48,410502197608263040,城乡居民,许昌市,2023-05-04,在保,卢*,4105****3040,P2023****0
P202303570,杨志强,男,66,410202195811165696,城镇职工,平顶山市,2020-11-20,在保,杨**,4102****5696,P2023****0
P202304122,刘子轩,男,47,410102197708256192,城镇职工,开封市,2023-04-11,在保,刘**,4101****6192,P2023****2
P202304340,邓宇航,男,44,410402198002024064,城乡居民,焦作市,2024-02-29,在保,邓**,4104****4064,P2023****0
P202300025,韩伟,男,40,410106198408104320,灵活就业,商丘市,2024-01-11,在保,韩*,4101****4320,P2023****5
P202303937,袁美琳,女,72,410102195201210688,城镇职工,洛阳市,2021-07-23,在保,袁**,4101****0688,P2023****7
P202304397,何永强,男,33,410402199108200768,城镇职工,郑州市,2024-05-04,停保,何**,4104****0768,P2023****7
P202300939,邓永强,男,54,410105197002130112,城乡居民,鹤壁市,2022-08-01,在保,邓**,4101****0112,P2023****9
P202300061,萧天宇,男,41,410202198303206208,城镇职工,平顶山市,2020-12-01,退保,萧**,4102****6208,P2023****1
P202301241,梁军,男,43,410106198104216256,灵活就业,焦作市,2023-10-08,在保,梁*,4101****6256,P2023****1
P202304685,张秀英,女,31,410302199309086656,城乡居民,安阳市,2022-03-12,在保,张**,4103****6656,P2023****5
P202301041,卢晓红,女,80,410103194410160384,城镇职工,鹤壁市,2021-08-10,在保,卢**,4101****0384,P2023****1
P202304230,叶芳,女,50,410202197409046656,城乡居民,焦作市,2022-12-20,在保,叶*,4102****6656,P2023****0
P202302761,薛志强,男,61,410702196306096512,灵活就业,商丘市,2023-07-11,退保,薛**,4107****6512,P2023****1
P202302121,丁俊杰,男,93,410302193107127104,城乡居民,驻马店市,2022-02-26,在保,丁**,4103****7104,P2023****1
P202301525,彭志强,男,43,410106198109257216,城镇职工,新乡市,2023-06-10,在保,彭**,4101****7216,P2023****5
P202303522,魏晨曦,男,5,410104201912098560,城镇职工,焦作市,2020-07-30,在保,魏**,4101****8560,P2023****2
P202300154,董文彬,男,54,410402197004182464,城镇职工,平顶山市,2022-08-18,停保,董**,4104****2464,P2023****4
P202302249,吕晨曦,男,46,410302197809155200,城镇职工,平顶山市,2023-07-01,在保,吕**,4103****5200,P2023****9
P202300482,唐娟,女,32,410104199201178176,城乡居民,信阳市,2023-01-12,在保,唐*,4101****8176,P2023****2
P202304764,梁慧,女,56,410106196802025856,城镇职工,郑州市,2024-05-14,在保,梁*,4101****5856,P2023****4
P202304350,蒋建国,男,39,410103198508060288,城乡居民,焦作市,2022-08-20,在保,蒋**,4101****0288,P2023****0
P202303579,魏俊杰,男,35,410106198901094720,城镇职工,新乡市,2024-04-18,在保,魏**,4101****4720,P2023****9
P202304168,孙斌,男,45,410105197911285824,城镇职工,鹤壁市,2024-05-14,在保,孙*,4101****5824,P2023****8
P202303563,黄静,女,10,410702201404119232,城镇职工,漯河市,2020-12-11,在保,黄*,4107****9232,P2023****3
P202303316,阎斌,男,57,410102196710090944,城镇职工,平顶山市,2024-01-07,在保,阎*,4101****0944,P2023****6
P202301763,叶淑珍,女,51,410702197306224704,城镇职工,郑州市,2020-03-03,在保,叶**,4107****4704,P2023****3
P202303539,傅语嫣,女,49,410105197511264000,城乡居民,新乡市,2024-02-23,停保,傅**,4101****4000,P2023****9
P202304853,蒋文博,男,59,410302196507089344,城乡居民,开封市,2020-06-23,在保,蒋**,4103****9344,P2023****3
P202300751,吕浩,男,33,410202199110226624,灵活就业,洛阳市,2020-01-22,在保,吕*,4102****6624,P2023****1
P202303620,韩婷,女,66,410302195810153856,城镇职工,焦作市,2023-05-22,在保,韩*,4103****3856,P2023****0
P202301786,魏玲,女,23,410104200112011328,城乡居民,鹤壁市,2022-11-21,退保,魏*,4101****1328,P2023****6
P202304315,吴嘉伟,男,42,410202198202217984,灵活就业,许昌市,2020-10-26,停保,吴**,4102****7984,P2023****5
P202303384,叶勇,男,68,410302195603136256,城镇职工,郑州市,2021-03-19,在保,叶*,4103****6256,P2023****4
P202304181,林欣怡,女,55,410502196903130176,城乡居民,商丘市,2023-01-23,在保,林**,4105****0176,P2023****1
P202300406,宋玉兰,女,61,410105196308115712,城乡居民,周口市,2023-01-01,在保,宋**,4101****5712,P2023****6
P202300758,傅文博,男,53,410402197101071488,灵活就业,新乡市,2021-01-10,在保,傅**,4104****1488,P2023****8
P202302712,周思琪,女,77,410202194704254720,城镇职工,新乡市,2023-11-23,在保,周**,4102****4720,P2023****2
P202302671,叶淑珍,女,37,410302198705174528,城乡居民,安阳市,2023-04-20,在保,叶**,4103****4528,P2023****1
P202304842,萧紫薇,女,51,410702197301088256,城镇职工,南阳市,2023-07-11,在保,萧**,4107****8256,P2023****2
P202300098,梁梦瑶,女,54,410402197009026304,城乡居民,新乡市,2023-07-16,在保,梁**,4104****6304,P2023****8
P202301334,许慧,女,76,410202194811037504,城镇职工,周口市,2020-07-07,退保,许*,4102****7504,P2023****4
P202304797,何嘉伟,男,58,410502196601018112,城乡居民,开封市,2020-02-08,在保,何**,4105****8112,P2023****7
P202302792,于建华,男,39,410102198502088512,城乡居民,商丘市,2020-09-27,在保,于**,4101****8512,P2023****2
P202302855,傅建国,男,71,410105195305107584,灵活就业,商丘市,2022-04-03,在保,傅**,4101****7584,P2023****5
P202300187,朱桂英,女,58,410202196612117504,城乡居民,南阳市,2020-09-24,在保,朱**,4102****7504,P2023****7
P202304083,高晓红,女,80,410105194402167808,城镇职工,安阳市,2022-07-21,在保,高**,4101****7808,P2023****3
P202302724,卢天宇,男,76,410105194806148672,城乡居民,南阳市,2023-05-10,在保,卢**,4101****8672,P2023****4
P202303584,苏波,男,27,410702199701285696,城乡居民,平顶山市,2022-02-07,在保,苏*,4107****5696,P2023****4
P202302059,罗淑珍,女,54,410104197012202304,灵活就业,郑州市,2020-02-26,在保,罗**,4101****2304,P2023****9
P202301320,叶明,男,46,410502197805117824,城镇职工,信阳市,2020-07-29,在保,叶*,4105****7824,P2023****0
P202304242,魏萍,女,66,410103195807088640,灵活就业,焦作市,2023-01-01,在保,魏*,4101****8640,P2023****2
P202300149,宋磊,男,59,410104196506109888,城乡居民,开封市,2023-05-03,在保,宋*,4101****9888,P2023****9
P202300029,蒋天宇,男,39,410106198507056896,城镇职工,信阳市,2021-10-09,停保,蒋**,4101****6896,P2023****9
P202304183,吕勇,男,34,410104199006255040,城镇职工,信阳市,2024-04-25,在保,吕*,4101****5040,P2023****3
P202304089,谢强,男,70,410104195408096128,城乡居民,鹤壁市,2020-11-07,在保,谢*,4101****6128,P2023****9
P202303364,唐秀英,女,25,410105199901282752,城乡居民,安阳市,2023-02-19,在保,唐**,4101****2752,P2023****4
P202300693,袁涛,男,30,410104199402207680,城乡居民,驻马店市,2021-10-22,停保,袁*,4101****7680,P2023****3
P202302867,梁建国,男,34,410102199012270848,城镇职工,平顶山市,2020-06-11,停保,梁**,4101****0848,P2023****7
P202303777,黄娟,女,17,410102200708176384,灵活就业,南阳市,2022-10-07,在保,黄*,4101****6384,P2023****7
P202301387,唐文彬,男,73,410105195102037312,城乡居民,漯河市,2023-09-20,在保,唐**,4101****7312,P2023****7
P202301846,林超,男,31,410702199310176128,城乡居民,漯河市,2024-05-16,在保,林*,4107****6128,P2023****6
P202304903,沈文博,男,31,410104199309255296,城镇职工,焦作市,2024-02-14,在保,沈**,4101****5296,P2023****3
P202300130,李丽,女,40,410106198406120064,城镇职工,鹤壁市,2020-10-20,在保,李*,4101****0064,P2023****0
P202301600,曾磊,男,36,410702198801279424,灵活就业,平顶山市,2020-12-14,停保,曾*,4107****9424,P2023****0
P202303630,贾淑珍,女,38,410502198601129536,城乡居民,信阳市,2022-08-10,在保,贾**,4105****9536,P2023****0
P202304662,萧军,男,44,410104198004234112,城职,新乡市,2024-05-16,退保,萧*,4101****4112,P2023****2
P202300702,袁国强,男,68,410702195601172224,城镇职工,安阳市,2020-12-17,停保,袁**,4107****2224,P2023****2
P202304061,杨紫薇,女,63,410104196112081408,城乡居民,平顶山市,2023-11-28,在保,杨**,4101****1408,P2023****1
P202303029,马雪,女,40,410202198404041216,城乡居民,商丘市,2024-03-23,在保,马*,4102****1216,P2023****9
P202302970,蒋文博,男,54,410103197008240384,城镇职工,信阳市,2023-03-19,在保,蒋**,4101****0384,P2023****0
P202304401,刘紫薇,女,58,410202196603196800,城镇职工,郑州市,2021-11-17,在保,刘**,4102****6800,P2023****1
P202301709,宋桂英,女,47,410103197705027136,城镇职工,开封市,2022-11-30,在保,宋**,4101****7136,P2023****9
P202302954,宋涛,男,77,410302194705205568,城乡居民,驻马店市,2024-04-04,在保,宋*,4103****5568,P2023****4
P202300455,周国强,男,40,410104198411170432,城乡居民,开封市,2020-04-24,在保,周**,4101****0432,P2023****5
P202302869,卢晓红,女,59,410202196503289280,城乡居民,信阳市,2021-12-18,在保,卢**,4102****9280,P2023****9
P202302041,苏永强,男,37,410106198704046144,城乡居民,商丘市,2024-04-25,在保,苏**,4101****6144,P2023****1
P202301773,杨桂英,女,38,410103198606273344,城镇职工,洛阳市,2021-03-19,在保,杨**,4101****3344,P2023****3
P202302316,彭强,男,57,410103196706258432,城镇职工,漯河市,2021-05-02,在保,彭*,4101****8432,P2023****6
P202300610,魏娟,女,76,410106194807185920,城乡居民,未知,2020-03-18,在保,魏*,4101****5920,P2023****0
P202300168,马超,男,84,410102194011112768,灵活就业,未知,2022-01-23,在保,马*,4101****2768,P2023****8
P202300731,于梦瑶,女,53,410105197103091392,灵活就业,安阳市,2021-07-22,在保,于**,4101****1392,P2023****1
P202304293,高嘉伟,男,23,410402200109022592,城乡居民,驻马店市,2022-09-20,在保,高**,4104****2592,P2023****3
P202303359,薛浩然,男,58,410202196607054848,城乡居民,开封市,2022-10-22,在保,薛**,4102****4848,P2023****9
P202303897,卢浩,男,75,410106194901119552,城镇职工,新乡市,2021-10-21,在保,卢*,4101****9552,P2023****7
P202302075,朱辉,男,38,410104198601055552,城乡居民,信阳市,2020-05-19,停保,朱*,4101****5552,P2023****5
P202304112,梁秀兰,女,36,410106198804024832,城乡居民,平顶山市,2020-08-01,停保,梁**,4101****4832,P2023****2
P202303701,李建华,男,69,410104195504028352,城乡居民,许昌市,2024-04-19,在保,李**,4101****8352,P2023****1
P202301623,黄婷,女,66,410502195808171264,城乡居民,商丘市,2023-06-12,在保,黄*,4105****1264,P2023****3
P202300588,王鹏,男,34,410702199002114752,灵活就业,洛阳市,2022-12-02,在保,王*,4107****4752,P2023****8
P202301402,冯淑珍,女,59,410104196506060992,城乡居民,焦作市,2020-12-29,在保,冯**,4101****0992,P2023****2
P202303046,张欣怡,女,13,410302201108208704,城镇职工,商丘市,2020-09-27,在保,张**,4103****8704,P2023****6
P202303225,王慧,女,55,410502196910266880,城乡居民,漯河市,2021-03-19,在保,王*,4105****6880,P2023****5
P202301701,高娜,女,56,410102196812039808,灵活就业,漯河市,2024-03-16,在保,高*,4101****9808,P2023****1
P202303089,袁慧,女,14,410202201002178368,城乡居民,漯河市,2022-05-11,停保,袁*,4102****8368,P2023****9
P202304435,韩诗涵,女,40,410302198404088448,灵活就业,许昌市,2021-07-10,退保,韩**,4103****8448,P2023****5
P202302982,梁文博,男,72,410302195202046016,城镇职工,平顶山市,2023-08-07,在保,梁**,4103****6016,P2023****2
P202300041,黄晨曦,男,63,410104196110090368,灵活就业,周口市,2022-06-08,在保,黄**,4101****0368,P2023****1
P202301380,苏欣怡,女,82,410102194204191872,城乡居民,商丘市,2021-11-04,在保,苏**,4101****1872,P2023****0
P202302090,王霞,女,76,410104194801283840,城乡,商丘市,2022-02-12,在保,王*,4101****3840,P2023****0
P202303925,朱梦瑶,女,45,410702197909163840,灵活就业,平顶山市,2020-08-30,在保,朱**,4107****3840,P2023****5
P202302176,郑敏,女,87,410302193701190592,城镇职工,焦作市,2022-12-31,在保,郑*,4103****0592,P2023****6
P202303218,曹秀英,女,40,410702198406025984,城镇职工,许昌市,2022-01-01,在保,曹**,4107****5984,P2023****8
P202302886,罗子轩,男,41,410402198307035200,城镇职工,驻马店市,2022-09-24,在保,罗**,4104****5200,P2023****6
P202300075,黄诗涵,女,2,410402202202196416,城镇职工,开封市,2020-11-01,在保,黄**,4104****6416,P2023****5
P202303987,沈明,男,59,410105196507094144,城镇职工,焦作市,2023-03-10,停保,沈*,4101****4144,P2023****7
P202303968,朱娟,女,15,410502200910247680,城乡居民,新乡市,2023-11-16,在保,朱*,4105****7680,P2023****8
P202302658,杨永强,男,66,410402195807147264,城乡居民,焦作市,2020-04-29,在保,杨**,4104****7264,P2023****8
P202303181,王天宇,男,67,410106195711059008,灵活就业,新乡市,2022-07-24,在保,王**,4101****9008,P2023****1
P202302077,何思琪,女,61,410402196312259840,灵活就业,鹤壁市,2022-09-02,在保,何**,4104****9840,P2023****7
P202300442,沈国强,男,49,410202197507060032,城镇职工,新乡市,2021-03-29,在保,沈**,4102****0032,P2023****2
P202304119,朱凤英,女,41,410105198302173312,灵活就业,周口市,2022-04-06,退保,朱**,4101****3312,P2023****9
P202302052,薛娟,女,34,410106199002269184,城镇职工,周口市,2020-09-05,在保,薛*,4101****9184,P2023****2
P202302542,卢丽,女,27,410105199704063040,灵活就业,南阳市,2024-02-17,在保,卢*,4101****3040,P2023****2
P202303307,陈桂英,女,59,410202196510146752,灵活就业,焦作市,2022-08-05,在保,陈**,4102****6752,P2023****7
P202301302,彭娜,女,67,410104195709100288,城乡居民,漯河市,2022-01-29,在保,彭*,4101****0288,P2023****2
P202301782,宋芳,女,48,410102197601021568,城镇职工,焦作市,2023-08-02,在保,宋*,4101****1568,P2023****2
P202304864,梁子轩,男,25,410302199907026752,城乡居民,郑州市,2023-03-25,在保,梁**,4103****6752,P2023****4
P202303431,陈杰,男,58,410202196608049856,灵活就业,洛阳市,2022-02-06,在保,陈*,4102****9856,P2023****1
P202301305,曾伟,男,59,410502196512285312,城镇职工,信阳市,2023-06-20,停保,曾*,4105****5312,P2023****5
P202300237,袁美琳,女,13,410103201112167808,城乡居民,漯河市,2021-02-20,在保,袁**,4101****7808,P2023****7
P202302600,朱慧,女,41,410302198308228224,灵活就业,商丘市,2021-07-14,在保,朱*,4103****8224,P2023****0
P202300521,邓永强,男,19,410104200503280320,城镇职工,洛阳市,2022-09-21,在保,邓**,4101****0320,P2023****1
P202302574,郭强,男,49,410202197504286016,城镇职工,开封市,2023-09-23,在保,郭*,4102****6016,P2023****4
P202303281,冯艳,女,34,410103199003210752,灵活就业,驻马店市,2023-12-01,在保,冯*,4101****0752,P2023****1
P202303187,邓伟,男,28,410106199602043648,城乡居民,焦作市,2020-02-07,在保,邓*,4101****3648,P2023****7
P202303954,曹霞,女,60,410702196410200512,城乡居民,郑州市,2021-04-03,在保,曹*,4107****0512,P2023****4
P202302769,曾明,男,40,410103198408229248,城镇职工,焦作市,2022-01-02,在保,曾*,4101****9248,P2023****9
P202300736,郭浩,男,58,410702196601165440,城镇职工,许昌市,2020-08-19,在保,郭*,4107****5440,P2023****6
P202304752,冯紫薇,女,45,410502197905122240,城镇职工,信阳市,2022-07-16,在保,冯**,4105****2240,P2023****2
P202304980,苏敏,女,10,410102201406127552,城乡居民,开封市,2023-08-31,在保,苏*,4101****7552,P2023****0
P202302107,杨志强,男,33,410402199103277760,灵活就业,周口市,2023-06-02,在保,杨**,4104****7760,P2023****7
P202302680,梁秀英,女,45,410302197908137856,城乡居民,郑州市,2022-03-20,在保,梁**,4103****7856,P2023****0
P202303230,朱国强,男,49,410106197505200320,城乡居民,南阳市,2023-05-12,在保,朱**,4101****0320,P2023****0
P202302762,林建华,男,35,410103198907053440,灵活就业,焦作市,2020-08-13,在保,林**,4101****3440,P2023****2
P202300593,吕玉兰,女,58,410105196612256896,城镇职工,洛阳市,2024-03-27,在保,吕**,4101****6896,P2023****3
P202301304,吴文彬,男,36,410302198805212352,城镇职工,鹤壁市,2021-03-09,在保,吴**,4103****2352,P2023****4
P202301388,吴雨彤,女,78,410202194607059456,城镇职工,洛阳市,2024-02-16,在保,吴**,4102****9456,P2023****8
P202304743,郭斌,男,50,410105197410112512,城乡居民,周口市,2022-11-23,在保,郭*,4101****2512,P2023****3
P202304572,沈宇航,男,44,410402198011266752,城镇职工,郑州市,2020-03-06,在保,沈**,4104****6752,P2023****2
P202304025,何欣怡,女,37,410702198712112768,城乡居民,漯河市,2023-01-30,在保,何**,4107****2768,P2023****5
P202301891,胡文博,男,59,410103196503071552,灵活就业,安阳市,2024-04-25,在保,胡**,4101****1552,P2023****1
P202302988,杨霞,女,51,410104197303019712,城镇职工,安阳市,2023-09-17,在保,杨*,4101****9712,P2023****8
P202304975,刘婷,女,23,410104200106269312,城乡居民,开封市,2021-04-05,在保,刘*,4101****9312,P2023****5
P202303298,苏佳慧,女,32,410302199211152384,灵活就业,南阳市,2021-12-04,在保,苏**,4103****2384,P2023****8
P202300905,彭文博,男,53,410202197103156416,城镇职工,洛阳市,2023-01-01,在保,彭**,4102****6416,P2023****5
P202304656,张晓红,女,88,410702193610266688,城乡居民,周口市,2023-05-11,在保,张**,4107****6688,P2023****6
P202301280,郭建国,男,44,410702198007066944,城乡居民,安阳市,2020-01-11,在保,郭**,4107****6944,P2023****0
P202300934,高欣怡,女,10,410402201411046784,城镇职工,漯河市,2022-12-30,在保,高**,4104****6784,P2023****4
P202304950,何凤英,女,57,410202196701044672,灵活就业,郑州市,2021-11-13,在保,何**,4102****4672,P2023****0
P202302309,何娜,女,59,410202196510246272,城镇职工,焦作市,2020-08-10,在保,何*,4102****6272,P2023****9
P202301556,马秀兰,女,56,410105196810205824,城镇职工,漯河市,2023-02-05,在保,马**,4101****5824,P2023****6
P202304579,吕梦瑶,女,39,410202198508187648,城镇职工,鹤壁市,2021-10-29,在保,吕**,4102****7648,P2023****9
P202303191,曹淑珍,女,42,410202198212286912,城镇职工,周口市,2022-01-15,在保,曹**,4102****6912,P2023****1
P202304487,王晨曦,男,57,410402196709091840,城镇职工,安阳市,2022-01-23,在保,王**,4104****1840,P2023****7
P202300707,胡语嫣,女,26,410402199811121856,城镇职工,商丘市,2022-10-03,在保,胡**,4104****1856,P2023****7
P202304883,董志强,男,34,410202199007215104,城乡居民,新乡市,2023-05-17,在保,董**,4102****5104,P2023****3
P202303071,曾芳,女,27,410105199712256896,城镇职工,鹤壁市,2021-01-10,在保,曾*,4101****6896,P2023****1
P202300746,沈娟,女,36,410102198809216256,城镇职工,漯河市,2020-07-01,退保,沈*,4101****6256,P2023****6
P202303595,宋斌,男,72,410103195204083264,城镇职工,焦作市,2020-04-11,在保,宋*,4101****3264,P2023****5
P202301940,萧晨曦,男,51,410202197308095360,城镇职工,焦作市,2020-11-06,在保,萧**,4102****5360,P2023****0
P202304445,李建国,男,15,410105200912108480,城镇职工,郑州市,2020-10-16,在保,李**,4101****8480,P2023****5
P202302863,孙佳慧,女,30,410103199408277184,城乡居民,周口市,2020-12-09,停保,孙**,4101****7184,P2023****3
P202304076,杨娜,女,52,410302197212027584,城镇职工,开封市,2022-03-08,停保,杨*,4103****7584,P2023****6
P202300514,杨思琪,女,33,410102199101126592,城乡居民,许昌市,2023-01-03,在保,杨**,4101****6592,P2023****4
P202300082,黄凤英,女,56,410302196805175552,城乡居民,信阳市,2020-06-13,在保,黄**,4103****5552,P2023****2
P202304067,刘婷,女,53,410502197107183232,城镇职工,安阳市,2023-01-01,在保,刘*,4105****3232,P2023****7
P202301309,薛文博,男,69,410502195504242048,城乡居民,商丘市,2020-03-08,在保,薛**,4105****2048,P2023****9
P202304594,邓思琪,女,10,410402201401250048,灵活就业,洛阳市,2023-07-27,在保,邓**,4104****0048,P2023****4
P202300915,卢波,男,48,410105197604160384,灵活就业,商丘市,2023-12-18,在保,卢*,4101****0384,P2023****5
P202303453,于丽,女,47,410105197711256448,城镇职工,安阳市,2022-07-19,在保,于*,4101****6448,P2023****3
P202303696,林慧,女,44,410104198003082688,灵活就业,南阳市,2023-12-08,在保,林*,4101****2688,P2023****6
P202304854,程艳,女,52,410402197202030144,城乡居民,平顶山市,2020-01-14,停保,程*,4104****0144,P2023****4
P202303157,梁嘉伟,男,27,410702199702148672,城乡居民,南阳市,2021-07-14,在保,梁**,4107****8672,P2023****7
P202302199,傅海涛,男,38,410702198608236288,城镇职工,洛阳市,2023-07-23,停保,傅**,4107****6288,P2023****9
P202304276,周海涛,男,48,410302197610206976,城乡居民,漯河市,2023-08-25,在保,周**,4103****6976,P2023****6
P202300775,宋晓红,女,61,410104196304060800,灵活就业,安阳市,2023-10-11,在保,宋**,4101****0800,P2023****5
P202300330,吴娜,女,61,410702196304213056,城乡居民,南阳市,2023-02-01,在保,吴*,4107****3056,P2023****0
P202302055,彭子轩,男,25,410105199910228352,城乡居民,商丘市,2024-04-27,停保,彭**,4101****8352,P2023****5
P202302002,杨杰,男,47,410202197701187136,城镇职工,周口市,2021-11-11,停保,杨*,4102****7136,P2023****2
P202300944,叶淑珍,女,48,410502197612102912,城镇职工,许昌市,2023-01-27,在保,叶**,4105****2912,P2023****4
P202300823,袁紫薇,女,91,410103193305023232,城乡居民,驻马店市,2022-04-13,在保,袁**,4101****3232,P2023****3
P202304573,傅玲,女,64,410104196010171712,城镇职工,周口市,2021-05-22,在保,傅*,4101****1712,P2023****3
P202300910,于语嫣,女,88,410106193610181568,城职,许昌市,2020-12-25,在保,于**,4101****1568,P2023****0
P202302517,林勇,男,51,410104197304214848,城乡居民,信阳市,2023-07-03,在保,林*,4101****4848,P2023****7
P202300182,黄建国,男,34,410104199003119552,城镇职工,焦作市,2022-11-28,停保,黄**,4101****9552,P2023****2
P202300165,阎国强,男,67,410202195703023616,城乡居民,焦作市,2023-08-09,在保,阎**,4102****3616,P2023****5
P202301524,程辉,男,32,410103199204248512,城乡居民,信阳市,2022-02-16,在保,程*,4101****8512,P2023****4
P202300452,曹佳慧,女,67,410702195701179008,城乡居民,信阳市,2020-12-05,在保,曹**,4107****9008,P2023****2
P202303984,周浩然,男,29,410302199508229184,城乡居民,焦作市,2020-07-03,退保,周**,4103****9184,P2023****4
P202302539,周文彬,男,27,410105199708176768,城镇职工,鹤壁市,2020-08-31,在保,周**,4101****6768,P2023****9
P202304148,贾玉兰,女,48,410702197604168960,城镇职工,安阳市,2023-04-19,在保,贾**,4107****8960,P2023****8
P202304825,冯丽,女,48,410302197611150016,城乡居民,漯河市,2020-11-16,在保,冯*,4103****0016,P2023****5
P202301312,贾天宇,男,64,410102196010095680,城乡居民,洛阳市,2024-03-01,在保,贾**,4101****5680,P2023****2
P202303150,胡雪,女,33,410106199112206400,城镇职工,洛阳市,2020-10-12,停保,胡*,4101****6400,P2023****0
P202301112,林国强,男,53,410302197106077632,城乡居民,新乡市,2022-02-12,在保,林**,4103****7632,P2023****2
P202304641,林敏,女,64,410104196006056960,城乡居民,开封市,2021-07-24,在保,林*,4101****6960,P2023****1
P202303875,郭志强,男,36,410103198803218496,城镇职工,信阳市,2022-10-08,在保,郭**,4101****8496,P2023****5
P202303490,叶凤英,女,21,410106200312262208,城镇职工,新乡市,2021-02-08,停保,叶**,4101****2208,P2023****0
P202301288,阎浩然,男,59,410302196509143616,灵活就业,南阳市,2023-05-12,在保,阎**,4103****3616,P2023****8
P202304220,程伟,男,17,410104200710082240,城镇职工,新乡市,2020-09-20,在保,程*,4101****2240,P2023****0
P202304693,高玲,女,67,410106195702092992,城乡居民,许昌市,2023-12-26,停保,高*,4101****2992,P2023****3
P202303681,马俊杰,男,29,410102199504272256,城乡居民,漯河市,2022-01-28,停保,马**,4101****2256,P2023****1
P202304375,高雨彤,女,67,410106195703261056,城乡居民,许昌市,2020-11-05,在保,高**,4101****1056,P2023****5
P202304211,薛思琪,女,45,410103197903223872,灵活就业,安阳市,2023-06-02,在保,薛**,4101****3872,P2023****1
P202303301,李芳,女,56,410302196803086912,城乡居民,安阳市,2021-10-02,在保,李*,4103****6912,P2023****1
P202303311,刘浩,男,28,410502199611171648,灵活就业,南阳市,2023-08-24,在保,刘*,4105****1648,P2023****1
P202304602,董语嫣,女,66,410302195809110080,灵活就业,郑州市,2021-10-18,在保,董**,4103****0080,P2023****2
P202303126,丁明,男,63,410702196105031936,城镇职工,安阳市,2020-05-25,在保,丁*,4107****1936,P2023****6
P202300328,周秀英,女,64,410202196002029632,灵活就业,郑州市,2020-12-10,停保,周**,4102****9632,P2023****8
P202301791,郑志强,男,16,410106200812125760,城乡居民,信阳市,2023-01-01,在保,郑**,4101****5760,P2023****1
P202302491,唐芳,女,49,410202197509147008,城乡居民,周口市,2021-07-05,在保,唐*,4102****7008,P2023****1
P202302007,高敏,女,50,410102197401186624,灵活就业,信阳市,2022-12-23,在保,高*,4101****6624,P2023****7
P202302008,吴嘉伟,男,35,410202198912184576,城镇职工,漯河市,2023-02-14,在保,吴**,4102****4576,P2023****8
P202301859,曾紫薇,女,55,410302196905185600,城镇职工,郑州市,2022-10-26,退保,曾**,4103****5600,P2023****9
P202304733,贾磊,男,31,410105199308057792,城乡居民,周口市,2024-02-20,在保,贾*,4101****7792,P2023****3
P202300313,高桂英,女,64,410202196005270784,城镇职工,焦作市,2020-09-01,在保,高**,4102****0784,P2023****3
P202300833,阎宇航,男,31,410102199302153792,城乡居民,信阳市,2020-01-20,在保,阎**,4101****3792,P2023****3
P202303080,李玉兰,女,45,410105197912233152,城乡居民,安阳市,2024-04-09,退保,李**,4101****3152,P2023****0
P202304766,马鹏,男,54,410302197010157184,城乡居民,洛阳市,2022-11-11,在保,马*,4103****7184,P2023****6
P202303463,林勇,男,52,410103197201200896,城镇职工,漯河市,2023-03-31,在保,林*,4101****0896,P2023****3
P202301202,赵娟,女,42,410106198207153344,城镇职工,商丘市,2022-05-20,在保,赵*,4101****3344,P2023****2
P202304436,丁晨曦,男,62,410102196210119744,灵活就业,平顶山市,2020-01-21,在保,丁**,4101****9744,P2023****6
P202303548,沈明,男,76,410102194806105408,灵活就业,许昌市,2022-07-07,在保,沈*,4101****5408,P2023****8
P202304073,高军,男,22,410103200207142400,城镇职工,南阳市,2021-01-01,退保,高*,4101****2400,P2023****3
P202302135,赵莉,女,43,410702198106212096,灵活就业,漯河市,2022-01-02,在保,赵*,4107****2096,P2023****5
P202303452,杨玲,女,27,410702199711012992,城镇职工,焦作市,2022-07-19,停保,杨*,4107****2992,P2023****2
P202302210,黄莉,女,49,410103197508270080,城镇职工,安阳市,2021-09-19,在保,黄*,4101****0080,P2023****0
P202301902,罗飞,男,43,410104198108042816,城乡居民,商丘市,2020-10-08,在保,罗*,4101****2816,P2023****2
P202304051,陈桂英,女,3,410106198812145088,城乡居民,商丘市,2022-01-24,在保,陈**,4101****5088,P2023****1
P202301482,傅静,女,43,410202198108116224,城乡居民,新乡市,2023-08-15,在保,傅*,4102****6224,P2023****2
P202300778,王涛,男,45,410102197912078784,城镇职工,新乡市,2022-09-12,在保,王*,4101****8784,P2023****8
P202300800,贾玉兰,女,50,410302197404100864,灵活就业,驻马店市,2021-11-16,在保,贾**,4103****0864,P2023****0
P202303715,郭军,男,68,410102195608196736,城乡居民,平顶山市,2021-09-30,在保,郭*,4101****6736,P2023****5
P202303943,魏思琪,女,39,410202198501252864,城乡居民,周口市,2020-04-24,退保,魏**,4102****2864,P2023****3
P202300055,叶国强,男,68,410102195606107712,城镇职工,鹤壁市,2022-05-08,在保,叶**,4101****7712,P2023****5
P202302973,董淑珍,女,25,410202199904264384,城乡居民,新乡市,2022-01-23,停保,董**,4102****4384,P2023****3
P202303336,胡娟,女,25,410106199904280320,城镇职工,焦作市,2022-12-30,在保,胡*,4101****0320,P2023****6
P202301921,韩伟,男,14,410103201009280064,城镇职工,焦作市,2020-10-12,停保,韩*,4101****0064,P2023****1
P202303716,林海涛,男,47,410103197706168256,城乡居民,驻马店市,2021-11-09,在保,林**,4101****8256,P2023****6
P202304694,黄思琪,女,59,410402196505112256,灵活就业,鹤壁市,2021-08-30,在保,黄**,4104****2256,P2023****4
P202300947,蔡宇航,男,22,410104200207146944,灵活就业,漯河市,2020-04-25,在保,蔡**,4101****6944,P2023****7
P202301702,叶桂英,女,58,410103196608178816,灵活就业,平顶山市,2023-02-05,在保,叶**,4101****8816,P2023****2
P202303294,邓玉兰,女,56,410402196804029632,城乡居民,平顶山市,2022-08-04,在保,邓**,4104****9632,P2023****4
P202302162,程娟,女,54,410502197004279552,城乡居民,开封市,2020-07-13,在保,程*,4105****9552,P2023****2
P202301137,沈天宇,男,71,410502195305057152,灵活就业,周口市,2023-04-04,在保,沈**,4105****7152,P2023****7
P202300988,贾梦瑶,女,65,410105195906144896,灵活就业,驻马店市,2022-05-24,在保,贾**,4101****4896,P2023****8
P202302550,薛芳,女,87,410702193707238400,城乡居民,洛阳市,2023-01-01,停保,薛*,4107****8400,P2023****0
P202300194,傅玉兰,女,27,410105199710174144,城乡居民,郑州市,2020-04-02,在保,傅**,4101****4144,P2023****4
P202303058,魏强,男,53,410102197110034304,城乡居民,信阳市,2021-04-12,在保,魏*,4101****4304,P2023****8
P202303247,傅芳,女,57,410102196712044800,城乡居民,许昌市,2022-11-19,在保,傅*,4101****4800,P2023****7
P202301395,萧辉,男,43,410102198108204480,城乡居民,周口市,2022-06-12,在保,萧*,4101****4480,P2023****5
P202302638,张秀英,女,66,410104195808140928,城镇职工,南阳市,2023-09-21,在保,张**,4101****0928,P2023****8
P202300769,杨紫薇,女,38,410202198610064448,城镇职工,洛阳市,2020-03-23,在保,杨**,4102****4448,P2023****9
P202304751,曾雪,女,69,410105195507139520,城镇职工,商丘市,2021-05-20,在保,曾*,4101****9520,P2023****1
P202303091,孙婷,女,17,未知,城镇职工,鹤壁市,2020-01-04,在保,孙*,未知,P2023****1
P202303496,杨天宇,男,84,410202194010129472,城镇职工,许昌市,2023-02-05,在保,杨**,4102****9472,P2023****6
P202303216,蔡宇航,男,82,未知,城镇职工,许昌市,2023-10-06,在保,蔡**,未知,P2023****6
P202300286,梁天宇,男,14,410702201005285248,城镇职工,开封市,2024-03-16,在保,梁**,4107****5248,P2023****6
P202304989,张浩,男,53,410102197108170816,灵活就业,许昌市,2020-05-21,在保,张*,4101****0816,P2023****9
P202304802,林俊杰,男,48,410702197605050176,城镇职工,驻马店市,2021-07-02,在保,林**,4107****0176,P2023****2
P202302333,贾晓红,女,22,410103200210067520,城乡居民,安阳市,2024-04-29,在保,贾**,4101****7520,P2023****3
P202302718,彭杰,男,65,410702195907165824,城镇职工,鹤壁市,2021-05-31,在保,彭*,4107****5824,P2023****8
P202302080,宋建国,男,41,410103198303053248,灵活就业,郑州市,2023-04-12,在保,宋**,4101****3248,P2023****0
P202303390,贾淑珍,女,52,410502197204151424,城镇职工,信阳市,2023-10-12,在保,贾**,4105****1424,P2023****0
P202300723,徐萍,女,25,410302199904166528,城镇职工,鹤壁市,2023-01-02,在保,徐*,4103****6528,P2023****3
P202300952,曾杰,男,56,410302196805191296,城镇职工,焦作市,2020-05-10,在保,曾*,4103****1296,P2023****2
P202304411,韩婷,女,37,410106198712188288,城乡居民,焦作市,2020-12-14,在保,韩*,4101****8288,P2023****1
P202302263,叶梦瑶,女,72,410102195212049024,城乡居民,漯河市,2020-11-14,在保,叶**,4101****9024,P2023****3
P202300990,刘永强,男,50,410105197405162880,城乡居民,洛阳市,2022-06-01,在保,刘**,4101****2880,P2023****0
P202303213,韩敏,女,80,410105194406220288,灵活就业,信阳市,2022-11-06,在保,韩*,4101****0288,P2023****3
P202301760,曹萍,女,73,410302195109058752,城乡居民,周口市,2022-06-12,在保,曹*,4103****8752,P2023****0
P202304149,孙浩,男,40,410106198405268864,城乡居民,驻马店市,2023-08-16,在保,孙*,4101****8864,P2023****9
P202301725,卢娟,女,33,410502199103229184,灵活就业,平顶山市,2020-02-05,在保,卢*,4105****9184,P2023****5
P202300342,孙文彬,男,54,410702197004215808,城镇职工,漯河市,2022-10-13,在保,孙**,4107****5808,P2023****2
P202303702,蔡诗涵,女,76,410105194809045184,城镇职工,新乡市,2023-12-14,在保,蔡**,4101****5184,P2023****2
P202300689,黄梦瑶,女,62,410106196207065024,城乡居民,郑州市,2020-09-01,在保,黄**,4101****5024,P2023****9
P202303433,苏佳慧,女,59,410102196506111232,城乡居民,洛阳市,2023-10-07,在保,苏**,4101****1232,P2023****3
P202300967,蔡建国,男,37,410104198703135808,城乡居民,郑州市,2024-01-25,在保,蔡**,4101****5808,P2023****7
P202304776,赵佳慧,女,64,410103196004134976,城镇职工,信阳市,2022-02-16,退保,赵**,4101****4976,P2023****6
P202302204,董雨彤,女,26,410102199803250368,城乡,周口市,2021-11-17,在保,董**,4101****0368,P2023****4
P202302714,蒋娟,女,24,410103200006168064,城镇职工,洛阳市,2020-06-18,停保,蒋*,4101****8064,P2023****4
P202303573,彭磊,男,55,410202196904060416,城镇职工,南阳市,2021-08-06,在保,彭*,4102****0416,P2023****3
P202301991,沈斌,男,64,410106196011203840,城镇职工,信阳市,2021-01-23,在保,沈*,4101****3840,P2023****1
P202304121,刘子轩,男,39,410102198508124224,城乡居民,开封市,2021-05-03,在保,刘**,4101****4224,P2023****1
P202304362,王辉,男,35,410202198911289920,城镇职工,商丘市,2021-08-03,在保,王*,4102****9920,P2023****2
P202304792,陈淑珍,女,42,410105198209132160,灵活就业,洛阳市,2021-05-10,在保,陈**,4101****2160,P2023****2
P202303601,马涛,男,35,410502198904023168,城镇职工,商丘市,2022-09-18,在保,马*,4105****3168,P2023****1
P202304613,高斌,男,75,410402194901115904,城乡居民,安阳市,2020-08-30,在保,高*,4104****5904,P2023****3
P202301963,苏杰,男,59,410702196512251520,城乡居民,平顶山市,2021-03-29,在保,苏*,4107****1520,P2023****3
P202304167,阎勇,男,44,410102198008052800,城乡居民,漯河市,2022-09-28,在保,阎*,4101****2800,P2023****7
P202300386,曹玉兰,女,52,410104197207012352,城乡居民,许昌市,2020-09-25,在保,曹**,4101****2352,P2023****6
P202304415,沈桂英,女,53,410106197104043456,城乡居民,信阳市,2020-05-24,在保,沈**,4101****3456,P2023****5
P202304615,蔡娜,女,51,410106197310148480,城乡居民,鹤壁市,2020-10-31,在保,蔡*,4101****8480,P2023****5
P202300537,叶萍,女,34,410103199004142976,城乡居民,开封市,2020-09-27,在保,叶*,4101****2976,P2023****7
P202304713,曾静,女,57,410103196710286592,城乡居民,许昌市,2020-02-05,在保,曾*,4101****6592,P2023****3
P202303508,刘超,男,48,410302197610194496,城乡居民,漯河市,2021-06-30,停保,刘*,4103****4496,P2023****8
P202300202,吕慧,女,60,410105196405183040,城职,安阳市,2024-04-28,在保,吕*,4101****3040,P2023****2
P202301333,邓强,男,46,410502197806015808,灵活就业,郑州市,2022-10-29,停保,邓*,4105****5808,P2023****3
P202303503,罗鹏,男,50,410105197407095104,城镇职工,开封市,2024-04-01,在保,罗*,4101****5104,P2023****3
P202302709,程敏,女,43,410302198102225920,城乡居民,商丘市,2022-08-30,在保,程*,4103****5920,P2023****9
P202304022,胡海涛,男,24,410106200005172288,城镇职工,焦作市,2022-05-11,在保,胡**,4101****2288,P2023****2
P202301855,孙志强,男,68,410502195609083392,城镇职工,焦作市,2020-08-07,在保,孙**,4105****3392,P2023****5
P202304961,冯欣怡,女,44,410302198005029248,城乡居民,平顶山市,2023-05-05,停保,冯**,4103****9248,P2023****1
P202302873,董晨曦,男,12,410103201208102848,城镇职工,信阳市,2023-01-01,停保,董**,4101****2848,P2023****3
P202303031,叶玲,女,5,410202201906260288,灵活就业,驻马店市,2022-05-18,在保,叶*,4102****0288,P2023****1
P202301206,董秀兰,女,50,410104197409077952,城镇职工,周口市,2023-06-04,在保,董**,4101****7952,P2023****6
P202301646,谢飞,男,57,410302196711176960,灵活就业,信阳市,2023-09-20,在保,谢*,4103****6960,P2023****6
P202303418,周婷,女,53,410102197111113984,灵活就业,焦作市,2020-06-28,在保,周*,4101****3984,P2023****8
P202303477,王宇航,男,67,410106195705121472,城镇职工,平顶山市,2023-05-08,在保,王**,4101****1472,P2023****7
P202302862,丁莉,女,58,410105196608113152,城乡居民,开封市,2023-12-29,在保,丁*,4101****3152,P2023****2
P202301793,唐强,男,47,410104197712159808,城乡居民,商丘市,2022-08-18,在保,唐*,4101****9808,P2023****3
P202303798,林文博,男,53,410102197105246080,城镇职工,许昌市,2023-09-14,在保,林**,4101****6080,P2023****8
P202303369,张思琪,女,57,410702196705039552,灵活就业,信阳市,2024-01-30,在保,张**,4107****9552,P2023****9
P202303368,赵诗涵,女,53,410502197109059072,城镇职工,鹤壁市,2022-12-10,停保,赵**,4105****9072,P2023****8
P202303534,曹斌,男,27,410402199701119360,灵活就业,平顶山市,2020-01-24,在保,曹*,4104****9360,P2023****4
P202304438,刘雨彤,女,45,410106197903249024,城乡居民,鹤壁市,2022-04-05,在保,刘**,4101****9024,P2023****8
P202303450,袁娜,女,42,410104198212152704,城镇职工,南阳市,2022-06-04,在保,袁*,4101****2704,P2023****0
P202300604,周语嫣,女,74,410202195009020032,城镇职工,鹤壁市,2022-01-05,在保,周**,4102****0032,P2023****4
P202303057,许梦瑶,女,40,410106198403104832,城镇职工,鹤壁市,2022-05-07,退保,许**,4101****4832,P2023****7
P202304405,薛雨彤,女,47,410103197712152704,城乡居民,开封市,2020-03-09,退保,薛**,4101****2704,P2023****5
P202300127,蒋敏,女,32,410302199212029888,城镇职工,周口市,2021-10-01,在保,蒋*,4103****9888,P2023****7
P202303877,赵建国,男,67,410104195701016448,城乡居民,新乡市,2023-04-02,在保,赵**,4101****6448,P2023****7
P202302936,于浩,男,76,410103194812211200,城镇职工,周口市,2022-10-06,在保,于*,4101****1200,P2023****6
P202303532,徐文彬,男,83,410302194102282240,城镇职工,洛阳市,2020-09-17,在保,徐**,4103****2240,P2023****2
P202302731,丁娟,女,72,410103195201126976,城镇职工,新乡市,2023-10-13,在保,丁*,4101****6976,P2023****1
P202300828,张丽,女,40,410702198402100928,城乡居民,许昌市,2020-09-08,在保,张*,4107****0928,P2023****8
P202301640,王思琪,女,30,410106199410267456,城乡居民,信阳市,2023-01-26,在保,王**,4101****7456,P2023****0
P202300985,阎敏,女,49,410105197511274368,灵活就业,信阳市,2023-12-17,在保,阎*,4101****4368,P2023****5
P202303282,傅晨曦,男,50,410102197407140800,城乡,许昌市,2021-09-03,在保,傅**,4101****0800,P2023****2
P202303050,于俊杰,男,71,410702195311150848,城镇职工,周口市,2020-12-03,退保,于**,4107****0848,P2023****0
P202302189,沈杰,男,42,410502198205205248,城镇职工,平顶山市,2021-07-06,停保,沈*,4105****5248,P2023****9
P202304894,蒋建华,男,47,410202197709258752,城镇职工,安阳市,2023-04-10,在保,蒋**,4102****8752,P2023****4
P202302444,唐明,男,62,410302196204148480,城镇职工,焦作市,2020-03-31,在保,唐*,4103****8480,P2023****4
P202300363,阎诗涵,女,48,410302197610210944,城镇职工,信阳市,2021-03-08,停保,阎**,4103****0944,P2023****3
P202302350,蒋静,女,42,410103198204289088,灵活就业,平顶山市,2022-04-20,在保,蒋*,4101****9088,P2023****0
P202300346,徐浩,男,54,410102197005013248,城镇职工,洛阳市,2020-05-31,在保,徐*,4101****3248,P2023****6
P202300815,韩娟,女,68,410202195609029824,灵活就业,许昌市,2021-07-22,在保,韩*,4102****9824,P2023****5
P202303206,卢伟,男,37,410402198710106304,城乡居民,周口市,2024-01-30,在保,卢*,4104****6304,P2023****6
P202303907,赵志强,男,73,410104195102154304,城镇职工,焦作市,2020-06-02,停保,赵**,4101****4304,P2023****7
P202304845,许伟,男,70,410105195404099008,城镇职工,郑州市,2021-06-24,在保,许*,4101****9008,P2023****5
P202303326,吴娟,女,58,410302196608023040,城乡居民,漯河市,2022-09-18,在保,吴*,4103****3040,P2023****6
P202304107,丁语嫣,女,44,410103198005208320,城镇职工,信阳市,2023-01-01,在保,丁**,4101****8320,P2023****7
P202302117,邓志强,男,45,410102197907165056,城镇职工,洛阳市,2023-08-25,在保,邓**,4101****5056,P2023****7
P202301835,周天宇,男,38,410102198601022720,灵活就业,南阳市,2022-05-21,在保,周**,4101****2720,P2023****5
P202300794,阎紫薇,女,27,410402199706105152,城镇职工,洛阳市,2021-06-28,在保,阎**,4104****5152,P2023****4
P202304997,陈桂英,女,62,410702196206042752,城镇职工,漯河市,2022-07-26,在保,陈**,4107****2752,P2023****7
P202302675,薛飞,男,31,410702199308197952,城乡居民,安阳市,2023-11-03,停保,薛*,4107****7952,P2023****5
P202300095,薛慧,女,42,410302198207228096,城乡居民,信阳市,2020-03-16,在保,薛*,4103****8096,P2023****5
P202303757,魏婷,女,51,410104197308241984,灵活就业,信阳市,2023-12-24,停保,魏*,4101****1984,P2023****7
P202302892,董语嫣,女,11,410502201310270912,城镇职工,信阳市,2024-02-10,在保,董**,4105****0912,P2023****2
P202302372,蔡萍,女,40,410102198407167680,城乡居民,周口市,2022-04-29,在保,蔡*,4101****7680,P2023****2
P202304934,叶子轩,男,70,410202195410231744,灵活就业,开封市,2022-01-27,在保,叶**,4102****1744,P2023****4
P202304477,罗建华,男,41,未知,城乡居民,郑州市,2020-06-03,在保,罗**,未知,P2023****7
P202303229,于海涛,男,64,410402196001240704,灵活就业,商丘市,2020-08-08,在保,于**,4104****0704,P2023****9
P202302854,黄佳慧,女,53,410105197101027840,城乡居民,平顶山市,2023-04-20,在保,黄**,4101****7840,P2023****4
P202302913,周永强,男,36,410202198808057792,城乡居民,驻马店市,2023-07-08,在保,周**,4102****7792,P2023****3
P202301866,贾鹏,男,20,410702200407138624,城镇职工,信阳市,2024-03-27,在保,贾*,4107****8624,P2023****6
P202301858,吴秀英,女,45,410104197909111040,城镇职工,开封市,2020-11-23,退保,吴**,4101****1040,P2023****8
P202302646,杨飞,男,35,410104198909132288,城乡居民,安阳市,2020-02-11,停保,杨*,4101****2288,P2023****6
P202302244,卢丽,女,21,410402200307088704,灵活就业,南阳市,2020-02-21,在保,卢*,4104****8704,P2023****4
P202302337,阎飞,男,59,410402196503138048,城乡居民,郑州市,2024-02-23,在保,阎*,4104****8048,P2023****7
P202300951,黄志强,男,45,410502197904016000,城乡居民,周口市,2022-09-09,在保,黄**,4105****6000,P2023****1
P202303069,丁嘉伟,男,54,410105197002136320,城镇职工,周口市,2020-10-21,在保,丁**,4101****6320,P2023****9
P202301121,罗鹏,男,69,410702195511155584,城镇职工,南阳市,2022-06-13,在保,罗*,4107****5584,P2023****1
P202302598,张军,男,53,410103197103128064,灵活就业,郑州市,2023-01-01,在保,张*,4101****8064,P2023****8
P202302205,唐晨曦,男,32,410104199202193664,城乡居民,南阳市,2023-01-18,在保,唐**,4101****3664,P2023****5
P202300420,林婷,女,51,410106197312220480,城乡居民,南阳市,2022-05-03,退保,林*,4101****0480,P2023****0
P202300923,苏杰,男,52,410103197207042816,城镇职工,焦作市,2020-03-01,在保,苏*,4101****2816,P2023****3
P202301255,郑鹏,男,72,410502195203250240,城镇职工,平顶山市,2023-06-16,在保,郑*,4105****0240,P2023****5
P202300478,傅嘉伟,男,55,410202196906079168,城镇职工,安阳市,2021-01-09,停保,傅**,4102****9168,P2023****8
P202302036,李辉,男,95,410104192911010752,城镇职工,鹤壁市,2023-08-28,在保,李*,4101****0752,P2023****6
P202301203,梁思琪,女,52,410302197212057920,城镇职工,鹤壁市,2022-09-28,在保,梁**,4103****7920,P2023****3
P202302627,胡桂英,女,75,410402194903067840,灵活就业,周口市,2020-09-25,停保,胡**,4104****7840,P2023****7
P202304868,吕斌,男,49,410106197503206528,城镇职工,开封市,2022-03-11,在保,吕*,4101****6528,P2023****8
P202301971,孙涛,男,60,410104196402218176,城镇职工,许昌市,2023-09-14,在保,孙*,4101****8176,P2023****1
P202303111,曹建国,男,29,410106199508216256,城乡,周口市,2023-02-14,在保,曹**,4101****6256,P2023****1
P202304019,韩敏,女,40,410202198411084160,城乡居民,许昌市,2022-12-23,在保,韩*,4102****4160,P2023****9
P202302152,黄诗涵,女,79,410402194502125952,城乡居民,许昌市,2023-03-15,在保,黄**,4104****5952,P2023****2
P202303688,蔡磊,男,54,410202197004107264,城乡居民,许昌市,2020-04-26,在保,蔡*,4102****7264,P2023****8
P202301998,蒋婷,女,34,410102199006242752,城乡居民,鹤壁市,2022-08-14,在保,蒋*,4101****2752,P2023****8
P202304034,赵磊,男,0,410702202411022016,灵活就业,周口市,2021-09-06,停保,赵*,4107****2016,P2023****4
P202303055,彭文博,男,81,410402194302119232,城镇职工,平顶山市,2023-12-27,停保,彭**,4104****9232,P2023****5
P202301249,何雨彤,女,54,410103197008125952,城镇职工,焦作市,2024-04-30,在保,何**,4101****5952,P2023****9
P202302193,袁志强,男,86,410402193808217664,城镇职工,驻马店市,2021-03-31,在保,袁**,4104****7664,P2023****3
P202302713,曾磊,男,30,410105196610230144,城乡居民,郑州市,2022-01-11,在保,曾*,4101****0144,P2023****3
P202300993,周海涛,男,45,410103197901199936,城乡居民,新乡市,2023-12-14,在保,周**,4101****9936,P2023****3
P202302191,胡芳,女,21,410302200309181248,城乡居民,平顶山市,2022-02-24,在保,胡*,4103****1248,P2023****1
P202303763,董浩然,男,35,410302198908168128,灵活就业,开封市,2021-02-26,在保,董**,4103****8128,P2023****3
P202303598,未知,男,68,410502195610037568,城镇职工,郑州市,2020-03-19,在保,未知,4105****7568,P2023****8
P202301319,叶斌,男,39,410103198508116544,城乡居民,鹤壁市,2021-01-09,在保,叶*,4101****6544,P2023****9
P202301864,何飞,男,18,410103200607117952,城乡居民,漯河市,2020-12-05,在保,何*,4101****7952,P2023****4
P202302344,刘莉,女,40,410105198403034880,城镇职工,商丘市,2020-03-21,在保,刘*,4101****4880,P2023****4
P202302450,贾玲,女,37,410105198709031296,灵活就业,郑州市,2023-07-15,在保,贾*,4101****1296,P2023****0
P202302137,魏晓红,女,51,410103197309161664,城镇职工,漯河市,2023-08-09,在保,魏**,4101****1664,P2023****7
P202301066,苏国强,男,29,410106199509069696,城乡居民,新乡市,2020-07-09,在保,苏**,4101****9696,P2023****6
P202302465,马霞,女,65,410502195903112448,城镇职工,鹤壁市,2022-03-19,停保,马*,4105****2448,P2023****5
P202304228,梁娜,女,57,410104196709081024,城乡居民,漯河市,2020-09-08,退保,梁*,4101****1024,P2023****8
P202302622,冯雪,女,64,410106196002161408,城乡居民,开封市,2020-01-16,在保,冯*,4101****1408,P2023****2
P202300078,苏涛,男,44,410103198003081792,城镇职工,洛阳市,2020-11-16,在保,苏*,4101****1792,P2023****8
P202302899,徐建华,男,44,410202198006265280,灵活就业,南阳市,2022-08-01,在保,徐**,4102****5280,P2023****9
P202301315,彭志强,男,50,410102197410148800,城镇职工,许昌市,2022-06-25,在保,彭**,4101****8800,P2023****5
P202304417,苏强,男,54,410105197003232512,城乡居民,周口市,2022-07-28,在保,苏*,4101****2512,P2023****7
P202300873,宋佳慧,女,25,410105199907259648,城镇职工,新乡市,2022-06-17,在保,宋**,4101****9648,P2023****3
P202303851,傅秀兰,女,40,410104198409223168,城镇职工,商丘市,2020-02-26,在保,傅**,4101****3168,P2023****1
P202304837,赵波,男,41,410105198303283072,城乡居民,鹤壁市,2024-02-23,在保,赵*,4101****3072,P2023****7
P202302966,董芳,女,45,410402197902094080,城镇职工,信阳市,2023-07-21,在保,董*,4104****4080,P2023****6
P202303392,王建华,男,35,410106198903212096,城乡居民,漯河市,2020-03-10,在保,王**,4101****2096,P2023****2
P202302561,孙建华,男,31,410105199310013056,灵活就业,平顶山市,2021-05-08,退保,孙**,4101****3056,P2023****1
P202304947,邓浩然,男,36,410106198804205760,城镇职工,安阳市,2022-12-21,在保,邓**,4101****5760,P2023****7
P202302636,沈梦瑶,女,69,410106195506055360,城镇职工,平顶山市,2023-01-17,在保,沈**,4101****5360,P2023****6
P202303531,李欣怡,女,76,410502194808114432,城镇职工,郑州市,2022-09-11,在保,李**,4105****4432,P2023****1
P202300376,蔡建华,男,36,410402198811125184,城乡居民,鹤壁市,2020-12-14,在保,蔡**,4104****5184,P2023****6
P202301909,马涛,男,28,410103199605029376,城镇职工,漯河市,2023-02-06,在保,马*,4101****9376,P2023****9
P202304377,吴桂英,女,7,410202201710056768,城镇职工,新乡市,2023-08-05,在保,吴**,4102****6768,P2023****7
P202304424,傅芳,女,67,410402195704164096,城乡居民,南阳市,2021-06-05,停保,傅*,4104****4096,P2023****4
P202304028,曹紫薇,女,45,410102197911025792,城乡居民,驻马店市,2020-04-15,在保,曹**,4101****5792,P2023****8
P202301605,杨强,男,41,410103198303044608,城乡居民,开封市,2024-01-20,在保,杨*,4101****4608,P2023****5
P202301119,林佳慧,女,53,410302197107139904,城乡居民,漯河市,2021-06-19,停保,林**,4103****9904,P2023****9
P202303678,徐娟,女,47,410402197701274560,城乡居民,南阳市,2020-03-01,在保,徐*,4104****4560,P2023****8
P202303491,魏紫薇,女,44,410702198007191680,城镇职工,漯河市,2022-04-03,在保,魏**,4107****1680,P2023****1
P202304914,王飞,男,52,410702197208124672,城乡居民,新乡市,2024-05-10,在保,王*,4107****4672,P2023****4
P202302959,罗文博,男,70,410105195406194752,城镇职工,洛阳市,2020-04-14,在保,罗**,4101****4752,P2023****9
P202301995,魏鹏,男,56,410103196811205824,灵活就业,安阳市,2021-03-27,在保,魏*,4101****5824,P2023****5
P202300107,罗宇航,男,83,410702194106241344,城镇职工,漯河市,2021-08-27,在保,罗**,4107****1344,P2023****7
P202304400,贾玲,女,66,410302195809099520,城镇职工,新乡市,2020-10-28,在保,贾*,4103****9520,P2023****0
P202302377,阎俊杰,男,43,410702198102225792,城乡居民,漯河市,2020-11-23,在保,阎**,4107****5792,P2023****7
P202301343,袁嘉伟,男,57,410502196702067712,城乡居民,洛阳市,2022-09-28,在保,袁**,4105****7712,P2023****3
P202300321,贾诗涵,女,51,410202197308092416,城乡居民,新乡市,2020-10-05,在保,贾**,4102****2416,P2023****1
P202301620,程伟,男,70,410106195403222976,城镇职工,南阳市,2020-11-27,停保,程*,4101****2976,P2023****0
P202303714,曾辉,男,11,410502201307178240,城镇职工,商丘市,2024-02-17,在保,曾*,4105****8240,P2023****4
P202302061,胡桂英,女,65,410402195901189632,城乡居民,平顶山市,2020-06-10,停保,胡**,4104****9632,P2023****1
P202302220,曹鹏,男,45,410702197903034496,城乡居民,郑州市,2020-04-13,在保,曹*,4107****4496,P2023****0
P202301674,刘建国,男,33,410502199102085504,灵活就业,洛阳市,2021-11-25,在保,刘**,4105****5504,P2023****4
P202300261,马欣怡,女,33,410402199110262464,城乡居民,南阳市,2021-07-28,在保,马**,4104****2464,P2023****1
P202304462,邓晓红,女,83,410702194107088192,城镇职工,焦作市,2020-03-02,在保,邓**,4107****8192,P2023****2
P202302040,萧飞,男,18,410502200609204864,城乡居民,南阳市,2021-12-22,在保,萧*,4105****4864,P2023****0
P202300902,周超,男,42,410105198203132096,城乡居民,新乡市,2024-01-25,在保,周*,4101****2096,P2023****2
P202303745,梁娜,女,32,410502199202197056,灵活就业,平顶山市,2021-03-09,在保,梁*,4105****7056,P2023****5
P202302027,何静,女,82,410702194203238336,城镇职工,开封市,2024-02-12,退保,何*,4107****8336,P2023****7
P202304235,郑伟,男,21,410402200305075648,城镇职工,新乡市,2021-08-13,退保,郑*,4104****5648,P2023****5
P202301918,程建国,男,38,410402198610033728,灵活就业,焦作市,2023-04-26,在保,程**,4104****3728,P2023****8
P202301829,魏永强,男,48,410103197603190336,城镇职工,焦作市,2023-12-13,在保,魏**,4101****0336,P2023****9
P202301574,周芳,女,25,410502199908227712,城镇职工,驻马店市,2023-01-13,在保,周*,4105****7712,P2023****4
P202304439,于佳慧,女,43,410102198111067968,城乡居民,南阳市,2023-10-27,停保,于**,4101****7968,P2023****9
P202304209,梁雪,女,34,410302199008073280,城镇职工,信阳市,2023-02-21,在保,梁*,4103****3280,P2023****9
P202300225,蔡欣怡,女,41,未知,城乡居民,信阳市,2021-12-09,在保,蔡**,未知,P2023****5
P202300724,刘玲,女,63,410302196104207616,灵活就业,许昌市,2023-03-30,在保,刘*,4103****7616,P2023****4
P202304531,王芳,女,53,410302197109229312,城镇职工,洛阳市,2020-11-22,在保,王*,4103****9312,P2023****1
P202301142,高艳,女,74,410302195009268096,城乡居民,洛阳市,2023-04-07,在保,高*,4103****8096,P2023****2
P202302763,贾天宇,男,66,410106195806016704,城乡居民,驻马店市,2020-07-11,在保,贾**,4101****6704,P2023****3
P202300847,萧波,男,55,410302196910201024,城乡居民,商丘市,2023-10-15,在保,萧*,4103****1024,P2023****7
P202302552,薛淑珍,女,16,410106200803269696,灵活就业,开封市,2020-09-19,在保,薛**,4101****9696,P2023****2
P202302929,韩雨彤,女,78,410702194603127936,城乡居民,商丘市,2021-01-15,停保,韩**,4107****7936,P2023****9
P202300118,宋浩然,男,28,410702199601098816,城镇职工,开封市,2023-01-11,在保,宋**,4107****8816,P2023****8
P202300646,杨芳,女,45,410103197912216064,城镇职工,南阳市,2023-11-21,在保,杨*,4101****6064,P2023****6
P202300004,赵玉兰,女,77,410702194705260416,城乡居民,驻马店市,2020-09-12,退保,赵**,4107****0416,P2023****4
P202304171,袁婷,女,22,410502200209046016,城镇职工,郑州市,2022-06-06,在保,袁*,4105****6016,P2023****1
P202300468,徐波,男,63,410102196102271488,灵活就业,漯河市,2023-05-14,在保,徐*,4101****1488,P2023****8
P202300006,杨语嫣,女,45,410103197907094656,城镇职工,开封市,2022-01-28,在保,杨**,4101****4656,P2023****6
P202300920,王丽,女,53,410102197102037952,城乡居民,驻马店市,2022-05-03,在保,王*,4101****7952,P2023****0
P202302596,袁语嫣,女,9,410103201503214208,城乡居民,许昌市,2021-08-21,在保,袁**,4101****4208,P2023****6
P202301064,傅波,男,18,410302200601269568,城镇职工,南阳市,2020-09-20,停保,傅*,4103****9568,P2023****4
P202302591,朱慧,女,72,410102195208231680,城镇职工,洛阳市,2021-07-14,在保,朱*,4101****1680,P2023****1
P202300243,蒋慧,女,59,410502196509140096,城镇职工,驻马店市,2024-01-19,在保,蒋*,4105****0096,P2023****3
P202301161,黄芳,女,5,410102201905096000,城乡居民,安阳市,2020-06-22,在保,黄*,4101****6000,P2023****1
P202302871,蔡玲,女,38,410702198605135232,城镇职工,南阳市,2024-03-10,在保,蔡*,4107****5232,P2023****1
P202303736,周桂英,女,47,410104197704040768,城镇职工,安阳市,2020-08-11,在保,周**,4101****0768,P2023****6
P202302398,张玉兰,女,31,410302199305177728,城镇职工,许昌市,2022-12-27,在保,张**,4103****7728,P2023****8
P202303518,卢文彬,男,57,410102196704158272,城镇职工,安阳市,2023-02-08,停保,卢**,4101****8272,P2023****8
P202303422,郭淑珍,女,48,410104197605083072,城乡居民,焦作市,2021-05-29,在保,郭**,4101****3072,P2023****2
P202302564,朱秀英,女,54,410102197005016000,城镇职工,安阳市,2021-05-14,在保,朱**,4101****6000,P2023****4
P202301606,贾桂英,女,32,410402199207141248,城乡居民,许昌市,2023-04-18,在保,贾**,4104****1248,P2023****6
P202304878,彭玲,女,57,410104196705121280,城乡居民,鹤壁市,2024-03-30,在保,彭*,4101****1280,P2023****8
P202302325,宋萍,女,49,410103197510051840,灵活就业,信阳市,2020-06-04,在保,宋*,4101****1840,P2023****5
P202302710,丁萍,女,78,410302194607254656,城镇职工,安阳市,2020-03-24,在保,丁*,4103****4656,P2023****0
P202304443,曾桂英,女,59,410402196503116224,城镇职工,焦作市,2020-03-14,在保,曾**,4104****6224,P2023****3
P202301313,周建国,男,75,410105194904086016,城镇职工,信阳市,2022-08-08,在保,周**,4101****6016,P2023****3
P202303449,郭斌,男,43,410106198105198976,城乡居民,郑州市,2022-04-07,在保,郭*,4101****8976,P2023****9
P202303813,冯晨曦,男,34,410702199009158016,城乡居民,商丘市,2022-12-13,在保,冯**,4107****8016,P2023****3
P202304703,朱浩然,男,61,410302196310219264,城乡居民,郑州市,2024-04-07,停保,朱**,4103****9264,P2023****3
P202302363,袁晓红,女,22,410106200204150528,城乡居民,许昌市,2022-02-07,在保,袁**,4101****0528,P2023****3
P202301976,孙佳慧,女,43,410202198105280512,城乡居民,驻马店市,2020-10-09,在保,孙**,4102****0512,P2023****6
P202303515,韩萍,女,57,410702196711099968,城镇职工,许昌市,2020-06-09,在保,韩*,4107****9968,P2023****5
P202301762,卢丽,女,63,410105196106027136,城乡居民,漯河市,2020-03-02,在保,卢*,4101****7136,P2023****2
P202302740,彭诗涵,女,65,410106195901188608,城乡居民,漯河市,2023-02-14,在保,彭**,4101****8608,P2023****0
P202304707,郑浩,男,75,410702194910065280,灵活就业,洛阳市,2020-01-17,在保,郑*,4107****5280,P2023****7
P202302473,周志强,男,35,410402198904079616,城镇职工,南阳市,2024-01-26,在保,周**,4104****9616,P2023****3
P202304008,曾海涛,男,38,410105198601124096,城镇职工,信阳市,2023-02-11,在保,曾**,4101****4096,P2023****8
P202301494,李思琪,女,53,410302197109030400,城乡,周口市,2020-03-14,在保,李**,4103****0400,P2023****4
P202304207,萧军,男,58,410104196605252352,城乡居民,南阳市,2022-05-16,在保,萧*,4101****2352,P2023****7
P202302159,曹秀英,女,73,410402195112139520,城乡居民,周口市,2022-03-25,在保,曹**,4104****9520,P2023****9
P202301170,何语嫣,女,65,410105195911061504,城乡居民,商丘市,2020-04-11,在保,何**,4101****1504,P2023****0
P202304562,李斌,男,80,410104194408149312,城镇职工,新乡市,2021-09-27,在保,李*,4101****9312,P2023****2
P202300233,董文博,男,50,410502197412271936,城镇职工,安阳市,2022-02-11,在保,董**,4105****1936,P2023****3
P202300067,李慧,女,48,410104197608073664,灵活就业,焦作市,2021-07-26,停保,李*,4101****3664,P2023****7
P202301604,林佳慧,女,35,410106198911112128,灵活就业,信阳市,2020-10-31,在保,林**,4101****2128,P2023****4
P202303284,苏文博,男,65,410502195903111424,城乡居民,开封市,2023-09-19,在保,苏**,4105****1424,P2023****4
P202303597,孙文博,男,32,410702199212230464,城乡居民,开封市,2021-02-28,在保,孙**,4107****0464,P2023****7
P202300126,陈秀英,女,89,410103193507047616,城乡居民,平顶山市,2023-01-01,在保,陈**,4101****7616,P2023****6
P202301297,邓慧,女,66,410103195807099072,灵活就业,洛阳市,2024-01-05,在保,邓*,4101****9072,P2023****7
P202301977,徐芳,女,70,410502195404203008,城镇职工,开封市,2023-07-04,停保,徐*,4105****3008,P2023****7
P202304563,叶思琪,女,33,410104199107227008,城镇职工,郑州市,2021-10-17,退保,叶**,4101****7008,P2023****3
P202304527,胡婷,女,25,410502199909052032,城镇职工,漯河市,2020-03-29,在保,胡*,4105****2032,P2023****7
P202302076,杨浩,男,44,410104198011261376,城乡居民,郑州市,2022-02-03,在保,杨*,4101****1376,P2023****6
P202303087,叶紫薇,女,48,410103197601242240,城镇职工,开封市,2022-09-21,在保,叶**,4101****2240,P2023****7
P202304871,宋建国,男,95,410502192908134144,城镇职工,安阳市,2020-01-15,在保,宋**,4105****4144,P2023****1
P202303346,贾波,男,79,410103194507183872,灵活就业,洛阳市,2021-09-20,在保,贾*,4101****3872,P2023****6
P202304510,刘敏,女,48,410104197605150848,城镇职工,平顶山市,2022-06-15,在保,刘*,4101****0848,P2023****0
P202302798,周秀英,女,17,410103200701169344,城镇职工,信阳市,2020-08-21,在保,周**,4101****9344,P2023****8
P202300919,赵海涛,男,41,410202198303097664,城乡居民,漯河市,2024-03-12,在保,赵**,4102****7664,P2023****9
P202301647,朱波,男,46,410105197808169728,城镇职工,南阳市,2020-04-10,在保,朱*,4101****9728,P2023****7
P202300365,周紫薇,女,62,410702196201061952,灵活就业,鹤壁市,2020-04-28,在保,周**,4107****1952,P2023****5
P202303288,朱子轩,男,46,410102197804284416,城镇职工,驻马店市,2022-06-12,退保,朱**,4101****4416,P2023****8
P202302126,罗思琪,女,59,410106196509127040,城乡居民,鹤壁市,2023-03-15,在保,罗**,4101****7040,P2023****6
P202304124,曾雨彤,女,53,410702197103283840,城乡居民,平顶山市,2023-08-07,停保,曾**,4107****3840,P2023****4
P202300526,傅子轩,男,17,410103200711193664,城乡居民,许昌市,2023-09-24,在保,傅**,4101****3664,P2023****6
P202300056,曹明,男,66,410402195801133440,城镇职工,许昌市,2020-12-04,在保,曹*,4104****3440,P2023****6
P202300639,张飞,男,26,410102199807042176,城镇职工,信阳市,2023-10-20,停保,张*,4101****2176,P2023****9
P202300303,周淑珍,女,63,410702196107125568,灵活就业,平顶山市,2022-08-22,退保,周**,4107****5568,P2023****3
P202302767,蒋超,男,49,410102197509125056,城镇职工,驻马店市,2021-01-29,在保,蒋*,4101****5056,P2023****7
P202301277,韩建国,男,91,410103193306217664,灵活就业,南阳市,2022-03-31,在保,韩**,4101****7664,P2023****7
P202302056,赵娟,女,35,410102198910151296,城镇职工,许昌市,2023-01-01,在保,赵*,4101****1296,P2023****6
P202303645,周勇,男,35,410103198908214720,城乡居民,南阳市,2021-11-18,停保,周*,4101****4720,P2023****5
P202304144,蒋玉兰,女,55,410102196906066368,灵活就业,未知,2023-02-25,在保,蒋**,4101****6368,P2023****4
P202302879,阎艳,女,55,410105196901206016,城乡居民,平顶山市,2020-03-07,在保,阎*,4101****6016,P2023****9
P202304203,韩宇航,男,32,410202199209284928,城乡居民,郑州市,2021-02-27,在保,韩**,4102****4928,P2023****3
P202302287,韩佳慧,女,30,410402196009217728,城镇职工,信阳市,2023-09-23,在保,韩**,4104****7728,P2023****7
P202302262,王涛,男,57,未知,城镇职工,许昌市,2020-07-21,在保,王*,未知,P2023****2
P202302297,蔡海涛,男,57,410302196708027520,城乡居民,驻马店市,2023-05-04,停保,蔡**,4103****7520,P2023****7
P202301754,林秀兰,女,17,410502200705265600,城乡居民,开封市,2020-09-16,停保,林**,4105****5600,P2023****4
P202301969,王晨曦,男,46,410402197806125312,城乡居民,洛阳市,2021-06-07,在保,王**,4104****5312,P2023****9
P202304396,曾飞,男,25,410105199901202496,城镇职工,新乡市,2024-01-27,在保,曾*,4101****2496,P2023****6
P202303118,蒋思琪,女,36,410106198812164224,城乡居民,驻马店市,2023-10-02,在保,蒋**,4101****4224,P2023****8
P202302394,卢辉,男,38,410502198611278976,城镇职工,漯河市,2020-01-13,在保,卢*,4105****8976,P2023****4
P202300524,谢佳慧,女,60,410702196405170432,城乡居民,鹤壁市,2021-09-14,在保,谢**,4107****0432,P2023****4
P202303901,吕文彬,男,39,410102198503100416,城镇职工,焦作市,2020-05-11,在保,吕**,4101****0416,P2023****1
P202303123,胡军,男,58,410202196607093248,城镇职工,开封市,2024-04-14,在保,胡*,4102****3248,P2023****3
P202304157,宋强,男,59,410103196512249152,城乡居民,焦作市,2022-02-10,退保,宋*,4101****9152,P2023****7
P202301970,李雨彤,女,70,410102195408040960,城乡居民,鹤壁市,2020-11-27,在保,李**,4101****0960,P2023****0
P202300672,未知,男,12,410102201205070656,城镇职工,鹤壁市,2021-04-20,在保,未知,4101****0656,P2023****2
P202304189,吴嘉伟,男,42,410302198202284288,城镇职工,周口市,2021-08-16,在保,吴**,4103****4288,P2023****9
P202300667,宋明,男,45,410402197912255936,城乡居民,平顶山市,2024-03-05,在保,宋*,4104****5936,P2023****7
P202304383,傅志强,男,37,410502198706238784,城乡居民,郑州市,2024-04-22,在保,傅**,4105****8784,P2023****3
P202301888,叶雪,女,57,410502196706276480,城镇职工,焦作市,2021-06-26,停保,叶*,4105****6480,P2023****8
P202303267,蒋晓红,女,34,410202199006105600,城镇职工,鹤壁市,2023-03-22,在保,蒋**,4102****5600,P2023****7
P202300281,郭明,男,52,410104197208197632,城乡居民,驻马店市,2022-11-12,在保,郭*,4101****7632,P2023****1
P202301720,杨美琳,女,42,410104198209263744,城乡居民,南阳市,2023-07-28,退保,杨**,4101****3744,P2023****0
P202302948,冯凤英,女,0,410104202409127552,城乡居民,开封市,2023-01-01,停保,冯**,4101****7552,P2023****8
P202300900,蒋慧,女,35,410102198910194624,城镇职工,驻马店市,2023-08-04,在保,蒋*,4101****4624,P2023****0
P202304900,陈秀兰,女,60,410202196411221632,城乡居民,开封市,2022-08-08,在保,陈**,4102****1632,P2023****0
P202300761,薛建国,男,39,410702198511192192,城乡居民,郑州市,2022-12-13,在保,薛**,4107****2192,P2023****1
P202301907,王杰,男,21,410102200301037056,城镇职工,南阳市,2022-08-02,在保,王*,4101****7056,P2023****7
P202304043,丁宇航,男,20,410502200409201408,灵活就业,鹤壁市,2021-04-11,在保,丁**,4105****1408,P2023****3
P202303824,黄慧,女,53,410402197104144960,灵活就业,许昌市,2023-05-26,停保,黄*,4104****4960,P2023****4
P202304139,韩凤英,女,66,410202195805210048,城镇职工,新乡市,2024-02-16,在保,韩**,4102****0048,P2023****9
P202303819,董国强,男,42,410105198211174656,灵活就业,商丘市,2021-05-09,在保,董**,4101****4656,P2023****9
P202304301,胡艳,女,42,410104198211202176,城镇职工,驻马店市,2020-08-03,在保,胡*,4101****2176,P2023****1
P202302594,吴欣怡,女,51,410104197307277184,城乡居民,焦作市,2024-03-17,在保,吴**,4101****7184,P2023****4
P202304165,刘玲,女,42,410502198210227712,城镇职工,安阳市,2023-08-22,在保,刘*,4105****7712,P2023****5
P202303032,许淑珍,女,38,410104198601087424,城镇职工,开封市,2020-12-11,在保,许**,4101****7424,P2023****2
P202303580,叶志强,男,30,410302199407084544,城乡居民,平顶山市,2023-08-26,在保,叶**,4103****4544,P2023****0
P202302833,贾思琪,女,78,410702194609151360,城镇职工,漯河市,2024-02-02,在保,贾**,4107****1360,P2023****3
P202303473,董淑珍,女,50,410302197407230464,城乡居民,开封市,2023-01-11,在保,董**,4103****0464,P2023****3
P202300138,黄淑珍,女,44,410202198003269696,城镇职工,信阳市,2023-11-13,停保,黄**,4102****9696,P2023****8
P202302181,韩诗涵,女,46,410702197808191936,城镇职工,焦作市,2020-08-24,在保,韩**,4107****1936,P2023****1
P202302129,何鹏,男,62,410702196203226560,城镇职工,平顶山市,2022-03-18,停保,何*,4107****6560,P2023****9
P202303178,郑桂英,女,40,410102198401129088,城镇职工,郑州市,2022-11-17,在保,郑**,4101****9088,P2023****8
P202304412,马晨曦,男,48,410702197603282880,城乡居民,南阳市,2020-10-02,在保,马**,4107****2880,P2023****2
P202304262,郑磊,男,44,410102198007204288,城乡居民,开封市,2020-05-12,在保,郑*,4101****4288,P2023****2
P202304345,徐欣怡,女,38,410104198605238272,城镇职工,安阳市,2022-01-16,停保,徐**,4101****8272,P2023****5
P202301332,何萍,女,71,410102195303046592,城乡居民,南阳市,2022-03-22,在保,何*,4101****6592,P2023****2
P202302018,彭海涛,男,13,410402201104121280,城镇职工,周口市,2021-12-22,在保,彭**,4104****1280,P2023****8
P202302483,吴俊杰,男,85,410302193905071296,城镇职工,许昌市,2021-03-31,退保,吴**,4103****1296,P2023****3
P202301359,吴海涛,男,23,410105200103133312,城镇职工,周口市,2022-09-11,在保,吴**,4101****3312,P2023****9
P202301330,傅婷,女,60,410102196403257856,城乡居民,鹤壁市,2023-12-03,在保,傅*,4101****7856,P2023****0
P202302151,高紫薇,女,46,410105197806251456,城镇职工,信阳市,2022-12-19,在保,高**,4101****1456,P2023****1
P202302123,宋飞,男,49,410106197511146432,城镇职工,平顶山市,2022-06-29,在保,宋*,4101****6432,P2023****3
P202303982,赵斌,男,79,410106194501244992,城镇职工,周口市,2020-09-18,在保,赵*,4101****4992,P2023****2
P202301253,周凤英,女,14,410202201010136768,城乡居民,漯河市,2020-03-10,在保,周**,4102****6768,P2023****3
P202303279,丁勇,男,51,410106197304080512,城镇职工,鹤壁市,2022-06-20,退保,丁*,4101****0512,P2023****9
P202303375,冯欣怡,女,19,410502200507129344,城镇职工,驻马店市,2021-03-16,在保,冯**,4105****9344,P2023****5
P202302815,贾莉,女,82,410302194211028672,城乡居民,焦作市,2023-10-18,在保,贾*,4103****8672,P2023****5
P202301849,邓婷,女,67,410105195710159936,城乡居民,焦作市,2022-06-15,停保,邓*,4101****9936,P2023****9
P202303038,罗桂英,女,53,410104197101056960,城乡居民,许昌市,2023-12-11,在保,罗**,4101****6960,P2023****8
P202300389,程雨彤,女,67,410102195705146752,城镇职工,商丘市,2022-12-01,在保,程**,4101****6752,P2023****9
P202300236,唐嘉伟,男,61,410202196305134784,城镇职工,商丘市,2022-01-05,在保,唐**,4102****4784,P2023****6
P202301078,何杰,男,42,410106198207045952,城镇职工,安阳市,2020-12-05,在保,何*,4101****5952,P2023****8
P202301985,冯永强,男,67,410103195708103872,灵活就业,郑州市,2020-11-21,在保,冯**,4101****3872,P2023****5
P202304364,张敏,女,71,410502195306058560,城乡居民,鹤壁市,2021-05-09,在保,张*,4105****8560,P2023****4
P202303963,刘思琪,女,50,410102197411209408,城镇职工,洛阳市,2021-03-31,在保,刘**,4101****9408,P2023****3
P202300771,程鹏,男,62,410104196211108608,城镇职工,驻马店市,2022-05-25,在保,程*,4101****8608,P2023****1
P202302166,孙勇,男,31,410702199308245504,城镇职工,商丘市,2023-09-18,在保,孙*,4107****5504,P2023****6
P202300674,沈静,女,43,410106198103262656,灵活就业,信阳市,2022-01-31,退保,沈*,4101****2656,P2023****4
P202300250,沈俊杰,男,57,410502196706137728,城乡居民,平顶山市,2023-11-12,在保,沈**,4105****7728,P2023****0
P202301575,卢婷,女,58,410702196610238592,城镇职工,平顶山市,2021-05-29,在保,卢*,4107****8592,P2023****5
P202303420,董辉,男,40,410106198406026176,城镇职工,驻马店市,2021-10-15,在保,董*,4101****6176,P2023****0
P202302082,曹明,男,60,410402196410259648,城乡居民,平顶山市,2021-01-16,在保,曹*,4104****9648,P2023****2
P202301824,张娟,女,38,410102198610129280,城镇职工,信阳市,2023-03-01,停保,张*,4101****9280,P2023****4
P202300717,程雪,女,52,410502197201132672,灵活就业,周口市,2022-02-12,在保,程*,4105****2672,P2023****7
P202304716,林敏,女,49,410202197512263808,城乡居民,信阳市,2022-05-19,在保,林*,4102****3808,P2023****6
P202302049,刘天宇,男,44,410402198012011840,城镇职工,焦作市,2020-08-13,在保,刘**,4104****1840,P2023****9
P202304179,沈梦瑶,女,82,410302194207214976,城镇职工,信阳市,2022-09-14,在保,沈**,4103****4976,P2023****9
P202302725,王磊,男,85,410102193912026048,灵活就业,驻马店市,2023-05-03,在保,王*,4101****6048,P2023****5
P202304567,邓子轩,男,65,410104195904028224,城乡居民,南阳市,2021-07-14,在保,邓**,4101****8224,P2023****7
P202301461,程俊杰,男,47,410402197710231936,城镇职工,安阳市,2024-02-07,在保,程**,4104****1936,P2023****1
P202301669,高雨彤,女,65,410106195912177280,城乡居民,漯河市,2023-10-18,在保,高**,4101****7280,P2023****9
P202302757,袁晨曦,男,53,410105197103259072,城乡居民,平顶山市,2023-06-03,在保,袁**,4101****9072,P2023****7
P202302001,唐淑珍,女,37,410702198709139840,灵活就业,南阳市,2021-03-03,停保,唐**,4107****9840,P2023****1
P202300405,杨宇航,男,41,410702198311109120,城乡居民,驻马店市,2021-02-27,在保,杨**,4107****9120,P2023****5
P202300385,罗鹏,男,36,410502198810173440,城乡居民,漯河市,2023-11-07,退保,罗*,4105****3440,P2023****5
P202304538,罗娜,女,44,410702198010166528,城镇职工,新乡市,2023-08-04,在保,罗*,4107****6528,P2023****8
P202302153,马语嫣,女,50,410105197401112384,灵活就业,驻马店市,2022-12-30,在保,马**,4101****2384,P2023****3
P202301634,谢军,男,68,410106195606119104,城镇职工,开封市,2023-03-26,在保,谢*,4101****9104,P2023****4
P202304632,贾慧,女,40,410102198401080576,城镇职工,洛阳市,2022-01-18,在保,贾*,4101****0576,P2023****2
P202303926,刘浩,男,43,410103198105129664,城镇职工,平顶山市,2022-12-19,在保,刘*,4101****9664,P2023****6
P202304159,赵斌,男,38,410702198605140224,城乡居民,商丘市,2020-06-02,在保,赵*,4107****0224,P2023****9
P202300224,孙建华,男,20,410104200412088512,城镇职工,平顶山市,2020-02-16,退保,孙**,4101****8512,P2023****4
P202302194,唐鹏,男,25,410402199901272576,城乡居民,新乡市,2024-01-09,在保,唐*,4104****2576,P2023****4
P202303137,魏明,男,67,410102195701106304,城镇职工,周口市,2023-01-01,在保,魏*,4101****6304,P2023****7
P202301825,谢秀兰,女,53,410106197110033792,灵活就业,周口市,2023-10-18,在保,谢**,4101****3792,P2023****5
P202304658,曾建国,男,33,410302199101107072,灵活就业,信阳市,2022-11-04,在保,曾**,4103****7072,P2023****8
P202300798,苏天宇,男,62,410502196205144128,城乡居民,鹤壁市,2021-09-15,在保,苏**,4105****4128,P2023****8
P202302872,高军,男,58,410104196604083776,城乡居民,商丘市,2022-05-13,在保,高*,4101****3776,P2023****2
P202300010,周娟,女,59,410502196505246016,城乡居民,漯河市,2023-04-10,在保,周*,4105****6016,P2023****0
P202301945,魏俊杰,男,61,410102196309119232,城镇职工,洛阳市,2020-03-28,在保,魏**,4101****9232,P2023****5
P202301839,曾鹏,男,49,410702197508138048,城乡居民,驻马店市,2022-10-06,在保,曾*,4107****8048,P2023****9
P202300256,彭文彬,男,41,410302198301104256,城乡居民,平顶山市,2020-06-22,在保,彭**,4103****4256,P2023****6
P202304554,张娜,女,32,410104199207148800,城乡居民,鹤壁市,2022-03-10,在保,张*,4101****8800,P2023****4
P202301582,袁丽,女,70,410103195403247296,城镇职工,安阳市,2020-05-02,在保,袁*,4101****7296,P2023****2
P202302957,苏俊杰,男,66,410302195809166720,城镇职工,洛阳市,2021-11-19,停保,苏**,4103****6720,P2023****7
P202300925,赵涛,男,71,410102195307205312,城乡居民,漯河市,2022-09-22,在保,赵*,4101****5312,P2023****5
P202304474,韩静,女,59,410202196501272768,城镇职工,开封市,2021-09-26,在保,韩*,4102****2768,P2023****4
P202302509,吴娜,女,25,410702199912156800,城镇职工,信阳市,2021-08-08,在保,吴*,4107****6800,P2023****9
P202303776,于文博,男,58,410702196605034752,城镇职工,郑州市,2020-12-12,退保,于**,4107****4752,P2023****6
P202304137,梁天宇,男,48,410202197601228352,城乡居民,南阳市,2020-05-12,在保,梁**,4102****8352,P2023****7
P202302780,黄天宇,男,58,410702196601242944,城镇职工,新乡市,2020-06-23,在保,黄**,4107****2944,P2023****0
P202300540,陈辉,男,39,410202198511190912,城乡居民,商丘市,2022-04-27,在保,陈*,4102****0912,P2023****0
P202302746,黄军,男,44,410104198006210112,城乡居民,商丘市,2022-11-04,在保,黄*,4101****0112,P2023****6
P202304544,冯秀兰,女,39,410502198505270144,城镇职工,驻马店市,2021-07-15,在保,冯**,4105****0144,P2023****4
P202304617,何浩然,男,70,410202195410135424,城镇职工,驻马店市,2023-11-07,在保,何**,4102****5424,P2023****7
P202301146,刘文彬,男,50,410102197404279616,城乡居民,漯河市,2021-05-29,在保,刘**,4101****9616,P2023****6
P202304469,邓波,男,51,410702197307130560,城镇职工,漯河市,2023-08-24,在保,邓*,4107****0560,P2023****9
P202300668,郑美琳,女,77,410302194705020672,城镇职工,焦作市,2022-07-15,在保,郑**,4103****0672,P2023****8
P202303020,卢天宇,男,59,410103196504171328,灵活就业,平顶山市,2023-01-27,在保,卢**,4101****1328,P2023****0
P202300358,郭婷,女,44,410102198012206016,城乡居民,平顶山市,2022-05-09,在保,郭*,4101****6016,P2023****8
P202302832,彭明,男,33,410402199110135360,城镇职工,平顶山市,2023-06-27,在保,彭*,4104****5360,P2023****2
P202302784,徐建国,男,31,410302199303226304,城镇职工,许昌市,2020-04-19,在保,徐**,4103****6304,P2023****4
P202301354,罗志强,男,63,410106196103116736,城乡居民,焦作市,2023-06-10,在保,罗**,4101****6736,P2023****4
P202300471,吕杰,男,45,410202197904209984,城乡居民,未知,2021-07-19,在保,吕*,4102****9984,P2023****1
P202302704,许嘉伟,男,68,410402195603248640,城乡居民,商丘市,2022-07-24,在保,许**,4104****8640,P2023****4
P202303331,吴娟,女,66,410302195812071232,城镇职工,郑州市,2021-02-05,在保,吴*,4103****1232,P2023****1
P202303638,朱雪,女,56,410302196810196032,城镇职工,平顶山市,2020-09-11,在保,朱*,4103****6032,P2023****8
P202301397,未知,女,25,410102199912205056,灵活就业,许昌市,2024-04-14,停保,未知,4101****5056,P2023****7
P202303585,韩秀兰,女,51,410502197302046784,城乡居民,开封市,2020-10-11,在保,韩**,4105****6784,P2023****5
P202304532,罗子轩,男,67,410202195703186880,灵活就业,南阳市,2021-10-22,在保,罗**,4102****6880,P2023****2
P202303377,胡永强,男,44,410402198001277760,灵活就业,鹤壁市,2020-02-13,在保,胡**,4104****7760,P2023****7
P202301257,张晓红,女,80,410502194402144384,灵活就业,周口市,2022-03-31,在保,张**,4105****4384,P2023****7
P202303513,曾玲,女,80,未知,城乡居民,郑州市,2020-12-10,在保,曾*,未知,P2023****3
P202301251,郑梦瑶,女,55,410106196904117184,城乡居民,驻马店市,2024-03-01,在保,郑**,4101****7184,P2023****1
P202304857,萧凤英,女,65,410502195910275840,灵活就业,许昌市,2022-09-14,在保,萧**,4105****5840,P2023****7
P202304299,郭晓红,女,32,410202199203284928,城镇职工,郑州市,2022-01-23,在保,郭**,4102****4928,P2023****9
P202303285,于莉,女,21,410202200310094016,城镇职工,漯河市,2024-01-03,在保,于*,4102****4016,P2023****5
P202302934,苏艳,女,67,410402195706126976,城镇职工,周口市,2023-07-11,在保,苏*,4104****6976,P2023****4
P202304176,冯勇,男,58,410202196601057664,城乡居民,商丘市,2024-04-02,在保,冯*,4102****7664,P2023****6
P202301853,曾思琪,女,28,410402199611210496,灵活就业,郑州市,2023-04-20,在保,曾**,4104****0496,P2023****3
P202304919,周莉,女,74,410502195005104640,城镇职工,安阳市,2020-08-30,在保,周*,4105****4640,P2023****9
P202302106,张鹏,男,79,410106194509078144,城镇职工,安阳市,2024-02-09,在保,张*,4101****8144,P2023****6
P202300134,郑斌,男,58,410702196608176832,城镇职工,郑州市,2021-03-27,在保,郑*,4107****6832,P2023****4
P202300929,苏俊杰,男,78,410202194601267520,城镇职工,商丘市,2022-06-28,在保,苏**,4102****7520,P2023****9
P202300824,冯海涛,男,43,410102198105189888,城镇职工,商丘市,2020-07-26,在保,冯**,4101****9888,P2023****4
P202304589,赵斌,男,41,410202198302116160,城乡居民,焦作市,2020-12-05,在保,赵*,4102****6160,P2023****9
P202301532,张霞,女,18,410302200602030912,城镇职工,漯河市,2023-09-23,在保,张*,4103****0912,P2023****2
P202301215,韩伟,男,44,410302198006255616,灵活就业,信阳市,2021-04-03,在保,韩*,4103****5616,P2023****5
P202300505,吕凤英,女,38,410702198608073280,城镇职工,开封市,2020-04-11,退保,吕**,4107****3280,P2023****5
P202304286,谢浩,男,53,410104197106084288,城镇职工,开封市,2022-06-22,在保,谢*,4101****4288,P2023****6
P202301997,高明,男,49,410105197501267072,城镇职工,洛阳市,2020-06-10,在保,高*,4101****7072,P2023****7
P202303073,林伟,男,53,410105197105112512,灵活就业,郑州市,2021-01-05,退保,林*,4101****2512,P2023****3
P202301959,张紫薇,女,69,410105195508172736,城乡居民,许昌市,2021-03-22,在保,张**,4101****2736,P2023****9
P202301385,胡霞,女,63,410402196106118272,灵活就业,漯河市,2022-01-10,在保,胡*,4104****8272,P2023****5
P202300895,蒋杰,男,74,410102195007171136,城乡居民,焦作市,2023-02-25,在保,蒋*,4101****1136,P2023****5
P202300456,邓波,男,35,410702198911019008,城乡居民,洛阳市,2021-03-19,在保,邓*,4107****9008,P2023****6
P202304684,袁芳,女,37,410102198709101056,城乡居民,开封市,2023-10-28,在保,袁*,4101****1056,P2023****4
P202303710,于紫薇,女,50,410402197403220864,灵活就业,南阳市,2024-05-18,在保,于**,4104****0864,P2023****0
P202304666,张浩然,未知,47,410402197710163392,城乡居民,驻马店市,2024-01-06,在保,张**,4104****3392,P2023****6
P202304269,薛紫薇,女,29,410402199508221312,城乡居民,郑州市,2021-08-24,在保,薛**,4104****1312,P2023****9
P202303523,冯超,男,32,410502199208215936,城乡居民,新乡市,2021-02-17,停保,冯*,4105****5936,P2023****3
P202304135,沈磊,男,48,410106197607099072,城镇职工,开封市,2021-11-18,在保,沈*,4101****9072,P2023****5
P202303603,马桂英,女,86,410105193808042880,城乡居民,新乡市,2020-11-13,在保,马**,4101****2880,P2023****3
P202300714,曹婷,女,57,410202196709180160,城镇职工,南阳市,2020-08-31,在保,曹*,4102****0160,P2023****4
P202304187,萧桂英,女,92,410702193209083776,灵活就业,平顶山市,2023-05-01,在保,萧**,4107****3776,P2023****7
P202302215,魏雪,女,41,410104198305128448,城镇职工,周口市,2023-01-11,在保,魏*,4101****8448,P2023****5
P202302924,朱建国,男,48,410202197602257408,城镇职工,鹤壁市,2022-12-03,在保,朱**,4102****7408,P2023****4
P202301811,刘军,男,41,410103198302043904,城乡居民,洛阳市,2020-09-22,停保,刘*,4101****3904,P2023****1
P202303487,何芳,女,77,410105194707134208,城乡居民,南阳市,2020-01-26,在保,何*,4101****4208,P2023****7
P202303142,郭国强,男,11,410103201308203968,城镇职工,漯河市,2020-03-09,在保,郭**,4101****3968,P2023****2
P202301828,赵浩,男,75,410103194908064320,城镇职工,郑州市,2023-01-19,在保,赵*,4101****4320,P2023****8
P202301156,陈强,男,68,未知,城镇职工,周口市,2023-09-03,停保,陈*,未知,P2023****6
P202301325,朱永强,男,51,410106197306013312,城乡居民,平顶山市,2022-02-22,在保,朱**,4101****3312,P2023****5
P202304313,李永强,男,58,未知,城镇职工,新乡市,2024-01-05,在保,李**,未知,P2023****3
P202300511,薛嘉伟,男,54,410103197005166528,城乡居民,新乡市,2022-01-08,停保,薛**,4101****6528,P2023****1
P202301681,彭永强,男,57,410402196705165312,城乡居民,开封市,2020-12-25,在保,彭**,4104****5312,P2023****1
P202300500,杨浩,男,25,410302199905053120,城镇职工,郑州市,2022-12-07,在保,杨*,4103****3120,P2023****0
P202304582,阎浩,男,32,410402199201160576,城乡居民,鹤壁市,2020-02-27,在保,阎*,4104****0576,P2023****2
P202301857,吕淑珍,女,75,410105194912099584,城职,南阳市,2020-02-22,在保,吕**,4101****9584,P2023****7
P202301389,吕莉,女,50,410202197404158464,灵活就业,新乡市,2023-01-27,在保,吕*,4102****8464,P2023****9
P202303720,阎超,男,48,410502197611091904,城镇职工,商丘市,2021-12-10,在保,阎*,4105****1904,P2023****0
P202302387,冯海涛,男,45,410402197901070336,城镇职工,商丘市,2023-01-09,在保,冯**,4104****0336,P2023****7
P202303237,袁莉,女,68,410106195608140160,城职,南阳市,2023-11-19,在保,袁*,4101****0160,P2023****7
P202301541,薛嘉伟,男,49,410702197509146624,城镇职工,新乡市,2023-05-11,在保,薛**,4107****6624,P2023****1
P202301218,刘浩然,男,55,410302196905243456,城乡居民,郑州市,2021-10-20,在保,刘**,4103****3456,P2023****8
P202302682,李俊杰,男,44,410102198012225280,灵活就业,驻马店市,2021-07-03,在保,李**,4101****5280,P2023****2
P202302994,张明,男,46,410104197807283072,灵活就业,平顶山市,2022-03-31,在保,张*,4101****3072,P2023****4
P202301192,高永强,未知,25,410103199904188608,城镇职工,平顶山市,2020-12-11,在保,高**,4101****8608,P2023****2
P202301543,谢辉,男,79,410402194511269376,城镇职工,安阳市,2023-01-01,在保,谢*,4104****9376,P2023****3
P202303302,徐秀兰,女,33,410402199107016512,城镇职工,周口市,2021-10-23,在保,徐**,4104****6512,P2023****2
P202303325,袁勇,男,69,410105195504114048,城镇职工,许昌市,2023-11-26,在保,袁*,4101****4048,P2023****5
P202302540,谢凤英,女,50,410104197410236864,城乡居民,商丘市,2022-06-18,在保,谢**,4101****6864,P2023****0
P202300954,叶浩然,男,75,410103194903286144,城镇职工,郑州市,2023-02-10,在保,叶**,4101****6144,P2023****4
P202304331,未知,男,62,410105196206197248,城镇职工,郑州市,2021-08-02,在保,未知,4101****7248,P2023****1
P202300733,冯晨曦,男,57,410103196707277440,城镇职工,新乡市,2020-08-17,在保,冯**,4101****7440,P2023****3
P202301157,周萍,女,37,410103198711030784,城镇职工,驻马店市,2021-02-25,在保,周*,4101****0784,P2023****7
P202303295,徐建华,男,28,410402199601107264,城镇职工,平顶山市,2021-06-05,在保,徐**,4104****7264,P2023****5
P202302983,宋宇航,男,63,410106196107257792,城乡居民,信阳市,2021-06-24,在保,宋**,4101****7792,P2023****3
P202302157,孙敏,女,43,410106198107118528,城镇职工,漯河市,2021-11-01,在保,孙*,4101****8528,P2023****7
P202301063,吴宇航,男,70,410502195412203264,城镇职工,开封市,2023-03-17,退保,吴**,4105****3264,P2023****3
P202302617,刘伟,男,36,410702198811237504,城镇职工,南阳市,2022-07-13,在保,刘*,4107****7504,P2023****7
P202301168,何语嫣,女,60,410402196401150080,城镇职工,郑州市,2022-01-04,在保,何**,4104****0080,P2023****8
P202303223,谢波,男,74,410302195009233600,城镇职工,商丘市,2020-01-09,停保,谢*,4103****3600,P2023****3
P202303637,马慧,女,43,410105198106286272,城乡居民,商丘市,2023-10-20,停保,马*,4101****6272,P2023****7
P202302939,郑子轩,男,20,410104200401271104,城乡居民,平顶山市,2021-01-27,在保,郑**,4101****1104,P2023****9
P202304492,徐永强,男,32,410202199210198272,城乡居民,平顶山市,2021-08-09,在保,徐**,4102****8272,P2023****2
P202303141,程永强,男,65,410502195908220928,城乡居民,许昌市,2020-06-09,退保,程**,4105****0928,P2023****1
P202300144,张娜,女,53,410106197102218816,城镇职工,周口市,2023-05-01,在保,张*,4101****8816,P2023****4
P202303578,袁雨彤,女,38,410106198603247872,城镇职工,南阳市,2021-08-21,在保,袁**,4101****7872,P2023****8
P202302783,蔡嘉伟,男,28,410104199607269824,城乡居民,平顶山市,2020-05-11,停保,蔡**,4101****9824,P2023****3
P202300718,阎玲,女,52,410102197210021312,城镇职工,焦作市,2024-02-28,在保,阎*,4101****1312,P2023****8
P202301820,何磊,男,32,410104199201054912,灵活就业,南阳市,2020-09-09,在保,何*,4101****4912,P2023****0
P202302503,苏秀英,女,44,410402198010168896,城乡居民,漯河市,2022-09-24,在保,苏**,4104****8896,P2023****3
P202304361,苏志强,男,55,410702196911243264,城乡居民,许昌市,2022-02-08,在保,苏**,4107****3264,P2023****1
P202304172,韩萍,女,47,410202197711204224,城镇职工,信阳市,2022-06-11,在保,韩*,4102****4224,P2023****2
P202300396,魏秀英,女,41,410202198303044096,城镇职工,信阳市,2021-07-10,在保,魏**,4102****4096,P2023****6
P202304886,张静,女,41,410105198308142592,城乡居民,开封市,2022-05-01,在保,张*,4101****2592,P2023****6
P202304493,曾欣怡,女,39,410502198501031808,城乡居民,焦作市,2024-03-26,在保,曾**,4105****1808,P2023****3
P202301366,许超,男,47,410502197703121600,城乡居民,商丘市,2020-12-05,在保,许*,4105****1600,P2023****6
P202304604,程超,男,73,410106195105277568,城乡居民,南阳市,2022-05-29,退保,程*,4101****7568,P2023****4
P202300596,陈志强,男,40,410402198408281728,城镇职工,平顶山市,2021-12-14,在保,陈**,4104****1728,P2023****6
P202303953,曾紫薇,女,89,410104193510095744,城乡居民,焦作市,2020-11-27,在保,曾**,4101****5744,P2023****3
P202302915,傅浩,男,62,410104196210120896,灵活就业,焦作市,2021-01-16,停保,傅*,4101****0896,P2023****5
P202302327,何淑珍,女,30,410104199412019136,城镇职工,南阳市,2020-09-03,在保,何**,4101****9136,P2023****7
P202303767,宋艳,女,32,410103199206124864,灵活就业,洛阳市,2020-02-23,在保,宋*,4101****4864,P2023****7
P202303441,陈秀兰,女,52,410103197203041216,城镇职工,南阳市,2020-04-08,在保,陈**,4101****1216,P2023****1
P202303852,冯梦瑶,女,58,410104196612108416,城镇职工,焦作市,2023-08-21,在保,冯**,4101****8416,P2023****2
P202304133,贾鹏,男,69,410502195511044992,城镇职工,信阳市,2022-03-25,在保,贾*,4105****4992,P2023****3
P202304930,梁涛,男,47,410104197707013824,城乡居民,许昌市,2022-09-30,在保,梁*,4101****3824,P2023****0
P202302144,许明,男,54,410402197002052928,城镇职工,许昌市,2021-12-13,在保,许*,4104****2928,P2023****4
P202301572,唐勇,男,27,410402199703281344,城镇职工,鹤壁市,2023-06-01,在保,唐*,4104****1344,P2023****2
P202304080,吴美琳,女,44,410502198010073536,城镇职工,许昌市,2021-06-04,在保,吴**,4105****3536,P2023****0
P202301123,阎斌,男,61,410104196310108032,城镇职工,周口市,2022-11-14,在保,阎*,4101****8032,P2023****3
P202302787,曹芳,女,36,410106198806286080,城镇职工,鹤壁市,2024-02-01,在保,曹*,4101****6080,P2023****7
P202302968,沈桂英,女,39,410502198512075136,灵活就业,未知,2024-01-02,在保,沈**,4105****5136,P2023****8
P202302505,张凤英,女,30,410302199412163072,城镇职工,郑州市,2023-03-19,在保,张**,4103****3072,P2023****5
P202303466,贾文博,男,25,410104199902044352,城镇职工,开封市,2021-04-12,在保,贾**,4101****4352,P2023****6
P202300676,徐明,男,35,410202198910054528,城镇职工,焦作市,2021-01-12,在保,徐*,4102****4528,P2023****6
P202302809,朱美琳,女,66,410106195808018624,灵活就业,南阳市,2021-10-03,在保,朱**,4101****8624,P2023****9
P202303349,韩建国,男,62,410105196208150912,城乡居民,平顶山市,2020-02-25,在保,韩**,4101****0912,P2023****9
P202300729,于秀兰,女,40,410103198411078656,城镇职工,安阳市,2021-08-10,在保,于**,4101****8656,P2023****9
P202300413,冯萍,女,22,410105200205139840,灵活就业,安阳市,2022-07-16,在保,冯*,4101****9840,P2023****3
P202303147,程天宇,男,37,410103198712184064,城乡居民,许昌市,2023-04-09,退保,程**,4101****4064,P2023****7
P202301517,高莉,女,77,410302194712251072,城镇职工,商丘市,2023-08-11,在保,高*,4103****1072,P2023****7
P202300826,许斌,男,76,410502194808020032,灵活就业,鹤壁市,2023-06-25,在保,许*,4105****0032,P2023****6
P202303268,傅语嫣,女,43,410702198103038720,城镇职工,信阳市,2023-10-30,在保,傅**,4107****8720,P2023****8
P202303975,曾永强,男,56,410702196805276160,灵活就业,洛阳市,2022-02-25,在保,曾**,4107****6160,P2023****5
P202300617,薛军,男,51,410702197312056768,城乡居民,焦作市,2020-12-25,在保,薛*,4107****6768,P2023****7
P202300115,张雨彤,女,46,410402197808088768,城镇职工,洛阳市,2023-11-05,在保,张**,4104****8768,P2023****5
P202300418,刘永强,男,52,410106197203107008,城镇职工,开封市,2020-05-07,在保,刘**,4101****7008,P2023****8
P202303070,薛斌,男,62,410202196205192320,城镇职工,新乡市,2021-09-18,退保,薛*,4102****2320,P2023****0
P202301626,李桂英,女,69,未知,灵活就业,新乡市,2020-12-09,在保,李**,未知,P2023****6
P202301502,陈文彬,男,40,410102198401200512,城镇职工,安阳市,2020-01-01,在保,陈**,4101****0512,P2023****2
P202304186,丁紫薇,女,56,410502196809283072,城乡居民,平顶山市,2020-02-02,在保,丁**,4105****3072,P2023****6
P202302897,郑涛,男,12,410502201209126528,灵活就业,许昌市,2020-08-31,在保,郑*,4105****6528,P2023****7
P202304719,梁斌,男,63,410202196111270016,城职,漯河市,2021-06-27,在保,梁*,4102****0016,P2023****9
P202302083,杨强,男,24,410402200009022400,城镇职工,许昌市,2023-02-06,在保,杨*,4104****2400,P2023****3
P202300754,何建国,男,68,410106195607223808,城乡居民,漯河市,2023-02-19,在保,何**,4101****3808,P2023****4
P202302547,赵娟,女,25,410106199905224896,城乡居民,许昌市,2020-04-29,在保,赵*,4101****4896,P2023****7
P202303970,李静,女,73,410102195107058176,城镇职工,郑州市,2022-02-28,在保,李*,4101****8176,P2023****0
P202303374,傅杰,男,82,410302194208199936,城乡居民,郑州市,2023-06-12,在保,傅*,4103****9936,P2023****4
P202304108,郭欣怡,女,74,410402195008022848,城乡居民,周口市,2020-03-22,在保,郭**,4104****2848,P2023****8
P202302445,卢海涛,男,40,410102198410185984,城镇职工,郑州市,2021-03-19,在保,卢**,4101****5984,P2023****5
P202304381,李志强,男,52,410202197211021824,城镇职工,南阳市,2023-03-27,在保,李**,4102****1824,P2023****1
P202301067,王梦瑶,女,26,410104199801207232,城乡居民,漯河市,2020-06-10,在保,王**,4101****7232,P2023****7
P202303914,郭静,女,34,410105199010182400,城乡居民,许昌市,2024-04-03,在保,郭*,4101****2400,P2023****4
P202303499,程慧,女,46,410105197806265728,城镇职工,洛阳市,2021-03-03,在保,程*,4101****5728,P2023****9
P202302739,梁国强,男,77,410104194706116352,城乡居民,信阳市,2022-08-10,在保,梁**,4101****6352,P2023****9
P202304001,林俊杰,男,34,410102199011274368,灵活就业,焦作市,2022-11-01,在保,林**,4101****4368,P2023****1
P202301569,马建华,男,21,410302200303080192,城乡居民,周口市,2023-12-30,在保,马**,4103****0192,P2023****9
P202302428,王莉,女,48,410102197612103296,城镇职工,洛阳市,2023-01-10,在保,王*,4101****3296,P2023****8
P202303747,何佳慧,女,10,410102201405142912,城乡居民,郑州市,2022-06-09,在保,何**,4101****2912,P2023****7
P202304687,刘军,男,35,410702198901052160,城乡居民,郑州市,2020-07-13,在保,刘*,4107****2160,P2023****7
P202301688,何诗涵,女,53,410502197109240064,城乡居民,商丘市,2024-02-10,在保,何**,4105****0064,P2023****8
P202300852,刘明,男,40,410502198401143552,城乡居民,新乡市,2023-08-04,停保,刘*,4105****3552,P2023****2
P202303547,贾强,男,62,410302196209058240,城乡居民,安阳市,2022-12-18,停保,贾*,4103****8240,P2023****7
P202300896,许波,男,61,410103196304071104,灵活就业,焦作市,2020-12-21,在保,许*,4101****1104,P2023****6
P202304593,黄宇航,男,59,410102196501065088,城镇职工,南阳市,2021-09-22,在保,黄**,4101****5088,P2023****3
P202300336,丁天宇,男,47,410702197710055744,城镇职工,鹤壁市,2022-10-05,在保,丁**,4107****5744,P2023****6
P202302840,董秀兰,女,47,410103197702227520,城镇职工,南阳市,2023-09-08,在保,董**,4101****7520,P2023****0
P202303088,许文彬,男,71,410106195307221184,城镇职工,新乡市,2023-02-10,在保,许**,4101****1184,P2023****8
P202304612,黄玉兰,女,13,410402201102288640,灵活就业,南阳市,2022-03-26,在保,黄**,4104****8640,P2023****2
P202301349,吕秀兰,女,25,410302199903069568,城乡居民,开封市,2024-02-28,在保,吕**,4103****9568,P2023****9
P202301016,郭嘉伟,男,53,410202197105269312,城乡居民,平顶山市,2020-01-05,停保,郭**,4102****9312,P2023****6
P202302817,赵志强,男,58,410106196609284224,城镇职工,南阳市,2021-12-29,在保,赵**,4101****4224,P2023****7
P202301632,贾辉,男,34,410104199005118720,城乡居民,洛阳市,2022-12-23,在保,贾*,4101****8720,P2023****2
P202302490,贾子轩,男,15,410202200907104768,城镇职工,周口市,2023-01-03,退保,贾**,4102****4768,P2023****0
P202303731,吕萍,女,65,410502195910191488,灵活就业,南阳市,2023-03-20,在保,吕*,4105****1488,P2023****1
P202303252,刘静,女,55,410106196910161664,城镇职工,许昌市,2023-10-30,在保,刘*,4101****1664,P2023****2
P202304682,程鹏,男,39,410105198506196480,城镇职工,南阳市,2021-11-22,在保,程*,4101****6480,P2023****2
P202302071,未知,女,67,410102195704012224,城镇职工,安阳市,2022-04-16,在保,未知,4101****2224,P2023****1
P202304453,刘欣怡,女,70,410104195408168064,城镇职工,商丘市,2020-06-11,退保,刘**,4101****8064,P2023****3
P202304933,董文博,男,77,410502194712232448,城镇职工,周口市,2021-09-20,在保,董**,4105****2448,P2023****3
P202301636,傅思琪,女,42,410302198201109376,城镇职工,洛阳市,2023-09-09,在保,傅**,4103****9376,P2023****6
P202304647,邓强,男,24,410502200003276928,城镇职工,南阳市,2020-10-21,在保,邓*,4105****6928,P2023****7
P202302480,彭慧,女,62,410105196202179456,城乡居民,周口市,2023-12-02,在保,彭*,4101****9456,P2023****0
P202302266,丁军,男,71,410104195309176896,城镇职工,驻马店市,2024-03-05,在保,丁*,4101****6896,P2023****6
P202302960,黄飞,男,30,410402199408282368,城乡居民,周口市,2021-06-22,在保,黄*,4104****2368,P2023****0
P202304781,林永强,男,55,410402196905255616,城镇职工,南阳市,2022-11-02,在保,林**,4104****5616,P2023****1
P202303060,张明,男,42,410702198204026112,城镇职工,许昌市,2021-07-03,停保,张*,4107****6112,P2023****0
P202302142,朱嘉伟,男,50,410106197408260288,城乡居民,信阳市,2021-09-21,在保,朱**,4101****0288,P2023****2
P202303119,陈娜,女,68,410103195605032000,城镇职工,驻马店市,2020-07-31,在保,陈*,4101****2000,P2023****9
P202304774,彭萍,女,50,410102197408063488,城乡居民,南阳市,2024-05-19,停保,彭*,4101****3488,P2023****4
P202304046,郭浩然,男,42,410104198207113472,城乡居民,洛阳市,2021-01-22,停保,郭**,4101****3472,P2023****6
P202303357,孙佳慧,女,51,410702197306236800,城乡居民,焦作市,2023-12-24,在保,孙**,4107****6800,P2023****7
P202302745,郑梦瑶,女,4,410102202011086592,城乡,平顶山市,2020-10-16,在保,郑**,4101****6592,P2023****5
P202303507,曾永强,男,55,410102196903251968,城镇职工,开封市,2022-06-04,在保,曾**,4101****1968,P2023****7
P202301680,梁淑珍,女,42,410502198211107712,城乡居民,安阳市,2020-11-22,在保,梁**,4105****7712,P2023****0
P202304250,沈波,男,48,410104197609067456,灵活就业,周口市,2022-04-06,停保,沈*,4101****7456,P2023****0
P202303148,梁静,女,37,410102198706016384,城乡居民,南阳市,2020-04-19,在保,梁*,4101****6384,P2023****8
P202302295,阎娟,女,1,410202198901225408,城镇职工,平顶山市,2020-10-23,在保,阎*,4102****5408,P2023****5
P202300581,蔡慧,女,56,410102196811054912,灵活就业,商丘市,2022-08-01,停保,蔡*,4101****4912,P2023****1
P202301471,吴国强,男,71,410105195302014016,灵活就业,开封市,2021-07-08,在保,吴**,4101****4016,P2023****1
P202304071,袁浩然,男,60,410105196412133184,城镇职工,郑州市,2022-11-21,在保,袁**,4101****3184,P2023****1
P202303344,沈浩,男,72,410102195202093696,城乡居民,安阳市,2020-01-10,在保,沈*,4101****3696,P2023****4
P202304584,丁思琪,女,64,410105196003143424,灵活就业,开封市,2020-01-07,退保,丁**,4101****3424,P2023****4
P202303673,萧杰,男,29,410702199502086784,灵活就业,信阳市,2023-09-30,在保,萧*,4107****6784,P2023****3
P202300560,邓军,男,42,410102198204175488,城乡居民,许昌市,2020-03-21,在保,邓*,4101****5488,P2023****0
P202302850,阎佳慧,女,40,410106198403102528,城镇职工,开封市,2022-02-24,停保,阎**,4101****2528,P2023****0
P202300513,王强,男,45,410402197912201600,城乡居民,平顶山市,2020-07-02,在保,王*,4104****1600,P2023****3
P202301082,郑明,男,43,410202198106057984,城镇职工,洛阳市,2020-01-20,在保,郑*,4102****7984,P2023****2
P202301665,徐明,男,73,410104195104272128,城乡居民,开封市,2021-08-27,在保,徐*,4101****2128,P2023****5
P202301013,郑海涛,男,87,410302193711238400,城镇职工,信阳市,2020-12-13,退保,郑**,4103****8400,P2023****3
P202301932,陈娜,女,58,410502196611237696,城乡居民,洛阳市,2020-08-25,在保,陈*,4105****7696,P2023****2
P202301151,傅志强,男,32,410106199212021056,灵活就业,信阳市,2022-11-05,在保,傅**,4101****1056,P2023****1
P202302839,吴思琪,女,89,410102193503232832,灵活就业,平顶山市,2024-03-24,在保,吴**,4101****2832,P2023****9
P202300117,刘宇航,男,49,410104197510070720,城镇职工,新乡市,2023-04-15,在保,刘**,4101****0720,P2023****7
P202300741,阎志强,男,16,410302200806234304,城乡居民,鹤壁市,2020-11-24,在保,阎**,4103****4304,P2023****1
P202304856,彭诗涵,女,92,410502193210111936,城镇职工,安阳市,2023-01-01,在保,彭**,4105****1936,P2023****6
P202303676,林鹏,男,51,410106197312017472,城镇职工,开封市,2024-01-27,停保,林*,4101****7472,P2023****6
P202300831,王永强,男,25,410502199912235008,城镇职工,驻马店市,2020-06-15,在保,王**,4105****5008,P2023****1
P202300120,刘静,女,63,410502196102240640,城乡居民,信阳市,2024-05-12,在保,刘*,4105****0640,P2023****0
P202304829,吴鹏,男,66,410106195805016960,城乡居民,新乡市,2023-07-25,在保,吴*,4101****6960,P2023****9
P202304788,蔡晨曦,男,38,410202198609164928,城镇职工,郑州市,2024-01-13,在保,蔡**,4102****4928,P2023****8
P202300636,孙建华,男,20,410302200411073088,城镇职工,漯河市,2020-08-06,在保,孙**,4103****3088,P2023****6
P202304466,孙军,男,29,410402199504152192,城乡居民,鹤壁市,2023-05-04,在保,孙*,4104****2192,P2023****6
P202304365,梁娜,女,39,410102198510074880,城镇职工,洛阳市,2024-03-11,在保,梁*,4101****4880,P2023****5
P202304143,马玉兰,女,56,410202196803141120,城镇职工,洛阳市,2020-03-02,在保,马**,4102****1120,P2023****3
P202300992,薛紫薇,女,13,410702201106086656,城乡居民,新乡市,2023-04-11,在保,薛**,4107****6656,P2023****2
P202300877,韩艳,女,40,410103198409131904,灵活就业,洛阳市,2021-11-04,在保,韩*,4101****1904,P2023****7
P202300005,杨雪,女,45,未知,城镇职工,郑州市,2023-09-16,在保,杨*,未知,P2023****5
P202303052,林莉,女,37,410302198703126144,城镇职工,驻马店市,2023-01-22,在保,林*,4103****6144,P2023****2
P202303125,何霞,女,47,410702197710174592,城乡居民,周口市,2021-04-15,在保,何*,4107****4592,P2023****5
P202302661,唐志强,男,28,410402199601136448,城乡居民,商丘市,2022-05-25,在保,唐**,4104****6448,P2023****1
P202302492,胡美琳,女,37,410105198701286336,城乡居民,开封市,2021-02-16,在保,胡**,4101****6336,P2023****2
P202303855,丁诗涵,女,43,410702198107118080,城乡居民,郑州市,2020-03-26,在保,丁**,4107****8080,P2023****5
P202301716,宋鹏,男,48,410502197612171392,城镇职工,郑州市,2021-03-10,在保,宋*,4105****1392,P2023****6
P202301149,何艳,女,78,410102194603075584,城镇职工,漯河市,2024-03-31,在保,何*,4101****5584,P2023****9
P202303262,朱丽,女,50,410105197406059968,城镇职工,许昌市,2023-04-25,在保,朱*,4101****9968,P2023****2
P202300575,赵国强,男,64,410502196002167424,城乡居民,漯河市,2023-12-18,在保,赵**,4105****7424,P2023****5
P202303770,郭磊,男,40,410502198406029184,城乡居民,商丘市,2023-11-14,在保,郭*,4105****9184,P2023****0
P202303737,曾俊杰,男,41,410102198311050304,灵活就业,郑州市,2022-09-28,在保,曾**,4101****0304,P2023****7
P202304147,李娜,女,56,410104196806223552,城镇职工,焦作市,2020-06-27,在保,李*,4101****3552,P2023****7
P202300854,宋丽,女,71,410102195308089408,城镇职工,商丘市,2021-04-01,在保,宋*,4101****9408,P2023****4
P202301983,胡芳,女,38,410102198606238144,城乡居民,新乡市,2022-06-20,在保,胡*,4101****8144,P2023****3
P202302775,于子轩,男,41,410102198305110336,城乡居民,许昌市,2023-06-14,在保,于**,4101****0336,P2023****5
P202301167,吕辉,男,74,410106195011267904,城镇职工,郑州市,2020-09-11,在保,吕*,4101****7904,P2023****7
P202300972,薛伟,男,37,410502198712122496,城乡居民,商丘市,2023-06-01,在保,薛*,4105****2496,P2023****2
P202302702,何飞,男,69,410202195512230592,城镇职工,焦作市,2020-09-14,停保,何*,4102****0592,P2023****2
P202304496,萧强,男,80,410202194406203584,城镇职工,洛阳市,2021-10-13,在保,萧*,4102****3584,P2023****6
P202303848,苏建国,男,41,410402198309116864,灵活就业,洛阳市,2020-04-25,在保,苏**,4104****6864,P2023****8
P202302369,朱伟,男,29,410402199511070208,城镇职工,信阳市,2023-12-06,在保,朱*,4104****0208,P2023****9
P202304116,傅勇,男,43,410702198102068672,城乡居民,平顶山市,2023-02-25,在保,傅*,4107****8672,P2023****6
P202304132,王秀兰,女,50,410106197403234688,灵活就业,周口市,2024-01-15,在保,王**,4101****4688,P2023****2
P202302951,卢婷,女,71,410302195301155776,城镇职工,平顶山市,2020-02-15,在保,卢*,4103****5776,P2023****1
P202300525,邓军,男,36,410105198809131968,城镇职工,驻马店市,2023-09-07,在保,邓*,4101****1968,P2023****5
P202302456,于志强,男,76,410202194807023552,城乡居民,信阳市,2023-03-17,在保,于**,4102****3552,P2023****6
P202301842,叶飞,男,16,410105200812239936,城镇职工,商丘市,2023-04-25,在保,叶*,4101****9936,P2023****2
P202300538,沈欣怡,女,43,410302198105034112,城镇职工,南阳市,2024-05-03,在保,沈**,4103****4112,P2023****8
P202302807,王鹏,男,48,410103197602264704,灵活就业,平顶山市,2020-07-17,在保,王*,4101****4704,P2023****7
P202304342,谢志强,男,53,410202197104051328,城职,鹤壁市,2023-10-29,在保,谢**,4102****1328,P2023****2
P202303176,李雪,女,36,410502198808098496,城镇职工,南阳市,2023-01-01,在保,李*,4105****8496,P2023****6
P202300785,曾嘉伟,男,60,410702196412224768,城乡居民,漯河市,2021-08-23,在保,曾**,4107****4768,P2023****5
P202304058,阎丽,女,58,410502196611135936,城乡居民,许昌市,2021-05-28,在保,阎*,4105****5936,P2023****8
P202301410,宋明,男,45,410105197908078144,城镇职工,郑州市,2022-01-03,在保,宋*,4101****8144,P2023****0
P202302538,未知,男,66,410302195812284352,城乡居民,鹤壁市,2020-02-14,在保,未知,4103****4352,P2023****8
P202300155,谢永强,男,55,410402196908252864,灵活就业,驻马店市,2022-12-16,在保,谢**,4104****2864,P2023****5
P202303010,萧语嫣,女,41,410102198301132864,城乡居民,安阳市,2021-10-26,停保,萧**,4101****2864,P2023****0
P202301687,阎文彬,男,41,410502198303050688,城乡居民,安阳市,2020-04-06,停保,阎**,4105****0688,P2023****7
P202302902,罗嘉伟,男,42,410702198206194752,城镇职工,平顶山市,2020-04-16,在保,罗**,4107****4752,P2023****2
P202305000,唐军,男,34,410302199006016448,城乡居民,许昌市,2022-10-18,在保,唐*,4103****6448,P2023****0
P202304722,曾军,男,59,410102196503222720,城乡居民,鹤壁市,2021-05-01,在保,曾*,4101****2720,P2023****2
P202303864,唐凤英,女,46,410102197801155200,城乡居民,安阳市,2021-09-13,在保,唐**,4101****5200,P2023****4
P202302734,卢芳,女,34,410103199007264960,城乡居民,信阳市,2023-11-14,停保,卢*,4101****4960,P2023****4
P202301896,郭文彬,男,43,410202198104100096,灵活就业,鹤壁市,2023-12-04,在保,郭**,4102****0096,P2023****6
P202300570,吕梦瑶,女,43,410105198101061504,城乡居民,商丘市,2021-12-15,在保,吕**,4101****1504,P2023****0
P202301817,魏淑珍,未知,11,410103201312246720,城乡居民,平顶山市,2021-03-15,在保,魏**,4101****6720,P2023****7
P202302066,傅宇航,男,39,410202198512239168,灵活就业,周口市,2021-07-28,在保,傅**,4102****9168,P2023****6
P202300128,吴永强,男,39,410103198506285696,城乡居民,洛阳市,2024-04-10,在保,吴**,4101****5696,P2023****8
P202303395,郭浩,男,85,410103193910178176,城镇职工,平顶山市,2023-11-08,在保,郭*,4101****8176,P2023****5
P202303328,梁俊杰,男,39,410103198504242112,灵活就业,郑州市,2024-04-12,停保,梁**,4101****2112,P2023****8
P202303586,林永强,男,26,410104199805135744,城乡居民,开封市,2021-01-15,停保,林**,4101****5744,P2023****6
P202302976,刘文彬,男,51,410106197303166528,城乡居民,周口市,2021-04-09,在保,刘**,4101****6528,P2023****6
P202300981,张丽,女,64,410402196011091200,城乡居民,信阳市,2023-01-31,在保,张*,4104****1200,P2023****1
P202302301,于萍,女,68,410402195602141696,城镇职工,平顶山市,2021-08-26,在保,于*,4104****1696,P2023****1
P202300191,刘鹏,男,41,410402198305180096,城乡居民,南阳市,2020-10-01,停保,刘*,4104****0096,P2023****1
P202301140,吕辉,男,62,410103196208253824,城镇职工,商丘市,2020-03-01,停保,吕*,4101****3824,P2023****0
P202300700,蒋芳,女,46,410103197810076032,城乡居民,开封市,2023-10-05,在保,蒋*,4101****6032,P2023****0
P202304830,杨晓红,女,31,410702199312220032,城乡居民,洛阳市,2021-01-05,在保,杨**,4107****0032,P2023****0
P202300607,周伟,男,36,410102198803249088,城镇职工,商丘市,2022-06-13,退保,周*,4101****9088,P2023****7
P202304277,吕娟,女,39,410202198512238720,城镇职工,郑州市,2023-10-20,在保,吕*,4102****8720,P2023****7
P202300302,曹波,男,39,410402198511200704,城镇职工,漯河市,2023-01-01,退保,曹*,4104****0704,P2023****2
P202303421,唐杰,男,39,410102198503080448,城乡居民,鹤壁市,2023-03-14,在保,唐*,4101****0448,P2023****1
P202304870,傅鹏,男,40,410502198403131456,城镇职工,信阳市,2021-02-25,在保,傅*,4105****1456,P2023****0
P202301061,黄玉兰,女,63,410402196107276608,灵活就业,郑州市,2022-02-06,在保,黄**,4104****6608,P2023****1
P202302566,林秀英,女,42,410702198202110912,城镇职工,安阳市,2021-04-13,在保,林**,4107****0912,P2023****6
P202300839,卢思琪,女,67,未知,灵活就业,安阳市,2020-09-06,在保,卢**,未知,P2023****9
P202301070,杨晓红,女,56,410102196811198848,城镇职工,洛阳市,2022-07-29,停保,杨**,4101****8848,P2023****0
P202302525,苏宇航,男,66,410102195811283392,城乡居民,驻马店市,2023-01-24,在保,苏**,4101****3392,P2023****5
P202302206,宋浩,男,58,410202196601020992,城乡居民,新乡市,2020-10-06,在保,宋*,4102****0992,P2023****6
P202301244,贾建国,男,31,410102199305095744,城镇职工,洛阳市,2021-11-30,在保,贾**,4101****5744,P2023****4
P202300017,周永强,男,31,未知,城乡居民,南阳市,2021-03-09,停保,周**,未知,P2023****7
P202303121,曾思琪,女,41,410106198308025152,城镇职工,南阳市,2020-01-03,在保,曾**,4101****5152,P2023****1
P202304643,徐雪,女,45,410105197904120192,城镇职工,南阳市,2023-12-23,在保,徐*,4101****0192,P2023****3
P202304755,郭辉,男,40,410104198406278656,城镇职工,信阳市,2023-08-04,在保,郭*,4101****8656,P2023****5
P202300816,丁伟,男,23,410106200109211264,城乡居民,洛阳市,2021-01-29,退保,丁*,4101****1264,P2023****6
P202303068,罗静,女,50,410402197404277568,城乡居民,焦作市,2021-06-16,在保,罗*,4104****7568,P2023****8
P202304834,赵永强,男,61,410105196301210048,灵活就业,许昌市,2022-03-02,在保,赵**,4101****0048,P2023****4
P202300960,唐浩,男,58,410106196611149632,城镇职工,驻马店市,2021-02-21,在保,唐*,4101****9632,P2023****0
P202300226,魏浩然,男,69,410302195510259584,城镇职工,新乡市,2021-02-26,在保,魏**,4103****9584,P2023****6
P202303355,张雪,女,39,410105198507267072,城镇职工,鹤壁市,2024-03-23,在保,张*,4101****7072,P2023****5
P202302486,于欣怡,女,65,410104195903078400,城乡居民,驻马店市,2023-12-11,停保,于**,4101****8400,P2023****6
P202300563,唐斌,男,65,410102195903156032,城镇职工,漯河市,2022-07-20,在保,唐*,4101****6032,P2023****3
P202303437,陈浩然,男,60,410702196406069824,城镇职工,郑州市,2023-02-26,停保,陈**,4107****9824,P2023****7
P202301694,宋雪,女,25,410106199904289344,城乡居民,商丘市,2020-06-22,在保,宋*,4101****9344,P2023****4
P202301046,彭慧,女,65,410402195902094656,城镇职工,驻马店市,2020-11-14,停保,彭*,4104****4656,P2023****6
P202303447,邓军,男,47,410106197702239104,城镇职工,平顶山市,2020-01-28,在保,邓*,4101****9104,P2023****7
P202304566,梁莉,女,39,410104198501097408,灵活就业,商丘市,2021-12-06,停保,梁*,4101****7408,P2023****6
P202300955,黄娜,女,48,410105197611060928,城职,安阳市,2024-03-22,在保,黄*,4101****0928,P2023****5
P202302516,谢诗涵,女,55,410106196907205632,城镇职工,鹤壁市,2020-02-17,停保,谢**,4101****5632,P2023****6
P202302736,李秀英,女,40,410302198411064704,城乡,开封市,2023-04-27,在保,李**,4103****4704,P2023****6
P202304954,赵欣怡,女,67,410302195704116032,城乡居民,平顶山市,2023-10-07,在保,赵**,4103****6032,P2023****4
P202304736,傅佳慧,女,67,410105195712166656,城镇职工,漯河市,2023-12-01,在保,傅**,4101****6656,P2023****6
P202304873,罗波,男,27,410302199709263360,城乡居民,南阳市,2023-04-28,在保,罗*,4103****3360,P2023****3
P202301219,王霞,女,34,410502199008185088,城乡居民,商丘市,2021-04-27,在保,王*,4105****5088,P2023****9
P202301528,徐娜,女,77,410202194707047040,城镇职工,鹤壁市,2020-06-06,在保,徐*,4102****7040,P2023****8
P202303988,黄雨彤,女,40,410103198404076032,城镇职工,南阳市,2023-01-01,在保,黄**,4101****6032,P2023****8
P202301301,丁慧,女,37,410106198706107072,城乡居民,焦作市,2022-07-11,在保,丁*,4101****7072,P2023****1
P202304942,袁玉兰,女,46,410106197809121728,城镇职工,郑州市,2023-07-21,停保,袁**,4101****1728,P2023****2
P202300161,黄紫薇,女,32,410106199202022464,城镇职工,商丘市,2023-06-29,在保,黄**,4101****2464,P2023****1
P202304068,韩娜,女,55,410502196909062144,城乡居民,周口市,2020-12-14,停保,韩*,4105****2144,P2023****8
P202300957,蒋雪,女,56,410702196808233216,城职,漯河市,2021-12-22,在保,蒋*,4107****3216,P2023****7
P202303792,萧思琪,女,42,410702198206265984,城乡居民,焦作市,2021-04-24,在保,萧**,4107****5984,P2023****2
P202303235,徐美琳,女,26,410104199801131968,城乡居民,开封市,2023-11-20,在保,徐**,4101****1968,P2023****5
P202302870,刘美琳,女,72,410202195207050496,城镇职工,许昌市,2022-05-15,在保,刘**,4102****0496,P2023****0
P202303778,梁桂英,女,27,410202199701193472,城乡居民,平顶山市,2020-07-17,在保,梁**,4102****3472,P2023****8
P202304434,曹辉,男,39,410106198512182784,灵活就业,焦作市,2024-02-09,在保,曹*,4101****2784,P2023****4
P202302962,赵娟,女,39,410402198505044032,城镇职工,焦作市,2023-01-01,在保,赵*,4104****4032,P2023****2
P202302201,沈秀兰,女,82,410104194206035072,城镇职工,平顶山市,2020-10-22,在保,沈**,4101****5072,P2023****1
P202300099,高欣怡,女,50,410103197411238912,城镇职工,信阳市,2020-12-06,在保,高**,4101****8912,P2023****9
P202302558,吕梦瑶,女,50,410702197403211904,城镇职工,商丘市,2022-06-17,在保,吕**,4107****1904,P2023****8
P202303184,林涛,男,44,410106198006099328,灵活就业,洛阳市,2020-02-08,在保,林*,4101****9328,P2023****4
P202300254,薛波,男,68,410103195602019648,城镇职工,信阳市,2022-01-07,在保,薛*,4101****9648,P2023****4
P202303924,蒋淑珍,女,20,410702200410174528,城职,安阳市,2022-06-22,在保,蒋**,4107****4528,P2023****4
P202304200,吕鹏,男,60,410105196401121152,城乡居民,洛阳市,2023-04-15,在保,吕*,4101****1152,P2023****0
P202301446,许嘉伟,男,38,410104198609186432,城乡居民,许昌市,2021-07-29,在保,许**,4101****6432,P2023****6
P202301649,吴玲,女,71,410302195301168064,城镇职工,洛阳市,2023-04-16,在保,吴*,4103****8064,P2023****9
P202304683,高宇航,男,76,410502194806162816,城镇职工,新乡市,2023-05-24,在保,高**,4105****2816,P2023****3
P202304724,胡玲,女,44,410202198011167296,城镇职工,平顶山市,2022-06-14,在保,胡*,4102****7296,P2023****4
P202303992,杨国强,男,41,410105198301121664,城镇职工,商丘市,2020-04-14,在保,杨**,4101****1664,P2023****2
P202301697,吕诗涵,女,31,410202199301107008,城乡居民,鹤壁市,2021-08-19,在保,吕**,4102****7008,P2023****7
P202303192,杨军,男,62,410104196206115200,灵活就业,鹤壁市,2021-01-06,在保,杨*,4101****5200,P2023****2
P202304500,李萍,女,28,410402199604279808,城镇职工,信阳市,2020-07-17,在保,李*,4104****9808,P2023****0
P202301155,高斌,男,79,410502194510028224,城乡,鹤壁市,2024-01-14,在保,高*,4105****8224,P2023****5
P202302256,高桂英,女,56,410106196809288832,城乡居民,平顶山市,2021-01-01,在保,高**,4101****8832,P2023****6
P202301683,王永强,男,33,410105199107126528,城镇职工,洛阳市,2022-01-10,在保,王**,4101****6528,P2023****3
P202303171,卢凤英,女,32,410103199202063744,灵活就业,安阳市,2024-02-04,停保,卢**,4101****3744,P2023****1
P202302057,叶娜,女,41,410106198309121984,城乡居民,商丘市,2023-12-24,在保,叶*,4101****1984,P2023****7
P202304091,朱萍,女,30,410106199403277504,城乡居民,平顶山市,2021-12-30,在保,朱*,4101****7504,P2023****1
P202303109,蒋超,男,58,410102196605049472,城乡居民,鹤壁市,2023-07-12,在保,蒋*,4101****9472,P2023****9
P202304549,阎霞,女,57,410502196703157312,城镇职工,驻马店市,2022-04-13,在保,阎*,4105****7312,P2023****9
P202303724,曹紫薇,女,17,410103200703104128,灵活就业,许昌市,2022-06-27,在保,曹**,4101****4128,P2023****4
P202302050,萧斌,男,52,410302197205080832,城乡居民,周口市,2021-08-16,停保,萧*,4103****0832,P2023****0
P202303644,唐国强,男,49,410702197504107648,灵活就业,洛阳市,2022-07-14,在保,唐**,4107****7648,P2023****4
P202304978,傅娟,女,52,410302197206025728,城乡居民,周口市,2020-10-06,在保,傅*,4103****5728,P2023****8
P202300624,阎思琪,女,74,410702195004173440,城乡居民,焦作市,2023-01-26,在保,阎**,4107****3440,P2023****4
P202300263,董宇航,男,0,410103202407225088,城镇职工,商丘市,2021-09-12,在保,董**,4101****5088,P2023****3
P202303370,冯军,男,52,410302197205093888,城镇职工,洛阳市,2023-04-08,停保,冯*,4103****3888,P2023****0
P202304062,孙玉兰,女,55,410702196905287488,城镇职工,漯河市,2022-10-24,在保,孙**,4107****7488,P2023****2
P202301803,孙强,男,37,410106198709166208,灵活就业,驻马店市,2022-10-28,在保,孙*,4101****6208,P2023****3
P202304737,贾紫薇,女,35,410502198902123520,城乡居民,商丘市,2023-04-02,在保,贾**,4105****3520,P2023****7
P202300030,王浩,男,44,410702198002035520,城乡居民,驻马店市,2021-06-27,在保,王*,4107****5520,P2023****0
P202302386,卢建国,男,36,410102198804157952,城镇职工,洛阳市,2022-09-01,在保,卢**,4101****7952,P2023****6
P202301960,罗莉,女,54,410202197004010048,城乡居民,信阳市,2022-07-27,在保,罗*,4102****0048,P2023****0
P202302977,梁志强,男,72,410702195207157888,城乡居民,许昌市,2021-07-02,在保,梁**,4107****7888,P2023****7
P202300489,苏敏,女,80,410202194405123712,城镇职工,驻马店市,2021-06-11,在保,苏*,4102****3712,P2023****9
P202301844,李涛,男,51,410502197308279232,城乡居民,鹤壁市,2023-01-01,在保,李*,4105****9232,P2023****4
P202301735,苏静,女,64,410202196004212864,城镇职工,郑州市,2022-10-11,在保,苏*,4102****2864,P2023****5
P202302912,吴芳,女,56,410106196808198208,城乡居民,许昌市,2020-01-08,在保,吴*,4101****8208,P2023****2
P202303220,冯鹏,男,62,410202196210098176,城镇职工,平顶山市,2022-03-13,在保,冯*,4102****8176,P2023****0
P202300147,邓婷,女,27,410202199706103936,城乡居民,平顶山市,2021-11-23,在保,邓*,4102****3936,P2023****7
P202301987,吴国强,男,63,410105196102144960,城镇职工,驻马店市,2020-04-24,在保,吴**,4101****4960,P2023****7
P202301370,曾艳,女,34,410202199002089856,城镇职工,开封市,2022-04-02,在保,曾*,4102****9856,P2023****0
P202302812,薛勇,男,38,410702198602226560,城乡居民,信阳市,2020-04-28,在保,薛*,4107****6560,P2023****2
P202300660,张志强,男,47,410502197701145408,城乡居民,信阳市,2023-11-27,在保,张**,4105****5408,P2023****0
P202301795,吴国强,男,53,410702197104244224,灵活就业,洛阳市,2024-02-09,在保,吴**,4107****4224,P2023****5
P202302512,赵莉,女,59,410105196511252224,城镇职工,漯河市,2022-05-29,在保,赵*,4101****2224,P2023****2
P202303398,于鹏,男,76,410105194812056448,城镇职工,新乡市,2023-08-19,退保,于*,4101****6448,P2023****8
P202304283,沈国强,男,70,410402195404035072,城乡居民,周口市,2022-10-23,退保,沈**,4104****5072,P2023****3
P202301148,唐萍,女,24,410103200010169600,城镇职工,商丘市,2020-03-02,在保,唐*,4101****9600,P2023****8
P202303273,陈娟,女,65,410103195910057408,城镇职工,许昌市,2021-03-12,在保,陈*,4101****7408,P2023****3
P202300609,袁秀兰,女,17,410402200707122304,城乡居民,南阳市,2023-05-23,在保,袁**,4104****2304,P2023****9
P202303583,林秀英,女,84,410202194007133184,城乡居民,新乡市,2023-06-13,在保,林**,4102****3184,P2023****3
P202301931,林秀英,女,27,410302199702139648,城镇职工,漯河市,2024-04-30,在保,林**,4103****9648,P2023****1
P202300198,魏强,男,52,410104197209217408,城乡居民,平顶山市,2022-02-17,在保,魏*,4101****7408,P2023****8
P202302932,曹晓红,女,41,410402198309016256,城镇职工,安阳市,2021-10-25,在保,曹**,4104****6256,P2023****2
P202302328,李伟,男,43,410104198111249024,城乡居民,漯河市,2021-07-04,在保,李*,4101****9024,P2023****8
P202304390,王飞,男,60,410202196406219648,灵活就业,驻马店市,2020-09-23,停保,王*,4102****9648,P2023****0
P202300767,卢紫薇,女,49,410104197502105024,灵活就业,许昌市,2021-09-27,停保,卢**,4101****5024,P2023****7
P202304497,韩紫薇,女,35,410302198903194176,城镇职工,驻马店市,2022-03-23,停保,韩**,4103****4176,P2023****7
P202304219,程磊,男,55,410702196910136256,灵活就业,漯河市,2023-01-01,在保,程*,4107****6256,P2023****9
P202303256,刘鹏,男,52,410106197202128000,城镇职工,信阳市,2021-08-20,在保,刘*,4101****8000,P2023****6
P202300203,贾天宇,男,69,410402195506189568,城乡居民,安阳市,2020-09-06,在保,贾**,4104****9568,P2023****3
P202303511,苏宇航,男,71,410302195301279872,城镇职工,南阳市,2022-11-06,在保,苏**,4103****9872,P2023****1
P202301734,薛飞,男,44,410302198003286464,城镇职工,新乡市,2023-04-07,停保,薛*,4103****6464,P2023****4
P202302778,刘勇,男,45,410105197907103744,城镇职工,鹤壁市,2023-10-23,在保,刘*,4101****3744,P2023****8
P202301708,胡丽,女,84,410104194004206144,城乡居民,开封市,2020-05-30,在保,胡*,4101****6144,P2023****8
P202303475,陈永强,男,37,410105198712135680,城乡居民,周口市,2021-01-23,在保,陈**,4101****5680,P2023****5
P202300855,吕艳,女,75,410202194912132096,城镇职工,开封市,2020-01-14,在保,吕*,4102****2096,P2023****5
P202304738,张嘉伟,男,50,410105197407160640,城镇职工,郑州市,2023-08-27,在保,张**,4101****0640,P2023****8
P202304098,叶艳,女,39,410106198510134144,城乡居民,郑州市,2022-06-25,在保,叶*,4101****4144,P2023****8
P202302161,何美琳,女,29,410702199510195968,城镇职工,许昌市,2020-03-16,在保,何**,4107****5968,P2023****1
P202300699,张艳,女,66,410502195810024832,城镇职工,漯河市,2021-06-02,在保,张*,4105****4832,P2023****9
P202304998,陈飞,男,95,410502192907041088,城乡居民,洛阳市,2020-08-28,在保,陈*,4105****1088,P2023****8
P202303000,徐淑珍,女,47,410104197703044352,城乡居民,许昌市,2024-03-29,在保,徐**,4101****4352,P2023****0
P202303697,张雨彤,女,39,410104198504218432,城镇职工,洛阳市,2020-10-13,在保,张**,4101****8432,P2023****7
P202301637,周磊,男,32,410702199201049152,城镇职工,郑州市,2022-08-18,在保,周*,4107****9152,P2023****7
P202303458,谢淑珍,女,43,410402198112168384,城镇职工,郑州市,2020-11-19,在保,谢**,4104****8384,P2023****8
P202303582,蒋秀英,女,73,410106195107276224,城镇职工,平顶山市,2023-03-11,在保,蒋**,4101****6224,P2023****2
P202301292,周文彬,男,94,410103193010197504,城乡居民,郑州市,2021-10-27,在保,周**,4101****7504,P2023****2
P202304660,孙桂英,女,35,410702198907203072,城乡居民,开封市,2021-03-14,在保,孙**,4107****3072,P2023****0
P202301854,何晨曦,男,66,410702195807043648,城乡居民,郑州市,2022-10-09,停保,何**,4107****3648,P2023****4
P202303764,贾霞,女,64,410105196011152000,城镇职工,许昌市,2022-06-21,在保,贾*,4101****2000,P2023****4
P202303305,傅紫薇,女,69,410102195509220160,灵活就业,焦作市,2021-03-23,在保,傅**,4101****0160,P2023****5
P202304963,彭强,男,47,410105197707021312,城镇职工,新乡市,2020-09-06,在保,彭*,4101****1312,P2023****3
P202303744,贾涛,男,53,410202197111065216,灵活就业,郑州市,2021-11-19,在保,贾*,4102****5216,P2023****4
P202303446,郑芳,女,29,410103199502057728,城职,鹤壁市,2021-03-20,在保,郑*,4101****7728,P2023****6
P202301999,贾莉,女,47,410402197706264640,城乡居民,周口市,2023-12-29,停保,贾*,4104****4640,P2023****9
P202300664,苏磊,男,40,410202198409023040,城镇职工,平顶山市,2021-07-06,在保,苏*,4102****3040,P2023****4
P202304780,朱雪,女,0,410502202403138624,灵活就业,信阳市,2022-04-06,在保,朱*,4105****8624,P2023****0
P202303749,萧莉,女,75,410502194906218880,城镇职工,商丘市,2022-02-16,在保,萧*,4105****8880,P2023****9
P202304414,徐永强,男,5,410302201906066944,灵活就业,郑州市,2023-02-14,在保,徐**,4103****6944,P2023****4
P202304745,宋斌,男,78,410104194604028352,城乡居民,信阳市,2023-02-05,在保,宋*,4101****8352,P2023****5
P202300710,郭紫薇,女,80,410702194410097728,城乡居民,焦作市,2022-09-01,在保,郭**,4107****7728,P2023****0
P202301283,宋飞,男,62,410402196203158720,城镇职工,新乡市,2022-12-26,在保,宋*,4104****8720,P2023****3
P202302676,陈勇,男,14,410106201007288000,城乡居民,漯河市,2020-01-09,在保,陈*,4101****8000,P2023****6
P202304030,张浩,男,64,410502196006094016,城镇职工,漯河市,2024-04-01,在保,张*,4105****4016,P2023****0
P202301307,孙慧,女,50,410102197411033472,灵活就业,安阳市,2021-02-26,在保,孙*,4101****3472,P2023****7
P202302238,李芳,女,32,410104199210047936,城镇职工,开封市,2023-02-03,在保,李*,4101****7936,P2023****8
P202303303,周天宇,男,53,410105197110170304,城镇职工,新乡市,2024-01-17,停保,周**,4101****0304,P2023****3
P202302039,曹美琳,女,49,410103197510251904,城乡居民,信阳市,2023-08-28,在保,曹**,4101****1904,P2023****9
P202301530,高雨彤,女,29,410103199502061440,城镇职工,许昌市,2023-05-24,在保,高**,4101****1440,P2023****0
P202301664,郑紫薇,女,39,410104198501241024,城乡居民,郑州市,2023-09-28,在保,郑**,4101****1024,P2023****4
P202304985,程磊,男,60,410106196404261248,城镇职工,周口市,2020-05-13,在保,程*,4101****1248,P2023****5
P202301056,贾志强,男,37,410402198707143616,城乡居民,鹤壁市,2023-01-15,在保,贾**,4104****3616,P2023****6
P202303628,薛军,男,63,410702196104148608,城镇职工,周口市,2023-08-22,在保,薛*,4107****8608,P2023****8
P202304892,徐敏,女,28,410103199606287104,城镇职工,周口市,2023-02-23,在保,徐*,4101****7104,P2023****2
P202302694,于磊,男,47,未知,城镇职工,南阳市,2020-08-19,在保,于*,未知,P2023****4
P202303061,赵永强,男,55,410402196904049664,城镇职工,平顶山市,2022-07-31,在保,赵**,4104****9664,P2023****1
P202301598,贾海涛,男,87,410102193701161792,城镇职工,开封市,2021-08-19,退保,贾**,4101****1792,P2023****8
P202302730,邓秀英,女,41,410702198305254720,城镇职工,平顶山市,2022-07-26,在保,邓**,4107****4720,P2023****0
P202302626,彭佳慧,女,34,410202199002231168,城镇职工,焦作市,2023-09-28,在保,彭**,4102****1168,P2023****6
P202303158,吴明,男,51,410103197312197504,城乡居民,商丘市,2021-01-02,退保,吴*,4101****7504,P2023****8
P202303315,孙子轩,男,43,410104198112108992,灵活就业,郑州市,2024-02-17,在保,孙**,4101****8992,P2023****5
P202301723,冯文彬,男,63,410502196108054080,城乡居民,信阳市,2024-04-13,在保,冯**,4105****4080,P2023****3
P202301060,蒋鹏,男,43,410105198104254656,灵活就业,南阳市,2020-08-22,在保,蒋*,4101****4656,P2023****0
P202304637,于建国,男,59,410702196511243712,城镇职工,安阳市,2021-02-10,在保,于**,4107****3712,P2023****7
P202303243,陈梦瑶,女,19,410302200501113984,城乡居民,驻马店市,2022-11-21,在保,陈**,4103****3984,P2023****3
P202301679,赵凤英,女,67,410502195711120576,城乡居民,郑州市,2024-01-12,在保,赵**,4105****0576,P2023****9
P202301758,孙娟,女,67,410302195708134912,灵活就业,驻马店市,2024-04-24,退保,孙*,4103****4912,P2023****8
P202304192,丁磊,男,54,410502197006244480,城镇职工,新乡市,2023-07-19,在保,丁*,4105****4480,P2023****2
P202300564,贾梦瑶,女,44,410104198012241280,灵活就业,洛阳市,2023-12-17,在保,贾**,4101****1280,P2023****4
P202302791,郭斌,男,60,410402196411123072,城乡居民,驻马店市,2023-12-27,在保,郭*,4104****3072,P2023****1
P202300864,梁天宇,男,82,410402194212164864,城镇职工,周口市,2022-04-01,在保,梁**,4104****4864,P2023****4
P202301485,董海涛,男,54,410104197010157760,城镇职工,洛阳市,2021-07-14,在保,董**,4101****7760,P2023****5
P202300207,赵思琪,女,59,410102196509064192,城乡居民,信阳市,2023-08-25,在保,赵**,4101****4192,P2023****7
P202304489,彭子轩,男,65,410104195909252352,城镇职工,周口市,2020-08-28,在保,彭**,4101****2352,P2023****9
P202300871,王紫薇,女,46,410202197807138432,城镇职工,平顶山市,2023-09-04,在保,王**,4102****8432,P2023****1
P202304494,刘建华,男,5,410103198312018816,城镇职工,驻马店市,2020-03-19,在保,刘**,4101****8816,P2023****4
P202300503,韩娟,女,24,410302200011085312,城镇职工,平顶山市,2023-11-22,在保,韩*,4103****5312,P2023****3
P202301029,高波,男,61,410502196310270784,城镇职工,信阳市,2021-10-03,在保,高*,4105****0784,P2023****9
P202303841,袁丽,女,38,410402198608072192,灵活就业,洛阳市,2020-09-26,在保,袁*,4104****2192,P2023****1
P202302691,罗凤英,女,31,410502199301070464,城镇职工,商丘市,2020-01-25,在保,罗**,4105****0464,P2023****1
P202301571,许嘉伟,男,64,410102196006281728,城镇职工,驻马店市,2020-02-12,在保,许**,4101****1728,P2023****1
P202302774,杨文彬,男,22,410105200201268672,城乡居民,漯河市,2023-06-20,在保,杨**,4101****8672,P2023****4
P202302732,王文博,男,80,410402194404204608,城乡居民,驻马店市,2021-08-17,退保,王**,4104****4608,P2023****2
P202300805,郑鹏,男,42,410702198211057344,城镇职工,驻马店市,2024-02-19,在保,郑*,4107****7344,P2023****5
P202303646,林国强,男,29,410402199506277760,城乡居民,焦作市,2021-10-28,退保,林**,4104****7760,P2023****6
P202302455,谢建国,男,62,410103196206076992,城镇职工,洛阳市,2022-06-22,在保,谢**,4101****6992,P2023****5
P202304599,董飞,男,57,410105196712043200,城职,安阳市,2023-09-01,在保,董*,4101****3200,P2023****9
P202303105,吕晓红,女,36,410102198808240000,城镇职工,洛阳市,2022-06-15,退保,吕**,4101****0000,P2023****5
P202304876,丁婷,女,31,410402199307143168,灵活就业,信阳市,2022-11-26,在保,丁*,4104****3168,P2023****6
P202300201,邓淑珍,女,56,410104196808183488,城镇职工,焦作市,2023-10-16,在保,邓**,4101****3488,P2023****1
P202303100,冯军,男,60,410502196408221568,城职,鹤壁市,2020-07-30,在保,冯*,4105****1568,P2023****0
P202302279,高娜,女,61,410202196302134848,城镇职工,平顶山市,2024-01-02,在保,高*,4102****4848,P2023****9
P202303562,魏语嫣,女,36,410302198807052032,灵活就业,焦作市,2022-05-13,在保,魏**,4103****2032,P2023****2
P202304475,叶娜,女,65,410106195911247104,城镇职工,南阳市,2024-03-30,在保,叶*,4101****7104,P2023****5
P202304515,阎波,男,46,410702197805152320,城乡居民,信阳市,2023-06-06,在保,阎*,4107****2320,P2023****5
P202300392,贾嘉伟,男,58,410105196601016896,城乡居民,漯河市,2020-08-14,在保,贾**,4101****6896,P2023****2
P202301496,苏子轩,男,86,410106193809125248,城乡居民,开封市,2021-02-16,在保,苏**,4101****5248,P2023****6
P202302696,魏飞,男,75,410202194909073856,灵活就业,安阳市,2021-12-31,在保,魏*,4102****3856,P2023****6
P202302028,刘淑珍,女,72,410702195206073792,城镇职工,漯河市,2022-03-08,在保,刘**,4107****3792,P2023****8
P202302569,吴文博,男,65,410702195911072512,城镇职工,焦作市,2021-06-23,在保,吴**,4107****2512,P2023****9
P202300065,丁静,女,64,410502196011096320,城职,平顶山市,2022-09-17,在保,丁*,4105****6320,P2023****5
P202303885,张文博,男,48,410102197610086720,城镇职工,郑州市,2023-01-21,停保,张**,4101****6720,P2023****5
P202302063,高嘉伟,男,57,410202196701073024,城乡居民,新乡市,2022-04-14,在保,高**,4102****3024,P2023****3
P202300493,高桂英,女,51,410106197312096192,城镇职工,安阳市,2022-06-30,在保,高**,4101****6192,P2023****3
P202300380,邓玲,女,35,410104198903073536,城镇职工,周口市,2022-07-26,在保,邓*,4101****3536,P2023****0
P202304860,蔡浩,男,47,410103197706217856,城乡居民,周口市,2023-06-03,停保,蔡*,4101****7856,P2023****0
P202303994,林伟,男,63,410104196108104128,灵活就业,漯河市,2024-01-11,在保,林*,4101****4128,P2023****4
P202304888,张芳,女,78,410202194610180288,城乡居民,鹤壁市,2022-12-12,在保,张*,4102****0288,P2023****8
P202301077,郑天宇,男,21,410106200308248256,城乡居民,南阳市,2022-11-15,停保,郑**,4101****8256,P2023****7
P202300879,孙涛,男,49,410302197505072384,城镇职工,商丘市,2022-12-09,在保,孙*,4103****2384,P2023****9
P202300338,周飞,男,44,410202198001011520,城乡居民,许昌市,2020-10-17,在保,周*,4102****1520,P2023****8
P202301017,阎海涛,男,38,410104198607157376,城职,鹤壁市,2020-05-17,在保,阎**,4101****7376,P2023****7
P202301276,魏俊杰,男,52,410402197201033344,城乡居民,郑州市,2020-10-27,在保,魏**,4104****3344,P2023****6
P202303799,马艳,女,32,410402199202227456,城镇职工,新乡市,2022-10-28,停保,马*,4104****7456,P2023****9
P202304552,高超,男,65,410402195905215680,城镇职工,驻马店市,2021-10-01,在保,高*,4104****5680,P2023****2
P202303343,赵淑珍,女,31,410103199303024064,城镇职工,洛阳市,2022-07-25,在保,赵**,4101****4064,P2023****3
P202304912,吕军,男,73,410102195101237056,灵活就业,新乡市,2021-06-30,在保,吕*,4101****7056,P2023****2
P202300996,陈慧,女,44,410502198001066112,城镇职工,许昌市,2020-09-21,在保,陈*,4105****6112,P2023****6
P202301982,张晨曦,男,25,410104199909034304,城乡居民,漯河市,2020-04-06,在保,张**,4101****4304,P2023****2
P202304298,朱建华,男,52,410103197212123520,城镇职工,鹤壁市,2020-01-19,在保,朱**,4101****3520,P2023****8
P202300162,曹文彬,男,64,410502196010087360,城乡居民,安阳市,2022-05-29,在保,曹**,4105****7360,P2023****2
P202304799,彭杰,男,13,410105201102269248,灵活就业,开封市,2021-09-07,在保,彭*,4101****9248,P2023****9
P202301501,魏桂英,女,64,410302196010251712,城乡居民,信阳市,2023-02-22,在保,魏**,4103****1712,P2023****1
P202303844,孙强,男,25,410302199911246912,城乡居民,周口市,2020-06-30,在保,孙*,4103****6912,P2023****4
P202302614,韩磊,男,49,410106197506111744,城镇职工,开封市,2024-03-31,在保,韩*,4101****1744,P2023****4
P202303462,魏军,男,84,410202194007013376,城乡居民,鹤壁市,2023-07-01,在保,魏*,4102****3376,P2023****2
P202301022,刘嘉伟,男,39,410104198505151488,城镇职工,漯河市,2023-01-01,在保,刘**,4101****1488,P2023****2
P202303074,罗敏,女,79,410104194505254848,城乡居民,郑州市,2023-07-21,在保,罗*,4101****4848,P2023****4
P202303944,于欣怡,女,6,410104201809127872,城镇职工,商丘市,2022-04-19,在保,于**,4101****7872,P2023****4
P202301586,杨文彬,男,62,410302196204020480,城镇职工,郑州市,2020-09-29,在保,杨**,4103****0480,P2023****6
P202301956,卢飞,男,74,410702195003183680,灵活就业,平顶山市,2024-03-16,在保,卢*,4107****3680,P2023****6
P202303153,蒋霞,女,0,410402202411159744,城乡居民,商丘市,2022-04-25,停保,蒋*,4104****9744,P2023****3
P202300035,傅雨彤,女,64,410102196002039680,城镇职工,驻马店市,2020-03-14,在保,傅**,4101****9680,P2023****5
P202304015,萧慧,女,48,410302197607037376,城乡居民,漯河市,2023-01-15,在保,萧*,4103****7376,P2023****5
P202300776,王波,男,21,410104200311164736,城镇职工,鹤壁市,2023-09-09,退保,王*,4101****4736,P2023****6
P202302557,傅波,男,2,410104202207070720,城镇职工,周口市,2024-03-16,在保,傅*,4101****0720,P2023****7
P202301479,李桂英,未知,34,410103199007251520,城乡居民,焦作市,2020-06-15,在保,李**,4101****1520,P2023****9
P202301364,周语嫣,女,32,410402199207189632,城镇职工,鹤壁市,2022-10-30,在保,周**,4104****9632,P2023****4
P202302613,陈天宇,男,46,410202197804110528,城镇职工,周口市,2023-09-20,在保,陈**,4102****0528,P2023****3
P202302825,林志强,男,49,410702197506243008,城乡居民,驻马店市,2024-05-09,在保,林**,4107****3008,P2023****5
P202302042,胡芳,女,42,410702198211111872,灵活就业,洛阳市,2020-10-23,在保,胡*,4107****1872,P2023****2
P202300242,陈天宇,男,47,410105197709153792,城镇职工,周口市,2023-07-30,在保,陈**,4101****3792,P2023****2
P202302062,陈辉,男,47,410502197705072640,城乡居民,南阳市,2022-03-05,在保,陈*,4105****2640,P2023****2
P202302364,卢语嫣,女,70,410302195405148672,城镇职工,开封市,2023-10-23,停保,卢**,4103****8672,P2023****4
P202300601,彭军,男,63,410702196107115072,城乡居民,洛阳市,2021-03-21,在保,彭*,4107****5072,P2023****1
P202302436,高秀英,女,43,410104198107131008,城镇职工,焦作市,2023-01-05,在保,高**,4101****1008,P2023****6
P202302889,郭天宇,男,43,410105198112080000,城镇职工,周口市,2023-12-13,在保,郭**,4101****0000,P2023****9
P202300647,贾静,女,1,410106202309154240,城镇职工,开封市,2023-06-04,在保,贾*,4101****4240,P2023****7
P202303891,薛雪,女,62,410104196210011840,城镇职工,洛阳市,2021-11-13,在保,薛*,4101****1840,P2023****1
P202303557,谢文博,男,61,410502196302280640,城镇职工,平顶山市,2023-12-28,在保,谢**,4105****0640,P2023****7
P202303203,萧军,男,54,410202197012139584,城乡居民,漯河市,2021-03-27,在保,萧*,4102****9584,P2023****3
P202301529,林芳,女,41,410104198307023104,城镇职工,新乡市,2021-11-27,停保,林*,4101****3104,P2023****9
P202301268,徐飞,男,33,410502199107224640,城镇职工,信阳市,2023-09-01,退保,徐*,4105****4640,P2023****8
P202301900,林梦瑶,女,44,410104198009159808,城乡居民,驻马店市,2023-09-15,在保,林**,4101****9808,P2023****0
P202304659,赵紫薇,女,54,410302197011076480,城镇职工,焦作市,2022-02-10,在保,赵**,4103****6480,P2023****9
P202303006,沈莉,女,25,410105199906267776,城镇职工,信阳市,2020-07-23,在保,沈*,4101****7776,P2023****6
P202302735,程淑珍,女,85,410104193911175552,灵活就业,南阳市,2021-04-28,在保,程**,4101****5552,P2023****5
P202300190,曹美琳,女,22,410102200202135168,城镇职工,新乡市,2021-03-16,在保,曹**,4101****5168,P2023****0
P202301807,卢国强,男,54,410702197012126784,城镇职工,洛阳市,2021-09-12,在保,卢**,4107****6784,P2023****7
P202300976,萧晨曦,男,15,410402200901120064,城乡居民,信阳市,2021-11-03,在保,萧**,4104****0064,P2023****6
P202302748,高文博,男,29,410702199504271232,城镇职工,郑州市,2022-02-26,在保,高**,4107****1232,P2023****8
P202302048,董秀英,女,49,410702197511121408,城镇职工,许昌市,2022-02-17,在保,董**,4107****1408,P2023****8
P202302559,杨玲,女,55,410102196904289920,城乡居民,焦作市,2020-01-06,退保,杨*,4101****9920,P2023****9
P202301083,丁飞,男,44,410702198006085760,城职,南阳市,2021-08-03,在保,丁*,4107****5760,P2023****3
P202300475,贾凤英,女,79,410702194508252480,灵活就业,平顶山市,2022-07-28,在保,贾**,4107****2480,P2023****5
P202302905,刘宇航,男,22,410102200208155456,城镇职工,商丘市,2023-12-29,在保,刘**,4101****5456,P2023****5
P202304844,薛俊杰,男,47,410502197705187328,灵活就业,焦作市,2020-11-28,在保,薛**,4105****7328,P2023****4
P202304118,魏天宇,男,15,410502200906121984,城镇职工,许昌市,2021-04-09,在保,魏**,4105****1984,P2023****8
P202303386,萧浩然,男,39,410106198501243904,城乡居民,焦作市,2020-06-26,在保,萧**,4101****3904,P2023****6
P202304556,于波,男,44,410702198006103488,城镇职工,漯河市,2024-01-15,在保,于*,4107****3488,P2023****6
P202301185,周淑珍,女,32,410105199212101184,城乡居民,漯河市,2021-11-20,在保,周**,4101****1184,P2023****5
P202302434,叶浩然,男,46,410402197801177408,城乡居民,驻马店市,2022-09-16,退保,叶**,4104****7408,P2023****4
P202302392,邓勇,男,33,410105199110044672,城乡居民,商丘市,2024-03-31,在保,邓*,4101****4672,P2023****2
P202300770,蔡娟,女,82,410104194208176448,城乡居民,洛阳市,2021-08-18,在保,蔡*,4101****6448,P2023****0
P202301686,苏志强,男,71,410105195304146176,城镇职工,驻马店市,2022-07-31,在保,苏**,4101****6176,P2023****6
P202300131,陈静,女,22,410102200202245440,城乡居民,南阳市,2022-05-09,在保,陈*,4101****5440,P2023****1
P202302920,周娟,女,73,410402195109179520,城乡居民,信阳市,2024-01-30,停保,周*,4104****9520,P2023****0
P202303172,朱伟,男,60,410502196401124096,城乡居民,郑州市,2024-03-01,停保,朱*,4105****4096,P2023****2
P202303445,李晨曦,男,62,410302196211045824,城乡居民,鹤壁市,2023-01-26,在保,李**,4103****5824,P2023****5
P202304427,叶娜,女,56,410103196810046144,城乡居民,漯河市,2022-01-17,在保,叶*,4101****6144,P2023****7
P202300467,蒋军,男,61,410402196312060992,城乡居民,驻马店市,2022-03-31,在保,蒋*,4104****0992,P2023****7
P202303093,李凤英,女,48,410102197609080512,城乡居民,周口市,2022-06-27,退保,李**,4101****0512,P2023****3
P202303773,邓国强,男,35,410106198906062528,城乡居民,商丘市,2023-12-03,在保,邓**,4101****2528,P2023****3
P202300861,苏娟,女,53,410702197110078720,灵活就业,安阳市,2020-10-31,在保,苏*,4107****8720,P2023****1
