person_id,name,gender,age,id_card,insurance_type,region,register_date,status
P202304711,宋涛,男,39,410302198508089100,城镇职工,许昌市,2023-10-05,在保
P202300692,郑杰,男,70,410202195407219335,城镇职工,郑州市,2021-08-16,在保
P202300066,梁语嫣,女,74,410103195005152497,城镇职工,周口市,2023-06-03,在保
P202303427,魏国强,男,54,410302197012113598,城乡居民,平顶山市,2022-04-17,在保
P202304821,朱秀英,女,47,410202197702185168,城镇职工,焦作市,2024-04-09,在保
P202300394,何凤英,女,82,410104194201282975,城镇职工,平顶山市,2023-10-18,在保
P202301425,程志强,男,31,410105199301273972,城镇职工,洛阳市,2024-04-10,在保
P202300643,宋佳慧,女,45,410302197906049999,城乡居民,驻马店市,2020-10-08,在保
P202302836,蒋娟,女,44,410102198012063122,城乡居民,商丘市,2020-12-17,在保
P202301739,胡涛,男,67,410103195703113662,城乡居民,新乡市,2021-12-07,停保
P202302946,郭晓红,女,29,410302199511231417,城乡居民,开封市,2020-04-08,在保
P202302068,胡娜,女,47,410202197701052338,城镇职工,平顶山市,2022-01-20,停保
P202303348,宋桂英,女,78,410106194607129314,城乡居民,开封市,2024-02-27,在保
P202300531,傅婷,女,61,410702196303040387,城乡居民,焦作市,2020-11-15,在保
P202304302,吴斌,男,25,410402199904081586,城乡居民,开封市,2022-07-08,在保
P202300829,于艳,女,42,410202198211116504,城乡居民,平顶山市,2023-12-20,在保
P202301205,董秀兰,女,50,410102197405167453,城镇职工,焦作市,2023-07-27,在保
P202300180,丁欣怡,女,95,410302192907275881,城乡居民,开封市,2021-10-11,在保
P202302766,唐超,男,64,410402196005055646,城镇职工,鹤壁市,2023-10-15,在保
P202301778,唐丽,女,49,410202197509269346,灵活就业,南阳市,2020-04-29,退保
P202304928,萧淑珍,女,54,410202197009220578,城镇职工,安阳市,2021-01-22,在保
P202300492,苏宇航,男,76,410302194811205856,灵活就业,鹤壁市,2020-05-26,在保
P202304654,吴丽,女,61,410502196311078034,城镇职工,平顶山市,2022-04-15,在保
P202300034,杨海涛,男,30,410106199401013412,城职,商丘市,2021-06-20,在保
P202303023,董浩然,男,42,410202198202055679,城镇职工,南阳市,2020-12-19,在保
P202303621,贾浩然,男,25,410102199912030585,城乡居民,许昌市,2022-01-13,停保
P202300486,郭凤英,女,24,410104200010222341,城镇职工,许昌市,2021-07-06,在保
P202300080,何宇航,男,14,410702201011269563,城乡居民,南阳市,2020-08-23,在保
P202301345,李芳,女,67,410302195707281025,城镇职工,焦作市,2021-09-26,在保
P202300578,薛文博,男,63,410702196107140465,城镇职工,焦作市,2023-02-21,在保
P202301176,朱淑珍,女,44,410102198011241536,城乡居民,平顶山市,2023-08-22,在保
P202301488,吕诗涵,女,18,410106200606197749,城乡居民,郑州市,2022-11-13,在保
P202300498,梁语嫣,女,46,410502197805184552,城乡居民,许昌市,2023-01-09,在保
P202304103,于涛,男,74,410502195002153222,城镇职工,安阳市,2023-08-19,在保
P202301145,董斌,男,46,410103197810031308,城乡居民,安阳市,2020-07-25,在保
P202303735,魏俊杰,男,64,410302196011163030,城镇职工,鹤壁市,2023-11-11,在保
P202304238,董娟,女,43,410302198107015858,灵活就业,平顶山市,2024-02-27,停保
P202303244,陈天宇,男,69,410302195507104839,城乡居民,鹤壁市,2022-01-23,在保
P202301236,韩超,男,79,410102194504153698,城镇职工,新乡市,2020-01-12,在保
P202304569,高浩然,男,76,410104194810233165,城乡居民,商丘市,2022-07-24,在保
P202304268,沈玉兰,女,14,410105201012258095,城镇职工,安阳市,2020-07-24,在保
P202300625,陈伟,男,78,410502194602224565,城镇职工,新乡市,2024-01-25,在保
P202301630,曾勇,男,65,410502195909247795,城乡居民,洛阳市,2023-07-03,在保
P202300200,冯建国,男,29,410402199512240632,城乡居民,驻马店市,2021-02-28,在保
P202303614,罗磊,男,57,410103196706233128,灵活就业,驻马店市,2020-03-08,在保
P202301989,杨国强,男,38,410302198606120614,城乡居民,周口市,2021-08-10,在保
P202302345,吕磊,男,11,410103201310082515,城镇职工,平顶山市,2021-02-15,在保
P202303264,袁萍,女,71,410202195310088382,城乡居民,洛阳市,2021-05-12,在保
P202301906,邓文博,男,58,410102196612195703,城乡居民,开封市,2020-10-25,在保
P202300766,何丽,女,37,410302198702018723,城镇职工,开封市,2022-03-06,在保
P202300804,董鹏,男,41,410102198308112419,城乡,周口市,2024-01-03,停保
P202301502,陈文彬,男,40,410102198401200510,城镇职工,安阳市,2020-01-01,在保
P202301771,蔡晨曦,男,50,410702197402271157,城乡居民,周口市,2022-09-18,在保
P202300107,罗宇航,男,83,410702194106241341,城镇职工,漯河市,2021-08-27,在保
P202302965,苏梦瑶,女,72,410105195207062443,城镇职工,许昌市,2024-02-16,在保
P202300839,卢思琪,女,67,,灵活就业,安阳市,2020-09-06,在保
P202303972,马雪,女,30,410106199411054649,灵活就业,信阳市,2021-05-25,在保
P202300706,曹敏,女,60,410402196410243197,城镇职工,新乡市,2023-02-08,在保
P202304151,蔡淑珍,女,48,410104197612269376,城镇职工,平顶山市,2021-11-17,在保
P202303180,冯伟,男,59,410104196503083290,灵活就业,开封市,2024-03-07,在保
P202304777,曾思琪,女,49,410105197512057362,城乡居民,安阳市,2023-05-16,在保
P202300229,林玲,女,37,410502198704143074,灵活就业,郑州市,2023-02-14,停保
P202303337,马美琳,女,25,410502199909076382,城乡居民,新乡市,2022-08-16,在保
P202302269,何慧,女,40,410103198409074965,城乡居民,鹤壁市,2021-04-09,在保
P202303853,邓玲,女,73,410103195106107666,灵活就业,许昌市,2021-02-15,在保
P202300502,彭娟,女,84,410502194006074218,城乡居民,南阳市,2022-03-19,在保
P202303129,卢桂英,女,51,410103197303112316,城镇职工,郑州市,2022-03-06,停保
P202303353,薛语嫣,女,57,410302196709085475,城乡居民,商丘市,2020-04-23,停保
P202304175,徐晨曦,男,46,410104197809010907,灵活就业,信阳市,2020-06-14,在保
P202301635,高强,男,43,410502198109280818,城镇职工,漯河市,2023-03-28,停保
P202301481,谢文博,男,63,410402196104086480,城乡居民,焦作市,2021-12-30,在保
P202302116,丁文彬,男,40,410502198409249943,城镇职工,焦作市,2021-01-17,在保
P202304000,蔡子轩,男,56,410202196807031188,城镇职工,驻马店市,2023-11-15,在保
P202300562,,男,87,410103193712171152,城乡居民,平顶山市,2023-04-13,停保
P202304199,程文博,男,0,410106202412236036,城乡居民,南阳市,2021-12-16,在保
P202303698,陈美琳,女,55,410502196910217429,城乡居民,平顶山市,2021-04-16,在保
P202301745,蒋婷,女,33,410104199102018532,城镇职工,商丘市,2020-07-07,停保
P202300280,蔡慧,女,43,410402198108060849,城镇职工,郑州市,2024-04-07,在保
P202302267,阎浩,男,17,410102200712084791,城乡居民,南阳市,2020-08-04,在保
P202300158,李秀兰,女,58,410502196606083951,城镇职工,焦作市,2021-04-04,在保
P202300539,程建华,男,200,410302195611192008,城镇职工,周口市,2024-02-15,在保
P202304115,董晓红,女,79,410104194507118287,灵活就业,许昌市,2020-11-23,在保
P202304458,吕秀英,女,26,410102199808137212,城镇职工,周口市,2022-02-11,停保
P202301651,李浩然,男,60,410402196407089718,城镇职工,驻马店市,2023-08-07,停保
P202303151,王强,男,65,410502195909056703,城乡居民,驻马店市,2021-09-12,在保
P202300765,朱文博,男,70,410106195406260561,城镇职工,驻马店市,2023-05-18,在保
P202301865,叶玲,女,73,410106195102200996,城乡居民,焦作市,2023-08-24,在保
P202303486,罗子轩,,40,410502198404264058,灵活就业,信阳市,2021-09-26,在保
P202300732,卢文博,男,32,410402199201028801,城镇职工,焦作市,2023-05-17,在保
P202300085,苏诗涵,女,35,410103198908124185,城乡居民,焦作市,2023-10-04,在保
P202302581,孙萍,女,56,410105196806138541,城乡居民,焦作市,2023-11-10,在保
P202303208,薛斌,男,64,410202196005212374,城镇职工,平顶山市,2022-07-14,在保
P202302975,阎秀英,女,66,410105195806271093,灵活就业,周口市,2020-01-15,在保
P202302697,曾超,男,69,410402195512055585,城镇职工,新乡市,2022-01-16,退保
P202301339,胡浩然,男,43,410106198103040268,城镇职工,周口市,2020-03-21,在保
P202303903,董莉,女,80,410502194409139743,城镇职工,商丘市,2023-09-08,在保
P202300912,胡伟,男,53,410502197112243837,城镇职工,南阳市,2022-05-01,停保
P202300030,王浩,男,44,410702198002035503,城乡居民,驻马店市,2021-06-27,在保
P202300678,唐嘉伟,男,81,410104194308111590,城乡居民,许昌市,2023-01-23,退保
P202304502,袁玲,女,25,410105199912258289,灵活就业,新乡市,2020-02-25,在保
P202303686,邓芳,女,34,410102199005066663,城乡居民,焦作市,2022-07-24,在保
P202303742,许静,女,59,410104196512216395,城镇职工,郑州市,2022-12-29,在保
P202301621,魏杰,男,52,410106197205187088,城镇职工,商丘市,2020-05-20,在保
P202300423,孙杰,男,45,410103197907024384,城乡居民,驻马店市,2021-06-25,在保
P202301666,高萍,女,49,410103197512242095,城镇职工,商丘市,2024-03-29,停保
P202304990,周鹏,男,93,410106193109250095,灵活就业,南阳市,2023-05-26,在保
P202302728,吕子轩,男,74,410106195012086487,城镇职工,南阳市,2022-05-19,在保
P202303194,许美琳,女,38,410102198612256077,城乡居民,洛阳市,2023-01-18,在保
P202303969,朱超,男,86,410103193805215325,城乡居民,焦作市,2024-03-09,在保
P202300169,薛凤英,女,45,410302197906065087,灵活就业,焦作市,2022-11-29,在保
P202303835,赵思琪,女,32,410105199211117193,城乡居民,漯河市,2020-09-21,在保
P202303482,苏秀英,女,3,410502202109038577,城乡居民,驻马店市,2022-04-06,在保
P202303470,胡子轩,男,46,410402197811053224,城乡居民,安阳市,2024-03-11,在保
P202300228,周建国,男,30,410105199412193269,灵活就业,周口市,2024-05-01,在保
P202302655,高伟,男,38,410202198612262222,城镇职工,许昌市,2021-04-24,在保
P202300487,韩艳,女,38,410104198608260092,城镇职工,南阳市,2022-10-20,在保
P202301695,冯佳慧,女,52,410106197209199838,城镇职工,驻马店市,2020-02-16,在保
P202301201,罗俊杰,男,52,410106197211165016,城镇职工,周口市,2022-01-01,在保
P202302686,沈雨彤,女,55,410103196904052679,城乡居民,焦作市,2024-04-12,停保
P202303173,沈杰,男,26,410502199803174773,城乡居民,漯河市,2020-12-16,在保
P202300024,杨嘉伟,男,24,410105200003144977,城乡居民,新乡市,2022-04-01,停保
P202303085,袁佳慧,女,46,410302197810154711,城镇职工,安阳市,2021-01-23,在保
P202303131,袁霞,女,48,410402197601212526,城乡居民,平顶山市,2020-08-06,在保
P202302537,阎梦瑶,女,67,410302195709102696,城镇职工,信阳市,2023-03-22,在保
P202302898,宋美琳,女,81,410702194301265918,城乡,安阳市,2023-12-16,停保
P202304841,萧强,男,35,410302198905156536,城乡居民,许昌市,2021-11-08,在保
P202302094,郑雪,女,29,410702199503016695,城镇职工,周口市,2024-01-25,停保
P202300240,萧丽,女,65,410202195903057378,城乡居民,信阳市,2021-01-11,停保
P202303572,,女,73,410502195109183580,城乡居民,洛阳市,2020-03-09,在保
P202303766,王慧,女,50,410104197402091984,城镇职工,许昌市,2022-12-04,在保
P202302017,黄涛,男,45,410202197906231578,城镇职工,平顶山市,2022-03-11,在保
P202304039,马玲,女,49,410105197501171028,城乡居民,新乡市,2022-04-14,在保
P202300298,吕海涛,男,55,410202196912076432,城镇职工,漯河市,2022-04-23,在保
P202300249,孙嘉伟,男,81,410102194304191476,灵活就业,漯河市,2020-06-06,在保
P202302136,傅辉,男,39,410105198508186804,城乡居民,南阳市,2022-07-08,在保
P202300374,刘宇航,男,67,410702195707223272,灵活就业,许昌市,2020-02-22,在保
P202300882,曾艳,女,40,410402198405070072,城乡居民,信阳市,2020-05-11,在保
P202302308,于娟,女,46,410102197809089809,灵活就业,郑州市,2024-02-27,在保
P202303888,孙雨彤,女,47,410104197706056710,城乡居民,漯河市,2020-12-01,在保
P202304504,张淑珍,女,57,410105196708126380,城镇职工,安阳市,2021-08-01,在保
P202302992,王慧,女,60,410402196412270676,城镇职工,开封市,2020-07-11,在保
P202300725,郭秀英,女,53,410502197108142145,城乡居民,平顶山市,2020-06-06,在保
P202302221,唐文彬,男,43,410104198104263333,灵活就业,安阳市,2023-01-11,在保
P202302218,袁思琪,女,48,410105197608130600,城镇职工,驻马店市,2022-12-12,在保
P202301469,冯凤英,女,28,410202199607158897,灵活就业,信阳市,2020-11-08,在保
P202301593,萧晨曦,男,57,410103196712185175,城镇职工,南阳市,2024-02-29,在保
P202303952,冯凤英,女,34,410102199002225035,城乡居民,平顶山市,2020-12-13,停保
P202302446,徐强,男,54,410105197011011465,城乡居民,开封市,2020-02-17,在保
P202303092,蔡永强,男,63,410106196108056473,灵活就业,信阳市,2021-03-07,在保
P202300928,,男,56,410105196806156337,灵活就业,驻马店市,2022-04-26,在保
P202304580,朱雨彤,女,64,410103196003171671,城乡居民,商丘市,2020-07-25,在保
P202304653,胡紫薇,女,50,410302197405262955,城乡居民,洛阳市,2020-11-20,在保
P202300600,黄莉,女,56,410202196809048417,城乡居民,开封市,2021-09-22,退保
P202301393,林桂英,女,86,410103193812053293,城乡居民,平顶山市,,在保
P202302228,薛雨彤,女,39,410302198501188145,城乡居民,安阳市,2023-01-17,退保
P202304177,萧娟,女,49,410105197505049014,城乡居民,许昌市,2021-05-20,在保
P202301610,吴娜,女,45,410105197909205074,灵活就业,漯河市,2021-02-18,在保
P202304291,阎敏,女,59,410302196505109915,城镇职工,商丘市,2023-09-12,在保
P202302877,程波,男,33,410502199108100254,城乡居民,鹤壁市,2020-11-03,在保
P202303289,董嘉伟,男,38,410402198609131396,灵活就业,驻马店市,2023-12-09,在保
P202302143,罗雪,女,53,410202197106202289,城镇职工,南阳市,2021-10-30,在保
P202300472,蒋淑珍,女,8,410105201609017541,城镇职工,漯河市,2020-07-03,在保
P202301245,沈嘉伟,男,38,410103198602067471,城乡居民,开封市,2021-10-12,在保
P202303691,周紫薇,女,59,410502196501263339,城镇职工,焦作市,2020-05-29,在保
P202304222,陈玉兰,女,65,410103195912057599,城乡居民,洛阳市,2022-12-13,在保
P202301074,郑慧,女,26,410702199809011628,灵活就业,许昌市,2021-06-05,停保
P202301045,赵秀英,女,46,410103197807254433,城镇职工,南阳市,2021-11-04,在保
P202301715,马欣怡,女,40,410103198404109178,灵活就业,郑州市,2022-12-16,退保
P202304041,王志强,男,53,410106197109035645,城镇职工,洛阳市,2021-03-31,在保
P202304779,彭鹏,男,30,,城镇职工,漯河市,2023-11-09,在保
P202301035,李国强,男,41,410402198310288720,城乡居民,安阳市,2020-11-26,在保
P202304418,徐超,男,14,410302201002145224,城镇职工,漯河市,2021-08-22,在保
P202301753,陈国强,男,38,410702198607157739,城镇职工,郑州市,2023-02-15,在保
P202303650,韩国强,男,42,410202198208213606,城乡居民,开封市,2023-06-06,在保
P202304809,朱桂英,女,75,410106194903116446,灵活就业,开封市,2022-12-27,在保
P202301555,赵嘉伟,男,45,410302197904029129,城乡居民,郑州市,2020-01-21,在保
P202304196,蒋秀兰,女,41,410302198303110875,城乡居民,信阳市,2021-10-24,在保
P202302987,贾国强,男,47,410302197709107991,城镇职工,驻马店市,2024-05-13,停保
P202302722,李建华,男,40,410102198402106826,城镇职工,平顶山市,2020-02-05,在保
P202300830,蒋飞,男,44,410402198010110162,城镇职工,商丘市,2020-01-05,在保
P202301096,萧俊杰,男,48,410402197602112139,城镇职工,平顶山市,2022-12-16,在保
P202300427,谢玲,女,32,410702199209165740,城镇职工,洛阳市,2023-10-01,在保
P202302146,陈嘉伟,男,76,410402194804256552,城乡居民,商丘市,2022-08-06,在保
P202303136,贾晓红,女,57,410104196704191117,城镇职工,平顶山市,2023-10-24,在保
P202304161,沈婷,女,50,410302197403024684,灵活就业,周口市,2022-11-08,在保
P202304065,袁勇,男,32,410105199206223109,城镇职工,郑州市,2021-09-23,退保
P202304343,贾佳慧,女,85,410202193903131245,城乡居民,驻马店市,2022-08-09,停保
P202304952,曾慧,女,72,410104195203071734,灵活就业,开封市,2020-03-27,在保
P202303581,蔡天宇,男,88,410402193605096249,城乡居民,开封市,2021-09-29,在保
P202304231,傅晨曦,男,21,410302200308205034,城乡居民,安阳市,2022-10-20,在保
P202302663,苏婷,女,60,410502196406142257,城乡居民,洛阳市,2020-06-19,在保
P202302706,黄晨曦,男,68,410106195603111317,城乡居民,商丘市,2022-10-29,停保
P202301324,王紫薇,女,58,410102196607126612,灵活就业,信阳市,2024-04-19,在保
P202304130,张鹏,男,79,410103194507224067,城镇职工,信阳市,2021-12-22,在保
P202303985,于嘉伟,男,54,410502197009033555,灵活就业,许昌市,2022-08-16,在保
P202304826,郑婷,女,54,410202197001265938,城乡居民,鹤壁市,2020-03-06,在保
P202304460,吴伟,男,61,410106196302239170,城镇职工,信阳市,2020-07-28,在保
P202302884,陈秀英,女,58,410702196609196056,城乡居民,鹤壁市,2021-10-05,退保
P202302118,曾丽,女,32,410502199209048764,城镇职工,新乡市,2024-04-26,在保
P202300654,赵明,男,30,410105199407080757,城乡居民,周口市,2022-09-19,在保
P202304437,程嘉伟,男,71,410104195309217232,城乡居民,信阳市,2022-03-07,在保
P202301019,贾秀兰,女,44,410202198003269663,城乡居民,南阳市,2022-05-07,在保
P202300089,黄芳,女,40,410702198404231624,灵活就业,驻马店市,2020-01-29,在保
P202301130,蒋萍,女,55,410104196911011892,城镇职工,鹤壁市,2024-03-04,在保
P202303774,阎娜,女,36,410105198802273359,城镇职工,漯河市,2024-05-15,停保
P202300009,郭秀英,女,41,410702198312112177,城镇职工,南阳市,2023-08-09,在保
P202301887,刘涛,男,35,410105198912259057,城乡居民,焦作市,2021-04-11,在保
P202301663,冯晨曦,男,11,410103201309192349,城镇职工,安阳市,2020-01-01,在保
P202303911,林玉兰,女,24,410402200003159802,城乡居民,周口市,2023-05-29,停保
P202300682,胡芳,女,29,410402199511229801,城镇职工,驻马店市,2022-03-18,在保
P202303774,阎娜,女,36,410105198802273359,城镇职工,漯河市,2024-05-15,停保
P202303659,吴永强,男,52,410106197201168561,城镇职工,平顶山市,2022-06-29,在保
P202300145,曾雪,女,54,410102197008265853,灵活就业,焦作市,2023-05-24,在保
P202300995,胡斌,男,31,410106199309129165,城乡居民,信阳市,2023-07-13,在保
P202303653,吴语嫣,女,58,410702196608096373,城乡居民,焦作市,2021-07-24,在保
P202301742,韩敏,女,46,410402197802225584,城镇职工,安阳市,2021-06-25,在保
P202303341,胡淑珍,女,62,410105196203085440,灵活就业,郑州市,2021-06-12,在保
P202303836,程梦瑶,女,42,410402198207123514,城乡居民,信阳市,2022-03-25,在保
P202302742,傅莉,女,58,410103196603199805,城镇职工,鹤壁市,2022-03-22,在保
P202300152,赵婷,女,56,410502196801223449,城乡居民,开封市,2023-05-08,在保
P202301671,郭桂英,女,45,410105197912267900,城镇职工,新乡市,2022-04-11,在保
P202303918,何晨曦,男,59,410202196503284253,城乡居民,南阳市,2020-12-16,在保
P202301832,李国强,男,54,410202197009285405,城镇职工,信阳市,2022-05-22,在保
P202300241,邓强,男,35,410103198911027820,城乡居民,南阳市,2020-10-08,在保
P202300849,苏建国,男,38,410302198608246357,城镇职工,开封市,2021-05-12,在保
P202302173,谢磊,男,44,410202198012175510,城乡居民,平顶山市,2024-01-18,在保
P202301882,于美琳,女,79,410402194505131375,城乡居民,周口市,2020-05-17,在保
P202300857,胡涛,男,35,410105198905241785,城镇职工,鹤壁市,2023-02-09,在保
P202303356,林辉,男,47,410106197709091937,城乡居民,鹤壁市,2022-08-07,在保
P202301414,阎思琪,女,88,410502193601079691,城乡居民,安阳市,2023-04-18,在保
P202300965,贾莉,女,48,410502197605201010,灵活就业,开封市,2021-10-13,停保
P202301418,张嘉伟,男,54,410103197005019263,城镇职工,商丘市,2021-11-08,退保
P202302750,周霞,女,46,410702197808122447,城乡居民,平顶山市,2024-02-13,在保
P202300458,徐欣怡,女,31,410402199310190703,城乡居民,南阳市,2022-02-28,在保
P202301104,唐淑珍,女,47,410106197708071753,城镇职工,焦作市,2023-07-28,在保
P202301437,萧玉兰,女,45,410302197903245423,城镇职工,新乡市,2021-03-20,在保
P202304760,王语嫣,女,62,,城乡居民,商丘市,2020-06-12,在保
P202304085,徐伟,男,73,410104195109229228,城乡居民,洛阳市,2021-12-31,在保
P202301591,高俊杰,男,30,410402199405119628,城镇职工,安阳市,2022-10-18,退保
P202303387,吴梦瑶,女,35,410402198907244905,城镇职工,洛阳市,2020-09-13,在保
P202300466,孙玉兰,女,46,410402197805105915,城乡居民,平顶山市,2023-12-15,在保
P202302674,吴俊杰,男,40,410302198403254586,城乡,许昌市,2022-10-05,在保
P202303258,叶淑珍,女,37,410702198708135461,城乡居民,许昌市,2023-10-16,停保
P202304294,李文彬,男,46,410502197804152529,城镇职工,南阳市,2021-10-28,在保
P202301787,谢鹏,男,44,410103198009078242,城镇职工,许昌市,2023-01-17,在保
P202301719,阎萍,女,62,410302196211108508,城乡居民,商丘市,2023-05-23,在保
P202300101,徐杰,男,24,410302200010222467,城镇职工,漯河市,2023-04-09,在保
P202304029,,男,78,410202194610264780,城镇职工,郑州市,2020-02-22,在保
P202301706,周美琳,女,45,410106197910038271,城镇职工,鹤壁市,2022-12-13,在保
P202303320,何宇航,男,91,410202193308032063,城乡居民,周口市,2024-04-20,在保
P202301050,宋紫薇,女,74,410105195006144937,城镇职工,驻马店市,2023-11-11,在保
P202301407,丁语嫣,女,24,410104200009058337,灵活就业,郑州市,2023-06-28,在保
P202303626,许美琳,女,32,410302199203219642,城乡居民,信阳市,2020-08-14,在保
P202304193,杨文彬,男,73,410105195108165846,城镇职工,开封市,2022-04-01,在保
P202301254,苏超,男,56,410102196803144865,灵活就业,焦作市,2023-08-19,停保
P202304739,陈晓红,女,25,410502199908130132,城乡居民,驻马店市,2022-10-06,在保
P202302421,胡艳,女,68,410105195605241884,城乡居民,鹤壁市,2021-09-27,在保
P202304274,阎思琪,女,30,410103199406213756,城乡居民,南阳市,2020-07-01,在保
P202302848,郭斌,男,34,410106199011175519,城镇职工,新乡市,2021-05-02,在保
P202301057,黄晓红,女,49,410302197506065669,城镇职工,开封市,2023-01-16,在保
P202302073,吕萍,女,51,410202197304240582,城镇职工,安阳市,2023-08-07,在保
P202301727,唐国强,男,40,410502198411054444,城乡居民,洛阳市,2023-02-01,在保
P202304253,于文博,男,53,410102197110166739,城镇职工,信阳市,2022-10-27,在保
P202303362,徐斌,男,19,410502200510167351,城镇职工,商丘市,2023-10-31,停保
P202301296,彭俊杰,男,48,410104197604157391,城镇职工,郑州市,2024-03-13,在保
P202303593,孙娜,女,91,410104193302225226,城镇职工,信阳市,2021-05-27,在保
P202303489,黄国强,男,33,410105199109148858,城乡居民,开封市,2022-09-11,在保
P202301293,沈海涛,男,49,410103197506017609,城乡居民,漯河市,,在保
P202300590,蒋敏,女,34,410104199005040159,城镇职工,驻马店市,2022-11-18,在保
P202304117,卢丽,女,45,410702197902209006,城镇职工,郑州市,2023-07-30,在保
P202302838,罗美琳,女,79,410502194502218094,城镇职工,安阳市,2021-07-03,在保
P202304611,徐雪,女,51,410402197312170716,城乡居民,开封市,2023-03-31,在保
P202300932,罗俊杰,男,83,410502194108069177,城乡居民,洛阳市,2022-09-14,在保
P202301171,孙永强,男,63,410402196110110428,城乡居民,许昌市,2021-04-11,在保
P202303168,阎娟,女,52,410702197204208505,城乡居民,信阳市,2023-03-31,在保
P202301700,许强,男,53,410105197104190933,城乡居民,信阳市,2021-03-19,在保
P202302620,杨鹏,男,76,410106194802272270,灵活就业,鹤壁市,2022-02-13,在保
P202300684,王玲,女,200,410106196608285741,城镇职工,新乡市,2024-01-30,停保
P202300231,冯静,女,36,410104198809162463,城镇职工,安阳市,2023-12-20,在保
P202304606,林霞,女,45,410103197901064015,灵活就业,焦作市,2022-07-17,在保
P202303409,朱娜,女,45,410103197901221497,城镇职工,新乡市,2022-02-17,在保
P202304323,卢凤英,女,150,410502195309201751,城乡居民,新乡市,2020-12-10,在保
P202304047,沈诗涵,女,62,410106196212120974,城镇职工,焦作市,2021-04-13,在保
P202302408,彭诗涵,女,64,410202196004205403,城镇职工,平顶山市,2023-05-12,在保
P202302338,程静,女,50,410104197406109463,城乡居民,鹤壁市,2024-05-16,在保
P202304052,叶语嫣,女,53,410502197101205573,城乡居民,驻马店市,2024-02-14,在保
P202300297,赵飞,男,66,410106195803137922,城镇职工,商丘市,2023-10-18,在保
P202304750,丁明,男,51,410702197310024365,城镇职工,平顶山市,2022-08-29,在保
P202303781,罗宇航,男,47,410105197711182765,灵活就业,漯河市,2020-04-04,在保
P202301174,吴芳,女,48,410202197606149185,城镇职工,信阳市,2021-08-25,在保
P202303128,曹晓红,女,73,410105195102228560,灵活就业,洛阳市,2020-02-24,退保
P202303036,沈俊杰,男,58,410702196607103071,城镇职工,南阳市,2020-01-18,在保
P202300743,苏浩,男,38,410104198601132044,城乡居民,焦作市,2023-03-25,在保
P202303941,曾明,男,56,410202196808165887,城镇职工,商丘市,2023-05-15,在保
P202303869,程强,男,52,410106197208061973,城乡居民,安阳市,2023-07-30,在保
P202300506,孙军,男,41,410104198312157440,城镇职工,新乡市,2020-07-03,在保
P202304601,傅辉,男,46,410702197812271447,城镇职工,信阳市,,在保
P202304259,丁晨曦,男,48,410502197608220358,城乡居民,商丘市,2022-10-22,在保
P202301486,丁文彬,男,66,410104195810053300,城乡居民,洛阳市,2020-04-17,停保
P202301420,蔡莉,女,59,410106196504217544,城乡居民,南阳市,,在保
P202303099,程佳慧,女,47,410105197702135078,城镇职工,信阳市,2020-08-09,在保
P202300706,曹敏,女,60,410402196410243197,城镇职工,新乡市,2023-02-08,在保
P202304726,许慧,女,0,410105202412123191,灵活就业,安阳市,2021-10-24,停保
P202300334,徐军,男,37,410105198705188350,城镇职工,平顶山市,2021-03-25,在保
P202300469,何明,男,40,410702198401243936,城镇职工,周口市,2023-09-05,在保
P202303451,蔡文彬,男,41,410202198310210417,城乡居民,安阳市,2020-10-17,在保
P202303106,梁霞,女,56,410302196803176347,城镇职工,许昌市,2021-02-02,在保
P202301435,韩辉,男,46,410202197812014424,灵活就业,开封市,2020-03-28,在保
P202300150,罗建华,男,55,410202196903227198,城镇职工,洛阳市,2023-08-16,在保
P202304032,赵艳,女,24,410502200006193877,城镇职工,洛阳市,2022-12-08,在保
P202300415,胡涛,男,55,410106196911129432,城乡居民,许昌市,2023-08-24,退保
P202301306,卢静,女,33,410502199106173836,城乡居民,鹤壁市,2022-09-20,在保
P202302630,罗磊,男,41,410104198309259281,城乡居民,漯河市,2023-09-05,在保
P202301127,周娟,女,55,410104196905213180,灵活就业,平顶山市,2022-09-20,在保
P202303693,胡天宇,男,71,410202195310033594,城镇职工,洛阳市,2023-04-06,在保
P202300013,蔡晨曦,男,54,410106197011111144,城乡居民,南阳市,2020-11-19,在保
P202300094,萧晓红,女,44,410105198012085856,城镇职工,新乡市,2024-05-07,在保
P202303658,王嘉伟,男,12,410103201204117264,城镇职工,平顶山市,2022-03-08,在保
P202301542,阎秀英,女,81,410102194307035751,城镇职工,许昌市,2024-05-10,在保
P202304373,邓文博,男,30,410302199402141797,城镇职工,许昌市,2020-08-25,退保
P202303760,张霞,女,49,410302197506223751,城乡居民,洛阳市,2020-11-30,在保
P202303734,萧超,男,52,410402197201012514,城乡居民,新乡市,2024-04-03,在保
P202303768,傅国强,男,73,410103195109152270,城乡居民,商丘市,2023-03-09,退保
P202302903,孙磊,男,39,410104198508073021,城乡居民,洛阳市,2021-08-28,在保
P202300734,邓永强,男,19,410502200505169051,城乡居民,新乡市,2023-05-13,在保
P202303498,叶文博,男,49,410302197506195082,城镇职工,信阳市,2022-03-29,在保
P202304126,袁美琳,女,30,410502199412229903,城乡居民,商丘市,2022-09-18,停保
P202301785,韩莉,女,51,410402197303169863,城乡居民,南阳市,2022-07-08,停保
P202302182,林淑珍,女,43,410702198101221378,灵活就业,漯河市,2021-05-06,在保
P202300417,蔡欣怡,女,77,410502194705284320,灵活就业,驻马店市,2020-08-06,在保
P202302317,何雪,,65,410102195910081772,城乡居民,焦作市,2021-01-29,在保
P202304326,曹紫薇,女,68,410106195604210878,灵活就业,驻马店市,2022-04-02,在保
P202304178,薛涛,男,55,410105196912231268,城镇职工,南阳市,2023-09-19,在保
P202300334,徐军,男,37,410105198705188350,城镇职工,平顶山市,2021-03-25,在保
P202301095,蒋海涛,男,63,410105196112030767,城乡居民,郑州市,2021-03-11,在保
P202300747,何天宇,男,53,410102197107204399,灵活就业,安阳市,2020-11-01,在保
P202303900,叶杰,男,56,410105196805014373,城镇职工,鹤壁市,2022-02-24,在保
P202303980,于志强,男,31,,城镇职工,许昌市,2020-02-27,在保
P202302688,邓雨彤,女,22,410102200209022218,城乡居民,许昌市,2022-11-09,在保
P202303018,马建国,男,200,410102202404190109,城镇职工,驻马店市,2021-06-12,退保
P202301993,薛飞,男,71,410502195312112722,灵活就业,洛阳市,2023-10-22,在保
P202304905,沈晨曦,男,61,410105196311223297,城乡居民,焦作市,2023-11-05,在保
P202302652,朱超,男,77,410402194710160869,城乡居民,郑州市,2020-01-05,在保
P202302851,傅飞,男,40,410402198405073480,城镇职工,周口市,2021-12-12,在保
P202302859,王梦瑶,女,71,410502195312174320,城镇职工,商丘市,2020-07-15,在保
P202303528,曾美琳,女,87,410702193711162078,城乡居民,新乡市,2021-04-28,停保
P202304243,程慧,女,39,410105198508211611,城乡居民,开封市,2021-03-31,在保
P202303683,郑辉,男,53,410202197105034478,城镇职工,周口市,2023-10-06,在保
P202300133,蔡磊,男,30,410302199408204526,城镇职工,安阳市,2021-03-17,在保
P202302414,吕辉,男,33,410702199107059379,城乡居民,鹤壁市,2024-05-09,在保
P202303635,郑强,男,57,410202196702144784,城镇职工,漯河市,2024-01-19,在保
P202301483,马子轩,男,81,410105194309265164,城镇职工,新乡市,2022-02-09,在保
P202300430,梁建国,男,18,410103200603255508,城镇职工,郑州市,2023-07-07,在保
P202304806,贾美琳,女,21,410106200307240652,灵活就业,鹤壁市,2023-09-11,在保
P202304740,程杰,男,62,410106196209170720,城镇职工,焦作市,2023-11-24,在保
P202301908,张嘉伟,男,29,410702199511285717,城镇职工,许昌市,2022-03-02,在保
P202300288,曹静,女,60,410106196411143847,城乡居民,洛阳市,2023-07-21,在保
P202303275,何波,男,33,410502199110011132,灵活就业,鹤壁市,2021-07-24,在保
P202303654,黄嘉伟,男,35,410103198909260728,灵活就业,驻马店市,2023-08-04,在保
P202303923,陈丽,女,43,410103198107097707,城乡居民,商丘市,2023-06-04,在保
P202304164,叶斌,男,16,410402200809210983,城镇职工,郑州市,2021-08-07,退保
P202303108,周明,男,60,410106196401123917,灵活就业,信阳市,2020-07-28,在保
P202302095,曾鹏,男,68,410202195607070432,城镇职工,周口市,2021-10-12,在保
P202302437,傅娜,女,47,410302197704066731,城镇职工,洛阳市,2023-05-01,在保
P202301871,梁飞,男,30,410202199411021131,城乡居民,周口市,2020-10-03,在保
P202302695,韩凤英,女,56,410502196804222032,城镇职工,南阳市,2020-05-14,在保
P202302971,沈娜,女,15,410302200912201828,城乡居民,焦作市,2021-10-04,在保
P202304976,王伟,男,25,410502199907289091,城乡居民,驻马店市,2022-06-11,在保
P202303545,郭佳慧,女,74,410102195003224743,城乡居民,漯河市,2020-11-30,在保
P202304895,胡雪,女,30,410502199408216704,城乡居民,周口市,2021-10-25,在保
P202303725,许雨彤,女,38,410106198602019754,城镇职工,驻马店市,2022-05-25,在保
P202300438,罗涛,男,25,410202199904149278,城乡居民,开封市,2020-11-25,在保
P202303874,贾海涛,男,23,410103200109085570,城镇职工,洛阳市,2022-03-20,在保
P202300585,谢浩,男,53,410106197104173092,城乡居民,洛阳市,2022-02-05,在保
P202302300,丁杰,男,22,410104200208041081,城镇职工,鹤壁市,2022-08-09,在保
P202301439,吴慧,女,58,410402196605279789,城镇职工,南阳市,2020-04-14,在保
P202304577,黄梦瑶,女,28,410105199605079414,城镇职工,安阳市,2020-04-24,在保
P202303872,郭辉,男,52,410106197201252519,城乡居民,焦作市,2020-06-19,在保
P202300712,李军,男,48,410103197608220272,城乡居民,南阳市,2023-05-23,在保
P202302852,,女,65,410402195911280083,灵活就业,周口市,2022-05-24,在保
P202304485,唐秀兰,女,49,410102197506091247,城乡居民,平顶山市,2020-06-20,在保
P202302417,王玲,女,59,410106196508091232,城镇职工,焦作市,2021-04-06,退保
P202304553,丁鹏,男,65,410702195903141497,城乡居民,新乡市,2023-07-07,在保
P202302322,叶霞,女,64,410702196001157985,城镇职工,平顶山市,2023-05-10,在保
P202303008,陈静,女,22,410302200201110956,城镇职工,安阳市,2023-01-12,在保
P202302132,傅晨曦,男,50,410502197404286810,城乡居民,焦作市,2022-09-15,在保
P202304735,卢磊,男,55,410402196907095942,城镇职工,许昌市,2022-09-04,在保
P202302670,曹杰,男,61,410202196306089853,灵活就业,信阳市,2022-01-18,在保
P202300587,阎桂英,女,41,410103198309221353,城镇职工,许昌市,2020-03-15,在保
P202302373,贾建国,男,52,410502197208130245,城乡居民,平顶山市,2023-07-29,在保
P202301535,高涛,男,41,410104198312234000,城镇职工,焦作市,2020-05-02,在保
P202300735,宋诗涵,女,68,410302195612242416,城乡居民,新乡市,2020-10-22,在保
P202302165,阎美琳,女,78,410702194606255322,城乡居民,驻马店市,2024-02-28,在保
P202303107,徐静,女,26,410402199806214130,城镇职工,郑州市,2020-12-05,在保
P202304425,朱凤英,女,33,410202199104098772,城乡居民,焦作市,2020-08-16,在保
P202302587,胡欣怡,女,26,410105199806092174,城乡居民,南阳市,2023-01-28,在保
P202300554,魏伟,男,54,410302197007104534,城乡居民,开封市,2024-05-14,在保
P202304944,林娜,女,36,410103198802086270,城乡居民,郑州市,2021-06-29,在保
P202300473,郑诗涵,女,22,410702200204159526,城镇职工,周口市,2020-01-10,在保
P202301058,蒋雨彤,女,71,410106195312209601,城乡居民,洛阳市,2020-07-31,在保
P202303291,董雪,女,75,410106194908039790,城镇职工,南阳市,2021-01-07,在保
P202304676,韩萍,女,32,410105199207029587,城镇职工,信阳市,2020-10-19,停保
P202301048,朱娜,女,21,410102200311142764,城镇职工,商丘市,2020-12-26,在保
P202301221,邓子轩,男,28,410105199608289951,城镇职工,郑州市,2022-05-18,在保
P202300545,曾美琳,女,5,410102201905060614,城乡居民,新乡市,2023-11-27,在保
P202300801,邓建华,男,66,410103195809183198,城镇职工,焦作市,2024-03-30,在保
P202304232,董建华,男,74,410502195007131986,城乡居民,平顶山市,2023-07-22,在保
P202303525,朱文博,男,39,410104198508078419,灵活就业,周口市,2022-08-29,在保
P202300291,郭桂英,女,46,410202197809191339,城乡居民,鹤壁市,2022-09-20,在保
P202304721,韩佳慧,女,68,410103195611217666,城乡居民,郑州市,2021-12-26,在保
P202300927,郑文博,男,39,410103198501158916,城镇职工,许昌市,2020-10-11,在保
P202300253,杨紫薇,女,88,410105193612030844,城乡居民,开封市,2022-02-17,在保
P202300970,苏磊,男,24,410105200002065890,城镇职工,洛阳市,2024-03-02,在保
P202303312,吕海涛,男,58,410103196605279295,城乡居民,信阳市,2021-08-27,在保
P202300351,程文博,男,55,410302196908169164,城镇职工,洛阳市,2023-08-07,在保
P202303207,郭桂英,女,36,410106198805091120,城乡居民,信阳市,2022-04-05,在保
P202302035,曾艳,女,69,410402195509163662,城乡,郑州市,2022-09-04,在保
P202303035,胡诗涵,女,51,410103197305261614,城乡居民,周口市,2022-01-11,在保
P202301594,罗秀英,女,66,410702195808220675,城镇职工,漯河市,2020-04-26,在保
P202300091,冯诗涵,女,51,410402197304155642,城乡居民,南阳市,2021-01-25,停保
P202301619,韩建华,男,42,410104198209212050,城乡居民,商丘市,2022-05-29,在保
P202300812,曾斌,男,42,410106198205071877,城镇职工,郑州市,2020-09-07,在保
P202300722,梁莉,女,19,410402200502236913,城镇职工,焦作市,2022-10-14,在保
P202303103,,女,79,410104194505130996,城乡居民,新乡市,2020-01-28,在保
P202300027,刘建国,男,29,410104199502200693,城镇职工,南阳市,2020-09-02,停保
P202301346,卢玲,女,23,410103200111218296,城镇职工,漯河市,2022-08-23,在保
P202302084,蒋嘉伟,男,8,410103201608280507,灵活就业,安阳市,2023-11-21,在保
P202301756,袁玲,女,74,410106195010118669,城乡居民,驻马店市,2023-02-07,在保
P202301211,张辉,男,27,410302199711131344,城乡居民,鹤壁市,2020-06-22,在保
P202304023,苏敏,女,16,410102200806136755,城乡居民,信阳市,2021-08-10,在保
P202304072,蒋慧,女,37,410103198711034433,城镇职工,安阳市,2023-08-28,在保
P202302374,蒋海涛,男,59,410104196503271207,城镇职工,郑州市,2021-06-21,在保
P202304966,贾鹏,男,45,410502197903032866,城镇职工,开封市,2023-05-01,在保
P202303772,程勇,男,41,410502198311214891,城镇职工,鹤壁市,2020-11-16,停保
P202300916,何文彬,男,55,410104196905086169,城乡居民,商丘市,2020-11-26,在保
P202302526,卢佳慧,女,58,410502196603278270,城乡居民,商丘市,2022-09-27,在保
P202301075,彭伟,男,67,410502195709251563,城乡居民,鹤壁市,2022-01-17,在保
P202303699,蔡凤英,女,66,410202195803271221,城乡居民,漯河市,2020-11-26,在保
P202300255,周磊,男,22,410402200209185246,城镇职工,洛阳市,2020-02-23,在保
P202304300,袁晨曦,男,35,410502198903230137,城镇职工,开封市,2022-08-22,在保
P202303211,宋秀兰,女,71,410502195302134888,城乡居民,安阳市,2021-03-22,退保
P202304087,徐斌,男,65,410104195906028715,城乡居民,平顶山市,2020-04-26,在保
P202304355,卢斌,男,57,410106196703240751,灵活就业,南阳市,2022-11-12,在保
P202304597,丁文博,男,45,410402197905228626,灵活就业,平顶山市,2021-01-18,在保
P202301730,许静,女,83,410106194109096410,城镇职工,鹤壁市,2020-03-01,在保
P202302276,韩磊,男,30,410102199404073720,城镇职工,鹤壁市,2023-08-21,在保
P202301953,卢芳,女,33,410103199101014024,灵活就业,商丘市,2023-06-27,在保
P202301271,吴伟,男,69,410702195505075279,城镇职工,许昌市,2022-07-20,在保
P202304695,郑芳,女,46,410102197801056439,灵活就业,漯河市,2020-02-07,退保
P202300316,萧超,男,50,410402197404249228,城乡居民,平顶山市,2021-05-17,在保
P202304965,梁佳慧,女,38,410502198610167247,城乡居民,鹤壁市,2022-07-20,在保
P202304922,卢萍,女,55,410702196905061829,城镇职工,驻马店市,2020-07-30,在保
P202303829,于秀兰,女,71,410105195310076945,城镇职工,郑州市,2022-12-04,在保
P202300556,蔡伟,男,42,410402198203178669,城镇职工,信阳市,2023-12-29,在保
P202301920,周斌,男,41,410202198308289868,灵活就业,周口市,2023-02-18,在保
P202303946,李晓红,女,66,410103195803030581,城乡居民,驻马店市,2021-08-18,在保
P202300070,程雪,女,38,410302198612183385,城乡居民,许昌市,2022-07-18,在保
P202302528,阎静,女,60,410104196407186213,城乡居民,新乡市,2021-07-16,停保
P202303444,刘斌,男,78,410105194602262915,城乡居民,周口市,2022-05-31,在保
P202303410,蔡子轩,男,86,410202193812136727,灵活就业,新乡市,2024-01-14,在保
P202302875,曹霞,女,49,410202197510097004,城乡居民,商丘市,2021-05-05,停保
P202304336,杨雨彤,女,38,410702198610103247,城镇职工,漯河市,2024-02-21,在保
P202303170,蔡艳,女,42,,灵活就业,南阳市,2020-10-30,退保
P202300806,邓莉,女,44,410202198008041506,城镇职工,鹤壁市,2022-04-23,在保
P202301554,周杰,男,35,410102198901280714,城镇职工,洛阳市,2023-01-28,在保
P202302119,萧文彬,男,3,410302202102159408,城镇职工,许昌市,2020-08-14,在保
P202304221,程俊杰,男,6,410102201803032556,城镇职工,平顶山市,2023-01-21,在保
P202303704,许磊,男,34,410104199009099956,城镇职工,洛阳市,2022-05-19,在保
P202300894,林艳,女,71,410302195301013453,城镇职工,商丘市,2023-10-02,在保
P202304993,沈丽,女,47,410106197710202120,灵活就业,许昌市,2022-04-28,在保
P202302147,阎霞,女,21,410502200312086325,城乡居民,驻马店市,2021-10-19,在保
P202300388,彭强,男,83,410102194101231186,城乡居民,信阳市,2022-02-17,在保
P202300752,贾淑珍,女,25,410302199912147539,城乡居民,安阳市,2020-05-29,在保
P202302843,袁嘉伟,男,76,410302194802229231,城乡居民,郑州市,2023-08-09,在保
P202303183,丁淑珍,女,30,410302199407203948,城镇职工,信阳市,2024-01-28,在保
P202301984,唐美琳,女,65,410702195909081351,城乡居民,商丘市,2020-02-16,在保
P202304038,胡浩然,男,46,410106197801212179,灵活就业,周口市,2022-08-21,在保
P202303025,刘宇航,男,16,410702200810082584,城镇职工,南阳市,2020-02-16,在保
P202302188,曾飞,男,45,410102197910145880,城乡居民,南阳市,2022-10-11,在保
P202300411,曹伟,男,62,410102196209148589,城乡居民,信阳市,2022-11-07,在保
P202304491,胡斌,男,57,410402196705267040,灵活就业,漯河市,2022-12-08,在保
P202300110,傅玉兰,女,48,410302197601095491,城镇职工,信阳市,2022-01-24,在保
P202302556,陈凤英,女,59,410302196506149024,城镇职工,开封市,2022-02-10,在保
P202303221,赵建华,男,31,410702199302211517,城乡居民,商丘市,2024-02-08,在保
P202302154,黄建国,男,54,410103197002232053,城镇职工,鹤壁市,2023-08-12,在保
P202304732,贾淑珍,女,49,410502197508077826,城镇职工,鹤壁市,2021-02-16,在保
P202302664,彭鹏,男,32,410102199201242507,城镇职工,鹤壁市,2021-11-20,在保
P202302192,阎欣怡,女,58,410102196604109693,城乡居民,周口市,2022-10-28,在保
P202304329,郭俊杰,男,80,410502194404185045,灵活就业,郑州市,2020-01-28,停保
P202301648,萧丽,女,67,410102195712155364,城镇职工,新乡市,2022-04-26,在保
P202300222,陈嘉伟,男,16,410106200807067872,城乡居民,平顶山市,2023-08-06,退保
P202304410,王娜,女,65,410106195901012996,城镇职工,安阳市,2022-01-04,在保
P202304638,许佳慧,女,28,410105199609210041,城镇职工,洛阳市,2021-10-03,在保
P202300656,郭艳,女,51,410102197312190614,城镇职工,开封市,2020-08-15,停保
P202304145,郭玲,女,22,410105200206226009,城镇职工,鹤壁市,2023-12-01,在保
P202301789,吕秀英,女,55,410102196902172506,城镇职工,安阳市,2022-09-29,在保
P202302922,冯海涛,男,63,410104196110019051,城镇职工,洛阳市,2024-01-28,停保
P202301256,魏淑珍,女,28,410105199605243829,城乡居民,焦作市,2022-09-15,在保
P202304014,沈鹏,男,53,410106197110253033,城乡居民,商丘市,2024-03-05,在保
P202304455,郭文博,男,72,410106195211257198,城乡居民,新乡市,2023-11-16,在保
P202301210,袁波,男,81,410102194303103080,城乡居民,新乡市,2023-07-17,在保
P202304249,宋娟,女,58,410105196612126277,城镇职工,焦作市,2023-04-13,在保
P202301129,唐娜,女,48,410106197607161883,灵活就业,鹤壁市,2023-01-24,在保
P202304174,吕子轩,男,32,410202199206214818,城乡居民,鹤壁市,2024-03-12,在保
P202302320,贾佳慧,女,30,410105199404078962,城镇职工,安阳市,2021-05-19,在保
P202303990,卢天宇,男,36,410702198808287564,城镇职工,驻马店市,2024-04-05,在保
P202300178,罗语嫣,女,76,410104194806172291,城镇职工,新乡市,2020-10-11,在保
P202302950,傅静,女,20,410104200407064264,城镇职工,新乡市,2023-05-28,在保
P202304793,吴子轩,男,47,410104197705228389,城乡居民,驻马店市,2022-05-12,在保
P202300081,郭俊杰,男,46,410102197803263149,城镇职工,许昌市,2023-03-11,停保
P202301225,王桂英,女,46,410104197808030054,城镇职工,许昌市,2021-01-19,在保
P202302299,吴语嫣,女,61,410105196307248572,城镇职工,信阳市,2024-02-01,在保
P202302916,宋永强,男,83,410102194112059358,灵活就业,南阳市,2020-02-02,在保
P202302544,马佳慧,女,44,410402198012093982,城镇职工,许昌市,2020-09-07,在保
P202304324,宋杰,男,30,410105199403055887,城镇职工,商丘市,2023-10-22,在保
P202301780,薛美琳,女,37,410502198711117509,城乡居民,南阳市,2022-01-14,在保
P202304768,韩建华,男,45,410104197907013813,城镇职工,新乡市,2022-12-10,在保
P202301612,阎诗涵,女,21,410105200304053408,灵活就业,安阳市,2022-12-23,在保
P202303779,马文彬,男,12,410402201203084006,城乡居民,周口市,2021-08-19,在保
P202301868,唐浩,男,70,410104195402090817,城乡居民,安阳市,2022-04-27,在保
P202300671,黄雨彤,女,72,410104195204179740,城镇职工,安阳市,2022-05-03,退保
P202304832,周美琳,女,28,410302199607224304,城镇职工,信阳市,2020-05-15,退保
P202303619,傅晨曦,男,71,410105195304218399,城乡居民,许昌市,2022-08-21,在保
P202301808,卢语嫣,女,59,410105196501208433,城乡居民,漯河市,2020-01-11,在保
P202303394,谢淑珍,女,48,410103197603126617,城乡居民,漯河市,2023-01-26,在保
P202302689,马辉,男,63,410102196105022783,城乡居民,洛阳市,2021-12-14,在保
P202302895,冯玲,女,59,410402196508100973,灵活就业,洛阳市,2021-02-20,停保
P202304874,谢秀英,女,54,410105197006236722,城乡居民,商丘市,2023-02-07,在保
P202300220,刘凤英,女,51,410302197308190598,城镇职工,信阳市,2023-10-09,在保
P202302096,高秀兰,女,48,410104197611141769,城镇职工,许昌市,2021-08-30,在保
P202303045,郭子轩,男,62,410202196209231029,城乡居民,商丘市,2022-07-31,在保
P202300044,梁淑珍,女,44,410502198003074306,城乡居民,商丘市,2024-03-12,停保
P202300211,袁浩,男,60,410103196406067487,城镇职工,商丘市,2021-06-10,在保
P202301514,彭飞,男,16,410104200810058353,城乡居民,鹤壁市,2023-11-20,在保
P202300355,唐晨曦,男,49,410102197509199228,灵活就业,平顶山市,2023-03-16,在保
P202302442,王玉兰,女,74,410102195003243931,城镇职工,许昌市,2022-12-30,在保
P202301198,蔡涛,男,59,410104196508271917,城镇职工,安阳市,2020-09-26,在保
P202303976,吕莉,女,53,410702197105118566,城镇职工,商丘市,2021-08-23,退保
P202303205,许浩然,男,32,410105199210154053,城乡居民,郑州市,2023-12-28,停保
P202300368,何子轩,男,50,410103197405013950,城乡居民,开封市,2023-03-17,在保
P202302597,吕斌,男,39,410102198507229108,城乡居民,新乡市,2021-03-23,在保
P202303790,叶强,男,73,410105195111241627,城乡居民,新乡市,2021-12-02,在保
P202301729,阎涛,男,56,410202196810119451,城乡居民,安阳市,2021-01-28,在保
P202300136,孙静,女,77,410105194709188535,城镇职工,洛阳市,2022-03-24,停保
P202301504,郭斌,男,49,410106197501043092,城乡居民,安阳市,2022-07-24,停保
P202300048,吕语嫣,女,69,410402195507215893,城乡居民,许昌市,2023-11-27,在保
P202302319,刘敏,女,39,410105198506103360,城乡居民,新乡市,2022-04-09,在保
P202301392,苏莉,女,37,410302198712097235,灵活就业,平顶山市,2021-06-23,在保
P202302064,张文博,男,48,,城镇职工,南阳市,2021-03-01,在保
P202301011,宋慧,女,73,410102195109232738,城镇职工,洛阳市,2020-02-13,在保
P202302122,沈诗涵,女,64,410202196008073159,城镇职工,驻马店市,2023-04-29,在保
P202303996,邓超,男,50,410105197407014302,城乡,开封市,2021-01-29,在保
P202300062,曾伟,男,46,410702197811134063,灵活就业,洛阳市,2023-04-27,在保
P202301033,张娜,女,57,410106196701127694,城镇职工,南阳市,2022-10-21,在保
P202303246,谢永强,男,63,410103196107260181,城乡居民,周口市,2023-05-21,在保
P202300096,赵语嫣,女,23,410103200109150152,城乡居民,南阳市,2023-09-02,退保
P202300479,曹子轩,男,95,410105192905072343,城镇职工,鹤壁市,2021-05-26,在保
P202304322,孙淑珍,女,48,410402197601211814,城乡居民,信阳市,2021-08-07,在保
P202300843,何娟,女,29,410105199506270555,城镇职工,驻马店市,2021-04-29,停保
P202300890,丁浩,男,69,410106195503068580,城镇职工,周口市,,在保
P202301617,陈宇航,男,55,410502196909140168,城乡居民,鹤壁市,2024-02-09,在保
P202301903,张宇航,男,71,410702195309249866,城镇职工,许昌市,2021-06-01,在保
P202301506,郭芳,女,41,,城乡居民,新乡市,2020-05-13,在保
P202300323,萧霞,女,35,410103198903267024,灵活就业,鹤壁市,2023-12-14,在保
P202301323,谢静,女,48,410202197612114604,城镇职工,南阳市,2023-02-27,在保
P202303474,罗桂英,女,30,410502199408037402,城乡居民,郑州市,2023-07-05,在保
P202304042,陈俊杰,男,63,410302196101114487,城乡居民,南阳市,2022-07-15,在保
P202302388,萧杰,男,33,410502199103209686,城镇职工,驻马店市,2020-12-22,在保
P202301426,林斌,男,14,410402201012054529,城乡居民,平顶山市,2020-03-25,在保
P202302522,袁秀英,女,95,410103192906166160,城镇职工,驻马店市,2023-04-04,在保
P202303130,刘辉,男,42,410502198207156134,城镇职工,漯河市,2023-02-23,在保
P202301188,韩桂英,女,45,410502197912192861,城镇职工,新乡市,2021-08-31,在保
P202302464,贾天宇,男,27,410402199704266982,城乡居民,新乡市,2023-03-04,退保
P202300292,张军,男,41,410402198301049512,城乡居民,信阳市,2022-07-23,在保
P202302358,徐超,男,52,410502197206242306,灵活就业,鹤壁市,2024-04-07,在保
P202302755,蒋嘉伟,男,48,410502197607211636,城镇职工,鹤壁市,2022-10-09,在保
P202300534,杨紫薇,女,28,410202199606274446,城镇职工,漯河市,2020-09-03,停保
P202302054,何芳,女,44,410502198003052290,城乡居民,周口市,2021-11-03,在保
P202303936,吴玉兰,女,56,410402196810137816,城镇职工,周口市,2023-05-23,在保
P202301262,萧雨彤,女,51,410103197307053252,城镇职工,南阳市,2024-05-02,在保
P202301877,于慧,女,39,410202198507091650,城镇职工,鹤壁市,2021-09-28,在保
P202302588,林思琪,女,46,410302197802137488,城乡居民,开封市,2021-08-29,在保
P202304020,董勇,男,48,410104197601289243,城镇职工,漯河市,2023-07-22,在保
P202304983,马俊杰,男,55,410105196912050246,城乡居民,焦作市,2021-07-08,停保
P202303335,邓诗涵,女,75,410102194910168871,城镇职工,安阳市,2023-09-05,在保
P202300429,李晓红,女,69,410202195509265207,城乡居民,信阳市,2020-03-30,在保
P202301039,傅语嫣,女,54,410103197008044655,灵活就业,开封市,2021-08-28,在保
P202303309,贾海涛,男,81,410702194312210847,城镇职工,洛阳市,2021-09-07,在保
P202304303,董玲,女,32,410702199206178128,城镇职工,鹤壁市,2020-09-10,在保
P202303649,张语嫣,女,64,410402196003026334,城乡居民,驻马店市,2020-03-11,在保
P202301193,许建华,男,39,410102198508278420,城乡居民,焦作市,2021-02-20,在保
P202302239,傅军,男,42,410103198211068055,城乡居民,焦作市,2023-03-02,在保
P202302427,蒋玉兰,女,60,410103196407026627,城镇职工,鹤壁市,2022-08-26,在保
P202301085,胡艳,女,56,410402196808022816,城镇职工,洛阳市,2020-09-11,在保
P202300627,杨文博,男,32,410302199211259219,城乡居民,平顶山市,2021-01-13,停保
P202302022,张婷,女,54,410702197008269821,城镇职工,,2022-11-01,在保
P202304712,高建华,男,60,410106196401047556,灵活,商丘市,2022-08-30,在保
P202304571,魏霞,女,39,410402198503268888,灵活就业,新乡市,2023-09-16,在保
P202304971,沈天宇,男,77,410202194701094242,城镇职工,许昌市,2023-06-10,在保
P202300658,杨斌,男,49,410402197504194847,灵活就业,安阳市,2020-01-30,在保
P202302560,宋秀英,女,66,410105195805252954,城乡居民,漯河市,2023-01-30,在保
P202300764,苏霞,女,48,410102197606026719,城乡居民,信阳市,2021-10-27,停保
P202300788,罗娟,女,58,410102196601129024,城镇职工,焦作市,2023-10-18,在保
P202303287,林磊,男,44,410104198010185687,城乡居民,洛阳市,2024-02-11,在保
P202301184,张俊杰,男,21,410104200302055278,城镇职工,漯河市,2022-03-05,停保
P202304511,蔡紫薇,女,28,410202199601243701,灵活就业,新乡市,2023-06-28,在保
P202302281,杨伟,男,18,410103200605164304,城镇职工,平顶山市,2020-11-14,在保
P202300953,唐俊杰,男,27,410302199709275498,城乡居民,信阳市,2020-05-10,在保
P202303544,唐玉兰,女,30,410102199404014509,城职,商丘市,,在保
P202301938,魏秀英,女,58,410502196603162074,灵活就业,平顶山市,2023-01-07,在保
P202301544,程婷,女,41,410702198312189459,城乡居民,周口市,2023-09-15,在保
P202302283,曹桂英,女,71,410104195304193819,城乡居民,信阳市,2022-11-03,在保
P202301021,贾磊,男,59,410102196504280175,城镇职工,驻马店市,2022-08-28,退保
P202301737,李雪,女,31,410402199312218457,城乡居民,漯河市,2022-02-26,停保
P202301282,高秀英,女,47,410702197708194309,城乡居民,焦作市,2023-01-13,在保
P202302202,何俊杰,男,46,410105197803141021,灵活就业,驻马店市,2023-06-27,在保
P202300071,高敏,女,56,410202196802245482,城乡居民,新乡市,2021-03-19,在保
P202300950,阎浩,男,54,410302197005216687,灵活就业,焦作市,2020-01-24,在保
P202301232,蒋慧,女,25,410502199902085736,城镇职工,南阳市,2024-05-03,在保
P202300832,许伟,男,33,410402199111043616,灵活就业,鹤壁市,2023-05-16,在保
P202303304,杨语嫣,女,31,410104199309082535,城乡居民,南阳市,2023-01-30,在保
P202301935,于国强,男,95,410102192901162621,城镇职工,漯河市,2022-10-29,在保
P202303739,卢文博,男,43,410402198111087665,城镇职工,鹤壁市,2021-02-13,在保
P202304278,朱雪,女,32,410106199208058912,城镇职工,安阳市,2022-01-13,在保
P202304677,张海涛,男,62,410202196201237309,城乡居民,驻马店市,2020-01-15,在保
P202301613,于浩然,男,65,410102195908246058,灵活就业,安阳市,2023-01-08,退保
P202301222,周欣怡,女,55,410302196907013031,灵活就业,南阳市,2021-08-25,在保
P202300502,彭娟,女,84,410502194006074218,城乡居民,南阳市,2022-03-19,在保
P202303520,曾艳,女,10,410702201402084169,城镇职工,南阳市,2021-09-12,退保
P202301175,谢强,男,36,410104198810011089,城镇职工,新乡市,2021-10-03,在保
P202302701,朱丽,女,56,410402196803167726,灵活就业,南阳市,2023-04-28,在保
P202304909,周嘉伟,男,54,410702197012024027,城镇职工,漯河市,2020-10-11,在保
P202304392,邓飞,男,64,410104196012182877,城镇职工,信阳市,2023-04-26,退保
P202301331,谢美琳,女,77,410105194703114793,城乡居民,信阳市,2022-01-11,在保
P202302343,唐丽,女,58,410402196601054196,城乡居民,郑州市,2021-06-21,停保
P202300897,王淑珍,女,46,410105197802228344,城镇职工,商丘市,2023-07-01,在保
P202304972,卢浩,男,48,410202197604283508,城镇职工,鹤壁市,2024-01-29,停保
P202304929,苏桂英,女,26,410103199812158579,城镇职工,许昌市,2020-03-15,在保
P202302611,马语嫣,女,61,410702196302085671,城镇职工,郑州市,2023-07-28,在保
P202304847,董玉兰,女,10,410702201407262971,城镇职工,南阳市,2021-03-07,在保
P202301091,贾文博,男,48,410102197602029694,城镇职工,洛阳市,2021-06-24,在保
P202301947,赵萍,女,56,410102196803118244,灵活就业,许昌市,2022-06-30,在保
P202300945,梁浩然,男,83,410102194112104682,城乡居民,周口市,2020-10-08,在保
P202303743,张丽,女,55,410104196904125685,城乡居民,周口市,2021-04-16,在保
P202302352,马敏,女,61,410105196308064757,灵活就业,商丘市,2022-03-06,在保
P202301627,阎莉,女,41,410103198312088547,城乡居民,驻马店市,2024-04-27,在保
P202302589,吕文彬,男,35,410502198911034251,城乡居民,焦作市,2021-04-04,在保
P202303758,董子轩,男,86,410105193803281484,城镇职工,漯河市,2020-02-18,在保
P202301438,魏永强,男,78,410202194608188836,城乡居民,焦作市,2023-08-11,在保
P202304754,董鹏,男,42,410702198203077769,城镇职工,漯河市,2022-02-11,在保
P202303670,马文博,男,56,410202196803019271,城镇职工,鹤壁市,2020-11-28,在保
P202302649,郑永强,男,50,410104197407136183,城镇职工,信阳市,2020-01-11,在保
P202300234,陈涛,男,38,410702198612225723,城乡居民,信阳市,2021-03-03,停保
P202304645,邓波,男,61,410202196309157662,城镇职工,周口市,2021-01-22,停保
P202300799,郑芳,女,50,410502197410057176,城乡居民,信阳市,2023-08-11,在保
P202300634,许明,男,42,410402198202195485,城镇职工,焦作市,2023-10-28,在保
P202302315,叶秀兰,女,61,410102196303025580,城乡居民,商丘市,2024-01-04,停保
P202300416,袁建华,男,36,410202198812047795,城乡居民,驻马店市,2022-09-10,在保
P202302660,程雪,女,59,410103196512200612,城镇职工,开封市,2021-05-18,在保
P202302025,许语嫣,女,0,410302202408073327,城镇职工,平顶山市,2021-06-21,在保
P202302608,黄艳,女,10,410103201410223160,灵活就业,开封市,2021-09-13,停保
P202303894,陈文彬,男,15,410103200901223500,城乡居民,信阳市,2021-10-22,在保
P202303494,郑敏,女,40,410106198403040296,城镇职工,许昌市,2021-04-26,在保
P202300811,张婷,女,46,410202197805123104,城镇职工,信阳市,2020-02-27,在保
P202300018,丁鹏,男,55,410202196908174621,城镇职工,新乡市,2021-04-05,在保
P202302534,罗磊,男,33,410402199101219411,城镇职工,平顶山市,2020-11-08,停保
P202302463,沈杰,男,58,410702196606145003,城镇职工,新乡市,2021-01-23,停保
P202302092,唐斌,男,55,410105196903207585,城乡居民,南阳市,2021-04-22,在保
P202302171,,女,67,410102195712266329,灵活就业,商丘市,2020-12-07,在保
P202300597,袁军,男,45,410103197906186651,城镇职工,,2021-09-10,在保
P202304409,韩海涛,男,59,410702196502272604,城乡居民,南阳市,2022-01-05,在保
P202302195,吕嘉伟,男,53,410202197104178456,城镇职工,,2021-01-16,在保
P202304398,沈梦瑶,女,32,410102199207048308,城乡居民,周口市,2020-10-07,停保
P202301558,杨国强,男,35,410106198908040973,城乡居民,鹤壁市,2022-04-12,在保
P202302245,宋明,男,79,410402194512248173,城镇职工,许昌市,2021-09-25,在保
P202304440,许丽,女,59,410702196505077085,城乡居民,郑州市,2020-04-25,退保
P202300372,曾敏,女,58,410202196609216089,城镇职工,安阳市,2021-09-03,在保
P202303719,高婷,女,46,410302197808011430,城镇职工,许昌市,2022-08-16,退保
P202302758,罗娟,女,36,410302198810233458,灵活就业,郑州市,2021-12-30,在保
P202303054,罗艳,女,35,410105198911118804,城乡居民,周口市,2022-08-05,在保
P202300599,于莉,女,42,410502198212081771,城乡居民,许昌市,2023-12-28,在保
P202300677,蒋飞,男,30,410104199406155522,灵活就业,驻马店市,2021-09-09,在保
P202300239,胡飞,男,38,410702198604165635,城镇职工,安阳市,2024-04-12,在保
P202304013,赵诗涵,女,32,410202199211097259,城乡,商丘市,2020-02-18,停保
P202304265,赵慧,女,48,410302197612075790,城镇职工,鹤壁市,2022-12-19,在保
P202301213,梁秀兰,女,37,410102198705094693,城乡居民,洛阳市,2021-06-25,退保
P202301850,刘宇航,男,57,410502196701144855,城镇职工,信阳市,2023-09-27,在保
P202302043,曾磊,男,40,410102198406168266,城镇职工,安阳市,2021-08-02,在保
P202301363,卢芳,女,52,410104197202089987,灵活就业,鹤壁市,2020-08-15,在保
P202304370,孙欣怡,女,54,410702197001175450,城乡居民,南阳市,2022-10-25,在保
P202303535,叶强,男,87,410302193711121210,城乡居民,鹤壁市,2022-05-25,在保
P202303167,陈雪,女,42,410104198210113529,城乡居民,周口市,2023-03-08,退保
P202302805,薛玲,女,48,410102197603241433,城乡居民,商丘市,2023-09-04,停保
P202304257,林芳,女,34,410106199011037555,城镇职工,南阳市,2022-10-20,在保
P202303863,胡萍,女,49,410502197508189563,城镇职工,商丘市,2023-09-06,在保
P202302830,丁涛,男,43,410102198102235556,城镇职工,新乡市,2023-03-16,在保
P202302368,张桂英,女,19,410105200512084544,灵活就业,漯河市,2022-05-20,在保
P202301757,马超,男,47,410502197709159850,城乡居民,许昌市,2023-09-03,在保
P202304297,马勇,男,31,410202199307035703,城镇职工,开封市,2022-05-31,在保
P202304290,何俊杰,男,60,410106196408039186,灵活就业,焦作市,2020-03-16,在保
P202302415,卢文博,男,68,410502195603010877,城镇职工,商丘市,2022-01-16,在保
P202304009,周天宇,男,41,410302198306052909,灵活就业,安阳市,2023-01-14,在保
P202303675,赵军,男,48,410502197606052221,城镇职工,焦作市,2022-04-04,在保
P202303558,董浩,男,52,410106197208258567,城乡居民,商丘市,2022-10-14,停保
P202304113,蒋凤英,女,78,410302194610191036,城乡居民,焦作市,2022-11-02,在保
P202300622,韩思琪,女,58,410502196611020998,城镇职工,商丘市,2021-12-25,退保
P202302342,徐明,男,57,410103196705195872,灵活就业,周口市,2020-01-24,在保
P202303703,丁秀英,女,33,410102199103035122,城乡居民,安阳市,2020-06-04,在保
P202300567,罗欣怡,女,13,410402201105211851,城乡居民,漯河市,2020-09-26,退保
P202301515,黄婷,女,48,410502197602190044,城乡居民,漯河市,2023-02-01,在保
P202302521,曾建国,男,53,410502197109207010,城镇职工,鹤壁市,2022-07-15,在保
P202301216,唐浩然,男,72,410202195208191114,城职,焦作市,2020-10-21,在保
P202300052,董霞,女,43,410106198109166413,城乡居民,安阳市,2022-06-19,在保
P202302211,吴俊杰,男,27,410106199705288052,城镇职工,开封市,2022-01-08,在保
P202300808,何莉,女,41,410302198308239537,城乡居民,许昌市,2022-05-03,在保
P202302703,罗秀兰,女,86,410105193801265577,城镇职工,鹤壁市,2021-01-25,停保
P202304184,何玉兰,女,39,410202198501061098,城镇职工,驻马店市,,在保
P202300535,薛海涛,男,38,410102198611256476,城乡居民,郑州市,2021-09-16,在保
P202303250,董雨彤,女,16,410106200807036850,城镇职工,焦作市,2020-05-17,在保
P202303962,刘建国,男,84,410106194005035414,城乡居民,新乡市,2022-05-09,在保
P202300444,孙海涛,男,48,410106197603182014,城乡居民,许昌市,2023-07-07,在保
P202301002,杨雨彤,女,66,410106195812054189,灵活就业,安阳市,2021-10-26,退保
P202300196,曾桂英,女,56,410502196809167259,城乡居民,安阳市,2022-08-30,在保
P202301421,韩霞,女,59,410105196508096140,城乡居民,商丘市,2023-11-19,在保
P202300813,张斌,男,76,410106194810159215,城乡居民,平顶山市,2022-02-11,在保
P202301875,彭娜,女,73,410102195101016089,城镇职工,安阳市,2020-10-05,在保
P202304456,傅雨彤,女,55,410402196910087518,城乡居民,漯河市,2023-09-25,在保
P202303064,徐丽,女,40,410105198411253309,城乡居民,南阳市,2023-11-02,在保
P202304308,赵志强,男,63,410102196106083090,城乡居民,漯河市,2021-02-28,在保
P202303271,郭超,男,46,410702197803144566,城乡居民,周口市,2022-10-28,在保
P202302610,梁静,女,72,410103195210079936,灵活就业,信阳市,2022-11-10,在保
P202303934,王嘉伟,男,63,410102196103161698,城镇职工,漯河市,2023-06-25,在保
P202304191,薛晓红,女,57,410105196710116334,城镇职工,平顶山市,2023-07-29,在保
P202300645,傅丽,女,45,410702197901051029,城镇职工,南阳市,2024-05-11,在保
P202302285,吴鹏,男,41,410302198312273784,城乡居民,南阳市,2024-05-02,在保
P202303592,徐浩,男,60,410302196402099856,城镇职工,焦作市,2021-01-30,停保
P202302578,周艳,女,67,410502195707107914,城镇职工,周口市,2022-06-25,在保
P202304448,卢天宇,男,51,410106197307090403,城镇职工,洛阳市,2020-08-07,在保
P202300121,董建国,男,64,410702196001248028,城镇职工,安阳市,2022-07-27,在保
P202301269,于紫薇,女,36,410302198805246491,城镇职工,周口市,2022-07-11,在保
P202304614,董萍,女,40,410105198402205894,城镇职工,南阳市,2022-06-26,在保
P202304939,王丽,女,67,410302195704087415,城乡居民,南阳市,2021-07-22,在保
P202302496,王强,男,64,410402196006178056,城镇职工,平顶山市,2022-12-23,停保
P202302023,韩强,男,74,410402195002054051,城镇职工,焦作市,2023-08-13,在保
P202300135,王涛,男,33,410105199103252614,城镇职工,焦作市,2020-09-02,在保
P202302790,彭飞,男,53,410402197107022430,城乡居民,安阳市,2020-01-18,在保
P202303858,魏艳,女,60,410104196404164066,城乡居民,郑州市,2021-07-13,在保
P202304767,高浩然,男,28,410302199610153367,城乡居民,焦作市,2022-01-11,在保
P202300185,卢艳,女,45,410302197910210317,城乡居民,漯河市,2023-07-08,在保
P202301361,薛辉,男,49,410502197506119132,城乡居民,安阳市,2021-11-29,在保
P202301704,彭建国,男,69,410105195512133417,灵活就业,商丘市,2023-12-10,在保
P202300512,黄明,男,49,410202197501068134,城乡居民,周口市,2020-09-02,在保
P202300878,苏美琳,女,54,410104197002225662,城镇职工,郑州市,2023-11-12,在保
P202300063,赵天宇,男,30,410702199402265790,城乡居民,焦作市,2022-12-27,在保
P202304787,王娟,女,63,410104196109012335,城镇职工,南阳市,2022-12-07,停保
P202302723,傅浩然,男,30,410105199403168981,城镇职工,南阳市,2023-08-27,在保
P202303788,何明,男,34,410402199009012767,灵活就业,郑州市,2021-08-22,在保
P202302576,何建华,男,29,410105199510041973,城镇职工,商丘市,2020-12-22,在保
P202300777,罗萍,女,36,410702198806236896,城乡居民,平顶山市,2021-09-11,在保
P202300252,李梦瑶,女,66,410402195808083648,城镇职工,南阳市,2022-06-03,在保
P202302395,薛子轩,男,48,410104197605066735,城镇职工,新乡市,2022-04-15,在保
P202300860,丁秀英,女,61,410104196304075456,城镇职工,许昌市,2022-02-05,在保
P202303761,袁磊,男,55,410102196906019602,灵活就业,许昌市,2020-09-25,在保
P202302657,董伟,男,30,410103199410109675,城乡居民,新乡市,2023-10-19,在保
P202303389,彭晓红,女,65,410104195908142363,城镇职工,安阳市,2020-09-22,在保
P202300123,陈勇,男,75,410702194909233326,城镇职工,周口市,2022-12-22,在保
P202303711,丁雪,女,24,410402200008144877,灵活就业,漯河市,2022-01-29,停保
P202301169,冯强,男,60,410103196405205645,城乡居民,洛阳市,,在保
P202301942,丁辉,男,42,410502198209075604,灵活就业,开封市,2021-10-13,在保
P202303808,谢凤英,女,14,410402201011157696,城乡居民,漯河市,2022-02-01,在保
P202300568,吕浩然,男,31,410402199308285108,城镇职工,平顶山市,2020-01-12,在保
P202302371,吕伟,男,47,410402197709215196,城乡居民,焦作市,2021-03-22,在保
P202303251,刘永强,男,60,410103196408187545,城乡居民,郑州市,2024-01-27,在保
P202301534,蒋雪,女,47,410106197708039942,城镇职工,周口市,2022-04-26,在保
P202304215,韩辉,男,50,410502197408287580,城镇职工,鹤壁市,2021-09-07,在保
P202304986,许娟,女,79,410102194510243733,城乡居民,许昌市,2020-06-08,在保
P202301894,陈晨曦,男,48,410102197611180621,城乡居民,周口市,2022-03-03,退保
P202301492,卢永强,男,95,410102192911277143,城乡居民,信阳市,2020-03-27,在保
P202304771,高玲,女,50,410106197406041416,城乡居民,洛阳市,2023-02-28,停保
P202304201,陈丽,女,54,410106197004259653,城乡居民,焦作市,2021-04-20,停保
P202300721,沈婷,女,55,410106196901234809,灵活就业,郑州市,2021-10-10,在保
P202302765,胡秀英,女,54,410103197002052445,城乡居民,周口市,2020-02-29,在保
P202302078,梁诗涵,女,71,410103195310268529,城镇职工,漯河市,2021-01-09,停保
P202301457,周宇航,男,63,410105196102063821,城乡居民,开封市,2023-03-17,在保
P202304358,于浩然,男,44,410702198006014400,灵活就业,平顶山市,2021-10-24,在保
P202303261,袁淑珍,女,45,410102197911124544,城镇职工,安阳市,2021-11-08,在保
P202300603,罗莉,女,65,410106195907239375,城乡居民,洛阳市,2023-04-08,在保
P202302100,薛玲,女,64,,城乡居民,鹤壁市,2022-06-10,在保
P202301570,郭俊杰,男,40,410502198402254738,城乡居民,平顶山市,2022-01-25,在保
P202301102,彭辉,男,0,410402202409141110,城乡居民,商丘市,2021-05-24,退保
P202303526,彭静,女,28,410702199605278351,城乡居民,郑州市,2020-06-30,在保
P202300319,邓斌,男,55,410202196908240869,城乡居民,洛阳市,2022-11-01,在保
P202304498,韩文博,男,69,410104195506088826,灵活就业,驻马店市,2022-09-26,在保
P202301294,徐浩,男,65,410105195903169593,城镇职工,焦作市,2020-09-28,在保
P202300275,邓梦瑶,女,32,410302199210136011,城镇职工,焦作市,2021-12-21,在保
P202302963,吕永强,男,40,410105198403183755,城镇职工,焦作市,2023-02-05,在保
P202300550,傅辉,男,39,410202198507221401,城镇职工,许昌市,2022-02-21,在保
P202302224,王超,男,46,410102197804252230,灵活就业,郑州市,2020-02-12,在保
P202303902,苏雨彤,女,47,410402197702240907,城乡居民,郑州市,2023-09-30,在保
P202304943,魏明,男,51,410402197303062620,城镇职工,漯河市,2021-10-16,停保
P202304550,林文彬,男,45,410105197909227689,城镇职工,驻马店市,2022-03-10,在保
P202300606,蒋杰,男,83,410105194109138635,城乡居民,鹤壁市,2022-05-04,在保
P202302260,曹勇,男,53,410502197107020593,城镇职工,开封市,2020-05-07,退保
P202300528,梁雪,女,50,410202197406147826,灵活就业,鹤壁市,,在保
P202302516,谢诗涵,女,55,410106196907205619,城镇职工,鹤壁市,2020-02-17,停保
P202304967,徐建国,男,33,410105199109248051,灵活就业,新乡市,2022-10-21,停保
P202302457,孙辉,男,39,410105198504193344,城镇职工,信阳市,2023-03-07,在保
P202303846,曾秀英,女,64,410104196012259450,城镇职工,商丘市,2020-04-25,在保
P202304955,罗天宇,男,55,410102196903184071,城镇职工,开封市,2020-10-22,在保
P202301874,朱秀兰,女,64,410302196012211281,城镇职工,驻马店市,2023-04-01,在保
P202303215,冯国强,男,63,410202196103183410,城乡居民,许昌市,2021-01-18,在保
P202300299,朱秀英,女,64,410104196002197476,灵活就业,焦作市,2022-05-29,在保
P202301136,郭宇航,男,67,410106195707039387,城乡居民,南阳市,2022-08-24,在保
P202302586,曹晓红,女,38,410106198602114861,城乡居民,开封市,2023-08-05,在保
P202301878,曹紫薇,女,46,410502197801194614,城镇职工,平顶山市,2021-10-15,退保
P202304773,马艳,女,61,410103196311060863,灵活就业,安阳市,2023-12-31,在保
P202304995,谢佳慧,女,38,410103198606245348,城镇职工,信阳市,2023-01-30,在保
P202304075,吴丽,女,41,410202198302258571,灵活就业,商丘市,2020-01-04,在保
P202301616,唐霞,女,95,410105192901089747,城镇职工,新乡市,2022-03-24,在保
P202304949,萧文彬,男,43,410104198107213970,灵活就业,周口市,2023-10-11,在保
P202300151,李玉兰,女,54,410105197006254973,城镇职工,新乡市,2020-10-08,在保
P202300757,何萍,女,58,410106196609114462,城乡居民,焦作市,2024-02-18,退保
P202301053,黄佳慧,女,58,410302196605177390,灵活就业,信阳市,2020-09-14,在保
P202302520,董莉,女,34,410106199002218107,城镇职工,南阳市,2022-10-13,在保
P202304256,吕娟,女,68,410104195607121517,城乡居民,驻马店市,2020-11-20,在保
P202301484,罗辉,男,42,410106198201016676,城镇职工,洛阳市,2022-01-24,在保
P202301116,罗志强,男,56,410106196801150413,城镇职工,安阳市,2023-04-29,在保
P202303066,薛鹏,男,55,410105196907110100,城乡居民,许昌市,2021-02-19,在保
P202302255,阎艳,女,27,410103199709054743,城乡,郑州市,2023-10-01,在保
P202300377,马军,男,65,410106195912265722,城乡居民,商丘市,2021-11-18,在保
P202302104,薛玲,女,70,410103195410147412,城乡,新乡市,2021-08-29,在保
P202304223,陈欣怡,女,49,410302197502164465,城乡居民,焦作市,2023-02-16,在保
P202302340,叶军,男,38,410202198612266796,城乡居民,开封市,2024-03-30,停保
P202303945,于雨彤,女,42,410702198207073654,城镇职工,商丘市,2022-08-16,停保
P202300379,黄慧,女,89,410702193510200727,城镇职工,漯河市,2021-02-02,在保
P202302776,周嘉伟,男,44,410302198008086921,城乡居民,开封市,2024-04-06,在保
P202304136,韩佳慧,女,43,410502198103210453,城乡居民,南阳市,2023-06-24,在保
P202304421,薛思琪,女,74,410402195012208362,城乡居民,平顶山市,2023-03-30,在保
P202300908,沈凤英,女,63,410105196105288007,灵活就业,洛阳市,2022-01-06,在保
P202301371,朱浩,男,46,410106197806016521,城镇职工,驻马店市,2021-09-29,在保
P202301955,张婷,女,39,410106198502035554,城乡居民,商丘市,2023-06-10,停保
P202301722,孙晨曦,男,45,410104197904107992,城镇职工,平顶山市,2022-05-30,在保
P202303314,胡芳,女,31,410502199303109730,城乡居民,新乡市,2024-02-01,在保
P202303056,邓文博,男,34,410102199003209379,城乡居民,郑州市,2024-04-11,在保
P202301870,贾国强,男,42,410702198209153198,城镇职工,南阳市,2023-03-07,在保
P202303916,程明,男,48,410105197604283190,城镇职工,南阳市,2023-07-15,在保
P202304635,谢磊,男,37,410102198702011396,城乡居民,新乡市,2021-03-10,在保
P202300795,谢梦瑶,女,30,410104199409148063,城乡居民,开封市,2022-05-28,在保
P202302553,郭文彬,男,83,410102194102077427,城乡居民,南阳市,2023-02-08,在保
P202300842,胡杰,男,62,410103196211210990,城镇职工,信阳市,2022-06-03,在保
P202303338,沈志强,男,150,410502197706188582,城镇职工,商丘市,2022-02-04,在保
P202301703,王嘉伟,男,61,410102196301191095,城镇职工,平顶山市,2022-04-29,在保
P202300176,何浩然,男,64,410402196004202927,城镇职工,新乡市,2020-09-08,在保
P202301809,杨艳,女,21,410402200302209901,城乡居民,开封市,2022-03-25,在保
P202302793,刘文博,男,42,410103198204082876,城乡居民,郑州市,2020-07-24,在保
P202303671,赵浩,男,68,410102195603026348,城镇职工,商丘市,2021-09-11,在保
P202300046,董思琪,女,37,410402198712066741,城镇职工,安阳市,2022-11-21,在保
P202302808,苏永强,男,35,410104198905172321,城镇职工,周口市,2022-03-23,退保
P202302459,魏凤英,女,58,410103196611176529,城镇职工,驻马店市,2022-03-25,在保
P202301756,袁玲,女,74,410106195010118669,城乡居民,驻马店市,2023-02-07,在保
P202302887,魏凤英,女,40,410302198407226666,城乡居民,驻马店市,2020-10-28,在保
P202301718,马鹏,男,53,410102197112152619,城乡居民,平顶山市,2020-12-05,在保
P202303600,宋文博,男,45,410102197912063599,城镇职工,周口市,2022-05-29,在保
P202303608,薛语嫣,女,69,410302195509160426,城乡居民,周口市,2020-01-06,在保
P202302935,郭雪,女,65,410106195902220654,城乡居民,驻马店市,2022-03-01,在保
P202303793,孙桂英,女,54,410302197001015948,城乡居民,平顶山市,2024-01-22,停保
P202301741,王波,男,48,410302197604275255,城镇职工,开封市,2022-08-15,在保
P202303162,袁敏,女,58,410103196602108013,灵活就业,新乡市,2020-04-04,在保
P202302472,黄伟,男,92,410302193205082182,城镇职工,开封市,2024-05-03,在保
P202300284,董文博,男,27,410105199704267559,灵活就业,许昌市,2021-12-19,停保
P202304049,周欣怡,女,48,410702197610027241,城镇职工,鹤壁市,2022-12-02,在保
P202301449,宋秀英,女,72,410103195203056394,灵活就业,商丘市,2022-03-17,停保
P202301433,沈梦瑶,女,65,410702195907159323,城镇职工,商丘市,,在保
P202303610,林超,男,42,410105198210262353,城乡居民,郑州市,2023-07-13,停保
P202303096,叶慧,女,73,410103195107103626,灵活就业,郑州市,2021-12-20,在保
P202304908,吴霞,女,29,410106199510216994,城乡居民,平顶山市,2022-09-17,在保
P202301076,李飞,男,41,410103198312239622,城镇职工,安阳市,2021-07-14,在保
P202303039,杨子轩,男,32,410202199205129694,灵活就业,洛阳市,2022-03-26,在保
P202304804,刘欣怡,女,37,410103198701070798,城镇职工,安阳市,2020-05-09,在保
P202302603,阎伟,男,38,410106198611069150,城镇职工,开封市,2022-12-20,在保
P202303640,吴波,男,58,410103196610035826,城乡居民,周口市,2023-03-24,在保
P202302747,曹辉,男,54,410102197007226589,城镇职工,焦作市,2020-11-01,退保
P202302362,何永强,男,25,410106199908286636,城镇职工,许昌市,2020-07-11,在保
P202304153,徐国强,男,51,410103197310185484,城乡居民,郑州市,2024-05-04,在保
P202301056,贾志强,男,37,410402198707143605,城乡居民,鹤壁市,2023-01-15,在保
P202300978,冯军,男,6,410102201803256724,灵活就业,新乡市,2022-08-21,在保
P202304605,吕斌,男,30,410402199411138150,城乡居民,洛阳市,2024-01-14,在保
P202301873,陈志强,男,44,410102198004276108,城镇职工,平顶山市,2024-04-28,在保
P202301540,张语嫣,女,0,410302202401076875,城镇职工,南阳市,2022-07-10,在保
P202304938,韩伟,男,72,410402195207088504,城乡居民,安阳市,2021-03-01,在保
P202300100,张飞,男,45,410106197906124412,城乡居民,新乡市,2022-12-23,在保
P202301740,赵凤英,女,80,410103194408012092,城乡居民,商丘市,2020-07-27,在保
P202304406,刘晓红,女,65,410202195902129455,灵活就业,南阳市,2022-09-18,在保
P202301733,李娜,女,49,410302197509026264,灵活就业,洛阳市,2021-08-23,在保
P202302198,贾莉,女,50,410106197402192202,城乡居民,安阳市,2022-01-30,退保
P202300352,谢晨曦,男,76,410104194808022697,城镇职工,信阳市,2021-06-23,在保
P202302788,刘辉,男,26,410102199801261810,城镇职工,开封市,2024-05-08,在保
P202301933,吕杰,男,41,410103198311033222,城乡居民,南阳市,2020-06-14,在保
P202301819,于嘉伟,男,46,410202197809123964,城镇职工,平顶山市,2020-09-23,在保
P202301003,郑明,男,51,410106197303099940,城乡居民,驻马店市,2023-09-08,退保
P202300719,韩敏,女,43,410202198107120573,城镇职工,新乡市,2021-04-25,在保
P202302756,罗婷,女,41,410104198301286787,城镇职工,信阳市,2022-01-17,在保
P202302777,阎建国,男,45,410502197901105145,灵活就业,鹤壁市,2020-07-04,在保
P202304633,杨凤英,女,56,410502196810141822,城镇职工,商丘市,2021-09-27,在保
P202300309,徐玉兰,女,59,410106196512047890,城镇职工,焦作市,2022-05-29,在保
P202301565,于秀英,女,63,410202196104093754,城镇职工,信阳市,2020-11-19,在保
P202300834,叶辉,男,36,410202198804038359,城乡居民,商丘市,2021-09-12,在保
P202300367,蔡伟,男,54,410402197010151817,城镇职工,周口市,2023-02-03,在保
P202304880,罗秀兰,女,67,410106195702046609,城镇职工,商丘市,2020-08-11,在保
P202302120,曾语嫣,女,46,410105197809233065,城乡居民,商丘市,2022-10-15,在保
P202303197,赵永强,男,62,410402196210265613,城镇职工,郑州市,2023-12-22,在保
P202303837,董超,男,72,410105195206113178,城乡居民,漯河市,2020-08-06,在保
P202302590,赵波,男,48,410502197611077117,灵活就业,洛阳市,2020-02-29,在保
P202303989,谢晓红,女,84,410104194006136216,城镇职工,洛阳市,2023-04-30,在保
P202300020,陈婷,女,24,410402200004181359,城镇职工,周口市,2022-08-26,在保
P202301478,梁宇航,男,57,410105196712196243,城乡居民,鹤壁市,2021-05-25,在保
P202301607,程海涛,男,52,410104197207073531,城镇职工,郑州市,2020-03-05,在保
P202302659,卢美琳,女,53,410103197103018029,城乡居民,开封市,2023-02-08,在保
P202300219,沈建华,男,41,410202198309151193,城镇职工,许昌市,2023-04-09,在保
P202301879,袁宇航,男,19,410302200503088775,城乡居民,安阳市,2022-04-08,停保
P202300439,胡敏,女,19,410702200501287698,城镇职工,信阳市,2023-08-13,在保
P202301159,刘超,男,67,410702195708090803,灵活就业,漯河市,2020-10-07,在保
P202301615,梁俊杰,男,46,410402197805109120,城乡居民,鹤壁市,2021-04-14,在保
P202304784,马霞,女,32,410104199208024632,城乡居民,焦作市,2021-09-06,在保
P202303502,黄玉兰,女,38,410102198602030833,灵活就业,周口市,2020-08-05,在保
P202301182,马桂英,女,75,410103194907145172,城镇职工,周口市,2022-10-09,在保
P202304698,何天宇,男,72,410106195208021543,城镇职工,南阳市,2020-01-13,在保
P202304002,周思琪,女,49,410202197504219901,城镇职工,许昌市,2020-07-29,在保
P202302819,冯语嫣,女,57,410302196704270962,城镇职工,周口市,2022-08-02,退保
P202300803,魏强,男,51,410106197311173621,城乡居民,郑州市,2024-03-29,在保
P202303059,马晨曦,男,28,410302199612259922,城镇职工,开封市,2022-01-19,在保
P202303575,蒋永强,男,27,410502199709214588,灵活就业,开封市,2023-09-03,退保
P202303797,薛志强,男,47,410302197701015104,城乡居民,南阳市,2020-07-22,在保
P202302466,韩萍,女,65,410104195905064497,灵活就业,漯河市,2021-04-29,在保
P202300583,郑秀英,女,61,410106196301113848,灵活就业,鹤壁市,2020-12-05,在保
P202300204,唐诗涵,女,68,410104195605022941,城镇职工,焦作市,2022-06-24,在保
P202304114,冯明,男,22,410103200202022708,城镇职工,鹤壁市,2021-11-10,在保
P202303485,高文博,男,31,410106199309029517,城乡居民,郑州市,2021-08-16,在保
P202302293,彭静,女,51,410502197307245167,城镇职工,周口市,2020-04-16,在保
P202302223,于丽,女,63,410102196103031703,城镇职工,许昌市,2024-01-28,在保
P202303476,唐勇,男,26,410102199808273021,城镇职工,安阳市,2021-06-23,在保
P202302329,郭强,男,62,410103196202127073,城镇职工,鹤壁市,2021-11-10,在保
P202304628,吕建国,男,36,410302198811026556,城乡居民,鹤壁市,2022-12-06,在保
P202303429,朱涛,男,57,410502196707237326,城镇职工,郑州市,2020-07-24,在保
P202301996,林美琳,女,69,410106195508069105,城镇职工,商丘市,2020-04-27,在保
P202303404,曹秀兰,女,48,410106197610196948,城乡居民,南阳市,2021-05-20,在保
P202303419,许佳慧,女,26,410402199808036078,灵活就业,漯河市,2024-03-23,在保
P202300518,董鹏,男,32,410502199206150008,城乡居民,南阳市,2024-02-11,在保
P202302504,宋静,女,38,410103198604123989,城乡,安阳市,2022-12-14,在保
P202301376,冯思琪,女,46,410202197802011037,城乡,新乡市,2023-04-14,在保
P202302058,宋慧,女,65,410104195903022500,城乡居民,郑州市,2021-09-10,在保
P202300669,程天宇,男,2,410502202205156355,城乡居民,平顶山市,2023-10-10,停保
P202302465,马霞,女,65,410502195903112452,城镇职工,鹤壁市,2022-03-19,停保
P202301979,薛文博,男,36,410103198802149975,城乡居民,周口市,2023-05-18,在保
P202304962,曾晓红,女,31,410302199302090038,城镇职工,新乡市,2020-01-01,在保
P202300997,贾涛,男,82,410302194208225458,城乡居民,洛阳市,2020-12-04,在保
P202302474,唐波,男,25,410402199901264530,灵活就业,新乡市,2023-02-17,在保
P202302802,于慧,女,95,410402192908247001,城镇职工,许昌市,2024-03-26,在保
P202303556,林嘉伟,男,49,410402197507209525,城镇职工,焦作市,2021-12-22,在保
P202304430,魏佳慧,女,41,410702198311228446,城镇职工,信阳市,2020-04-05,在保
P202303411,徐子轩,男,37,410502198708095773,城镇职工,周口市,2020-05-13,在保
P202303461,谢文博,男,80,410104194401213683,城镇职工,焦作市,2021-02-11,在保
P202304639,程淑珍,女,13,410103201111128901,城乡居民,新乡市,2023-06-29,在保
P202300760,黄语嫣,女,62,410104196202120953,城乡居民,鹤壁市,2021-08-04,在保
P202304233,林晓红,女,39,410106198508152839,城镇职工,南阳市,2021-04-13,在保
P202301398,朱思琪,女,32,410502199212223115,城乡居民,新乡市,2023-03-13,在保
P202304968,孙欣怡,女,70,410202195410013942,城镇职工,信阳市,2023-10-27,在保
P202302253,何萍,女,23,410202200103122629,城乡居民,平顶山市,2020-12-18,在保
P202302396,吴明,男,23,410105200101065644,城乡居民,周口市,,在保
P202304634,冯霞,女,65,410103195910096035,城乡居民,鹤壁市,2022-11-02,停保
P202300215,刘永强,男,44,410106198003137028,城镇职工,漯河市,2023-12-11,在保
P202303399,邓婷,女,90,410105193405249842,城镇职工,驻马店市,2023-02-12,在保
P202301118,杨天宇,男,48,410105197607199401,城镇职工,安阳市,2021-03-24,在保
P202300694,郭思琪,女,61,410202196302185935,城乡居民,鹤壁市,2020-10-21,在保
P202301579,,男,36,410402198812153803,城乡居民,信阳市,2020-09-24,在保
P202302672,郭俊杰,男,60,410106196412128501,城乡居民,郑州市,2021-09-20,在保
P202302500,魏磊,男,56,410105196807070469,城乡居民,安阳市,2021-07-02,在保
P202301030,韩丽,女,31,410202199311141994,城镇职工,洛阳市,2020-08-01,在保
P202301823,宋飞,男,45,410104197911216570,城镇职工,新乡市,2023-12-07,在保
P202301943,苏语嫣,女,54,410104197009023385,城镇职工,郑州市,2022-07-01,在保
P202302582,唐玉兰,女,57,410702196702094996,城乡居民,开封市,2022-01-27,在保
P202304992,刘永强,男,62,410102196208067153,灵活就业,许昌市,2020-05-26,在保
P202300197,宋思琪,女,34,410302199010108150,城镇职工,周口市,2022-08-29,在保
P202303933,郑国强,男,65,410103195903110022,城镇职工,许昌市,2021-01-26,在保
P202303909,高玲,女,60,410104196408156722,城乡居民,焦作市,2021-01-23,在保
P202301925,刘佳慧,女,87,410106193712243754,城乡居民,漯河市,2020-09-27,在保
P202300880,谢建国,男,71,410202195307131601,城镇职工,开封市,2023-01-03,在保
P202303110,宋磊,男,16,410302200801235551,城镇职工,鹤壁市,2021-01-03,在保
P202303694,黄晓红,女,69,410103195501204207,城乡居民,安阳市,2021-12-02,在保
P202304974,宋明,男,12,410702201211242745,城乡居民,驻马店市,2022-09-14,在保
P202301748,冯芳,女,59,410702196508240237,城镇职工,平顶山市,2023-12-10,在保
P202300888,李秀英,女,43,410402198107117636,城乡居民,鹤壁市,2021-02-02,在保
P202304155,曹浩然,男,67,410105195701240148,灵活就业,鹤壁市,2020-02-07,在保
P202300069,卢雨彤,女,56,410102196802102266,城乡居民,许昌市,2021-05-13,在保
P202302729,唐丽,女,36,410102198809268301,城乡居民,开封市,2020-10-07,在保
P202302101,唐玲,女,56,410103196810045435,灵活就业,安阳市,2023-02-13,在保
P202300569,林艳,女,16,410402200808144521,城乡居民,周口市,2023-05-14,在保
P202302026,朱天宇,男,53,410104197103235200,灵活就业,商丘市,2020-08-05,在保
P202300097,程宇航,男,55,410202196910234071,灵活就业,鹤壁市,2021-11-03,停保
P202301042,董超,男,41,410702198306120856,城乡居民,驻马店市,2022-07-10,在保
P202301455,宋玉兰,女,60,410302196407233502,城乡居民,焦作市,2024-01-12,在保
P202300140,宋浩然,男,27,410502199711045438,城镇职工,新乡市,2024-05-08,在保
P202302314,董子轩,男,58,410502196607108350,城镇职工,南阳市,2024-03-12,在保
P202302654,贾慧,女,68,410202195606203160,城镇职工,许昌市,2022-07-09,在保
P202301261,王慧,女,60,410103196408187036,城镇职工,许昌市,2021-03-11,停保
P202301840,胡浩,男,46,410103197807136178,城乡居民,许昌市,2021-08-22,在保
P202303929,薛志强,男,28,410302199603102100,城乡居民,鹤壁市,2023-07-25,在保
P202301352,张雪,女,17,410702200712171732,城镇职工,洛阳市,2020-01-31,在保
P202301967,宋紫薇,女,46,410702197809265567,灵活就业,焦作市,2023-03-04,停保
P202303796,魏晓红,女,44,410702198011208797,城乡居民,鹤壁市,2024-01-14,在保
P202304027,宋涛,男,35,410104198910261806,灵活就业,鹤壁市,2022-05-09,在保
P202301026,卢雨彤,女,57,410103196703029020,城镇职工,周口市,2024-03-18,在保
P202300464,韩海涛,男,53,410202197107121092,城镇职工,南阳市,2023-08-27,在保
P202302375,叶雨彤,女,70,410502195407227407,城乡居民,郑州市,2022-04-13,在保
P202301273,蔡玲,女,30,410102199409091834,城乡居民,焦作市,2022-05-04,在保
P202303938,何波,男,26,410402199804275002,城职,新乡市,2023-12-15,在保
P202300595,吕辉,男,68,410302195603239395,灵活就业,平顶山市,2021-10-27,在保
P202302216,张静,女,54,410702197011043278,城镇职工,周口市,2020-07-05,在保
P202304918,郑霞,女,43,410106198106282553,城镇职工,安阳市,2022-06-29,在保
P202300626,张伟,男,40,410102198410229153,城乡居民,周口市,2023-07-30,在保
P202300451,谢莉,女,48,410103197609093853,城乡居民,驻马店市,2022-04-11,在保
P202301551,许桂英,女,48,410702197602091276,城镇职工,鹤壁市,2023-02-01,退保
P202301413,韩秀英,女,58,410402196602115747,城乡居民,周口市,2022-03-07,在保
P202301872,刘文博,男,46,410402197806087136,城乡居民,漯河市,,在保
P202304486,曹斌,男,21,410402200306259841,城镇职工,许昌市,2024-02-29,在保
P202302471,刘晓红,女,69,410202195507197069,灵活就业,周口市,2020-05-22,在保
P202301336,郭凤英,女,43,410104198111110742,城乡居民,商丘市,2023-03-24,在保
P202303847,徐嘉伟,男,69,410402195507235123,灵活就业,焦作市,2020-11-17,在保
P202304407,王莉,女,47,410102197702244037,城乡居民,平顶山市,2021-10-09,在保
P202304026,薛娟,女,44,410102198006179918,城乡居民,南阳市,2022-12-29,在保
P202302985,邓军,男,20,410502200411287825,城乡居民,洛阳市,2021-03-13,在保
P202304081,萧磊,男,61,410102196311157742,城乡居民,周口市,2022-11-22,在保
P202303300,吕文博,男,70,410104195405186165,城镇职工,焦作市,2022-12-30,在保
P202304729,张军,男,78,410202194608177531,城镇职工,南阳市,2022-02-03,停保
P202301000,徐明,男,60,410105196405026542,城镇职工,漯河市,2021-07-22,停保
P202301537,胡永强,男,59,410402196504041766,城乡居民,驻马店市,2023-07-21,在保
P202302019,林勇,男,61,410402196304236303,城镇职工,漯河市,2022-12-05,在保
P202300193,袁凤英,女,53,410106197110226251,城乡居民,开封市,2020-07-17,在保
P202303817,宋婷,女,43,410202198103232965,城乡居民,开封市,2023-03-12,在保
P202304224,高天宇,男,71,410104195312183308,城镇职工,信阳市,2023-09-30,在保
P202301375,贾秀兰,女,76,410103194805277414,城镇职工,漯河市,2021-05-30,在保
P202304275,李雨彤,女,13,410202201101020424,城镇职工,焦作市,2023-02-04,在保
P202304480,曹佳慧,女,68,410502195609027165,城乡居民,鹤壁市,2020-03-30,在保
P202304969,张美琳,女,44,410103198005100762,城乡居民,安阳市,2021-11-24,停保
P202302606,刘涛,男,46,410103197807027127,城镇职工,周口市,2023-10-06,在保
P202303689,卢芳,女,72,410202195201245718,城乡居民,漯河市,2024-05-04,停保
P202302842,胡浩,男,22,410106200211053075,城镇职工,洛阳市,2023-11-02,在保
P202303865,韩萍,女,43,410502198104149510,城镇职工,商丘市,2023-03-03,在保
P202304237,李萍,女,75,410702194907066091,城乡居民,安阳市,2021-12-28,停保
P202303856,丁明,男,47,410202197703065836,城镇职工,许昌市,2021-07-11,在保
P202302715,张欣怡,女,56,410102196802137252,城乡居民,南阳市,2020-01-19,在保
P202303754,林思琪,女,41,410502198309099704,城乡居民,开封市,2022-07-30,在保
P202302246,何明,男,51,410302197302164198,城镇职工,开封市,2020-11-30,停保
P202301659,赵永强,男,31,410502199308231383,灵活就业,许昌市,2021-03-15,在保
P202302562,何嘉伟,男,51,410302197312247121,城镇职工,焦作市,2023-11-07,在保
P202304967,徐建国,男,33,410105199109248051,灵活就业,新乡市,2022-10-21,停保
P202300192,叶淑珍,女,65,410302195901195753,城镇职工,焦作市,2023-02-07,在保
P202304607,萧玉兰,女,43,410302198106244683,城镇职工,许昌市,2020-10-12,在保
P202301744,林浩,男,70,410106195402134818,城镇职工,洛阳市,2020-10-17,停保
P202303086,李晓红,女,55,410102196912256070,灵活就业,洛阳市,2020-03-31,在保
P202304288,曹霞,女,150,410502197101215778,城镇职工,周口市,2022-07-13,在保
P202301863,丁斌,男,64,410105196008244170,城镇职工,焦作市,2021-01-17,退保
P202301768,唐国强,男,46,410105197806176225,城镇职工,洛阳市,2021-04-02,停保
P202301895,何飞,男,48,410105197601136233,城乡居民,焦作市,2024-01-12,在保
P202304850,傅晓红,女,58,410102196609235276,灵活就业,漯河市,2023-11-23,在保
P202303718,彭艳,女,91,410702193303150839,城乡居民,焦作市,2021-05-30,在保
P202302523,徐淑珍,女,56,410105196809095638,城乡居民,信阳市,2022-04-21,在保
P202303467,吕莉,女,42,410502198202171110,灵活就业,郑州市,,在保
P202304054,林嘉伟,男,53,410202197107077043,城乡居民,鹤壁市,2021-02-27,在保
P202303931,林欣怡,女,62,410106196210049022,城镇职工,平顶山市,2020-05-10,在保
P202300167,张飞,男,64,410502196007275567,灵活就业,安阳市,2020-03-15,在保
P202302219,何芳,女,87,410105193708276738,城乡居民,洛阳市,2023-03-02,在保
P202303679,吕嘉伟,男,71,410702195309166556,城乡居民,许昌市,2022-03-20,停保
P202301025,吴紫薇,女,81,410104194312177154,城镇职工,信阳市,2022-04-22,在保
P202301362,阎雪,女,60,410103196411283508,城乡居民,安阳市,2020-05-09,在保
P202302901,魏强,男,49,410502197502272646,灵活就业,新乡市,2021-06-14,在保
P202301893,卢梦瑶,女,42,410104198208060313,城乡居民,鹤壁市,2023-02-10,在保
P202303567,郑玉兰,女,54,410202197006148202,城乡居民,洛阳市,2022-05-18,退保
P202301097,叶玲,女,51,410104197309049362,城乡居民,新乡市,2022-01-14,在保
P202302099,丁文博,男,22,410103200203281551,城镇职工,鹤壁市,2020-12-20,在保
P202304920,谢娜,女,73,410302195104252007,城镇职工,郑州市,2022-05-25,在保
P202300153,孙俊杰,男,37,410702198703244480,城乡居民,南阳市,2022-01-16,在保
P202302584,徐玲,女,72,410106195207147365,灵活就业,商丘市,2021-04-22,在保
P202304796,韩丽,女,27,410502199711028681,城镇职工,许昌市,2020-12-27,停保
P202303950,蔡晓红,女,26,410202199808084974,城镇职工,驻马店市,2024-03-14,在保
P202301520,陈辉,男,83,410103194107126776,城乡居民,郑州市,2023-11-30,在保
P202304210,蒋志强,男,29,410105199511203047,城镇职工,鹤壁市,2022-03-01,在保
P202301673,卢莉,女,42,410104198201171848,城乡居民,漯河市,2021-04-19,在保
P202302923,王晓红,女,46,410702197805227717,城镇职工,漯河市,2020-06-12,在保
P202301434,苏凤英,女,39,410104198508189005,城乡居民,新乡市,2020-10-22,在保
P202304872,吕浩,男,74,410106195005154355,灵活就业,许昌市,2021-01-07,在保
P202302032,沈俊杰,男,32,410202199207033214,城乡居民,平顶山市,2022-09-02,在保
P202301624,郑宇航,男,37,410104198707261938,城镇职工,安阳市,2024-01-25,在保
P202300032,蒋俊杰,男,83,410103194103091181,城乡居民,许昌市,2023-02-07,在保
P202300938,刘莉,女,62,410302196207117895,城乡居民,平顶山市,,停保
P202301527,许梦瑶,女,83,410106194110047148,城乡居民,信阳市,2020-12-22,停保
P202302651,王丽,女,33,410302199102225990,城镇职工,洛阳市,2023-03-26,在保
P202304565,胡雨彤,女,64,410502196009245105,城乡居民,焦作市,2023-05-12,在保
P202300310,何天宇,男,46,410103197808155235,灵活就业,郑州市,2022-10-20,停保
P202303001,谢佳慧,女,15,410102200903288639,城镇职工,新乡市,2021-02-11,在保
P202301500,朱婷,女,60,410102196404271855,城镇职工,新乡市,2022-10-20,停保
P202304158,宋海涛,男,41,410302198310190382,城乡居民,洛阳市,2024-05-12,在保
P202304450,高国强,男,76,410102194806209746,城乡居民,南阳市,2023-10-24,在保
P202300496,阎波,男,59,410103196502096322,城乡居民,洛阳市,2023-09-03,停保
P202300206,林强,男,33,410502199104212380,城乡居民,洛阳市,2022-04-26,在保
P202302727,宋天宇,男,68,410103195606189019,灵活就业,平顶山市,2021-01-03,在保
P202303426,蒋子轩,男,69,410302195502061811,灵活就业,平顶山市,2021-11-23,在保
P202303905,许永强,男,79,410702194501041024,城乡居民,鹤壁市,2021-11-17,在保
P202300306,吴建华,男,52,410702197211258541,城镇职工,安阳市,2023-12-01,在保
P202303867,徐莉,女,55,410104196907135792,城乡居民,新乡市,2024-05-12,在保
P202302313,傅海涛,男,54,410105197010162719,城镇职工,许昌市,2023-07-07,在保
P202301062,郭美琳,女,0,410106202407222470,城乡居民,漯河市,2022-04-29,在保
P202300844,叶敏,女,56,410702196802039970,城乡居民,漯河市,2020-03-09,在保
P202302768,郑玲,女,58,410103196605217746,城镇职工,郑州市,2023-05-21,在保
P202304674,苏丽,女,31,410502199311010763,城镇职工,商丘市,2022-07-08,退保
P202300212,薛飞,男,70,410702195411251972,城乡居民,周口市,2023-08-01,停保
P202301109,叶勇,男,38,410103198605267535,城乡居民,信阳市,2022-10-01,在保
P202303789,韩超,男,53,410502197108124039,城镇职工,开封市,2022-06-03,停保
P202300680,魏志强,男,72,410104195211181194,灵活就业,郑州市,2022-04-02,在保
P202300566,沈语嫣,女,42,410104198203281482,城乡居民,平顶山市,2023-12-29,在保
P202304663,袁海涛,男,39,410502198511172934,城镇职工,平顶山市,2024-04-25,在保
P202303652,沈紫薇,女,59,410702196511092721,城镇职工,郑州市,2024-01-08,在保
P202300681,董超,男,62,410102196210211999,城镇职工,驻马店市,2021-03-30,在保
P202300181,萧思琪,女,61,410104196309216012,城乡居民,平顶山市,2020-09-21,在保
P202303949,卢娟,女,44,410402198012193380,城乡居民,鹤壁市,2022-07-04,在保
P202301770,李萍,女,59,410402196511108444,城镇职工,新乡市,2020-01-16,在保
P202303144,韩勇,男,39,410302198512266018,城镇职工,周口市,2021-01-19,停保
P202304318,张国强,男,70,410402195411121886,灵活就业,驻马店市,2022-03-21,在保
P202300279,吕娜,女,51,410102197308051996,灵活就业,驻马店市,2022-11-01,在保
P202301150,林志强,男,34,410702199010238550,城镇职工,焦作市,2020-05-24,停保
P202301322,梁建国,男,59,410702196507257434,灵活就业,新乡市,2021-06-22,在保
P202300433,何斌,男,45,410302197907110176,城镇职工,商丘市,2020-08-30,在保
P202300290,魏浩,男,38,410202198602265476,城乡居民,新乡市,2022-05-29,在保
P202301028,于嘉伟,男,52,410103197209139732,城镇职工,许昌市,2021-03-09,在保
P202300536,许莉,女,50,410502197412081560,城镇职工,商丘市,2024-02-07,退保
P202304630,彭辉,男,57,410102196707284800,城镇职工,驻马店市,2020-03-02,在保
P202300189,林语嫣,女,34,410202199010243203,灵活就业,平顶山市,2020-11-22,在保
P202304044,邓浩,男,55,410402196905023668,城镇职工,周口市,2024-03-20,停保
P202303993,韩国强,男,14,410104201003253559,灵活就业,许昌市,2020-06-09,在保
P202304548,徐静,女,48,410302197608202770,灵活就业,南阳市,2023-09-26,在保
P202300271,卢敏,女,75,410104194912085282,城乡居民,驻马店市,2020-11-23,在保
P202303292,高辉,男,5,410202201911233777,城乡居民,新乡市,2021-12-01,停保
P202304127,贾飞,男,34,410702199012231465,城镇职工,商丘市,2024-01-02,在保
P202304095,赵强,男,72,410402195205102637,城乡居民,周口市,2023-11-15,在保
P202303769,程文彬,男,61,410105196308158703,城镇职工,洛阳市,2020-09-23,在保
P202300112,吕娟,女,49,410402197512106646,城乡居民,洛阳市,2020-10-13,在保
P202301972,邓佳慧,女,0,410702202408240045,城镇职工,周口市,2020-07-12,在保
P202300221,唐辉,男,91,410105193310030466,城乡居民,焦作市,2023-12-05,在保
P202301428,萧艳,女,30,410102199407131564,灵活就业,驻马店市,2020-05-10,在保
P202300628,何鹏,男,47,410103197711159444,城乡居民,平顶山市,2022-05-24,在保
P202302656,卢梦瑶,女,65,410502195902103396,城乡居民,安阳市,2022-06-22,在保
P202303425,罗国强,男,18,410105200608132657,城乡居民,安阳市,2022-07-30,在保
P202303009,朱娟,女,69,410502195505047748,城镇职工,信阳市,2024-04-13,在保
P202300791,董宇航,男,57,410103196702266259,城乡,平顶山市,2020-07-27,在保
P202304836,韩雨彤,女,51,410105197301183860,城乡居民,平顶山市,2021-08-30,在保
P202300462,郑莉,女,50,410702197402141374,城乡居民,信阳市,2024-04-17,在保
P202304447,赵雪,女,34,410302199011196545,城镇职工,漯河市,2023-06-04,在保
P202300552,曾建华,男,47,410105197703107058,城乡居民,漯河市,2020-10-03,在保
P202302403,薛强,男,40,410104198410173962,灵活就业,开封市,2022-04-21,在保
P202304182,吕紫薇,女,40,410105198404289554,城镇职工,开封市,2020-09-29,在保
P202300199,张国强,男,51,410103197304014515,灵活就业,南阳市,2020-11-06,在保
P202302641,梁宇航,男,82,410102194209106912,灵活就业,新乡市,2024-03-03,在保
P202302835,朱涛,男,45,410402197904144630,灵活就业,信阳市,2023-11-19,在保
P202300403,刘婷,女,50,410302197407272401,城镇职工,信阳市,2022-06-28,在保
P202303339,薛霞,女,59,410103196504207871,城镇职工,漯河市,2023-03-25,退保
P202302178,贾佳慧,女,53,410402197104137756,城乡居民,开封市,2022-06-19,在保
P202304813,阎霞,女,61,410202196302050606,城镇职工,周口市,2020-02-17,在保
P202302074,杨晨曦,男,53,410105197112195694,城镇职工,鹤壁市,2022-09-25,在保
P202301731,程浩然,男,45,410102197911285266,城镇职工,周口市,2022-03-11,停保
P202304508,许鹏,男,54,410106197001131638,城镇职工,开封市,2022-10-23,在保
P202300651,刘海涛,男,83,410105194107093429,城镇职工,平顶山市,2024-04-02,在保
P202300709,陈超,男,12,410202201204208646,灵活就业,洛阳市,2021-04-21,在保
P202304590,董语嫣,女,30,410402199402126585,城乡居民,许昌市,2021-04-03,在保
P202304459,梁丽,女,22,410106200202243247,城乡居民,新乡市,2020-06-01,在保
P202303323,杨鹏,男,22,410106200209021669,城乡居民,驻马店市,2023-05-18,在保
P202301898,孙霞,女,78,410202194605094370,城镇职工,鹤壁市,2022-12-24,在保
P202301833,曹芳,女,67,410502195701112033,城镇职工,周口市,2022-04-04,在保
P202300315,梁秀英,女,73,410102195106072989,城乡居民,平顶山市,2021-09-14,在保
P202301243,陈涛,男,39,410502198503242731,城乡居民,开封市,2022-06-27,在保
P202304520,贾萍,女,33,410106199106145651,灵活就业,焦作市,2020-03-05,在保
P202300114,曾欣怡,女,94,410302193011048537,城乡居民,周口市,2022-04-15,停保
P202300961,苏雨彤,女,61,410202196310226638,城乡居民,周口市,2020-12-01,在保
P202303908,萧紫薇,女,24,410104200003222108,城乡居民,郑州市,2021-05-30,在保
P202302743,许建华,男,50,410103197405174380,城镇职工,郑州市,2023-08-27,在保
P202301685,谢思琪,女,28,410106199603265906,城镇职工,许昌市,2020-03-26,在保
P202304102,程凤英,女,35,410302198907182968,城镇职工,漯河市,2020-04-15,在保
P202302660,程雪,女,59,410103196512200612,城镇职工,开封市,2021-05-18,在保
P202301633,罗欣怡,女,38,410102198601103352,城镇职工,许昌市,2020-07-09,停保
P202303260,邓婷,女,75,410106194910200358,城镇职工,郑州市,2021-03-09,退保
P202304708,苏桂英,女,41,410103198305085412,城乡居民,焦作市,2023-10-31,在保
P202303483,黄超,男,43,410104198108202613,城乡居民,信阳市,2022-06-14,退保
P202304574,周敏,女,39,410104198507125185,城镇职工,周口市,2022-08-20,退保
P202301880,苏杰,男,35,410202198912100551,城乡居民,南阳市,2023-07-19,在保
P202304122,刘子轩,男,47,410102197708256217,城镇职工,开封市,2023-04-11,在保
P202302006,徐斌,男,53,410106197106102180,城乡居民,信阳市,2023-03-06,在保
P202300327,蔡梦瑶,女,70,410103195410192651,灵活就业,郑州市,2020-05-12,在保
P202300605,李娟,女,57,410702196707213256,城镇职工,南阳市,2022-02-20,在保
P202304234,沈美琳,女,59,410104196512149412,灵活就业,驻马店市,2020-08-22,在保
P202303078,宋淑珍,女,59,410103196510201605,城镇职工,鹤壁市,2022-02-01,停保
P202302631,傅秀兰,女,55,410106196912211318,城乡居民,郑州市,2020-12-24,在保
P202304367,魏佳慧,女,40,410202198401203587,城乡居民,漯河市,2023-03-14,在保
P202304692,王勇,男,54,410106197009160820,灵活就业,鹤壁市,2021-04-10,在保
P202303249,程俊杰,男,54,410106197004084348,城镇职工,周口市,2022-02-02,在保
P202304973,朱天宇,男,31,410502199311193739,城乡居民,洛阳市,2024-02-06,停保
P202303393,王霞,女,48,410105197604221268,城镇职工,漯河市,2022-11-19,在保
P202301472,曹波,男,39,410502198505081947,城镇职工,周口市,2024-01-22,在保
P202301774,吕美琳,女,53,410302197108248668,城镇职工,洛阳市,2021-05-02,在保
P202302785,高诗涵,女,41,410104198302195633,城乡居民,南阳市,2023-03-07,停保
P202300790,阎娜,女,20,410502200405058738,城乡居民,周口市,2023-10-03,在保
P202302355,杨俊杰,男,71,410702195310191932,城乡居民,安阳市,2023-11-29,在保
P202302926,沈欣怡,女,54,410202197004104512,城镇职工,驻马店市,2021-05-05,在保
P202301546,郭语嫣,女,58,410502196604119495,城镇职工,漯河市,2021-05-05,在保
P202300872,唐明,男,35,410105198908085289,城镇职工,平顶山市,2023-02-05,在保
P202304393,宋建国,男,55,410202196904150715,城乡居民,南阳市,2024-04-26,在保
P202301372,高思琪,女,80,410103194409246247,城镇职工,开封市,2020-05-24,停保
P202303079,梁明,男,54,410102197008255291,城乡居民,周口市,2020-07-05,在保
P202300074,赵语嫣,女,78,410106194608164515,城镇职工,开封市,2020-04-15,在保
P202301816,吴文彬,男,33,410104199101278429,城镇职工,新乡市,2023-12-05,在保
P202304404,沈文彬,男,56,410302196809288194,城乡居民,安阳市,2021-10-21,在保
P202302265,邓桂英,女,62,410102196211040783,灵活就业,信阳市,2021-11-28,在保
P202303995,曹波,男,12,410103201210035848,城镇职工,鹤壁市,2022-05-20,在保
P202302012,胡艳,女,36,410103198805026610,城乡居民,漯河市,2024-04-12,在保
P202304621,郭伟,男,41,410502198303107706,城乡居民,安阳市,2023-06-01,在保
P202303883,袁嘉伟,男,16,410103200806033204,城乡居民,许昌市,2022-10-06,在保
P202302288,赵志强,男,45,410105197909017942,城镇职工,漯河市,2022-06-24,在保
P202302944,薛娟,女,46,410502197807137647,城镇职工,洛阳市,2021-12-09,在保
P202303826,蔡宇航,男,71,410202195312246922,灵活就业,鹤壁市,2020-01-19,在保
P202300495,薛雨彤,女,77,410105194703131051,城乡居民,洛阳市,2022-08-27,在保
P202303195,周丽,女,22,410105200206233364,城乡居民,商丘市,2024-02-05,在保
P202302233,冯秀兰,女,14,410202201007196219,城镇职工,安阳市,2021-08-03,在保
P202304911,马凤英,女,40,410102198411182175,城镇职工,信阳市,2020-09-27,在保
P202301165,许凤英,女,68,410702195609091666,城镇职工,信阳市,2024-03-07,退保
P202303293,胡海涛,男,72,410402195208217300,城镇职工,郑州市,2021-06-05,在保
P202302365,唐建华,男,38,410103198606223041,灵活就业,驻马店市,2022-02-02,在保
P202303639,阎强,男,47,410702197704027136,城乡居民,漯河市,2021-06-04,在保
P202302222,郭凤英,女,38,410102198609061203,灵活就业,周口市,2022-12-16,在保
P202304263,梁波,男,63,410502196108260282,城乡居民,信阳市,2022-12-02,停保
P202300619,阎淑珍,女,58,410402196612211713,城镇职工,周口市,2024-02-12,在保
P202304344,唐俊杰,男,68,410105195602169941,城乡居民,焦作市,2020-08-20,在保
P202304471,张鹏,男,55,410103196906242481,城职,许昌市,2020-08-18,在保
P202304822,邓晓红,女,46,410502197801228669,城镇职工,焦作市,2022-09-14,在保
P202304521,赵晓红,女,41,410105198311045467,城镇职工,周口市,2023-02-01,在保
P202302115,阎敏,女,63,410103196104056798,城镇职工,平顶山市,2020-11-17,在保
P202303479,黄永强,男,70,410105195404272484,灵活就业,平顶山市,2023-04-04,停保
P202300870,薛诗涵,女,86,410106193804236182,城乡居民,鹤壁市,2024-03-20,在保
P202303810,卢静,女,64,410106196006119482,城乡居民,洛阳市,2022-10-02,在保
P202301043,吕海涛,男,69,410105195512275740,城镇职工,开封市,2020-08-03,在保
P202301406,孙雪,女,36,410202198802286992,城镇职工,周口市,2022-02-05,在保
P202300357,胡诗涵,女,49,410702197505119321,城乡居民,洛阳市,2022-03-05,在保
P202301163,蒋鹏,男,24,410202200001207725,城镇职工,漯河市,2021-06-21,在保
P202302821,杨国强,男,44,410105198009287069,城乡居民,商丘市,2023-04-04,停保
P202301936,傅雨彤,女,22,410106200204266612,城镇职工,平顶山市,2023-03-08,在保
P202304005,梁莉,女,25,410202199901072057,城乡居民,周口市,2020-04-10,在保
P202303889,赵斌,男,52,410202197212101698,城乡居民,漯河市,2024-03-05,在保
P202303596,胡晓红,女,70,410104195412195127,城镇职工,漯河市,2022-05-16,在保
P202303617,黄淑珍,女,32,410106199204159517,城乡居民,郑州市,2023-08-03,在保
P202303713,吕浩,男,55,410104196901095187,城乡居民,新乡市,2020-03-20,在保
P202303803,孙秀兰,女,28,410106199611191761,城镇职工,商丘市,2020-11-25,在保
P202302908,吴斌,男,29,410702199505111560,灵活就业,南阳市,2021-09-20,在保
P202300333,彭娟,女,51,410106197301264838,城镇职工,焦作市,2024-04-19,在保
P202301341,朱浩然,男,52,410104197208048546,城镇职工,郑州市,2022-06-28,停保
P202303063,邓辉,男,48,410702197604073379,城镇职工,驻马店市,2024-02-18,在保
P202302930,邓晨曦,男,67,410502195701257821,城镇职工,驻马店市,2021-03-23,在保
P202301259,刘秀英,女,37,410104198706154052,城镇职工,信阳市,2020-01-02,在保
P202303741,郭欣怡,女,37,410103198709098715,城镇职工,焦作市,2021-03-05,在保
P202304307,卢婷,女,38,410104198601070776,城镇职工,洛阳市,2023-12-31,在保
P202301117,罗芳,女,93,410102193101091415,城镇职工,漯河市,2021-08-03,在保
P202301919,萧语嫣,女,46,410402197807017099,城镇职工,新乡市,2020-09-16,在保
P202303625,萧芳,女,84,410302194006015904,城乡居民,南阳市,2021-01-03,停保
P202303876,苏文彬,男,71,410102195302256892,城乡居民,开封市,2020-02-26,在保
P202302601,马强,男,16,410502200812090900,城乡居民,洛阳市,2022-06-08,在保
P202303332,杨海涛,男,22,410102200206259107,灵活就业,鹤壁市,2020-03-04,退保
P202301422,周思琪,女,69,410103195511041182,城乡居民,漯河市,2022-09-27,在保
P202300446,卢紫薇,女,62,410302196204256034,城镇职工,开封市,2022-08-09,在保
P202302289,罗建国,男,39,410402198511063920,城乡居民,开封市,2023-02-26,在保
P202300453,朱静,女,32,410202199210238361,城镇职工,商丘市,2021-04-16,在保
P202303868,薛诗涵,女,79,410105194511107356,城镇职工,漯河市,2023-01-11,在保
P202304479,郭欣怡,女,24,410106200005241409,城镇职工,漯河市,2021-06-17,在保
P202303015,程强,男,39,410702198506275934,城乡居民,平顶山市,2022-09-04,在保
P202300015,许浩然,男,18,410102200610115000,灵活就业,洛阳市,2022-01-13,停保
P202302999,黄飞,男,56,410103196810086526,灵活就业,许昌市,2020-10-10,在保
P202300946,马美琳,女,30,410105199412077520,城镇职工,焦作市,2024-01-26,停保
P202300248,高涛,男,38,410702198608090471,灵活就业,商丘市,2021-07-28,停保
P202304335,高军,男,58,410106196601189762,城镇职工,新乡市,2020-08-03,在保
P202300361,张淑珍,女,59,410202196512080507,灵活就业,漯河市,2021-07-04,停保
P202304704,曾斌,男,60,410202196407041390,城乡居民,平顶山市,2022-02-22,在保
P202301596,唐莉,女,31,410302199304102499,城镇职工,平顶山市,2020-12-03,在保
P202304581,唐鹏,男,53,410103197111170805,城乡居民,安阳市,2021-06-21,在保
P202302348,蔡子轩,男,34,410102199008148912,城镇职工,南阳市,2021-07-30,在保
P202304413,刘秀英,女,30,410502199401234819,灵活就业,焦作市,2024-02-21,在保
P202303549,董紫薇,女,29,410702199508076008,城乡居民,许昌市,2020-11-03,在保
P202302053,叶文彬,男,38,410106198605194614,城镇职工,新乡市,2023-03-23,停保
P202303561,宋美琳,女,54,410106197009273179,城镇职工,许昌市,2024-02-18,在保
P202301384,梁俊杰,男,39,410103198511133209,城镇职工,信阳市,2023-08-02,在保
P202304935,薛杰,男,41,410202198308039391,城镇职工,平顶山市,2022-02-23,退保
P202304852,程静,女,95,,城镇职工,驻马店市,2020-08-04,在保
P202300491,蔡婷,女,49,410402197502136284,城乡居民,信阳市,2023-07-17,退保
P202300863,蒋萍,女,77,410502194707259038,城镇职工,焦作市,2022-10-18,在保
P202301804,郑思琪,女,22,410202200211173652,城镇职工,新乡市,2023-07-29,在保
P202303407,沈永强,男,62,410105196210202639,灵活就业,焦作市,2023-05-06,在保
P202301946,魏芳,女,43,410702198102081021,城乡居民,洛阳市,2022-08-05,在保
P202304648,冯浩,男,49,410102197502033783,城镇职工,鹤壁市,2020-10-04,在保
P202303655,朱勇,男,52,410702197204124595,城乡居民,新乡市,2022-12-18,在保
P202300507,朱桂英,女,39,410402198506157130,城镇职工,焦作市,2020-06-13,在保
P202304163,王明,男,45,410106197912143786,城镇职工,商丘市,2021-12-25,在保
P202300026,马涛,男,51,410702197312180625,灵活就业,郑州市,2020-04-12,在保
P202302330,赵霞,女,65,410104195902196551,城镇职工,安阳市,2021-05-01,在保
P202301223,邓桂英,女,61,410202196310211692,城乡居民,安阳市,2022-12-07,在保
P202301114,郭玲,女,58,410702196609233519,城镇职工,洛阳市,2022-06-06,在保
P202303423,孙敏,女,57,410103196711123980,城镇职工,鹤壁市,2021-04-26,在保
P202303492,张美琳,女,46,410202197804041863,城镇职工,安阳市,2023-08-31,停保
P202304426,黄秀兰,女,29,410502199510153137,城镇职工,南阳市,,在保
P202304720,罗涛,男,52,410402197207176673,城镇职工,开封市,2023-03-28,在保
P202300434,叶子轩,男,62,410103196206171084,城乡,平顶山市,2023-11-05,在保
P202302108,沈雨彤,女,61,410104196309232031,城乡居民,许昌市,2023-01-30,在保
P202303866,邓斌,男,36,410202198812015425,城乡居民,焦作市,2023-04-01,在保
P202302894,薛文博,男,53,410105197109166603,城乡居民,鹤壁市,2022-01-01,退保
P202302134,谢晓红,女,60,410102196404026955,城职,许昌市,2022-03-10,在保
P202304006,李诗涵,女,60,410202196404126483,城镇职工,商丘市,2024-02-29,在保
P202303228,吴强,男,72,410202195206220236,城乡居民,洛阳市,2022-07-26,在保
P202302174,阎俊杰,男,52,410105197203224040,城乡,许昌市,2024-03-04,在保
P202303564,董霞,女,71,410102195307101262,城乡居民,漯河市,2024-05-07,退保
P202304756,程宇航,男,55,410702196906269829,城乡居民,驻马店市,2023-01-24,停保
P202301103,黄强,男,87,410702193705080678,灵活就业,洛阳市,2021-07-18,在保
P202302310,薛文彬,男,65,410402195912067767,城镇职工,开封市,2023-01-12,停保
P202301505,黄嘉伟,男,46,410102197808060141,城乡居民,洛阳市,2024-01-24,在保
P202303149,黄永强,男,48,410102197602273346,城乡居民,洛阳市,2022-04-30,在保
P202303917,冯斌,男,48,410106197601042682,城镇职工,洛阳市,2022-02-05,在保
P202300157,马磊,男,83,410106194108171506,城乡居民,洛阳市,2021-03-30,在保
P202303040,吕静,女,46,410103197801289094,城乡居民,南阳市,2022-04-30,在保
P202304195,周伟,男,7,410103201701260301,城镇职工,许昌市,2021-06-07,在保
P202300616,曹秀英,女,52,410103197205091359,城镇职工,安阳市,2021-07-17,停保
P202300644,叶强,男,22,410202200202042802,城乡居民,平顶山市,2022-04-30,在保
P202304896,刘文彬,男,49,410105197504123718,城镇职工,驻马店市,2021-12-14,在保
P202304279,曹强,男,48,410105197604120664,城乡居民,鹤壁市,2023-08-09,在保
P202301069,罗涛,男,41,410105198312258266,城乡居民,平顶山市,2021-06-17,在保
P202303351,王文博,男,40,410702198407211402,城镇职工,信阳市,2024-05-07,在保
P202302698,曾海涛,男,26,410502199803101636,城乡居民,南阳市,2023-09-12,在保
P202304284,冯雪,女,150,410103195704012358,灵活就业,安阳市,2022-02-16,在保
P202301567,何磊,男,51,410106197308053002,城乡居民,鹤壁市,2022-06-11,在保
P202300331,郭波,男,49,410105197511265383,城镇职工,商丘市,2023-01-18,在保
P202301676,贾海涛,男,44,410104198010150736,城镇职工,许昌市,2023-07-22,在保
P202302699,阎雨彤,女,61,410502196301036975,城乡居民,驻马店市,2021-07-02,停保
P202303682,贾永强,男,42,410702198212285042,城乡居民,安阳市,2022-08-04,在保
P202300623,吕晓红,女,83,410106194106092731,城乡居民,安阳市,2023-09-02,在保
P202301655,胡丽,女,56,410106196812254354,城镇职工,许昌市,2021-07-10,在保
P202302370,傅嘉伟,男,72,410104195207149097,城镇职工,漯河市,2023-03-22,在保
P202303726,邓斌,男,60,410106196403141294,城镇职工,安阳市,2022-10-16,在保
P202302961,蒋辉,男,35,410402198903063605,城乡居民,信阳市,2022-10-21,在保
P202302243,王慧,女,85,410302193906089784,城乡居民,安阳市,2022-02-20,在保
P202301618,阎萍,女,36,410402198810075468,城乡居民,安阳市,2024-05-15,在保
P202302764,高美琳,女,38,410402198610097903,城镇职工,鹤壁市,2021-04-03,在保
P202300756,黄桂英,女,95,410104192908289964,城镇职工,许昌市,2022-01-08,停保
P202300519,吕文博,男,51,410702197304117381,城镇职工,商丘市,2023-01-08,在保
P202304160,于凤英,女,51,410106197303171172,城乡居民,许昌市,2023-11-04,在保
P202300033,彭艳,女,49,410105197511218734,城乡居民,驻马店市,2022-09-27,在保
P202303690,蒋莉,女,47,410302197704263547,城乡居民,南阳市,2022-10-30,在保
P202301158,高凤英,女,90,410202193409108893,城乡居民,驻马店市,2021-07-01,在保
P202300745,何杰,男,59,410202196505070866,城乡居民,焦作市,2021-01-07,在保
P202302037,魏永强,男,57,410106196702075853,城镇职工,平顶山市,2024-01-07,在保
P202302448,唐强,男,45,410502197907021367,城镇职工,焦作市,2022-10-06,停保
P202301698,朱浩然,男,37,410105198709096015,城乡居民,漯河市,,在保
P202302643,宋娟,女,34,410302199010043358,灵活就业,焦作市,2021-10-07,在保
P202300784,董雨彤,女,60,410104196405241967,城镇职工,焦作市,2022-06-16,在保
P202301836,苏莉,女,56,410103196802024579,城镇职工,信阳市,2023-09-27,在保
P202302555,郭诗涵,女,34,410106199005016312,城镇职工,新乡市,2021-05-17,在保
P202300230,苏永强,男,62,410402196201129646,城镇职工,平顶山市,2022-12-10,在保
P202300858,李杰,男,58,410103196601276932,城乡居民,南阳市,2023-09-03,在保
P202302888,薛超,男,74,410202195007116149,城乡居民,焦作市,2020-02-04,在保
P202302407,谢嘉伟,男,26,410102199805042524,城乡居民,驻马店市,2020-12-19,在保
P202300409,黄嘉伟,男,52,410105197208278003,灵活就业,许昌市,2021-11-23,在保
P202300171,罗凤英,女,33,410302199103234545,城乡居民,信阳市,2020-03-27,在保
P202300541,胡桂英,女,65,410102195905063589,城镇职工,鹤壁市,2022-06-24,在保
P202303382,周秀兰,女,71,410202195311090919,城乡居民,驻马店市,2020-11-24,在保
P202302349,王芳,女,62,410105196208062044,城乡居民,南阳市,2020-07-03,在保
P202304564,曹美琳,女,53,410106197102034210,城乡居民,开封市,2022-11-07,在保
P202300614,冯玉兰,女,29,410106199505060369,灵活就业,许昌市,2021-09-14,在保
P202304271,梁婷,女,47,410105197706165154,城镇职工,平顶山市,2022-01-06,在保
P202302858,邓辉,男,45,410402197902114017,城乡居民,鹤壁市,2022-01-04,在保
P202304670,叶芳,女,50,410105197403168765,城镇职工,驻马店市,2023-01-20,在保
P202301162,曹芳,女,91,410302193308022293,灵活就业,南阳市,2021-01-12,在保
P202302102,罗玲,女,33,410102199101263972,城乡居民,周口市,2022-10-26,停保
P202302410,罗子轩,男,29,410105199501282919,城乡居民,洛阳市,2021-03-21,在保
P202302487,罗丽,女,43,410104198106137327,城乡居民,许昌市,2022-10-29,在保
P202301670,董丽,女,59,410702196509225803,城乡居民,信阳市,2022-05-20,在保
P202304843,苏莉,女,62,410106196208200850,城乡居民,鹤壁市,2023-04-09,在保
P202303318,马嘉伟,男,32,410702199205031393,城乡居民,漯河市,2020-11-11,在保
P202300565,杨婷,女,71,410502195310063878,城乡居民,南阳市,2020-03-30,在保
P202303802,陈霞,女,21,410502200306086421,城镇职工,安阳市,2020-08-10,在保
P202304292,彭晨曦,男,42,410702198205243774,城乡居民,洛阳市,2023-09-13,在保
P202301861,叶建国,男,47,410702197702140229,城镇职工,鹤壁市,2020-05-09,在保
P202303782,唐静,女,44,410302198005221984,城镇职工,周口市,2021-02-16,停保
P202301745,蒋婷,女,33,410104199102018532,城镇职工,商丘市,2020-07-07,停保
P202304819,蔡玉兰,女,61,410202196312129616,城乡居民,鹤壁市,2020-10-29,停保
P202304979,萧文博,男,57,410102196712063402,灵活就业,商丘市,2023-10-31,在保
P202303546,苏文彬,男,55,410103196909110040,城镇职工,安阳市,2020-09-19,在保
P202301589,蒋浩,男,35,410202198910243817,城乡居民,安阳市,2023-03-27,在保
P202302438,马浩,男,64,410104196003013213,城乡居民,周口市,2022-08-21,在保
P202302532,蔡文博,男,33,410402199111023662,城乡居民,商丘市,2020-07-10,在保
P202302599,沈文彬,男,71,410702195301257721,城镇职工,新乡市,2021-04-08,在保
P202301173,黄婷,女,51,410105197306193806,城镇职工,洛阳市,2023-08-07,在保
P202304150,吕志强,男,54,410104197002079604,城镇职工,南阳市,2024-04-12,在保
P202300326,赵佳慧,女,28,410103199601028503,城乡居民,开封市,2021-02-09,在保
P202301052,梁永强,男,57,410202196701059187,灵活就业,漯河市,2020-10-29,在保
P202303861,蒋艳,女,41,410104198310213780,城乡居民,洛阳市,2024-01-06,退保
P202303361,贾紫薇,女,29,410104199504116901,城镇职工,鹤壁市,2022-04-18,在保
P202302945,冯美琳,女,55,410105196910059136,城镇职工,郑州市,2023-06-13,停保
P202304327,彭霞,女,39,410102198501168339,城乡居民,开封市,2024-02-17,退保
P202304226,吴雪,女,59,410502196510161065,灵活就业,许昌市,2021-02-01,在保
P202301197,胡诗涵,女,49,410102197511210083,城乡居民,开封市,2023-04-15,在保
P202300621,韩永强,男,35,410402198905055436,城乡居民,郑州市,2021-08-14,停保
P202302379,吕霞,女,42,410702198205060303,城镇职工,许昌市,2023-11-25,在保
P202300066,梁语嫣,女,74,410103195005152497,城镇职工,周口市,2023-06-03,在保
P202301190,吴强,男,32,410105199207172849,城乡居民,漯河市,2023-06-14,在保
P202300329,魏淑珍,女,61,410302196311141765,城乡居民,新乡市,2021-01-18,在保
P202300649,胡军,男,45,410103197910128838,灵活就业,驻马店市,2021-03-25,在保
P202300898,朱斌,男,52,410702197208047298,城镇职工,平顶山市,2023-03-11,在保
P202303072,孙婷,女,80,410105194406152023,城乡居民,鹤壁市,2022-11-12,在保
P202301124,刘紫薇,女,29,410104199507220067,城乡居民,平顶山市,2024-04-11,停保
P202301962,梁霞,女,55,410302196903101087,城镇职工,,2021-06-05,在保
P202304691,胡欣怡,女,48,410302197606145508,城乡居民,鹤壁市,2024-04-02,在保
P202303979,叶慧,女,60,410202196401049144,城乡居民,南阳市,2022-07-13,停保
P202302005,郭杰,男,15,410106200901229764,城镇职工,商丘市,2023-01-20,在保
P202303254,蔡雨彤,女,69,410202195511088889,城乡居民,南阳市,2021-10-20,在保
P202302498,罗霞,女,44,410502198010204834,城镇职工,郑州市,2020-10-21,在保
P202303379,叶佳慧,女,59,410105196503025100,灵活就业,周口市,2022-11-20,在保
P202302305,董浩,男,85,410102193904260826,灵活就业,漯河市,2021-02-01,在保
P202301601,赵霞,女,46,410702197809038519,城乡居民,安阳市,2020-10-10,在保
P202303800,于丽,女,31,410202199308235014,灵活就业,鹤壁市,2020-01-13,在保
P202301024,程俊杰,男,88,410104193601053742,城乡居民,洛阳市,2021-05-16,在保
P202302046,韩晨曦,男,70,410102195405283380,城镇职工,郑州市,2022-04-12,在保
P202300229,林玲,女,37,410502198704143074,灵活就业,郑州市,2023-02-14,停保
P202304644,阎桂英,女,75,410102194905265302,城乡居民,周口市,2021-08-22,在保
P202302953,谢玉兰,女,58,410702196611232834,城镇职工,洛阳市,2021-09-20,在保
P202304988,董梦瑶,女,51,410302197305101678,城乡居民,南阳市,2023-07-08,停保
P202300810,张欣怡,女,33,410502199106046166,城镇职工,洛阳市,2020-09-04,在保
P202303236,杨杰,男,53,410702197109029234,城镇职工,安阳市,2022-05-01,在保
P202300979,谢秀兰,女,21,410502200305044497,灵活就业,开封市,2020-10-13,在保
P202303003,董娟,女,42,410202198202163185,灵活就业,漯河市,2021-06-03,在保
P202302744,王天宇,男,60,410106196405207202,城乡居民,驻马店市,2022-07-04,在保
P202301747,高紫薇,女,67,410105195709088971,城镇职工,鹤壁市,2022-11-21,在保
P202304254,王佳慧,女,30,410102199411212994,灵活就业,焦作市,2023-09-17,在保
P202301452,曹飞,男,80,410102194411087174,灵活就业,安阳市,2022-07-08,退保
P202303472,何飞,男,48,410502197612171918,城镇职工,信阳市,2020-11-21,在保
P202304981,吴斌,男,28,410402199607215190,城乡居民,平顶山市,2023-08-18,停保
P202302823,曹玉兰,女,49,410104197502132273,城镇职工,南阳市,2020-09-03,在保
P202303667,傅丽,女,63,410202196103248224,城乡居民,周口市,2020-12-31,在保
P202300175,梁梦瑶,女,54,410103197001241907,城镇职工,驻马店市,2022-03-03,停保
P202301653,陈国强,男,53,410103197104102583,灵活就业,平顶山市,2023-09-30,停保
P202303081,黄桂英,女,71,410202195306169721,城乡居民,漯河市,2022-03-14,在保
P202301533,袁晓红,女,55,410104196902011651,城镇职工,周口市,2021-01-17,在保
P202304507,黄晨曦,男,62,410202196208113057,城乡居民,新乡市,2023-01-15,在保
P202300218,邓浩,男,45,410202197902191140,城乡居民,鹤壁市,2023-01-26,停保
P202304823,彭浩,男,34,410102199011280728,城乡居民,周口市,2023-02-25,在保
P202303794,曹佳慧,女,45,410302197911200473,城乡居民,郑州市,2021-02-18,停保
P202301445,程桂英,女,57,410106196705048218,城乡居民,开封市,2020-11-07,在保
P202300691,谢建国,男,43,410102198105065950,城乡居民,开封市,2021-10-16,在保
P202302629,周嘉伟,男,42,410103198201101049,城乡居民,安阳市,2023-12-29,停保
P202302277,徐玲,女,62,410103196210188863,城乡居民,周口市,2020-10-07,在保
P202302458,何欣怡,女,54,410105197002228315,城乡居民,许昌市,2022-08-15,在保
P202301107,孙辉,男,61,410104196311258730,灵活就业,周口市,2021-12-22,退保
P202302158,袁娜,女,44,410702198002124357,城镇职工,新乡市,2021-08-22,在保
P202302112,刘浩,男,47,410302197703274686,城镇职工,漯河市,2021-05-14,停保
P202301584,谢娜,女,51,410702197302157767,城乡居民,南阳市,2024-04-12,在保
P202300612,邓秀英,女,48,410702197602084831,城乡居民,商丘市,2023-07-21,在保
P202303308,郑慧,女,56,410202196810193795,城镇职工,郑州市,2021-12-02,在保
P202303785,刘波,男,58,410302196608211546,城乡居民,安阳市,2020-07-06,在保
P202300577,曹佳慧,女,54,410702197004232973,城镇职工,郑州市,2020-08-30,在保
P202302105,吕勇,男,28,410302199603060763,城乡居民,开封市,2020-02-05,在保
P202304481,高浩,男,28,410302199603145224,城乡居民,漯河市,2023-06-18,停保
P202301181,高莉,女,53,410104197109087956,城乡居民,商丘市,2023-04-12,在保
P202300889,何军,男,60,410104196406227667,城乡居民,信阳市,2022-08-02,在保
P202303193,唐强,男,91,410402193305186010,城镇职工,新乡市,2020-02-10,在保
P202302433,周艳,女,49,410105197510153074,城镇职工,鹤壁市,2020-02-12,在保
P202303075,胡雨彤,女,36,410104198801082355,城乡居民,郑州市,,停保
P202300818,林俊杰,男,66,410702195808038268,城乡居民,周口市,2021-10-18,在保
P202304678,贾永强,男,69,410202195504089833,灵活就业,焦作市,2020-02-25,在保
P202303319,王秀英,女,70,410702195402261163,城乡,平顶山市,2021-09-11,在保
P202300209,孙斌,男,59,410104196501274067,灵活就业,开封市,2024-03-13,退保
P202300294,谢永强,男,65,410104195901136404,灵活就业,许昌市,,在保
P202301120,孙莉,女,68,410202195610056993,城镇职工,安阳市,2020-10-04,在保
P202304730,邓建国,男,50,410106197402177009,灵活就业,郑州市,2024-03-18,停保
P202304395,朱紫薇,女,65,410103195902198071,灵活就业,许昌市,2022-06-01,在保
P202301265,陈梦瑶,女,53,410402197104022164,城镇职工,南阳市,2020-07-09,在保
P202300991,谢桂英,女,53,410103197111016998,城镇职工,平顶山市,2020-09-23,在保
P202302318,王杰,男,38,410103198601058295,城镇职工,漯河市,2023-08-28,在保
P202304241,卢语嫣,女,16,410103200804048189,城镇职工,驻马店市,2021-06-02,退保
P202303432,薛晓红,女,74,410103195010106229,城乡居民,平顶山市,2023-03-30,在保
P202300354,韩俊杰,男,47,410502197711289587,城乡居民,周口市,2021-04-27,在保
P202301922,谢桂英,女,63,410103196108164674,城乡居民,许昌市,2020-07-03,在保
P202301539,沈杰,男,28,410302199611129603,城镇职工,鹤壁市,2021-06-21,在保
P202303459,曹静,女,50,410104197406052802,城镇职工,新乡市,2021-11-27,在保
P202301490,郑桂英,女,72,410202195202164108,城镇职工,郑州市,2022-12-10,在保
P202303834,李静,女,24,410102200005262071,城镇职工,郑州市,2023-06-23,在保
P202303723,赵浩然,男,20,410102200408251430,灵活就业,漯河市,2021-07-21,在保
P202301229,沈敏,女,67,410502195710217846,城镇职工,焦作市,2023-03-24,在保
P202300260,卢萍,女,63,410202196110232057,城镇职工,焦作市,2020-12-29,退保
P202303538,马晨曦,男,35,410104198908065260,城镇职工,周口市,2020-01-21,在保
P202304731,马鹏,男,28,410104199609178002,灵活就业,南阳市,2020-05-14,在保
P202304789,赵涛,男,12,410702201204278219,城乡居民,商丘市,2020-12-21,退保
P202301834,何诗涵,女,55,410302196907271521,城镇职工,焦作市,2023-04-13,在保
P202302592,程雪,女,41,410102198309053954,灵活就业,周口市,2021-03-01,在保
P202300053,林霞,女,37,410502198702051543,城镇职工,南阳市,2023-11-22,在保
P202302618,朱玉兰,女,51,410502197305058722,城镇职工,信阳市,2023-07-30,在保
P202304509,董杰,男,61,410105196303013792,城镇职工,驻马店市,2022-01-08,在保
P202302237,周凤英,女,50,410202197411074214,城镇职工,开封市,2021-03-31,在保
P202303430,梁欣怡,女,69,410102195503193467,城镇职工,新乡市,2022-11-28,在保
P202303117,袁国强,男,46,410103197802275949,城乡居民,开封市,2024-02-11,在保
P202302389,罗诗涵,女,66,,城乡居民,开封市,2022-11-23,在保
P202301480,彭美琳,女,42,410106198202153983,灵活就业,平顶山市,2024-04-25,在保
P202301508,丁玲,女,67,410105195705016874,城乡居民,鹤壁市,2021-01-20,在保
P202301034,魏玉兰,女,61,410103196306149188,灵活就业,洛阳市,2022-10-25,在保
P202301098,吕婷,女,14,410302201004032846,城镇职工,开封市,2023-11-06,在保
P202301470,冯芳,女,58,410202196607286472,灵活就业,南阳市,2022-01-18,在保
P202300544,朱建华,男,75,410106194909166372,城乡居民,许昌市,2023-12-02,在保
P202301047,苏涛,男,61,410102196310253890,城镇职工,漯河市,2022-01-10,在保
P202304040,苏文彬,男,37,410402198712011846,灵活就业,平顶山市,2022-02-21,在保
P202301631,林玲,女,58,410302196605028791,城乡居民,郑州市,2021-09-06,在保
P202300031,陈美琳,女,39,410106198503158538,城镇职工,许昌市,2021-09-11,在保
P202300726,袁佳慧,女,46,410502197806074246,城镇职工,安阳市,2023-07-03,在保
P202300927,郑文博,男,39,410103198501158916,城镇职工,许昌市,2020-10-11,在保
P202302139,何静,女,27,410102199707162805,城乡居民,南阳市,2023-02-18,停保
P202303981,蒋秀英,女,74,410102195011162474,城乡居民,许昌市,2022-05-17,在保
P202301427,阎涛,男,87,410102193710019712,城乡居民,焦作市,2021-05-28,停保
P202303750,周军,男,23,410106200101151605,城镇职工,安阳市,2021-12-26,在保
P202300437,傅文博,男,79,410103194501015869,城乡居民,南阳市,2023-01-05,在保
P202302518,吴晨曦,男,10,410402201411275860,城镇职工,郑州市,2023-12-21,在保
P202300913,韩慧,女,54,410702197002149060,城镇职工,漯河市,2020-09-11,在保
P202304266,张斌,男,58,410502196604284358,城乡居民,漯河市,2020-09-10,在保
P202304328,朱淑珍,女,66,410702195809084895,城镇职工,焦作市,2023-07-31,在保
P202304558,王嘉伟,男,56,410104196812053488,城乡居民,周口市,2022-11-03,停保
P202304861,吴明,男,41,410106198308161545,城镇职工,许昌市,2023-04-25,在保
P202302332,贾欣怡,女,48,410104197603035138,城镇职工,新乡市,2023-12-21,在保
P202304747,赵美琳,女,52,410102197209077756,灵活就业,开封市,2021-08-06,在保
P202301239,彭梦瑶,女,60,410104196408248958,城乡居民,平顶山市,2020-07-31,在保
P202300904,叶芳,女,73,410202195106082108,城镇职工,郑州市,2023-09-23,退保
P202301838,沈芳,女,51,410103197306261760,城镇职工,安阳市,2023-06-04,在保
P202303209,贾波,男,66,410106195804115938,城镇职工,新乡市,2023-06-05,在保
P202304255,彭波,男,54,410702197012257580,城镇职工,商丘市,2020-06-16,在保
P202300508,刘辉,男,34,410103199009161853,城乡居民,漯河市,2021-05-27,在保
P202304351,于霞,女,13,410103201110036815,城镇职工,安阳市,2020-09-22,在保
P202300184,曾国强,男,58,410702196612203459,城镇职工,郑州市,2020-02-28,在保
P202304152,周文博,男,70,410106195408027598,城乡居民,洛阳市,2020-01-05,在保
P202301498,朱丽,女,71,410302195302249553,城镇职工,新乡市,2024-04-04,在保
P202303306,胡桂英,女,69,410102195503216717,城镇职工,信阳市,2020-12-05,在保
P202300322,吴军,男,60,,城镇职工,焦作市,2024-04-26,在保
P202301841,赵静,女,47,410106197701164919,城镇职工,安阳市,2021-05-23,在保
P202302716,周波,男,12,,城镇职工,鹤壁市,2022-08-17,停保
P202304664,周紫薇,女,41,410105198303148797,城镇职工,信阳市,2022-05-03,在保
P202303709,沈玲,女,57,410402196703226972,城镇职工,商丘市,2021-04-20,在保
P202301845,刘诗涵,女,52,410102197211266764,城职,洛阳市,2023-01-22,停保
P202301910,卢娟,女,52,410103197210177730,城乡居民,平顶山市,2022-09-15,在保
P202304557,赵志强,男,31,410106199307056707,灵活就业,许昌市,2021-09-02,停保
P202301552,陈涛,男,46,410106197808159578,城乡居民,周口市,2021-07-21,在保
P202304483,董波,男,34,410103199008210100,城乡居民,南阳市,2022-12-31,在保
P202301147,陈语嫣,女,30,410106199402185893,灵活就业,鹤壁市,2022-11-26,停保
P202302111,傅天宇,男,40,410202198409231656,城镇职工,鹤壁市,2023-06-15,在保
P202300045,唐雪,女,23,410106200105074409,城乡居民,周口市,2023-09-02,在保
P202303939,陈雨彤,女,43,410702198106065315,灵活就业,许昌市,2023-05-11,在保
P202302493,刘俊杰,男,41,410702198303140856,城乡居民,南阳市,2020-09-28,在保
P202301892,蔡萍,女,50,410103197408159226,城乡居民,平顶山市,2021-02-26,在保
P202301379,唐雨彤,女,39,410202198511264507,城乡居民,周口市,2022-12-06,在保
P202302440,苏晨曦,男,21,410402200302103991,城镇职工,鹤壁市,2023-06-18,在保
P202304994,杨静,女,60,410402196401228674,城镇职工,商丘市,2021-02-27,在保
P202300414,冯文彬,男,72,410502195205277188,城乡居民,鹤壁市,2021-10-04,在保
P202304812,李玉兰,女,15,410502200903222660,城乡居民,平顶山市,2021-12-09,在保
P202301408,罗嘉伟,男,77,410202194711066048,城镇职工,开封市,2020-07-23,在保
P202301721,吴飞,男,59,410106196501255124,城乡居民,周口市,2023-06-21,在保
P202300802,李晨曦,男,40,410702198405088524,城乡居民,许昌市,2022-05-15,退保
P202301289,苏敏,女,30,410202199409185456,城乡居民,新乡市,2022-04-07,在保
P202301559,吕丽,女,76,410105194805040033,灵活就业,商丘市,2021-09-23,在保
P202302225,林佳慧,女,38,410302198608086071,城镇职工,周口市,2020-01-10,在保
P202302488,袁浩然,男,49,410104197503074618,城乡居民,商丘市,2023-01-23,在保
P202301667,蔡秀兰,女,32,410103199203163870,城镇职工,开封市,2022-02-06,在保
P202304319,刘雪,女,52,410502197202254008,城镇职工,漯河市,2023-10-11,停保
P202300257,沈建国,男,72,410302195203052754,城镇职工,安阳市,2022-10-06,在保
P202301860,郭建华,男,54,410502197004200426,城镇职工,开封市,2021-06-13,在保
P202301752,许凤英,女,62,410106196207191531,灵活就业,驻马店市,2023-08-26,在保
P202301152,于慧,女,11,410105201301020263,城镇职工,驻马店市,2023-05-30,停保
P202302940,叶子轩,男,42,410402198211211582,城镇职工,漯河市,2021-07-29,在保
P202300648,丁志强,男,49,410103197511278014,城乡居民,焦作市,2022-05-07,在保
P202304598,梁艳,女,73,410202195103222663,城镇职工,驻马店市,2022-10-04,在保
P202303665,于波,男,71,410102195303173489,城镇职工,平顶山市,2020-05-17,在保
P202301766,唐诗涵,女,34,410105199009199561,灵活就业,焦作市,2022-04-09,在保
P202303527,于娜,女,46,410502197802228949,城乡居民,焦作市,2020-08-23,在保
P202302510,谢萍,女,26,410103199811100688,城镇职工,漯河市,2022-05-21,在保
P202303842,高浩,男,37,410702198702054525,灵活就业,周口市,2021-05-11,在保
P202301316,曾宇航,男,26,410402199801097726,城乡居民,周口市,2021-07-08,在保
P202301089,贾凤英,女,45,410103197906201050,城乡居民,新乡市,2020-04-07,在保
P202304790,董诗涵,女,46,410402197812253116,城乡居民,鹤壁市,2021-05-16,在保
P202302513,魏雪,女,59,410702196505064706,城镇职工,鹤壁市,2022-09-11,在保
P202302993,马建华,男,51,410502197307180504,城乡居民,洛阳市,2022-10-23,在保
P202301351,吕桂英,女,28,410102199606019107,城镇职工,郑州市,2024-02-14,停保
P202302548,傅艳,女,39,410402198505017532,城乡居民,周口市,2024-01-12,停保
P202300113,罗志强,男,51,410105197309053977,城镇职工,焦作市,2023-10-05,停保
P202303198,萧秀兰,女,16,410402200805117851,灵活就业,洛阳市,2022-03-07,在保
P202300264,丁斌,男,31,410103199308204909,城乡居民,南阳市,2022-12-30,在保
P202301394,袁天宇,男,52,410202197202268469,城乡居民,新乡市,2024-01-14,在保
P202302624,孙杰,男,75,410106194901182847,城乡居民,焦作市,2020-11-14,在保
P202301187,贾静,女,32,410702199209031550,城乡居民,周口市,2023-04-29,在保
P202304120,曹俊杰,男,31,410702199305095601,城镇职工,安阳市,2024-03-15,在保
P202300057,吕建华,男,34,410302199010196780,城镇职工,洛阳市,2023-08-09,在保
P202301310,宋建国,男,58,410502196609287598,城镇职工,鹤壁市,2020-06-11,退保
P202300696,冯浩,男,44,410103198003014915,灵活就业,安阳市,2023-11-16,在保
P202304247,马娜,女,52,410702197202192294,城镇职工,安阳市,2021-01-13,在保
P202303961,丁文彬,男,36,410103198807022513,城镇职工,鹤壁市,2024-02-20,在保
P202301790,,女,74,410402195007177231,城乡居民,商丘市,2022-07-22,在保
P202302347,冯伟,男,41,410104198308166740,灵活就业,焦作市,2022-03-30,在保
P202304320,马强,男,43,410105198108070558,城镇职工,商丘市,2022-07-17,在保
P202300320,陈莉,女,47,410302197711052424,城乡,安阳市,2021-10-07,停保
P202302331,邓文博,男,44,410702198008211434,城镇职工,信阳市,2023-05-24,退保
P202301590,苏思琪,女,51,410104197311228559,城镇职工,驻马店市,2023-10-29,在保
P202300683,彭萍,女,40,410102198411124072,城乡居民,许昌市,2022-05-25,在保
P202303738,卢莉,女,47,410102197706281312,城镇职工,洛阳市,2023-10-14,在保
P202303280,卢天宇,男,59,410402196502184232,城乡居民,安阳市,2021-09-02,在保
P202300480,吴紫薇,女,70,410103195411225049,城镇职工,郑州市,2024-04-14,停保
P202303977,何紫薇,女,59,410105196510010304,城镇职工,洛阳市,2022-01-28,在保
P202304194,郑玲,女,6,410702201810166957,城乡居民,周口市,2020-06-24,在保
P202300287,郭文博,男,47,410104197704057285,城乡居民,鹤壁市,2021-05-21,在保
P202301966,杨波,男,51,410105197303209490,城镇职工,安阳市,2023-10-21,在保
P202303115,黄嘉伟,男,57,410104196707223899,城乡居民,平顶山市,2020-09-06,停保
P202302460,丁淑珍,女,58,410302196606139061,城乡居民,驻马店市,2021-04-26,在保
P202301783,陈明,男,22,410103200206283241,城镇职工,新乡市,2020-01-12,在保
P202303297,卢娜,女,80,410103194407169948,城镇职工,驻马店市,2020-05-21,在保
P202303839,彭辉,男,32,410102199203033540,城镇职工,漯河市,2023-08-07,在保
P202301599,蔡思琪,女,50,410202197411190890,灵活就业,开封市,2021-09-26,在保
P202304916,傅桂英,女,53,,灵活就业,平顶山市,2022-02-26,在保
P202302125,陈紫薇,女,50,410702197407160228,城镇职工,郑州市,2023-02-07,在保
P202300737,程思琪,女,54,410106197003124865,城镇职工,鹤壁市,2021-09-23,在保
P202303210,萧宇航,男,58,410702196607125185,城乡居民,信阳市,2022-11-05,在保
P202300337,曹强,男,35,410105198910080208,城镇职工,信阳市,2020-01-02,在保
P202302705,傅文博,男,54,410104197008264867,城乡居民,信阳市,2024-03-09,退保
P202302827,程文博,男,72,410105195210211572,城镇职工,漯河市,2021-10-21,在保
P202304921,卢敏,女,79,410502194502194031,灵活就业,新乡市,2022-12-31,在保
P202304449,彭美琳,女,58,410302196606193571,城镇职工,洛阳市,2023-08-31,在保
P202301072,李秀兰,女,58,410103196604224296,城镇职工,漯河市,2021-10-04,在保
P202304537,刘丽,女,53,410103197111177040,城镇职工,南阳市,2023-12-11,在保
P202304851,阎超,男,2,410106202205239003,城乡居民,郑州市,2022-03-25,退保
P202302866,邓海涛,男,44,410105198012148808,城镇职工,鹤壁市,2020-04-16,在保
P202302367,贾浩,男,40,410502198407012973,城乡居民,焦作市,2022-04-23,在保
P202304156,宋文博,男,46,410502197801181234,城乡居民,郑州市,2021-01-29,在保
P202304003,袁浩然,男,50,410402197410018283,城镇职工,商丘市,2022-03-12,在保
P202303435,卢鹏,男,90,410104193410282082,城乡居民,平顶山市,2023-02-17,停保
P202301489,曹磊,男,22,410104200203045352,灵活就业,许昌市,2021-04-26,在保
P202300499,苏欣怡,女,34,410702199007176558,城乡居民,安阳市,2021-12-12,在保
P202304389,沈霞,女,52,410106197206113150,城镇职工,信阳市,2022-09-26,停保
P202303241,吴雪,女,50,410302197409028149,城镇职工,开封市,2022-11-15,在保
P202302928,王佳慧,女,53,410502197109138348,城乡居民,许昌市,2024-04-26,在保
P202302385,卢婷,女,50,410102197402136664,城乡居民,漯河市,2024-04-30,在保
P202302981,于莉,女,54,,城镇职工,平顶山市,2020-12-06,在保
P202304957,周静,女,46,410702197803062943,城镇职工,郑州市,2020-10-31,在保
P202302381,阎莉,女,32,410302199208013899,城乡居民,开封市,2020-05-10,在保
P202301611,张紫薇,女,44,410202198012118199,城镇职工,焦作市,2021-11-21,在保
P202303090,郑海涛,男,52,410702197207114098,城职,驻马店市,2024-04-02,在保
P202303830,魏勇,男,58,410202196604225511,城镇职工,安阳市,2020-01-30,在保
P202304620,韩浩,男,48,410103197602273356,灵活就业,信阳市,2024-04-15,在保
P202301023,刘子轩,男,49,410104197507240266,城镇职工,焦作市,2020-04-20,在保
P202304587,胡淑珍,女,68,410103195609103704,城乡居民,安阳市,2020-08-08,停保
P202304937,贾娜,女,50,410103197408096490,城镇职工,开封市,2022-12-10,在保
P202304360,薛美琳,女,62,410103196211019697,城乡居民,驻马店市,2023-05-10,在保
P202303127,李娟,女,15,410402200906089621,城镇职工,许昌市,2023-08-15,在保
P202303231,黄波,男,42,410103198209211983,城镇职工,平顶山市,2023-11-06,在保
P202300666,萧萍,女,51,410202197303215721,城镇职工,驻马店市,2023-12-23,在保
P202304010,徐佳慧,女,61,410502196304175142,城乡居民,漯河市,2020-01-09,停保
P202304946,傅佳慧,女,68,410105195604113745,灵活就业,南阳市,2021-05-06,在保
P202304213,何娟,女,64,410102196010110659,城乡居民,鹤壁市,2021-11-20,在保
P202304310,许诗涵,女,41,410105198307055500,城镇职工,鹤壁市,2020-09-01,停保
P202302292,丁涛,男,67,410105195712189906,灵活就业,信阳市,2022-05-05,在保
P202301018,魏霞,女,41,410202198303067856,城镇职工,焦作市,2021-10-15,在保
P202300558,高欣怡,女,42,410105198204031817,城乡居民,鹤壁市,2023-06-17,在保
P202304295,孙诗涵,女,71,410302195301238207,城乡居民,安阳市,2023-09-13,在保
P202301208,邓涛,男,38,410105198603275486,城镇职工,鹤壁市,2024-01-10,在保
P202304321,叶艳,女,49,410105197510016172,城乡居民,郑州市,2020-04-16,在保
P202302893,徐霞,,63,410106196103011925,城乡居民,周口市,2021-06-21,在保
P202302846,杨莉,女,30,410103199411275543,城镇职工,周口市,2023-10-18,在保
P202301511,魏雪,女,29,410202199512213556,城乡居民,开封市,2023-04-03,在保
P202302087,徐伟,男,40,410106198403051156,城镇职工,开封市,2022-02-10,在保
P202300246,卢文博,男,43,410102198102133886,城乡居民,驻马店市,2022-09-01,在保
P202301164,叶伟,男,20,410702200407284370,城镇职工,平顶山市,2020-08-11,在保
P202303728,高明,男,69,410402195501232924,城镇职工,新乡市,2024-03-25,在保
P202300267,赵芳,女,79,410105194509245318,城镇职工,周口市,2023-11-09,在保
P202304162,曾美琳,女,58,410202196610038672,城乡居民,南阳市,2020-01-10,停保
P202301115,马敏,女,52,410402197211054772,灵活就业,驻马店市,2021-08-16,在保
P202300064,陈婷,女,28,410102199607275011,城乡居民,南阳市,2022-01-11,在保
P202301913,陈桂英,女,61,410102196307149956,城镇职工,南阳市,2021-07-04,在保
P202302644,韩杰,男,38,,城乡居民,开封市,2022-01-25,在保
P202302230,蔡娟,女,68,410103195602248553,城镇职工,信阳市,2020-06-17,停保
P202302813,郭磊,男,81,410106194301137602,城镇职工,周口市,2020-07-11,在保
P202303828,魏佳慧,女,58,410106196612094272,城镇职工,开封市,2020-03-14,在保
P202303140,薛宇航,男,45,410202197909138785,城乡居民,商丘市,2021-05-13,在保
P202303616,王飞,男,63,410202196112101987,城乡居民,许昌市,2020-04-18,在保
P202304142,邓强,男,79,410402194504061183,灵活就业,南阳市,2024-05-07,在保
P202302303,于国强,男,43,410702198103060302,城镇职工,许昌市,2022-04-26,退保
P202302814,徐静,女,44,410106198008045313,城乡居民,郑州市,2020-06-28,在保
P202301724,卢浩,男,61,410105196305189653,城镇职工,驻马店市,2023-05-27,在保
P202304700,蒋永强,男,41,410106198312034606,城镇职工,开封市,2021-01-17,在保
P202301238,唐娜,女,40,410106198405210589,灵活就业,鹤壁市,2020-03-03,停保
P202300104,林波,男,35,410702198905233020,城乡居民,鹤壁市,2023-09-10,在保
P202302856,于凤英,女,40,410702198410094670,城乡居民,南阳市,2023-12-06,在保
P202300273,董国强,男,70,410102195412072104,城镇职工,平顶山市,2023-12-12,在保
P202300509,黄浩然,男,50,410302197408087550,城乡居民,新乡市,2022-08-01,在保
P202302270,傅语嫣,女,48,410102197603262938,城镇职工,郑州市,2023-10-11,在保
P202304984,周斌,男,47,410106197704108890,城乡居民,许昌市,2023-09-25,停保
P202302169,邓波,男,45,410103197902067433,灵活就业,商丘市,2020-03-01,在保
P202300866,何雪,女,43,410103198105155315,城镇职工,新乡市,2023-04-10,在保
P202302479,苏语嫣,女,25,410302199905147461,城乡居民,安阳市,2023-03-20,在保
P202300909,程浩,男,61,410702196312147782,城镇职工,鹤壁市,2022-09-14,在保
P202302481,薛莉,女,39,410106198510260794,城乡居民,周口市,2023-12-17,在保
P202302917,马建华,男,46,410104197805014285,城镇职工,鹤壁市,2021-09-07,停保
P202303974,袁萍,女,51,410402197302063838,城镇职工,开封市,2023-01-04,在保
P202301628,卢玉兰,女,73,410102195101151920,城镇职工,周口市,2021-12-28,在保
P202302933,程辉,男,33,410702199106275887,城乡居民,焦作市,2020-10-27,在保
P202301523,贾莉,女,45,410202197911160276,城乡居民,郑州市,2022-09-25,在保
P202300836,黄语嫣,女,54,410502197008065653,城镇职工,商丘市,2024-02-22,在保
P202300359,吴国强,男,55,410103196902197981,城乡居民,平顶山市,2021-08-08,停保
P202300139,于文博,男,64,410302196010135361,城镇职工,南阳市,2021-09-27,在保
P202300300,林辉,男,61,410105196309206149,城乡,安阳市,2024-05-14,停保
P202301557,吴伟,男,66,410202195804068256,城乡居民,新乡市,2023-01-14,在保
P202301004,魏子轩,男,38,410106198611216188,城乡居民,新乡市,2022-06-24,在保
P202300383,王娜,女,11,410202201301117758,城乡居民,新乡市,2020-02-06,在保
P202300942,宋勇,男,65,410105195912262300,城乡居民,漯河市,2024-05-08,在保
P202304669,韩芳,女,34,410104199011071092,城镇职工,洛阳市,2022-09-29,在保
P202303822,阎俊杰,男,54,410302197003098816,灵活就业,漯河市,2023-05-19,在保
P202300762,冯嘉伟,男,52,410402197211049085,城镇职工,郑州市,2021-08-05,在保
P202302751,贾宇航,男,81,410103194311252834,城镇职工,南阳市,2023-09-20,退保
P202301944,丁娜,女,43,410402198110113601,城镇职工,焦作市,2022-03-24,在保
P202303959,朱辉,男,70,410103195402176137,灵活就业,驻马店市,2022-10-12,在保
P202302128,邓梦瑶,女,70,410302195412195498,城镇职工,洛阳市,,在保
P202302241,杨勇,男,51,410502197303150880,城乡居民,洛阳市,2024-01-21,停保
P202300899,彭飞,男,71,410302195311257102,灵活就业,焦作市,2020-12-25,在保
P202304079,梁慧,女,43,410105198103034405,灵活就业,郑州市,2020-12-29,停保
P202304523,贾建国,男,58,410105196602225836,城乡居民,郑州市,2024-04-22,在保
P202301403,曹秀英,女,71,410302195304083591,城镇职工,,2022-07-14,在保
P202302093,曹慧,女,61,410104196303125802,城镇职工,郑州市,2022-05-06,在保
P202303859,于鹏,男,36,410104198810284830,城镇职工,驻马店市,2020-06-07,在保
P202304431,董慧,女,17,410103200705023637,灵活就业,鹤壁市,2022-08-16,停保
P202303016,赵军,男,68,410702195608133147,城镇职工,焦作市,2021-08-16,在保
P202301513,宋嘉伟,男,37,410402198708255522,城镇职工,漯河市,2020-03-28,在保
P202301189,沈建国,男,59,410702196509289506,灵活就业,安阳市,2021-10-23,在保
P202303051,宋诗涵,女,25,410106199912281134,灵活就业,漯河市,2021-01-10,在保
P202302089,马鹏,男,41,410102198305178608,城镇职工,信阳市,2022-11-07,在保
P202304585,彭婷,女,46,410402197801165259,城镇职工,平顶山市,2024-02-29,在保
P202303506,韩浩,男,25,410702199907156823,城乡居民,南阳市,2022-07-14,在保
P202300109,马欣怡,女,54,410103197008031443,灵活就业,鹤壁市,2023-10-17,在保
P202302789,傅志强,男,41,410102198304249624,城乡居民,商丘市,2021-12-10,停保
P202303135,宋语嫣,女,50,410402197405082373,城乡居民,商丘市,2023-09-17,在保
P202301927,周文博,男,4,410402202001235880,灵活就业,许昌市,2020-04-11,在保
P202300059,何诗涵,女,55,410102196912180535,城镇职工,新乡市,2023-08-24,在保
P202300077,董玲,女,51,410302197305196350,灵活就业,周口市,2024-02-24,在保
P202300797,宋飞,男,49,410104197507024020,城镇职工,商丘市,2023-08-06,在保
P202300369,高海涛,男,51,410105197305214198,城镇职工,郑州市,2024-05-17,退保
P202304956,蔡语嫣,女,24,410103200005017322,灵活就业,商丘市,2021-08-11,停保
P202300786,冯诗涵,女,69,410202195508269942,灵活就业,周口市,2021-02-28,在保
P202303843,梁凤英,女,67,410103195705261851,城乡居民,平顶山市,2024-02-23,在保
P202303529,于磊,男,17,410105200706158825,城镇职工,安阳市,2023-12-16,停保
P202302030,王志强,男,41,410105198309107901,城乡居民,商丘市,2023-02-24,在保
P202304092,胡明,男,75,410502194907212601,灵活就业,安阳市,2023-02-13,在保
P202303012,孙辉,男,73,410302195112277397,城乡居民,焦作市,2024-03-26,退保
P202303604,杨文彬,男,50,410106197404260892,城镇职工,南阳市,2022-05-20,在保
P202301974,贾慧,女,53,410103197107185290,城镇职工,许昌市,2020-04-13,在保
P202303269,董玲,女,54,410106197003192537,城镇职工,洛阳市,2022-09-13,在保
P202300122,刘志强,男,33,410302199111045027,城乡居民,洛阳市,2020-06-14,在保
P202303636,胡玉兰,女,54,410502197003241157,城乡居民,许昌市,2022-10-14,在保
P202302414,吕辉,男,33,410702199107059379,城乡居民,鹤壁市,2024-05-09,在保
P202304077,冯莉,女,43,410103198108096275,城镇职工,新乡市,2022-11-12,在保
P202300911,罗凤英,女,44,,城镇职工,开封市,2024-01-04,在保
P202300125,唐秀兰,女,60,410202196407116814,城乡居民,焦作市,2020-11-08,在保
P202302647,彭斌,男,43,410702198110034532,城镇职工,洛阳市,2022-09-21,在保
P202301587,冯宇航,男,53,410104197107185814,城乡居民,漯河市,2021-03-07,在保
P202301258,袁杰,男,57,410702196712172039,灵活就业,平顶山市,2020-10-12,在保
P202303510,萧芳,女,40,410202198405226331,城镇职工,鹤壁市,2022-08-13,在保
P202303551,叶建国,男,40,410302198405281349,灵活就业,焦作市,2020-07-20,在保
P202303677,唐丽,女,51,410402197302212482,灵活就业,郑州市,2020-10-12,在保
P202301179,宋明,男,32,410202199204153221,城乡居民,许昌市,2021-05-08,在保
P202302925,魏娟,女,51,410702197305100759,城乡居民,许昌市,2024-03-23,在保
P202303540,曹欣怡,女,47,410702197709272734,城乡居民,安阳市,2020-03-26,在保
P202302380,杨永强,男,54,410202197005226559,城乡居民,许昌市,2020-02-09,在保
P202302145,,男,45,410702197901017583,灵活就业,南阳市,2020-09-18,在保
P202300443,郭诗涵,女,12,410202201208154565,城镇职工,平顶山市,2021-09-17,在保
P202302334,张秀兰,女,43,410302198110079843,城乡居民,漯河市,2021-04-25,在保
P202303784,沈婷,女,28,410202199609114574,城乡居民,周口市,2020-06-03,退保
P202300926,彭秀兰,女,22,410202200206272455,城镇职工,商丘市,2022-03-27,在保
P202304309,胡涛,男,46,410202197811240988,城镇职工,郑州市,2020-08-03,在保
P202302187,冯艳,女,24,410502200002096484,城镇职工,商丘市,2021-07-08,在保
P202304820,彭慧,女,44,410202198012155593,城镇职工,鹤壁市,2021-04-14,在保
P202301412,叶雪,女,60,410106196406054583,城乡居民,安阳市,2023-07-06,在保
P202303537,王明,男,62,410202196208074435,城镇职工,商丘市,2021-08-06,在保
P202301814,蒋杰,男,66,410106195809041534,城乡居民,开封市,2020-07-24,在保
P202301510,马超,男,76,410202194808274838,城镇职工,开封市,2022-02-03,在保
P202301228,何雪,女,47,410105197702191561,城乡居民,许昌市,2021-03-19,在保
P202303674,冯鹏,男,64,410702196002111952,灵活就业,许昌市,2020-08-20,在保
P202302400,郑文博,男,51,410402197308085305,城乡居民,安阳市,2023-12-29,在保
P202304866,邓娜,女,19,410502200508156303,城乡居民,安阳市,2022-09-24,在保
P202303363,杨浩,男,17,410502200702056999,城镇职工,安阳市,2023-07-27,在保
P202303347,胡晨曦,男,44,410103198009201706,城镇职工,许昌市,2024-03-12,在保
P202300325,何诗涵,女,31,410102199307284638,灵活就业,许昌市,2023-01-31,在保
P202303143,谢雪,女,48,410402197604273277,城乡居民,周口市,2020-09-13,在保
P202304897,袁海涛,男,19,410302200511076638,城镇职工,鹤壁市,2023-06-01,在保
P202301973,袁斌,男,61,410202196306185631,城镇职工,许昌市,2023-04-20,停保
P202303365,孙梦瑶,女,37,410105198706233592,城乡居民,平顶山市,2023-01-14,在保
P202303098,魏强,男,60,410502196406143393,城镇职工,新乡市,2024-04-27,在保
P202301499,贾思琪,女,68,410702195605124740,城镇职工,商丘市,2023-07-06,在保
P202301503,魏莉,女,35,410103198901122203,灵活就业,南阳市,2024-02-28,停保
P202301007,孙俊杰,男,66,410702195804031461,城镇职工,南阳市,2021-05-17,在保
P202303762,张志强,男,49,410106197511213469,城乡居民,焦作市,2020-12-13,在保
P202302771,林浩,男,46,410103197803280885,城镇职工,鹤壁市,2022-09-01,在保
P202303587,萧涛,男,37,410502198705023961,城镇职工,新乡市,2022-11-20,在保
P202301468,谢慧,女,57,410402196706187623,城镇职工,新乡市,2023-04-17,在保
P202301226,许浩,男,47,410102197710156082,城镇职工,洛阳市,2021-12-18,在保
P202303200,韩天宇,男,57,410302196701019378,城乡居民,新乡市,2021-07-11,在保
P202302690,陈思琪,女,61,410202196304176491,城镇职工,安阳市,2022-11-20,在保
P202302227,林勇,男,75,410105194908248519,城乡居民,商丘市,2022-12-25,停保
P202301217,赵建华,男,37,410402198710080852,城镇职工,南阳市,2023-06-16,在保
P202304055,林鹏,男,31,410202199303097875,城乡居民,信阳市,2020-04-19,在保
P202303569,叶芳,女,54,410702197002015146,城镇职工,平顶山市,2024-01-09,在保
P202300421,傅娜,女,87,410106193704208897,城镇职工,鹤壁市,2021-04-06,停保
P202304258,董桂英,女,75,410502194912264522,城镇职工,安阳市,2023-07-29,在保
P202300007,贾晓红,女,78,410103194610211758,城乡居民,许昌市,2021-05-16,在保
P202300933,林涛,男,23,410103200102147320,城镇职工,开封市,2021-10-30,停保
P202301692,朱敏,女,41,410106198302158940,城镇职工,鹤壁市,2022-03-10,在保
P202300440,蒋秀英,女,49,410105197512194985,城镇职工,焦作市,2020-09-19,在保
P202301314,梁宇航,男,60,410105196408044521,城乡居民,信阳市,2021-02-08,在保
P202300679,卢雨彤,女,66,410106195810221509,城镇职工,许昌市,2022-06-24,在保
P202302016,阎嘉伟,男,46,410302197809266421,城镇职工,信阳市,2020-12-02,停保
P202304657,张波,男,44,410502198004177372,城乡居民,周口市,2020-10-15,在保
P202301889,罗勇,男,41,410502198312252388,城镇职工,焦作市,2021-06-02,在保
P202302312,周俊杰,男,82,410302194208136615,城镇职工,鹤壁市,2020-12-17,在保
P202304681,李国强,男,45,410105197901288859,城镇职工,鹤壁市,2020-11-02,在保
P202303321,贾丽,女,53,410302197109140892,灵活就业,信阳市,2021-05-04,在保
P202304769,彭雨彤,女,68,410302195610133860,城乡居民,驻马店市,2023-12-13,在保
P202302485,宋文彬,男,40,410202198404090160,城镇职工,许昌市,2020-05-29,在保
P202301087,张美琳,女,68,410502195601116600,城乡居民,洛阳市,2022-08-20,在保
P202303013,宋敏,女,26,410106199809099188,城乡居民,鹤壁市,2020-03-29,在保
P202304289,卢明,男,77,410202194708049556,城职,郑州市,2021-07-22,在保
P202302834,贾军,男,45,410105197906219681,城乡居民,南阳市,2022-03-31,在保
P202302693,吴晨曦,男,49,410103197507205398,城乡居民,商丘市,2023-12-11,在保
P202300195,程婷,女,53,410702197109053359,城乡居民,焦作市,2020-11-28,在保
P202301475,蔡萍,女,35,410103198910055424,城镇职工,焦作市,2024-01-24,在保
P202303438,张思琪,女,27,410105199708286921,城镇职工,漯河市,2022-08-22,在保
P202302183,萧伟,男,46,410502197810147846,灵活就业,南阳市,2020-01-10,在保
P202301212,李芳,女,37,410502198710050979,城乡居民,平顶山市,2022-03-12,在保
P202304105,朱文彬,男,48,410202197604203752,城乡居民,许昌市,2023-11-30,停保
P202301658,贾磊,男,73,410104195104148870,城镇职工,新乡市,2022-08-14,在保
P202302754,郑晓红,女,47,410105197711248934,灵活就业,驻马店市,2021-02-10,在保
P202303159,许勇,男,73,410302195108041796,灵活就业,漯河市,2023-05-18,在保
P202302759,梁佳慧,女,29,410102199510065444,城镇职工,南阳市,2022-08-07,在保
P202304106,张婷,女,54,410202197004066148,城乡居民,鹤壁市,2022-08-16,停保
P202302214,卢梦瑶,女,41,410103198304054816,城镇职工,洛阳市,2023-08-27,在保
P202304452,徐婷,女,41,410302198304167367,城乡居民,新乡市,2021-09-19,在保
P202301131,袁子轩,男,55,410105196908162964,城乡居民,商丘市,2020-07-23,退保
P202301462,董杰,男,27,410103199703072692,城乡居民,漯河市,2023-01-15,在保
P202300277,孙超,男,53,410502197107146102,城乡居民,周口市,2022-02-24,在保
P202304575,阎杰,男,36,410702198802013505,城镇职工,信阳市,2023-02-28,在保
P202303651,沈军,男,57,410302196708018258,城镇职工,驻马店市,2021-10-07,在保
P202303373,苏勇,男,76,410104194806041601,城镇职工,平顶山市,2023-08-23,在保
P202303188,吕莉,女,66,410302195802247363,灵活就业,洛阳市,2021-11-06,在保
P202301303,罗雨彤,女,46,410106197808234504,城镇职工,开封市,2024-03-03,在保
P202302847,罗勇,男,39,410104198505013876,城镇职工,商丘市,2020-12-29,在保
P202300223,谢美琳,女,62,410302196207036998,城镇职工,开封市,2023-08-31,停保
P202304688,赵萍,女,32,410702199201137610,城乡居民,鹤壁市,2023-05-01,在保
P202303657,冯鹏,男,50,410104197407063095,城乡居民,漯河市,2021-10-24,在保
P202300574,周敏,女,46,410106197806174238,城乡居民,新乡市,2023-11-26,在保
P202301237,赵晓红,女,80,410106194409016214,城镇职工,郑州市,2023-08-18,在保
P202303615,刘文彬,男,62,410106196207253733,城镇职工,新乡市,2022-05-03,在保
P202302175,曾磊,男,34,410502199003285877,城镇职工,安阳市,2020-10-02,在保
P202302324,徐秀英,女,80,410302194403207934,灵活就业,商丘市,2020-07-09,在保
P202301335,许杰,男,52,410103197210156243,城乡居民,平顶山市,2020-05-29,在保
P202304542,黄俊杰,男,85,410202193907052767,城乡居民,周口市,2023-05-18,在保
P202304953,刘波,男,64,410103196010048880,城镇职工,鹤壁市,2022-05-29,停保
P202300419,,女,71,410202195308046308,城乡居民,鹤壁市,2021-04-04,在保
P202300268,谢淑珍,女,24,410702200012171545,城乡居民,郑州市,2022-09-15,在保
P202301105,魏芳,女,69,410502195512204884,城镇职工,鹤壁市,2023-11-09,在保
P202300258,于辉,男,37,410402198702122573,城镇职工,许昌市,2023-07-04,在保
P202300296,王芳,女,37,410103198707231357,城乡居民,洛阳市,2021-04-13,在保
P202302406,朱飞,男,74,410402195007185277,城乡居民,许昌市,2022-10-11,在保
P202300387,曾建国,男,56,410202196812218110,城镇职工,南阳市,2023-08-04,在保
P202304419,马玉兰,女,43,410502198110251844,城乡,商丘市,2021-09-23,在保
P202303154,梁欣怡,女,43,410702198103050738,城镇职工,驻马店市,2020-10-05,停保
P202302275,贾欣怡,女,30,410104199402110561,灵活就业,鹤壁市,2022-04-12,停保
P202302291,张凤英,女,81,410106194303014566,城镇职工,商丘市,2021-02-27,在保
P202304380,周国强,男,36,410105198806041041,城镇职工,新乡市,2023-09-04,在保
P202303586,林永强,男,26,410104199805135737,城乡居民,开封市,2021-01-15,停保
P202304251,傅慧,女,69,410202195511165168,城乡居民,开封市,2024-05-12,在保
P202304429,邓宇航,男,51,410402197306191190,城镇职工,商丘市,2022-02-06,在保
P202301564,卢天宇,男,65,410102195907193535,城镇职工,南阳市,2020-02-11,在保
P202301963,苏杰,男,59,410702196512251533,城乡居民,平顶山市,2021-03-29,在保
P202301401,孙伟,男,31,410402199312043391,城乡居民,洛阳市,2022-04-06,在保
P202300713,罗文彬,男,40,410103198411255327,城乡居民,平顶山市,2022-08-12,在保
P202304372,朱明,男,40,410104198406134977,灵活就业,开封市,2021-12-10,在保
P202302906,吕晨曦,男,63,410202196110183105,城乡居民,焦作市,2022-07-24,在保
P202300210,张芳,女,95,410702192902112917,城镇职工,商丘市,2023-01-17,在保
P202304021,陈杰,男,89,410702193510144057,城镇职工,南阳市,2021-03-26,在保
P202301290,马诗涵,女,11,410104201303132950,灵活就业,驻马店市,2021-11-15,在保
P202304879,韩文博,男,37,410105198706262544,城镇职工,洛阳市,2022-09-24,在保
P202301843,吕浩,男,40,410103198412279324,城乡居民,开封市,2022-06-01,在保
P202300450,赵雨彤,女,30,410106199412095928,灵活就业,周口市,2020-12-22,在保
P202304525,韩秀兰,女,71,410402195301265112,城乡居民,南阳市,2020-03-28,在保
P202303555,丁文博,男,16,410102200809191394,城镇职工,安阳市,2022-04-13,在保
P202301821,程明,男,47,410106197701066139,城乡居民,郑州市,2022-06-26,在保
P202300959,曾超,男,60,410702196407035634,城镇职工,安阳市,2022-02-20,在保
P202301794,蔡艳,女,62,410105196210215962,城镇职工,鹤壁市,2020-02-29,在保
P202302810,曾婷,女,-1,410102198404135648,灵活就业,平顶山市,2021-04-18,在保
P202300655,吴艳,女,95,410402192903133822,灵活就业,信阳市,2024-01-14,在保
P202302452,徐语嫣,女,35,410202198903045059,城镇职工,信阳市,2020-04-17,在保
P202303928,薛艳,女,58,410102196612170932,灵活就业,安阳市,2022-04-08,退保
P202300332,丁玉兰,女,33,410402199106195145,城乡居民,南阳市,2021-07-07,在保
P202301761,周飞,男,79,410105194508240398,城乡居民,焦作市,2023-10-27,在保
P202304661,蔡建华,男,76,410502194807250318,灵活就业,洛阳市,2020-07-06,停保
P202302797,薛婷,女,60,410106196411164387,城乡居民,开封市,2020-04-04,在保
P202302155,于嘉伟,男,27,410402199709189102,城镇职工,平顶山市,2023-02-14,在保
P202300412,贾国强,男,29,410104199502136739,城镇职工,周口市,2021-10-21,在保
P202301775,梁娜,女,36,410702198805281531,城镇职工,安阳市,2024-04-25,在保
P202304815,高军,男,55,410106196907102339,城镇职工,平顶山市,2021-05-27,在保
P202302229,傅斌,男,16,410106200807080410,城乡居民,郑州市,2023-05-07,在保
P202302424,程海涛,男,49,410502197506034943,城镇职工,商丘市,2020-12-06,停保
P202302679,杨鹏,男,51,410104197304074552,城乡居民,许昌市,2020-04-24,停保
P202304356,高建国,男,62,410702196206046425,城乡居民,周口市,2020-10-31,在保
P202304824,苏梦瑶,女,49,410502197505137740,城乡居民,鹤壁市,2022-07-12,在保
P202304472,吕晓红,女,73,410302195101279872,灵活就业,信阳市,,在保
P202303383,曾霞,女,53,410702197106018790,城乡居民,新乡市,2021-09-21,在保
P202303533,何玉兰,女,48,410702197609109821,城乡居民,许昌市,2024-02-17,退保
P202303629,沈芳,女,22,410103200211150500,城乡居民,鹤壁市,2021-02-06,退保
P202302003,袁秀英,女,35,410104198907201465,城乡居民,平顶山市,2022-01-30,在保
P202303436,李慧,女,66,410103195810140852,灵活就业,周口市,2021-03-26,在保
P202303448,张美琳,女,35,410103198912205111,城乡居民,安阳市,2020-03-19,在保
P202303823,冯雨彤,女,49,410702197504138208,灵活就业,安阳市,2020-10-08,在保
P202300431,蔡斌,男,28,410105199609277196,城乡居民,商丘市,2020-05-27,在保
P202304561,叶晓红,女,30,410103199408032184,城镇职工,郑州市,2023-08-02,在保
P202302081,韩淑珍,女,50,410106197412099368,城乡居民,许昌市,2024-02-23,在保
P202301367,叶天宇,男,49,410702197507282074,城镇职工,郑州市,2022-03-31,在保
P202300174,沈娜,女,56,410402196806124541,城乡居民,周口市,2020-10-08,在保
P202302911,蔡磊,男,40,410402198406214112,城乡居民,商丘市,2022-02-19,在保
P202301177,高国强,男,19,410702200511187516,城乡居民,驻马店市,2024-02-10,在保
P202303400,高文彬,男,42,410702198208226888,城乡居民,鹤壁市,2021-03-21,在保
P202301477,梁海涛,男,47,410402197705183489,灵活就业,平顶山市,2021-11-09,在保
P202303940,萧桂英,女,36,410302198804259197,城乡居民,许昌市,2024-04-15,在保
P202303566,郭军,男,50,410102197401112895,城乡居民,焦作市,2023-02-12,在保
P202300103,曾玲,女,43,410302198112094674,城乡居民,新乡市,2022-02-26,停保
P202303413,薛浩,男,85,410104193907103117,城镇职工,平顶山市,2024-04-23,在保
P202303265,黄婷,女,61,410102196311157403,城乡居民,商丘市,2021-07-17,在保
P202301264,高晨曦,男,33,410105199106123488,城乡居民,鹤壁市,2020-01-04,在保
P202302941,叶雪,女,67,410105195705256789,城乡居民,开封市,2022-09-09,在保
P202301074,郑慧,女,26,410702199809011628,灵活就业,许昌市,2021-06-05,停保
P202302573,赵文博,男,44,410105198004287578,城镇职工,开封市,2020-09-20,在保
P202304706,刘雪,女,47,410202197701246961,城镇职工,商丘市,2021-09-18,在保
P202302795,蔡子轩,男,49,410302197509047416,城镇职工,新乡市,2022-04-30,在保
P202303366,程杰,男,85,410402193912128806,城乡居民,商丘市,2022-10-04,在保
P202304546,袁思琪,女,60,410302196406211285,城镇职工,漯河市,2021-12-04,在保
P202303756,宋晓红,女,14,410702201012249175,城乡居民,许昌市,2023-06-30,在保
P202301644,高明,男,58,410103196611131363,城乡居民,安阳市,2020-08-18,在保
P202304551,卢美琳,女,75,410502194912141919,城镇职工,南阳市,2022-06-01,退保
P202300001,李子轩,男,58,410105196603241048,城镇职工,洛阳市,2023-04-24,在保
P202301581,陈萍,女,53,410502197109160417,城镇职工,洛阳市,2021-12-22,在保
P202304467,杨俊杰,男,65,,灵活就业,周口市,2020-12-17,在保
P202304454,陈波,男,55,410102196906122022,城镇职工,南阳市,2022-06-27,在保
P202301357,宋雨彤,女,40,410702198409175914,灵活就业,平顶山市,2020-09-26,在保
P202303460,张芳,女,150,410502199610106146,城乡居民,漯河市,2020-05-08,在保
P202302124,曾文博,男,45,410402197905214862,城乡居民,平顶山市,2023-06-18,在保
P202302278,袁秀英,女,29,410102199505047566,城镇职工,周口市,2020-06-01,在保
P202302079,韩超,男,47,410105197709289427,城乡居民,开封市,2023-10-19,在保
P202304366,吕淑珍,女,87,410402193705210189,城乡居民,焦作市,2020-12-12,在保
P202300397,冯梦瑶,女,19,410104200502057120,灵活就业,鹤壁市,2020-11-22,在保
P202303530,宋伟,男,31,410202199311257862,灵活就业,南阳市,2020-03-05,在保
P202301065,魏丽,女,43,410202198109064473,城镇职工,洛阳市,2023-12-25,在保
P202302405,吕莉,女,80,410702194411271589,灵活就业,漯河市,2024-02-18,在保
P202304216,杨涛,男,60,410202196404289547,城乡居民,许昌市,2023-07-17,退保
P202302196,周玉兰,女,38,410104198601090692,城镇职工,鹤壁市,2021-04-21,停保
P202300819,曹文博,男,51,410202197307064240,灵活就业,鹤壁市,2022-12-17,在保
P202301813,吕子轩,男,79,410102194505191976,城乡居民,南阳市,2021-11-21,在保
P202302621,孙霞,女,62,410502196208258271,城镇职工,漯河市,2020-01-11,在保
P202301553,胡霞,女,34,410302199011166091,城镇职工,信阳市,2022-06-14,在保
P202303185,唐霞,女,35,410102198901225594,城乡居民,安阳市,2024-02-13,在保
P202300817,沈建国,男,54,410402197009011238,城镇职工,开封市,2020-02-08,在保
P202301573,萧娟,女,55,410103196912081659,城乡居民,平顶山市,2020-03-27,在保
P202303028,林慧,女,58,410102196601263914,城乡居民,安阳市,2022-12-23,停保
P202301801,叶婷,女,84,410103194004167245,灵活就业,开封市,2023-04-01,退保
P202304332,黄宇航,男,29,410302199510142700,城乡居民,洛阳市,2020-04-09,在保
P202300382,沈浩然,男,39,410103198503204446,城镇职工,南阳市,2022-05-28,退保
P202304533,于建华,男,59,410402196510051604,城乡居民,洛阳市,2023-09-25,在保
P202303898,杨志强,男,62,410402196203156569,灵活就业,信阳市,2021-05-11,停保
P202302956,曾美琳,女,81,410102194306113109,城镇职工,安阳市,2023-08-21,在保
P202303574,蔡永强,男,53,410105197110142487,城乡居民,周口市,2020-03-28,在保
P202302949,梁欣怡,女,46,410105197809088810,灵活就业,商丘市,2022-10-15,在保
P202304369,马磊,男,37,410103198702203544,城镇职工,郑州市,2023-11-14,在保
P202301781,丁诗涵,女,24,410104200009053119,城乡居民,漯河市,2020-08-31,退保
P202302781,卢鹏,男,65,410702195906089371,城镇职工,漯河市,2020-03-19,在保
P202302482,曾子轩,男,80,410202194406018874,城乡居民,周口市,2023-12-09,在保
P202302378,冯天宇,男,26,410105199804150927,城镇职工,许昌市,2020-01-13,在保
P202300865,朱明,男,38,410402198604132234,灵活就业,南阳市,2022-02-11,在保
P202303083,周语嫣,女,14,410502201011129136,灵活就业,新乡市,,在保
P202303971,梁海涛,男,42,410106198205275197,灵活就业,南阳市,2020-11-17,在保
P202300555,孙伟,男,56,410702196810096209,城乡居民,周口市,2021-04-17,在保
P202301160,罗子轩,男,44,410103198006248352,城乡居民,郑州市,2021-04-26,在保
P202301214,韩玲,女,66,410105195807182857,城镇职工,安阳市,2023-12-10,在保
P202302604,冯晓红,女,28,410502199601249871,城镇职工,漯河市,2023-06-25,在保
P202303672,吕婷,女,65,410502195907133729,城乡居民,安阳市,2023-01-18,在保
P202300049,林静,女,56,410102196802254353,城乡居民,开封市,2023-11-26,在保
P202302986,胡婷,女,-3,410202199203022118,灵活就业,鹤壁市,2023-08-20,在保
P202300701,吴文博,男,40,410106198410123602,城乡居民,鹤壁市,2022-10-22,在保
P202300653,魏浩,男,45,410202197907077655,城乡居民,新乡市,2024-05-14,在保
P202303222,冯飞,男,63,410302196102051722,城镇职工,漯河市,2023-01-13,在保
P202303132,萧宇航,男,49,410103197508169723,城乡居民,商丘市,2022-09-11,在保
P202303378,曹建国,男,32,,城乡居民,漯河市,2024-01-01,在保
P202300749,丁涛,男,38,410106198605245066,城镇职工,开封市,2022-06-02,停保
P202301456,曹鹏,男,18,410402200611038245,城镇职工,鹤壁市,2022-11-08,停保
P202304239,彭建华,男,76,410106194808242376,城镇职工,南阳市,2022-01-17,在保
P202302252,刘玲,女,77,410302194709059701,城乡居民,开封市,2020-06-26,在保
P202302060,赵静,女,53,410105197112284725,城乡居民,鹤壁市,2022-03-16,停保
P202300867,于凤英,女,55,410302196906265095,城乡居民,安阳市,2022-02-22,在保
P202300753,刘飞,男,32,410402199206209619,灵活就业,许昌市,2024-03-12,在保
P202301645,丁军,男,30,410102199407043493,城乡居民,信阳市,2020-10-22,在保
P202300093,曾莉,女,37,410402198703155517,灵活就业,焦作市,2021-11-11,在保
P202302882,胡文博,男,11,410302201307026460,城乡居民,鹤壁市,2020-03-16,在保
P202303165,徐嘉伟,男,29,410103199512050164,城镇职工,南阳市,2021-04-27,在保
P202302477,程佳慧,女,45,410502197903144646,城乡居民,开封市,2022-01-30,在保
P202303904,刘凤英,女,33,410702199101106494,城乡居民,驻马店市,2023-11-03,在保
P202301491,贾静,女,40,410103198404151621,城乡居民,平顶山市,2021-06-18,在保
P202302955,邓浩然,男,32,410702199208094507,城乡居民,南阳市,2021-12-18,在保
P202304270,贾诗涵,女,66,410502195811207558,城乡居民,驻马店市,2020-05-12,在保
P202300730,蔡萍,女,35,410105198902051960,城镇职工,新乡市,2021-09-27,在保
P202302772,魏欣怡,女,36,410104198807099041,城乡居民,开封市,2024-03-22,在保
P202302519,梁诗涵,女,45,410502197911214580,城镇职工,商丘市,2023-02-04,在保
P202303806,程秀英,女,59,410106196502249737,城镇职工,商丘市,2023-11-25,在保
P202301937,曾雪,女,54,410302197006056094,城乡居民,安阳市,2022-08-25,在保
P202301746,赵海涛,男,54,410502197007065868,城镇职工,焦作市,2024-02-13,在保
P202303568,朱超,男,69,410402195512287826,城乡居民,南阳市,2022-11-08,在保
P202303380,彭静,女,36,410302198808243118,城乡居民,信阳市,2022-04-18,停保
P202303632,赵国强,男,38,410702198607104440,城镇职工,信阳市,2022-07-09,在保
P202301958,卢伟,,95,410302192909020758,城镇职工,南阳市,2024-01-08,在保
P202301111,黄霞,女,46,410102197803148763,城乡居民,商丘市,2020-10-17,在保
P202303406,徐静,女,4,410202202010254103,城镇职工,漯河市,2023-10-18,在保
P202304110,高萍,女,54,410102197011077914,城镇职工,郑州市,2021-12-03,在保
P202304517,董磊,男,42,410103198204162109,城镇职工,鹤壁市,2021-08-31,在保
P202304818,张明,男,34,410105199003246372,城乡居民,漯河市,2022-03-06,在保
P202300347,徐欣怡,女,23,410103200106206287,城镇职工,许昌市,2020-03-04,在保
P202301186,魏强,男,66,410202195808146457,城镇职工,许昌市,2022-06-11,在保
P202304067,刘婷,女,53,410502197107183216,城镇职工,安阳市,,在保
P202304086,刘建国,男,45,410202197903048657,城乡居民,鹤壁市,2022-03-14,在保
P202301516,薛明,男,47,410202197708043335,城乡居民,驻马店市,2022-03-19,在保
P202304717,吕丽,女,92,410104193212142322,城乡居民,许昌市,2022-09-01,在保
P202300579,王海涛,男,23,410106200105260694,城镇职工,安阳市,2022-11-03,在保
P202301965,王海涛,男,60,410502196409145224,城乡居民,新乡市,2020-01-29,在保
P202300076,杨娟,女,64,410302196010208099,城镇职工,新乡市,2024-05-07,在保
P202301430,吴建华,男,45,410102197902220666,灵活就业,驻马店市,2022-12-30,在保
P202304394,林艳,女,40,410402198401134206,城乡居民,商丘市,2022-10-07,在保
P202304960,宋明,男,59,410702196506131197,城乡居民,南阳市,2021-01-11,在保
P202304053,曾明,男,58,410202196612021817,城镇职工,焦作市,2022-11-08,退保
P202302654,贾慧,女,68,410202195606203160,城镇职工,许昌市,2022-07-09,在保
P202301847,黄磊,男,72,410102195212275508,灵活就业,商丘市,2023-04-18,退保
P202300132,谢鹏,男,51,410702197310039040,城乡居民,开封市,2020-11-18,在保
P202300179,李玉兰,女,45,410202197908265642,城乡居民,周口市,2020-06-25,在保
P202304512,邓海涛,男,69,410502195501127661,城镇职工,鹤壁市,2021-08-15,在保
P202302749,王宇航,男,56,410105196801058314,灵活就业,平顶山市,2020-12-19,停保
P202302570,王波,男,45,410104197904021898,城镇职工,南阳市,2021-11-17,退保
P202302418,程永强,男,56,410302196802010537,城乡居民,信阳市,2022-10-12,在保
P202304623,蒋军,男,34,410702199007212417,城镇职工,驻马店市,2020-06-24,在保
P202300659,林飞,男,53,410105197110059359,城镇职工,漯河市,2020-01-11,在保
P202301897,袁磊,男,45,410302197908165174,城乡居民,驻马店市,2020-05-17,在保
P202303385,蒋美琳,女,69,410104195506152283,城镇职工,郑州市,2023-06-06,停保
P202303164,彭思琪,女,37,410102198711137152,城乡居民,平顶山市,2022-09-13,在保
P202300343,林超,男,54,410104197011038415,灵活就业,信阳市,2020-01-24,在保
P202304499,刘文彬,男,10,410202201405120478,城镇职工,漯河市,2020-02-10,在保
P202300728,沈欣怡,女,56,410502196804124732,城乡居民,新乡市,2020-11-04,在保
P202303857,杨伟,男,24,410104200003110944,城乡居民,焦作市,2021-12-24,在保
P202300977,王超,男,41,410104198307120091,灵活就业,南阳市,2022-10-04,在保
P202302419,陈志强,男,57,410202196701084291,灵活就业,平顶山市,2023-03-24,在保
P202304422,沈秀英,女,30,410106199405179319,城乡居民,安阳市,2020-02-10,停保
P202301929,郭文博,男,69,410104195509069418,灵活就业,周口市,2021-11-02,停保
P202302665,沈浩然,男,58,410104196604237141,城乡居民,新乡市,2020-10-20,在保
P202304913,苏紫薇,女,64,410502196001272702,城乡居民,郑州市,2023-10-20,在保
P202301300,冯思琪,女,55,410105196908072701,城镇职工,焦作市,2023-08-07,在保
P202304705,魏秀兰,女,60,410402196407094748,城乡居民,鹤壁市,2021-12-29,在保
P202304646,李紫薇,女,79,410104194511213698,城镇职工,信阳市,2024-01-22,在保
P202300661,曹娟,女,39,410102198512244163,城镇职工,开封市,2022-01-04,在保
P202304048,郑浩,男,95,410106192911269718,城乡居民,驻马店市,2020-10-26,退保
P202302439,程霞,女,42,410106198205167430,城镇职工,鹤壁市,2022-12-25,在保
P202303707,罗鹏,男,40,410102198407120670,城镇职工,平顶山市,2020-02-12,在保
P202303037,许建华,男,43,410402198101013311,城乡居民,许昌市,2020-03-25,在保
P202302234,唐秀兰,女,66,410102195802025632,城镇职工,安阳市,2023-08-11,在保
P202303114,魏磊,男,28,410402199604150784,城镇职工,焦作市,,在保
P202303999,罗浩然,男,79,410402194505287116,城乡居民,新乡市,2024-03-12,在保
P202303669,马伟,男,47,410105197709127106,城乡居民,漯河市,2023-03-28,在保
P202303257,杨美琳,女,34,410105199004159599,灵活就业,平顶山市,2021-04-15,停保
P202301279,贾宇航,男,53,410702197108077786,城镇职工,安阳市,2024-03-09,在保
P202303134,刘娜,女,76,410102194803032744,城镇职工,安阳市,2020-06-25,停保
P202301622,黄文博,男,24,410105200002257884,灵活就业,开封市,2020-08-20,在保
P202303076,刘静,女,82,410104194206048380,城镇职工,信阳市,2023-12-22,在保
P202300916,何文彬,男,55,410104196905086169,城乡居民,商丘市,2020-11-26,在保
P202300068,傅芳,女,68,410105195602087376,城乡居民,信阳市,2023-02-11,在保
P202304741,冯志强,男,59,410104196509176853,城乡居民,信阳市,2023-06-02,在保
P202302168,叶莉,女,27,410106199706261014,城乡居民,平顶山市,2021-02-26,在保
P202304746,韩慧,女,44,410103198005230792,城镇职工,驻马店市,2020-01-02,在保
P202300821,冯思琪,女,40,410702198406060270,城镇职工,安阳市,2022-03-09,在保
P202301227,郑海涛,男,50,410105197405108406,城镇职工,周口市,2024-02-02,在保
P202303186,赵飞,男,73,410103195108143062,城乡居民,周口市,2022-04-25,在保
P202304891,叶斌,男,35,410104198903078949,城乡居民,信阳市,2022-02-14,停保
P202302958,吴子轩,男,45,410702197905256270,城职,信阳市,2022-04-09,停保
P202304503,于娜,女,21,410202200311234240,城镇职工,许昌市,2022-12-28,在保
P202304314,马波,男,56,410104196807211782,城镇职工,安阳市,2022-10-09,在保
P202304146,卢丽,女,2,410202202209136112,灵活就业,鹤壁市,2022-03-28,在保
P202301144,胡诗涵,女,52,410402197209123659,城镇职工,漯河市,2023-02-18,停保
P202300398,沈思琪,女,74,410702195007253679,城镇职工,郑州市,2023-11-02,停保
P202304244,董玉兰,女,62,410103196210039508,城镇职工,平顶山市,2023-02-26,在保
P202304346,董艳,女,50,410105197408039457,城镇职工,漯河市,2024-01-02,在保
P202304420,孙建国,男,10,410103201402288183,灵活就业,鹤壁市,2022-06-28,在保
P202301399,吴紫薇,女,71,410702195306280069,城乡居民,郑州市,2023-12-29,在保
P202301660,张辉,男,70,410702195407042879,城镇职工,漯河市,2022-07-10,停保
P202300980,王玉兰,女,63,410105196102072910,灵活就业,开封市,2022-03-19,在保
P202301299,于佳慧,女,54,410104197005258459,城镇职工,平顶山市,2020-08-16,在保
P202303661,冯强,男,43,410105198110178731,城乡居民,郑州市,2022-06-23,在保
P202300083,薛桂英,女,76,410102194802089849,城乡居民,周口市,2020-02-12,退保
P202302226,黄辉,男,73,410102195101199771,城镇职工,南阳市,2023-03-08,在保
P202302506,沈辉,男,35,410202198910276438,城乡居民,郑州市,2020-10-14,在保
P202304317,张秀英,女,29,410402199510195080,城镇职工,南阳市,2020-10-05,在保
P202304709,林杰,男,67,410502195707118529,灵活就业,洛阳市,2023-01-04,在保
P202304099,韩欣怡,女,47,410106197708091062,城镇职工,郑州市,2023-02-17,在保
P202300424,王桂英,女,67,410104195701059505,城乡居民,周口市,2020-04-14,在保
P202304384,朱莉,女,53,410103197104160128,城乡居民,焦作市,2023-02-24,停保
P202301905,吴军,男,48,410502197608014012,灵活就业,漯河市,2023-03-06,在保
P202304679,丁丽,女,65,410202195902023199,城镇职工,安阳市,2022-02-12,停保
P202304057,徐辉,男,76,410104194808033861,灵活就业,商丘市,2022-12-11,在保
P202303166,冯杰,男,18,410302200607240233,灵活就业,开封市,2021-01-24,在保
P202301566,张波,男,44,410105198002239372,城镇职工,洛阳市,2023-06-14,在保
P202303424,王建国,男,57,410105196706283176,城乡居民,周口市,2021-08-18,在保
P202300840,曹玉兰,女,46,410102197812080484,城乡居民,漯河市,2022-05-10,在保
P202300501,郑鹏,男,66,410102195812169697,城乡居民,安阳市,2020-01-19,在保
P202300142,叶莉,女,73,410402195111196589,城乡居民,焦作市,2023-07-08,在保
P202301378,张萍,女,68,410103195610041203,城镇职工,焦作市,2023-04-03,在保
P202303771,彭梦瑶,女,68,410102195609054218,城乡居民,许昌市,2020-02-07,在保
P202302571,贾芳,女,50,410104197403107581,城乡居民,洛阳市,2021-08-15,在保
P202301139,阎宇航,男,60,410105196402067456,灵活就业,平顶山市,,停保
P202302595,彭军,男,65,410702195910219204,城乡居民,郑州市,2021-03-16,在保
P202301788,薛勇,男,36,410103198803076212,城镇职工,漯河市,2023-08-14,在保
P202302616,邓婷,女,62,410202196207136194,灵活就业,驻马店市,2023-03-13,退保
P202300551,冯明,男,51,410302197305203377,城乡居民,驻马店市,2020-09-26,在保
P202303163,彭天宇,男,41,410202198309164901,城乡居民,鹤壁市,2021-11-14,在保
P202302020,王鹏,男,27,410402199712238483,城镇职工,平顶山市,2021-12-26,在保
P202300949,张军,男,49,410402197505236102,城镇职工,商丘市,2024-03-06,在保
P202302304,赵晨曦,男,54,410302197005168481,城镇职工,郑州市,2022-05-14,在保
P202300533,程丽,女,48,410702197602206574,城乡居民,郑州市,2024-02-05,在保
P202301830,胡建国,男,50,410402197402080557,城镇职工,许昌市,2021-04-14,在保
P202304848,杨敏,女,40,410104198411070533,城乡居民,鹤壁市,2021-12-15,在保
P202304463,谢涛,男,65,410103195901047365,灵活就业,驻马店市,2021-09-10,在保
P202303948,刘婷,女,57,410702196711083296,城镇职工,焦作市,2021-05-07,在保
P202301603,蒋丽,女,38,410402198606173134,城乡居民,商丘市,2023-12-16,在保
P202300640,薛国强,男,26,410103199801241447,城镇职工,商丘市,2020-02-09,在保
P202304882,梁建国,男,74,410502195012016901,城镇职工,开封市,2022-07-28,在保
P202300968,丁紫薇,女,82,410702194207234682,城镇职工,信阳市,2021-12-25,在保
P202304282,曹梦瑶,女,22,410202200202100109,城镇职工,南阳市,2020-08-12,在保
P202302678,周玉兰,女,21,410502200305236710,城镇职工,信阳市,2020-02-19,在保
P202301684,邓静,女,55,410702196902084222,城镇职工,平顶山市,2021-07-05,在保
P202304516,蔡超,男,33,410105199110023840,城镇职工,焦作市,,在保
P202304545,何美琳,女,56,410103196806154594,城镇职工,南阳市,2022-03-01,在保
P202300156,胡宇航,男,37,410106198701214925,城乡居民,驻马店市,2020-07-29,在保
P202302535,刘艳,女,42,410402198202116426,城镇职工,鹤壁市,2024-05-09,在保
P202303705,许凤英,女,47,410105197703250654,城乡居民,周口市,2023-05-27,在保
P202301090,赵飞,男,46,410302197804060903,灵活就业,许昌市,2022-01-25,在保
P202302708,吴艳,女,50,410106197408079090,城镇职工,焦作市,2024-02-22,在保
P202304285,傅军,男,35,410103198907093334,城镇职工,漯河市,2022-04-17,在保
P202300289,唐建国,男,55,410202196908163359,城乡居民,郑州市,2024-05-04,在保
P202300931,马萍,女,40,410104198409198038,城镇职工,郑州市,2020-09-18,在保
P202302585,周紫薇,女,69,410702195509117653,城乡居民,开封市,2021-08-16,在保
P202302306,宋永强,男,95,410102192905192033,城镇职工,开封市,2022-04-26,在保
P202303440,冯宇航,男,55,410104196912026653,灵活就业,漯河市,2020-05-01,退保
P202304134,董强,男,72,410202195205089731,城镇职工,南阳市,2023-08-04,退保
P202303358,彭超,男,11,410702201312134389,城镇职工,焦作市,2021-08-24,在保
P202300943,魏淑珍,女,61,410104196301184015,城镇职工,南阳市,2023-10-20,在保
P202303935,苏勇,,51,410104197301184001,城镇职工,安阳市,2024-03-10,在保
P202304710,沈宇航,男,49,410102197506065423,灵活就业,平顶山市,2023-05-23,在保
P202301699,吴宇航,男,59,410103196512204658,城镇职工,信阳市,2024-01-17,停保
P202304757,叶敏,女,23,410105200108244203,城乡居民,平顶山市,2020-11-27,在保
P202303017,冯桂英,女,22,410502200210264662,城乡居民,开封市,2022-03-04,在保
P202303648,罗海涛,男,53,410202197104179471,城镇职工,洛阳市,2023-11-13,在保
P202303913,沈建国,男,68,410302195604236208,城镇职工,安阳市,2024-04-17,在保
P202300986,贾子轩,男,29,,城乡居民,新乡市,2020-09-03,在保
P202302828,赵凤英,女,48,410103197610237572,城乡居民,焦作市,2023-02-16,停保
P202302232,吴芳,女,64,410106196011010705,城镇职工,新乡市,2021-10-25,在保
P202302268,阎文彬,男,55,410104196903076939,城乡居民,漯河市,2024-04-01,在保
P202304827,曹飞,男,51,410104197301094099,灵活就业,漯河市,2020-04-06,停保
P202300982,梁浩然,男,57,410302196709249456,城乡居民,开封市,2020-08-12,退保
P202303408,傅国强,男,52,410106197207124455,城镇职工,新乡市,2020-06-01,在保
P202304528,杨文彬,男,63,410702196109063017,城乡居民,信阳市,2020-04-13,在保
P202303226,曹斌,男,32,410105199210246150,灵活就业,安阳市,2023-10-21,在保
P202303002,许娟,女,34,410106199004228599,城乡居民,商丘市,2020-06-18,在保
P202304588,袁嘉伟,男,66,410702195803171696,城镇职工,平顶山市,2020-10-27,在保
P202303920,薛嘉伟,男,48,410106197604098924,灵活就业,漯河市,2020-10-28,在保
P202301458,陈伟,男,56,410202196810031599,城乡居民,商丘市,2022-08-01,在保
P202301396,李建华,男,53,410102197106168882,城镇职工,洛阳市,2023-10-28,在保
P202300265,许娜,女,45,410202197912265499,城乡居民,商丘市,2020-06-23,在保
P202302441,沈辉,男,81,410402194307141356,城镇职工,开封市,2021-05-23,在保
P202300930,唐欣怡,女,48,410103197606149617,城乡居民,商丘市,2023-12-03,停保
P202303124,蒋慧,女,43,410102198108242740,城乡居民,新乡市,2021-03-15,停保
P202302179,袁欣怡,女,86,410702193804073613,城乡居民,平顶山市,2023-06-21,在保
P202303571,曾娟,女,44,410502198007027979,城镇职工,商丘市,2021-05-11,停保
P202300247,贾杰,男,41,410302198311263399,城镇职工,鹤壁市,2020-07-14,停保
P202303663,徐鹏,男,56,410402196806130686,城乡居民,驻马店市,2020-03-26,停保
P202301759,李嘉伟,男,79,410106194507250799,城乡居民,洛阳市,2024-01-13,在保
P202304915,袁文博,男,27,410202199708127455,城乡居民,焦作市,2020-10-11,在保
P202302868,董建华,男,34,410702199006039909,城乡居民,商丘市,2021-03-02,在保
P202300924,曹思琪,女,37,410102198701097690,城乡居民,商丘市,2023-04-07,在保
P202302390,沈丽,女,68,410402195611090901,城乡居民,南阳市,2023-01-10,在保
P202300269,杨敏,女,42,410104198206103517,城乡居民,平顶山市,2021-02-27,在保
P202300670,胡晨曦,男,69,410103195502139192,灵活就业,安阳市,2020-06-06,在保
P202304936,郭紫薇,女,59,410103196505201288,城镇职工,鹤壁市,2022-04-23,在保
P202301911,胡飞,男,81,410702194306276921,城镇职工,郑州市,2020-01-08,在保
P202303047,郑磊,男,70,410102195402285752,城乡居民,驻马店市,2024-01-22,在保
P202301153,傅志强,男,38,410302198612054406,城镇职工,驻马店市,2020-10-09,在保
P202304867,赵雨彤,女,53,410302197103048198,城镇职工,信阳市,2024-03-06,在保
P202303524,萧霞,女,79,410106194512269766,城乡,鹤壁市,2022-06-03,在保
P202304513,丁嘉伟,男,39,410402198505219470,城乡居民,安阳市,2024-02-14,退保
P202303964,魏杰,男,63,410103196101192466,城乡居民,信阳市,2024-01-24,退保
P202304529,谢敏,女,49,410302197503040039,城乡,驻马店市,,在保
P202303044,于强,男,54,410106197006156082,城乡居民,新乡市,2020-10-02,在保
P202301916,阎雪,女,40,410302198407182074,城乡居民,驻马店市,2020-10-15,在保
P202300613,吕娜,女,55,410502196901164648,灵活就业,漯河市,2022-08-18,在保
P202302451,郑梦瑶,女,33,410105199105278654,城镇职工,平顶山市,2021-11-07,在保
P202304125,贾艳,女,55,410302196911278985,城乡居民,安阳市,2022-07-01,在保
P202301899,贾秀英,女,60,410702196404157218,城乡居民,洛阳市,2020-02-01,在保
P202301650,卢娟,女,95,410106192908132762,城镇职工,信阳市,2021-03-27,在保
P202302499,胡建国,男,64,410502196007015243,城镇职工,鹤壁市,2021-10-13,在保
P202300259,萧军,男,57,410102196707118619,城镇职工,南阳市,,在保
P202300848,邓桂英,女,94,410103193002016091,城乡居民,周口市,2021-01-31,停保
P202304296,于霞,女,22,410106200201261746,城乡居民,许昌市,2020-09-10,在保
P202301234,丁静,女,95,410502192908167114,城乡居民,商丘市,2020-09-03,在保
P202301128,黄磊,男,36,410702198802170993,城镇职工,新乡市,2020-07-31,在保
P202301968,徐国强,男,47,410302197705064040,城乡居民,新乡市,2021-05-07,在保
P202300559,萧美琳,女,57,410302196701207526,城镇职工,许昌市,2021-10-02,在保
P202303983,韩晨曦,男,95,410402192906271817,城镇职工,焦作市,2021-08-14,在保
P202300485,程萍,女,36,410104198808142156,城镇职工,,2024-03-20,在保
P202302212,王静,女,60,410105196410097731,城镇职工,开封市,2024-02-09,停保
P202301321,沈永强,男,51,410104197304254052,城镇职工,鹤壁市,2020-11-19,在保
P202302575,韩静,女,95,410103192911246280,城乡居民,鹤壁市,2020-06-03,在保
P202300008,郭晓红,女,63,410502196104223320,城乡居民,新乡市,2020-03-06,在保
P202304408,张嘉伟,男,43,410103198104098841,灵活就业,安阳市,2020-03-09,在保
P202303255,薛玲,女,56,410104196806053929,城职,平顶山市,2024-02-28,在保
P202301451,李萍,女,55,410302196903128714,灵活就业,新乡市,2022-11-17,在保
P202304059,朱海涛,男,67,410105195711183524,城乡居民,信阳市,2023-02-21,在保
P202301815,傅永强,男,45,410502197903118800,城镇职工,周口市,2023-09-23,在保
P202300774,杨斌,男,67,410106195706197417,灵活就业,平顶山市,2023-10-04,在保
P202301012,许鹏,男,53,410302197103019343,城镇职工,郑州市,2021-04-09,在保
P202303146,马永强,男,58,410202196606160053,灵活就业,周口市,2024-01-09,在保
P202302816,沈慧,女,64,410702196010156399,灵活就业,郑州市,2021-10-08,在保
P202301992,韩勇,男,63,410103196102109912,城镇职工,安阳市,2021-03-19,在保
P202301278,魏梦瑶,女,57,410103196707048123,城乡居民,,2021-06-18,退保
P202301784,张婷,女,63,410302196109241861,城镇职工,安阳市,2021-09-13,在保
P202303169,陈莉,女,48,410104197605244624,灵活就业,商丘市,2020-06-23,在保
P202300447,唐超,男,56,410105196810221698,城乡居民,开封市,2022-07-02,在保
P202300881,韩晨曦,男,95,410104192904104427,灵活就业,开封市,2023-05-21,在保
P202304505,苏俊杰,男,46,410502197804022697,灵活就业,郑州市,2020-09-16,在保
P202300782,张慧,女,25,410502199910246267,城镇职工,新乡市,2024-01-02,在保
P202301750,邓紫薇,女,68,410102195606250026,城乡居民,驻马店市,2020-10-21,在保
P202303457,罗文彬,男,69,410106195507186086,城乡居民,信阳市,2023-08-25,在保
P202304932,谢莉,女,10,410103201411064258,灵活就业,洛阳市,2021-04-10,在保
P202300884,郑雨彤,女,68,410106195607208432,城乡居民,南阳市,2021-05-25,在保
P202303775,郑敏,女,18,410402200610012022,城乡居民,新乡市,2020-01-29,在保
P202301092,郭雨彤,女,49,410104197510151222,城镇职工,焦作市,2020-10-30,在保
P202302998,傅莉,女,27,410302199709055936,城镇职工,信阳市,2020-01-23,在保
P202300532,曾娟,女,20,410106200402194099,城镇职工,漯河市,2021-03-21,在保
P202304101,王玲,女,22,410105200206044110,城镇职工,开封市,2022-03-21,在保
P202304245,宋玉兰,女,50,410502197404057482,城乡居民,鹤壁市,2023-05-02,在保
P202304140,徐梦瑶,女,50,410103197412284219,灵活就业,安阳市,2021-03-29,在保
P202301728,郑秀兰,女,64,410105196001184936,城乡居民,洛阳市,2023-10-08,在保
P202300611,黄莉,女,61,410103196303247488,城乡居民,鹤壁市,2024-03-17,在保
P202300571,蒋国强,男,50,410106197406030501,城乡居民,南阳市,2020-12-31,在保
P202304441,赵秀兰,女,25,410402199908287997,城镇职工,商丘市,2022-12-12,在保
P202304093,周国强,男,47,410502197706260205,城乡居民,郑州市,2024-03-24,在保
P202300344,贾磊,男,40,410103198412010496,城镇职工,信阳市,2024-02-09,在保
P202303270,蔡慧,女,61,410104196302094401,灵活就业,信阳市,2021-01-10,在保
P202303204,薛雪,女,73,410202195103173748,灵活就业,鹤壁市,2023-06-13,在保
P202300435,马浩然,男,77,410302194707276760,灵活就业,信阳市,2020-11-16,在保
P202301904,朱俊杰,男,56,410105196810151668,城乡居民,新乡市,2021-05-02,在保
P202303878,朱磊,男,54,410105197007217783,灵活就业,商丘市,2020-05-16,在保
P202303286,孙雪,女,77,410104194712275454,城乡居民,信阳市,2020-03-14,在保
P202302070,胡涛,男,66,410104195810262390,城镇职工,开封市,2020-02-03,在保
P202301538,吴永强,男,40,410502198403287781,城镇职工,信阳市,2022-11-17,退保
P202302296,薛秀英,女,59,410202196510284606,灵活就业,安阳市,2024-05-09,在保
P202302989,林飞,男,29,410102199502041897,城镇职工,开封市,2023-01-14,在保
P202301518,丁伟,男,61,410502196302161471,灵活就业,许昌市,2021-09-19,在保
P202300966,孙玉兰,女,75,410502194909209036,城乡居民,信阳市,2023-04-28,在保
P202304451,吴艳,女,41,410106198304186913,城乡居民,许昌市,2022-09-13,在保
P202300529,沈建华,男,54,410502197012093687,城镇职工,信阳市,2022-03-24,在保
P202300177,董杰,男,50,410402197402266985,灵活就业,商丘市,2021-12-12,在保
P202303553,刘嘉伟,男,56,410702196807247449,城乡居民,焦作市,2021-09-13,在保
P202302593,马波,男,49,410702197505267917,城乡居民,南阳市,2021-01-11,在保
P202304734,罗飞,男,58,410105196601259198,城镇职工,平顶山市,2024-02-21,在保
P202300573,杨浩然,男,55,410202196907270696,城镇职工,鹤壁市,2023-02-01,在保
P202303850,苏勇,男,24,410302200011169547,城镇职工,漯河市,2021-11-08,在保
P202303860,吴丽,女,46,410104197802016343,城乡居民,焦作市,2023-07-31,在保
P202302874,蔡斌,男,39,410302198504134558,灵活就业,焦作市,2023-11-27,在保
P202303278,李思琪,女,52,410702197205170305,城镇职工,新乡市,2020-07-28,在保
P202302634,彭莉,女,55,410202196909119805,城镇职工,漯河市,2022-10-06,在保
P202302209,吴丽,女,44,410106198006289444,城镇职工,许昌市,2022-04-14,在保
P202302615,陈芳,女,60,410202196405167371,城镇职工,漯河市,2023-12-20,在保
P202302811,许娟,女,47,410702197711084113,城乡居民,许昌市,2020-06-10,在保
P202300384,高天宇,男,40,410106198403043928,灵活就业,周口市,2021-09-18,在保
P202300853,宋涛,男,38,,城乡居民,周口市,2021-11-18,在保
P202301881,高晓红,女,67,410302195703281911,城镇职工,开封市,2020-11-07,在保
P202300371,丁雨彤,女,50,410302197407283577,城乡居民,安阳市,2021-03-22,在保
P202302423,阎明,男,45,410103197901238577,城镇职工,南阳市,2021-10-20,在保
P202304368,邓辉,男,50,410104197407135170,城职,南阳市,2021-02-24,在保
P202301106,蔡秀英,女,31,410202199308059850,城镇职工,商丘市,2022-08-29,在保
P202304236,梁杰,男,28,410106199601119300,城镇职工,安阳市,2022-08-27,在保
P202304024,曾斌,男,64,410102196006094007,城乡居民,新乡市,2023-05-15,在保
P202301337,李淑珍,女,38,410102198610273990,城乡居民,郑州市,2021-04-06,在保
P202302190,黄语嫣,女,60,410202196409249147,城乡居民,开封市,2022-10-02,在保
P202304640,谢佳慧,女,0,410104202404163700,灵活就业,驻马店市,2024-04-01,在保
P202301601,赵霞,女,46,410702197809038519,城乡居民,安阳市,2020-10-10,在保
P202303611,邓玲,女,50,410202197402288916,城乡居民,焦作市,2022-08-26,在保
P202303007,杨语嫣,女,58,410102196604023536,城乡居民,驻马店市,2022-07-14,停保
P202304898,杨思琪,女,29,410202199506184995,城乡居民,新乡市,2020-02-07,在保
P202301172,何芳,女,55,410202196909230459,城乡居民,新乡市,2021-12-17,在保
P202302645,叶涛,男,30,410104199410263469,城镇职工,安阳市,2022-01-04,在保
P202304004,高淑珍,女,58,410702196605161798,城乡居民,洛阳市,2023-08-24,在保
P202301423,徐欣怡,女,43,410302198105182934,城镇职工,鹤壁市,2023-03-13,在保
P202302648,彭勇,男,24,410102200005034177,城乡居民,驻马店市,,在保
P202304488,赵婷,女,39,410402198508260466,城乡居民,南阳市,2022-09-26,在保
P202304198,蒋建国,男,21,410106200311125277,城镇职工,漯河市,2021-01-10,在保
P202301465,马紫薇,女,39,410102198502163520,城镇职工,周口市,2024-03-27,在保
P202300875,高秀兰,女,49,410302197512183065,城镇职工,周口市,2020-02-17,在保
P202302298,丁桂英,女,75,410104194907280789,城镇职工,许昌市,2020-02-26,在保
P202303594,谢勇,男,23,410202200102215881,城镇职工,周口市,2022-12-16,在保
P202304385,程文彬,男,39,410105198502148358,城镇职工,开封市,2020-10-14,在保
P202301252,袁浩然,男,65,410105195908090321,城镇职工,驻马店市,2023-09-10,在保
P202302707,王浩然,男,52,410102197208031491,城乡居民,郑州市,2020-10-16,在保
P202300841,王淑珍,女,49,410103197510260253,城镇职工,许昌市,2022-05-17,退保
P202303133,彭艳,女,18,410102200608171051,城乡居民,漯河市,2020-05-31,在保
P202300582,萧佳慧,女,42,410102198209105785,城乡居民,驻马店市,2023-01-02,在保
P202300205,朱艳,女,25,410106199909232782,城乡居民,洛阳市,2023-06-14,在保
P202301642,郭娟,女,75,410103194912142619,城乡居民,信阳市,2020-01-03,退保
P202302015,蒋语嫣,女,64,410103196007016184,灵活就业,新乡市,2023-03-20,在保
P202300906,刘海涛,男,50,410105197403031779,灵活就业,驻马店市,2021-02-22,在保
P202300632,阎凤英,女,77,410402194703216550,城镇职工,漯河市,2020-03-18,在保
P202304011,梁军,男,50,410402197408164234,城镇职工,周口市,2020-07-01,在保
P202301975,林慧,女,49,410702197504035606,城乡居民,周口市,2020-11-12,在保
P202300163,林莉,女,70,410103195409120698,城镇职工,驻马店市,2022-11-05,在保
P202303317,谢天宇,男,49,410104197506165855,城乡居民,周口市,2023-03-09,在保
P202304530,胡淑珍,女,40,410104198409216651,城乡居民,漯河市,2022-05-17,在保
P202304541,曹雪,女,31,410103199304217517,灵活就业,新乡市,2024-01-03,在保
P202300618,曹杰,男,63,410102196106039902,城乡居民,周口市,2020-11-11,在保
P202300876,周勇,男,82,410202194210218189,灵活就业,漯河市,2023-05-29,在保
P202301432,韩浩然,男,64,410105196011025778,城乡居民,洛阳市,2020-02-10,在保
P202300548,傅晓红,,46,410102197804173125,城乡居民,信阳市,2022-03-16,在保
P202303403,于美琳,女,53,410502197107216870,灵活就业,南阳市,2023-08-16,在保
P202304592,韩美琳,女,53,410302197112048797,城镇职工,南阳市,2022-01-08,在保
P202304267,胡建华,男,55,410202196911140476,城镇职工,信阳市,2022-09-11,在保
P202303932,彭雨彤,女,77,410302194706014341,城乡居民,鹤壁市,2024-05-01,在保
P202302719,苏淑珍,女,39,410105198503018973,灵活就业,洛阳市,2022-10-10,在保
P202304772,吕娜,女,32,410104199211249159,灵活就业,新乡市,2020-02-15,在保
P202304123,孙子轩,男,67,410202195712263122,城乡居民,信阳市,2021-02-26,在保
P202301862,朱俊杰,男,200,410105196006227739,城镇职工,商丘市,2020-11-30,退保
P202300641,林天宇,男,43,410102198103210514,城乡居民,鹤壁市,2020-07-18,在保
P202303049,曾桂英,女,57,410702196702115485,城乡居民,漯河市,2021-10-22,在保
P202300638,曹波,男,51,410502197311105118,城镇职工,鹤壁市,2022-07-09,退保
P202304904,曹永强,男,43,410102198101186530,城镇职工,焦作市,2022-07-24,在保
P202304800,黄晓红,女,63,410402196106177064,城镇职工,许昌市,2020-10-24,在保
P202303048,林明,男,43,410702198108270034,城乡居民,周口市,2023-08-18,停保
P202302097,张斌,男,62,,城镇职工,郑州市,2023-08-16,在保
P202302527,韩雨彤,女,57,410702196701281210,城乡居民,信阳市,2023-04-15,在保
P202303139,沈文博,男,58,410302196612052798,城镇职工,信阳市,2024-01-09,在保
P202303748,韩鹏,男,53,410104197112224685,城乡居民,平顶山市,2022-01-17,在保
P202302900,朱建华,男,55,410103196910083188,城镇职工,平顶山市,2023-03-17,在保
P202300922,孙涛,男,31,410104199304099236,城镇职工,信阳市,2023-07-07,停保
P202300547,高淑珍,女,60,410103196406168879,城乡居民,驻马店市,2020-06-29,在保
P202303740,梁浩然,男,25,410103199907049865,城职,商丘市,2024-04-14,在保
P202301901,吕莉,女,62,410702196209177952,城乡居民,漯河市,2024-04-14,在保
P202302029,林秀英,女,53,410103197109022786,灵活就业,商丘市,,在保
P202302302,黄玲,女,32,410502199207195663,城镇职工,郑州市,2022-02-06,在保
P202301886,董静,女,55,410302196905281686,灵活就业,洛阳市,2020-10-28,在保
P202301643,曾艳,女,48,410104197610068339,城乡居民,洛阳市,2023-10-06,在保
P202304399,马嘉伟,男,69,410104195501161471,城镇职工,南阳市,2021-01-08,在保
P202304859,蒋志强,男,52,410102197202096920,城乡居民,漯河市,2023-06-13,在保
P202302098,赵艳,女,30,410103199404215510,城镇职工,郑州市,2021-07-12,在保
P202304402,韩宇航,男,69,410402195510211222,灵活就业,郑州市,2022-07-11,退保
P202303634,朱超,男,63,410702196112224704,城镇职工,许昌市,2022-12-22,在保
P202304540,冯子轩,男,63,410502196109160234,灵活就业,漯河市,2020-06-13,在保
P202303352,邓波,男,43,410402198105221281,城乡居民,商丘市,2024-01-28,退保
P202300837,陈国强,男,77,,城镇职工,鹤壁市,2021-04-11,停保
P202300602,叶勇,男,33,410402199109103999,城乡居民,周口市,2022-07-04,在保
P202302185,梁梦瑶,女,10,410202201409288374,灵活就业,南阳市,2021-06-27,在保
P202303942,韩浩,男,72,410402195205246401,城职,郑州市,2022-01-25,在保
P202302529,蒋玲,女,87,410402193701087305,城乡居民,郑州市,2022-05-11,在保
P202304352,丁晨曦,男,50,410502197403282971,灵活就业,洛阳市,2022-05-12,停保
P202301583,苏建国,男,31,410402199307118179,城镇职工,信阳市,2021-12-11,在保
P202304311,袁建国,男,50,410702197411283743,城乡居民,洛阳市,2020-08-13,在保
P202303536,张凤英,女,78,410502194611213087,城乡居民,驻马店市,2024-02-05,在保
P202303227,李建国,男,34,410105199007193862,城镇职工,南阳市,2023-02-26,在保
P202301071,赵勇,男,49,410104197502035065,城镇职工,漯河市,2021-03-01,在保
P202301776,阎超,男,26,410302199810179701,城镇职工,许昌市,2023-04-26,在保
P202304858,蔡俊杰,男,67,410103195707219226,城乡,郑州市,2021-04-04,在保
P202301284,何淑珍,女,67,410702195702214988,城镇职工,焦作市,2020-06-19,在保
P202303113,王勇,男,44,410106198012181524,城镇职工,驻马店市,2023-01-19,在保
P202304803,董淑珍,女,24,410103200007288462,灵活就业,漯河市,2023-03-24,在保
P202301837,张芳,女,29,410106199510085568,城乡居民,洛阳市,2024-01-04,在保
P202304287,唐丽,女,41,410104198310129507,城乡居民,平顶山市,2024-03-07,在保
P202301020,许雪,女,57,410302196702197326,城乡居民,驻马店市,2023-03-29,在保
P202303272,曾雪,女,34,410402199006102855,城乡居民,驻马店市,2021-06-12,停保
P202301327,张紫薇,女,33,410402199104096219,城乡居民,南阳市,2020-05-01,在保
P202300476,程军,男,45,410302197911262253,城镇职工,平顶山市,2021-10-08,在保
P202303517,董志强,男,35,410102198909242798,城镇职工,周口市,2022-03-26,在保
P202301652,郭子轩,男,55,410106196912042788,城镇职工,平顶山市,2021-09-27,在保
P202304078,魏波,男,13,410104201105090740,灵活就业,南阳市,2022-03-07,在保
P202304330,薛凤英,女,42,410702198210027493,灵活就业,洛阳市,2022-06-27,在保
P202304484,高秀兰,女,59,410402196503229543,城镇职工,周口市,2024-03-12,在保
P202302524,吴伟,男,44,410302198002052439,城乡居民,南阳市,2023-10-27,在保
P202302635,贾紫薇,女,80,410106194403199160,城镇职工,鹤壁市,2022-05-08,在保
P202301374,叶玲,女,20,410103200402246179,城镇职工,鹤壁市,2022-01-12,在保
P202300740,罗涛,男,68,410104195608213246,灵活就业,平顶山市,2020-03-10,在保
P202303692,傅霞,女,65,410106195912061665,城乡居民,周口市,2021-11-12,在保
P202304785,程建华,男,95,410102192910112587,城镇职工,鹤壁市,2023-08-22,在保
P202300868,高霞,女,56,410202196802108628,城乡居民,驻马店市,2023-01-24,在保
P202301141,赵雨彤,女,44,410104198011195693,城镇职工,新乡市,2021-06-01,在保
P202300998,傅紫薇,女,61,410702196305071880,城镇职工,开封市,2023-03-17,在保
P202301338,何文博,男,44,410202198009156693,城镇职工,平顶山市,2023-03-22,停保
P202300542,张晓红,女,29,410105199511121591,城乡居民,洛阳市,2024-02-23,在保
P202301100,郑霞,女,56,410502196802124413,城镇职工,开封市,2022-03-23,在保
P202301133,萧敏,女,79,410102194510100349,城乡居民,信阳市,2020-03-28,停保
P202304902,袁辉,男,31,,城镇职工,安阳市,2023-04-16,在保
P202304899,曾斌,男,62,410702196210227760,城镇职工,平顶山市,2023-10-17,停保
P202302259,黄天宇,男,3,410106202110249738,城镇职工,南阳市,2020-01-09,在保
P202304066,谢凤英,女,38,410502198610234472,城镇职工,洛阳市,2021-02-02,在保
P202300060,叶伟,男,67,410105195701201563,灵活就业,开封市,2022-08-27,在保
P202302943,郭伟,男,61,410105196305180051,城乡居民,鹤壁市,2021-11-14,停保
P202301939,张辉,男,69,410104195506255749,城镇职工,南阳市,2021-03-30,在保
P202302628,于鹏,男,62,410202196208180419,城镇职工,平顶山市,2022-08-09,在保
P202304987,徐超,男,46,410302197805194544,城镇职工,信阳市,2023-01-29,在保
P202301079,于美琳,女,77,410702194712098355,城镇职工,周口市,2020-08-08,在保
P202302978,胡天宇,男,34,410102199011029367,城乡居民,商丘市,2024-01-16,在保
P202304881,马永强,男,67,410105195710216761,城乡居民,商丘市,2020-12-12,在保
P202302536,薛强,男,44,410402198008204578,城乡居民,郑州市,2020-10-18,在保
P202300941,郭文博,男,26,410402199811272207,城乡居民,安阳市,2023-12-13,退保
P202301081,彭诗涵,女,43,410502198106130301,灵活就业,开封市,2021-10-22,在保
P202300188,梁明,男,48,410106197608081441,城乡居民,郑州市,2021-08-17,停保
P202302687,谢强,男,58,410102196602049205,城乡居民,安阳市,2022-03-12,在保
P202302086,曹军,男,28,410104199608137664,城镇职工,新乡市,2021-03-27,在保
P202302250,杨思琪,女,66,410102195811073700,城镇职工,郑州市,2022-04-25,退保
P202304941,郭永强,男,60,410105196406288931,城乡居民,信阳市,2020-09-24,在保
P202302024,傅永强,男,26,410104199812039867,城乡居民,商丘市,2023-07-14,在保
P202303783,赵秀兰,女,31,410302199308099910,城乡居民,信阳市,2023-02-12,停保
P202301493,吴文博,男,39,410202198506137746,城镇职工,郑州市,2022-11-10,在保
P202303680,刘雪,女,48,410402197608281371,城乡居民,郑州市,2022-07-08,在保
P202300227,董文彬,男,51,410102197304240456,城乡居民,信阳市,2021-04-24,在保
P202303371,,男,48,410202197605067494,城乡居民,鹤壁市,2022-09-29,在保
P202301930,王娜,女,85,410502193911275292,城镇职工,开封市,2023-11-11,在保
P202303642,邓静,女,46,410402197806082415,城乡居民,鹤壁市,2021-11-09,在保
P202304535,吕建华,男,63,410202196112092638,灵活就业,信阳市,2023-02-02,在保
P202301405,王飞,男,67,410102195710193831,城镇职工,开封市,2021-01-21,在保
P202302180,苏飞,男,50,410302197402126484,城乡居民,信阳市,2023-09-25,在保
P202300698,贾明,男,27,410105199703034351,城镇职工,洛阳市,2020-02-08,在保
P202301125,刘秀英,女,79,410103194506200994,城镇职工,周口市,2022-09-13,在保
P202302891,陈辉,男,52,410103197204035446,城镇职工,南阳市,2020-03-07,在保
P202302979,阎梦瑶,女,59,410202196509271576,城镇职工,鹤壁市,2020-02-21,在保
P202301779,叶凤英,女,42,410106198205281712,城乡居民,信阳市,2023-12-17,在保
P202302918,董佳慧,女,62,410702196206027359,城镇职工,郑州市,2021-06-10,停保
P202301038,林艳,女,23,410702200102055807,灵活就业,洛阳市,2020-01-31,在保
P202304218,董凤英,女,41,410102198306123058,城乡居民,周口市,2023-04-12,在保
P202302257,曾佳慧,女,65,410102195907132650,城镇职工,焦作市,2020-07-20,在保
P202300314,孙明,男,64,410102196007038987,城乡居民,鹤壁市,2021-08-01,在保
P202302282,黄桂英,女,37,410502198706117621,城乡居民,开封市,2023-01-23,在保
P202301417,赵浩,男,51,410105197312110743,灵活就业,信阳市,2021-02-27,在保
P202301037,董佳慧,女,27,,城职,郑州市,2023-12-30,在保
P202302160,罗明,男,60,410302196403196199,城镇职工,安阳市,2022-02-09,在保
P202304206,唐美琳,女,38,410302198610255094,城乡居民,信阳市,2020-11-06,在保
P202301755,宋宇航,男,59,410702196512242358,城镇职工,南阳市,2024-01-12,在保
P202303177,吕雨彤,女,23,410105200111133341,城镇职工,开封市,2023-07-03,在保
P202304304,叶淑珍,女,62,410402196211234684,城乡居民,周口市,2023-11-05,在保
P202302752,冯思琪,女,78,410402194605027376,城乡居民,驻马店市,2022-10-06,在保
P202303274,贾飞,男,62,410302196203234645,灵活就业,商丘市,2020-05-11,退保
P202303414,蒋志强,男,35,410702198906219614,城乡居民,洛阳市,2022-09-18,退保
P202303500,杨慧,女,43,410702198102193543,城镇职工,平顶山市,2023-02-11,在保
P202301507,李娜,女,62,410402196207069960,城乡居民,周口市,2020-03-31,在保
P202301924,周秀兰,女,54,410104197003209657,城镇职工,焦作市,2022-11-15,在保
P202300449,张永强,男,40,410202198407169397,城镇职工,漯河市,2020-04-05,在保
P202302489,宋永强,男,50,410106197402135340,城乡居民,南阳市,2023-11-29,在保
P202302577,黄佳慧,女,76,410105194812202605,城镇职工,鹤壁市,2022-04-23,在保
P202301085,胡艳,女,56,410402196808022816,城镇职工,洛阳市,2020-09-11,在保
P202304991,赵军,男,12,410402201205236000,城乡居民,郑州市,2021-07-26,在保
P202300362,宋俊杰,男,77,410106194705275031,城乡居民,鹤壁市,2021-04-11,在保
P202302184,马杰,男,74,410302195005090706,城乡居民,洛阳市,2020-03-12,停保
P202301135,袁秀英,女,45,410104197906217369,城镇职工,焦作市,2022-07-30,在保
P202303957,蔡文彬,男,48,410302197612083412,灵活就业,周口市,2021-08-05,在保
P202302156,程建华,男,38,410102198605275686,城乡居民,开封市,2021-10-09,在保
P202301831,马超,男,62,410106196208102046,灵活就业,开封市,2020-08-21,在保
P202301054,张涛,男,54,410105197007235592,城乡居民,周口市,2022-02-12,在保
P202302461,丁萍,女,51,410502197308135600,城乡居民,焦作市,2023-11-07,在保
P202300023,萧娟,女,51,410103197308268828,灵活就业,洛阳市,2020-04-13,在保
P202302067,吴晨曦,男,6,410103201811229957,城乡居民,信阳市,2021-08-08,在保
P202301654,苏志强,男,43,410102198103013358,灵活就业,南阳市,2023-03-09,在保
P202302639,曾美琳,女,31,410104199306086500,城乡居民,驻马店市,2021-07-28,在保
P202303277,谢斌,男,71,410302195303231353,城乡居民,鹤壁市,2020-05-07,退保
P202303882,萧波,男,53,410105197103108704,灵活就业,驻马店市,2021-05-03,在保
P202304111,许美琳,女,70,410702195402025310,城乡居民,安阳市,2020-08-12,在保
P202302469,周艳,女,62,410402196211036199,灵活就业,驻马店市,2020-11-01,停保
P202302326,程超,男,62,410302196203148754,城镇职工,信阳市,2021-10-14,在保
P202300461,邓秀兰,女,85,410102193912174393,城镇职工,平顶山市,2022-09-14,在保
P202301068,薛子轩,男,70,410402195411217965,城镇职工,开封市,2021-05-05,在保
P202300088,吕紫薇,女,55,410402196901072738,城乡居民,开封市,2021-08-12,在保
P202301431,魏嘉伟,男,55,410102196903047003,城镇职工,郑州市,2022-02-19,在保
P202302700,傅慧,女,73,410105195101278953,城乡居民,郑州市,2020-11-06,在保
P202300283,于军,男,78,410105194605280337,城乡居民,安阳市,2021-12-14,停保
P202302484,韩敏,女,36,410104198812185998,城镇职工,平顶山市,2023-08-26,在保
P202300463,马文彬,男,37,410302198705070050,灵活就业,周口市,2022-12-06,在保
P202300213,袁桂英,女,67,410103195703054885,城镇职工,漯河市,2021-05-23,在保
P202303871,袁淑珍,女,24,410502200007257568,城镇职工,许昌市,2022-12-04,退保
P202301369,刘浩然,男,42,410104198208271643,城镇职工,南阳市,2020-11-22,在保
P202300235,罗晓红,女,88,410105193612047647,城镇职工,漯河市,2021-05-11,在保
P202302826,宋天宇,男,80,410105194411209399,城镇职工,驻马店市,2024-04-02,在保
P202300598,曾秀兰,女,32,410105199209069977,城镇职工,南阳市,2020-05-15,在保
P202304465,郭莉,女,39,410402198506149740,城镇职工,平顶山市,2022-10-20,退保
P202302251,袁鹏,男,47,410402197705051283,城乡居民,焦作市,2021-07-10,在保
P202304109,萧雪,女,46,410106197806278106,城镇职工,鹤壁市,2021-11-19,在保
P202302284,何静,女,32,410102199211266127,城镇职工,开封市,2021-04-10,在保
P202300663,萧紫薇,女,49,410302197503268925,城镇职工,商丘市,2022-08-08,在保
P202300795,谢梦瑶,女,30,410104199409148063,城乡居民,开封市,2022-05-28,在保
P202302286,张超,男,58,410103196601152080,城镇职工,鹤壁市,2022-10-21,在保
P202304765,韩诗涵,女,32,410103199211111981,城镇职工,信阳市,2022-02-14,在保
P202303259,邓飞,男,71,410103195308106130,城镇职工,平顶山市,2022-01-13,在保
P202302551,韩凤英,女,21,410702200312134256,城乡居民,南阳市,2020-06-08,在保
P202303700,曾秀兰,女,45,410402197904030894,城镇职工,周口市,2021-02-25,在保
P202300780,徐晨曦,男,61,410402196308160207,城镇职工,周口市,2021-05-11,在保
P202304770,袁浩,男,64,410502196009022951,城乡居民,安阳市,2023-08-02,在保
P202303495,程浩然,男,59,410106196509237433,城乡居民,平顶山市,2022-02-09,在保
P202303354,蔡梦瑶,女,51,410702197304090309,城乡居民,周口市,2020-06-23,在保
P202303263,杨天宇,男,33,410502199106267091,灵活就业,驻马店市,2021-05-27,在保
P202304885,徐国强,男,61,410302196305270999,城乡居民,周口市,2024-04-13,在保
P202300686,程语嫣,女,62,410202196202197746,城乡居民,洛阳市,2020-01-14,在保
P202303415,吕永强,男,40,410105198408049406,城镇职工,安阳市,2024-04-28,在保
P202302803,叶静,女,56,410105196810124101,城乡居民,开封市,2024-02-28,在保
P202304473,贾文博,男,73,410402195108204476,城镇职工,郑州市,2021-11-01,在保
P202302172,萧莉,女,48,410202197603188826,城镇职工,漯河市,2022-05-16,在保
P202303751,张秀英,女,39,410102198510276293,城乡居民,开封市,2023-07-18,在保
P202301851,胡波,男,38,410106198610130931,城乡居民,漯河市,2020-11-19,在保
P202300488,曹玲,女,30,410702199401131012,城镇职工,郑州市,2021-03-17,在保
P202301689,傅志强,男,55,410105196909073873,城乡居民,驻马店市,2023-08-19,在保
P202302231,梁磊,男,37,410502198711127104,城乡居民,焦作市,2022-10-23,在保
P202304940,苏丽,女,24,410502200011160382,城乡居民,焦作市,2020-11-04,在保
P202302321,曾斌,男,57,410502196701125778,城镇职工,商丘市,2021-04-17,在保
P202300783,于国强,男,56,410103196805214277,城镇职工,洛阳市,2022-10-10,在保
P202300522,沈海涛,男,59,410402196509207189,城乡居民,安阳市,2020-04-10,在保
P202300523,王嘉伟,男,38,410402198602158200,灵活就业,焦作市,2023-02-16,在保
P202302896,袁永强,男,95,410104192906173823,城镇职工,安阳市,2022-05-06,在保
P202304031,魏慧,女,65,410302195910088399,城镇职工,商丘市,2020-03-07,在保
P202302399,阎霞,女,53,410105197107277184,城乡居民,鹤壁市,2022-11-10,在保
P202302208,赵涛,男,56,410302196810027618,城乡居民,信阳市,2020-06-03,在保
P202303906,贾淑珍,女,44,410302198002198815,城乡居民,开封市,2021-07-02,在保
P202303623,马梦瑶,女,14,410502201010238364,城乡居民,许昌市,2021-09-06,在保
P202303811,沈萍,女,32,410402199209056078,城乡居民,驻马店市,2022-09-25,退保
P202302880,沈文博,男,46,410102197807124075,城镇职工,许昌市,2022-11-02,在保
P202301512,郑紫薇,女,46,410402197811184175,城镇职工,南阳市,2020-06-26,在保
P202301883,杨杰,男,27,410103199702129328,城镇职工,鹤壁市,2021-05-29,在保
P202300652,薛强,男,70,410104195403260297,灵活就业,驻马店市,2020-08-25,在保
P202302844,梁萍,女,28,410702199610060362,城镇职工,新乡市,2022-09-10,在保
P202303814,张娜,女,51,410402197303104246,城镇职工,新乡市,2023-04-11,在保
P202300370,程嘉伟,男,36,410104198810260083,城镇职工,安阳市,2023-05-30,在保
P202304386,邓伟,男,42,410702198204150695,城乡居民,洛阳市,2023-07-03,在保
P202300119,黄永强,男,70,410104195401128083,灵活就业,周口市,2021-10-25,在保
P202303886,马海涛,男,59,410103196503272092,城乡居民,洛阳市,2022-02-18,在保
P202303097,唐艳,女,68,410105195602170497,灵活就业,新乡市,2023-04-20,停保
P202302217,许美琳,女,42,410106198212208218,城镇职工,漯河市,2022-04-27,在保
P202303613,冯欣怡,女,46,410202197811223381,城乡居民,周口市,2020-02-20,在保
P202301614,张玲,女,48,410302197610219881,城镇职工,信阳市,2022-05-04,停保
P202304074,邓辉,男,47,410202197705032970,城镇职工,驻马店市,2023-07-25,在保
P202300963,陈桂英,女,53,410202197106252792,城乡居民,鹤壁市,2021-04-07,在保
P202302511,胡伟,男,58,410104196610118058,城乡居民,鹤壁市,2022-03-22,在保
P202303618,萧伟,男,44,410106198008021132,城乡,焦作市,2023-12-12,在保
P202302881,魏霞,女,9,410502201506216726,城镇职工,焦作市,2021-05-18,在保
P202303514,曹波,男,18,410302200606204034,城乡居民,许昌市,2021-11-16,在保
P202303095,何莉,女,34,410302199007175276,城镇职工,信阳市,2022-02-02,在保
P202302416,董文彬,男,54,410103197009145855,城镇职工,信阳市,2020-11-09,在保
P202304702,吕娜,女,23,410502200105181688,城镇职工,洛阳市,2022-07-01,在保
P202304281,阎强,男,87,410106193706076058,城乡居民,郑州市,2021-07-13,在保
P202302186,黄娜,女,77,410502194709011387,城镇职工,新乡市,2020-01-17,在保
P202304363,林娟,女,54,410105197006218499,城镇职工,信阳市,2021-05-24,在保
P202302568,苏婷,女,61,410106196303117797,城镇职工,鹤壁市,2020-04-18,在保
P202302038,萧雪,女,40,410402198407025798,城乡居民,信阳市,2021-03-17,在保
P202304306,冯婷,女,21,410702200301223383,城镇职工,南阳市,2023-08-22,在保
P202300773,郑霞,女,61,410502196301047587,城乡居民,开封市,2021-01-08,在保
P202301285,罗玲,女,35,410402198911150302,城乡居民,周口市,2023-04-12,在保
P202304650,叶淑珍,女,45,410502197909236916,灵活就业,新乡市,2024-02-16,在保
P202304786,郭美琳,女,44,410202198002286283,城镇职工,周口市,2020-09-10,停保
P202304622,卢明,男,81,410302194306025814,城镇职工,商丘市,2023-08-03,在保
P202301415,卢飞,男,38,410502198601029894,城乡居民,南阳市,2021-01-20,在保
P202301235,卢玉兰,女,35,410202198908256865,城镇职工,许昌市,2022-05-18,在保
P202303478,郑雨彤,女,12,410106201204070709,城乡居民,平顶山市,2023-06-08,停保
P202300436,薛波,男,51,410502197305211474,城乡居民,商丘市,2024-02-02,在保
P202301675,何辉,男,79,410104194503024377,城镇职工,鹤壁市,2021-02-24,在保
P202300366,刘晓红,女,42,410105198205128437,城镇职工,驻马店市,2022-03-23,在保
P202304906,宋超,男,66,410202195811145120,灵活就业,许昌市,2023-11-09,在保
P202300232,刘雪,女,53,410302197109171376,城镇职工,新乡市,2021-06-06,在保
P202304312,沈志强,男,18,410103200606162514,城乡居民,平顶山市,2020-06-26,停保
P202300148,苏海涛,男,26,410202199802186946,城镇职工,安阳市,2021-05-31,在保
P202304444,郑斌,男,62,410502196201166398,城乡居民,开封市,2021-03-02,在保
P202300408,张晨曦,男,47,410104197712247386,城镇职工,洛阳市,2021-06-04,在保
P202302091,陈萍,女,55,410202196904266987,城乡居民,信阳市,2021-06-11,在保
P202300087,梁敏,女,66,410302195809270018,灵活就业,信阳市,2022-04-26,在保
P202300845,周强,男,52,410402197201106256,灵活就业,洛阳市,2020-07-27,在保
P202301032,傅涛,男,19,410102200504090879,城乡居民,周口市,2020-04-01,在保
P202302684,贾建华,男,63,410402196112246531,城乡居民,许昌市,2021-02-27,在保
P202304609,林明,男,62,410106196207257192,城镇职工,洛阳市,2021-09-28,在保
P202302779,魏明,男,48,410106197603163705,城镇职工,信阳市,2022-02-14,在保
P202303296,宋飞,男,30,410302199409207433,城镇职工,周口市,2022-07-10,停保
P202302907,林欣怡,女,42,410202198205048018,城乡居民,许昌市,2021-01-11,在保
P202300856,郑伟,男,39,410104198505151999,城乡居民,漯河市,2024-04-16,在保
P202300079,贾萍,女,51,410102197304107234,城乡居民,许昌市,2022-07-18,在保
P202302248,丁佳慧,女,26,410202199812264092,城镇职工,鹤壁市,2020-09-23,在保
P202304616,李建国,男,44,410402198009173187,城乡居民,信阳市,2023-02-27,在保
P202303730,叶涛,男,8,410102201605269833,城乡居民,驻马店市,2020-07-26,在保
P202304088,丁勇,男,51,410702197302089089,城镇职工,安阳市,2021-05-03,在保
P202302969,黄浩,男,17,410702200707040191,城镇职工,信阳市,2021-12-13,在保
P202302280,贾玲,女,58,410105196604228889,城镇职工,鹤壁市,2021-11-06,在保
P202302650,郑浩然,男,66,410105195802272369,城镇职工,开封市,2022-10-21,在保
P202304202,谢思琪,女,30,410402199408152174,城镇职工,漯河市,2024-01-19,在保
P202303947,蒋勇,男,59,410106196502170232,城镇职工,鹤壁市,2021-07-22,在保
P202303497,沈晓红,女,64,410103196010085119,城镇职工,平顶山市,2021-02-08,停保
P202302177,张鹏,男,21,410104200305077317,城镇职工,新乡市,2022-03-31,在保
P202300425,曹佳慧,女,61,410202196302267245,城乡居民,驻马店市,2021-03-26,退保
P202300393,吴秀英,女,26,410103199812241034,城乡居民,商丘市,2021-04-18,在保
P202304775,周娟,女,8,410105201607124578,城镇职工,新乡市,2022-06-24,在保
P202303484,袁勇,男,48,410106197610280463,城乡居民,新乡市,2020-08-28,在保
P202300105,沈文博,男,47,410102197710245084,城乡居民,平顶山市,2021-04-16,在保
P202303033,程强,男,58,410103196610239255,灵活就业,驻马店市,2022-04-01,退保
P202302623,胡建国,男,51,410103197306288112,城乡居民,开封市,2021-04-14,在保
P202303201,周永强,男,53,410702197109196323,城乡居民,郑州市,2023-11-07,退保
P202303896,袁霞,女,68,410702195608027510,城镇职工,驻马店市,2023-09-03,在保
P202301949,贾秀英,女,70,410102195402221382,城乡居民,信阳市,2021-10-04,在保
P202301460,,男,62,410105196204027341,城乡居民,南阳市,2021-10-18,在保
P202303324,曾波,男,54,410106197006061921,城乡居民,鹤壁市,2023-03-18,在保
P202302861,沈婷,女,40,410106198406259310,城镇职工,商丘市,2021-11-17,在保
P202302760,刘浩,男,61,410104196310252009,城镇职工,郑州市,2023-11-28,在保
P202304839,邓雪,女,74,410104195002091258,灵活就业,洛阳市,2020-03-21,在保
P202301588,徐文博,男,43,410402198102084792,城镇职工,漯河市,2023-10-09,在保
P202303733,林静,女,13,410106201106233885,城镇职工,洛阳市,2022-11-10,在保
P202301732,陈娜,女,43,410302198109070761,城镇职工,商丘市,2021-01-30,在保
P202304814,赵敏,女,35,410202198910152237,城乡居民,开封市,2021-11-03,在保
P202303787,沈艳,女,55,410103196907242725,灵活就业,商丘市,2023-10-04,在保
P202303755,吴思琪,女,37,410302198702268717,灵活就业,周口市,2021-06-25,在保
P202301792,梁勇,男,52,410502197211244646,城乡居民,漯河市,2023-09-08,在保
P202302356,马建华,男,54,410106197005252731,城镇职工,平顶山市,2022-10-13,在保
P202301941,唐文博,男,55,410502196907027636,城镇职工,信阳市,2021-01-31,在保
P202300703,魏军,男,37,410502198712163759,灵活就业,开封市,2022-06-19,在保
P202302443,谢志强,男,26,410402199801079286,城乡居民,驻马店市,2022-04-01,在保
P202304461,彭浩然,男,71,410105195312084670,城乡居民,漯河市,2021-01-03,在保
P202300497,罗娟,女,31,410106199308211292,城镇职工,驻马店市,2020-12-15,在保
P202300465,许秀兰,女,47,410702197705224063,城乡居民,南阳市,2023-02-04,在保
P202303102,袁子轩,男,65,410702195910188633,城乡居民,周口市,2022-10-12,在保
P202304378,阎国强,男,86,410502193808166229,城镇职工,新乡市,2022-03-20,在保
P202300173,李勇,男,48,410402197601050683,城乡居民,平顶山市,2023-08-14,在保
P202304457,彭秀英,女,29,410502199507151698,城乡居民,信阳市,2022-09-10,在保
P202304846,李宇航,男,59,410102196501011576,城乡居民,平顶山市,2022-08-17,在保
P202302541,傅紫薇,女,37,410102198703198491,城乡居民,焦作市,2023-02-19,在保
P202304810,薛梦瑶,女,42,410502198202277763,城镇职工,平顶山市,2022-11-03,在保
P202303011,蔡梦瑶,女,48,410105197602217807,城乡居民,平顶山市,2021-04-29,在保
P202302261,赵文彬,男,57,410702196710209340,城镇职工,洛阳市,2020-07-02,在保
P202302113,傅晨曦,男,50,410502197410136893,城镇职工,新乡市,2022-09-17,在保
P202300901,高伟,男,56,410103196805087556,城乡居民,平顶山市,2021-05-13,在保
P202301447,黄永强,男,40,410402198402250402,灵活就业,漯河市,2022-02-19,在保
P202304951,郑佳慧,女,54,410702197010219890,城镇职工,商丘市,2022-03-25,在保
P202300742,郑斌,男,26,410502199812114640,城乡居民,平顶山市,2020-04-16,在保
P202302294,何建国,男,35,410502198907196953,灵活就业,开封市,2020-04-27,在保
P202302453,韩芳,女,48,410302197602264302,城镇职工,安阳市,2023-01-14,在保
P202302806,蒋淑珍,女,18,410106200605264006,灵活就业,开封市,2022-10-09,在保
P202304129,马晓红,女,36,410102198805029862,城镇职工,焦作市,2022-02-11,退保
P202301207,魏伟,男,37,410103198712119345,城乡居民,平顶山市,2024-04-17,在保
P202300510,邓永强,男,35,410402198907229844,灵活就业,漯河市,2021-10-23,在保
P202304197,何文博,男,69,410102195510234077,城乡居民,洛阳市,2023-07-19,在保
P202302673,梁伟,男,54,410702197003194285,灵活就业,南阳市,2022-12-29,停保
P202302860,何莉,女,53,410104197104107103,灵活就业,焦作市,2023-06-04,停保
P202303401,贾超,男,58,410104196602205225,城镇职工,平顶山市,2023-04-06,在保
P202301550,孙美琳,女,72,410402195206084017,城乡居民,许昌市,2021-07-08,停保
P202303334,唐思琪,女,60,410104196404077067,城乡居民,郑州市,2020-02-29,在保
P202302203,罗波,男,62,410103196212132200,城乡居民,信阳市,2020-01-25,在保
P202302567,徐梦瑶,女,32,410102199208265611,城镇职工,驻马店市,2022-07-23,在保
P202302733,傅国强,男,60,410106196403224329,灵活就业,新乡市,2022-08-29,退保
P202302045,曹淑珍,女,35,410402198910159454,城镇职工,漯河市,2020-07-01,在保
P202300768,郑永强,男,81,410202194309075017,城镇职工,漯河市,2022-03-05,在保
P202304923,卢勇,男,60,410702196411204717,城镇职工,许昌市,2020-06-27,在保
P202303812,谢玲,女,57,410104196703014411,城乡居民,商丘市,2023-12-04,在保
P202300422,叶莉,女,81,410702194304257423,城乡居民,安阳市,2022-07-08,在保
P202300124,赵佳慧,女,24,410502200012282206,城乡居民,信阳市,2021-04-12,在保
P202304205,袁伟,男,51,410302197302225909,灵活就业,郑州市,2022-09-12,在保
P202302681,蒋勇,男,62,,城乡居民,洛阳市,2020-10-10,停保
P202300820,杨敏,女,69,410502195503101472,灵活就业,安阳市,2024-04-22,在保
P202301404,李美琳,女,62,410502196201223821,城乡居民,开封市,2020-01-04,退保
P202301383,阎诗涵,女,88,410402193602113609,城镇职工,驻马店市,2024-02-24,在保
P202302149,唐军,男,48,410202197608126291,灵活就业,信阳市,2020-05-16,在保
P202301576,徐婷,女,49,410104197501070759,灵活就业,焦作市,2021-09-03,在保
P202301639,苏宇航,男,87,410105193712231292,城镇职工,许昌市,2023-10-29,在保
P202301796,蒋语嫣,女,36,410106198804185632,城乡居民,新乡市,2020-12-07,在保
P202304865,杨梦瑶,女,48,410106197604098359,城乡居民,新乡市,2022-04-14,在保
P202300400,蒋文博,男,72,410502195212236331,城镇职工,南阳市,2023-09-17,在保
P202302311,沈军,男,44,410105198006210484,城乡居民,平顶山市,2023-02-27,在保
P202300883,邓飞,男,41,410402198308155890,灵活就业,许昌市,2020-07-05,在保
P202300643,宋佳慧,女,45,410302197906049999,城乡居民,驻马店市,2020-10-08,在保
P202304627,傅莉,女,37,410103198710221646,灵活就业,平顶山市,2022-12-31,在保
P202301353,杨斌,男,59,410103196508154258,灵活就业,信阳市,2020-10-02,停保
P202304347,蔡斌,男,49,410202197505116700,城镇职工,驻马店市,2021-12-21,在保
P202304596,朱美琳,女,52,410302197210071748,城乡居民,信阳市,2023-07-21,在保
P202302131,李俊杰,男,57,410106196709272585,城乡居民,驻马店市,2020-08-01,在保
P202300983,周勇,男,32,410102199211080535,城镇职工,南阳市,2023-05-07,在保
P202300457,程丽,女,48,410302197610058139,城镇职工,鹤壁市,2024-04-20,在保
P202303602,黄娟,女,37,410103198701207692,城镇职工,漯河市,2020-10-13,在保
P202301080,胡莉,女,65,410103195908069100,城镇职工,驻马店市,2021-06-02,在保
P202301951,郑宇航,男,18,410702200605156489,城乡居民,焦作市,2020-03-06,在保
P202304359,赵敏,女,60,410105196408211063,城乡居民,商丘市,2023-10-12,在保
P202300690,陈萍,女,57,410702196708194464,城乡居民,商丘市,2023-11-05,在保
P202302430,唐紫薇,女,43,410102198104173808,城镇职工,驻马店市,2022-03-28,在保
P202300642,曾磊,男,80,410103194402166099,城乡居民,新乡市,2020-05-09,在保
P202302393,胡思琪,女,23,410106200105092235,灵活就业,平顶山市,2023-05-03,在保
P202301954,阎欣怡,女,38,410702198602012845,城镇职工,开封市,2020-03-05,停保
P202302804,阎凤英,女,31,410102199306125063,城乡居民,信阳市,2020-07-20,在保
P202303299,罗辉,男,29,410106199512224417,城乡居民,许昌市,2021-04-12,在保
P202303504,杨伟,男,50,410502197407048196,灵活就业,平顶山市,2021-05-27,在保
P202302711,邓语嫣,女,35,410106198905010179,城镇职工,许昌市,2022-01-20,在保
P202303405,魏萍,女,57,410102196704173422,城镇职工,安阳市,2020-10-27,停保
P202304816,傅伟,男,45,410106197911010629,城乡居民,开封市,2024-05-15,停保
P202302991,蒋思琪,女,77,410103194709087947,城乡居民,南阳市,2020-10-22,在保
P202301885,傅静,女,49,410103197503196095,城镇职工,信阳市,2020-01-28,停保
P202300390,冯俊杰,男,39,410502198512201204,灵活就业,洛阳市,2020-08-05,在保
P202302495,梁桂英,女,27,410202199708121022,城乡居民,安阳市,2022-08-21,在保
P202303182,沈军,男,59,,灵活就业,郑州市,2023-05-26,在保
P202304728,唐波,男,41,410102198301188898,城镇职工,漯河市,2023-05-22,在保
P202300846,马文博,男,58,410103196610254203,城镇职工,鹤壁市,2023-05-12,在保
P202300543,马伟,男,59,410103196505154820,城镇职工,焦作市,2021-03-04,在保
P202300092,陈辉,男,67,410302195706265194,城乡居民,鹤壁市,2020-01-06,在保
P202303967,胡玉兰,女,55,410103196902021436,城乡居民,周口市,2021-02-22,在保
P202301980,蔡勇,男,57,410102196703026493,城乡居民,郑州市,2021-07-21,停保
P202304808,彭俊杰,男,61,410702196303235229,城乡居民,洛阳市,2021-09-06,在保
P202304727,罗凤英,女,53,410105197102211006,灵活就业,驻马店市,2022-12-29,在保
P202303253,杨伟,男,61,410104196310163739,灵活就业,平顶山市,2023-05-20,在保
P202302530,袁萍,女,29,410502199512282303,城镇职工,焦作市,2021-12-26,在保
P202301677,萧丽,女,71,410202195301027830,城乡居民,平顶山市,2020-02-25,在保
P202301049,郭波,男,76,410402194807172194,城镇职工,开封市,2020-04-20,在保
P202301961,宋飞,男,49,410104197511128480,城镇职工,洛阳市,2022-10-07,在保
P202302531,曹浩,男,58,410103196603278243,城镇职工,洛阳市,2021-10-23,在保
P202304689,阎玉兰,女,24,410202200002245922,城镇职工,南阳市,2022-08-03,在保
P202300238,张莉,女,53,410104197101095669,灵活就业,周口市,2024-01-14,在保
P202303027,胡飞,男,53,410302197106251439,城镇职工,安阳市,2020-07-04,在保
P202303559,谢莉,女,47,410202197705231202,灵活就业,新乡市,2022-11-19,在保
P202301134,周凤英,女,58,410402196605011625,灵活就业,驻马店市,2022-10-27,在保
P202301806,黄凤英,女,21,410104200304287459,城镇职工,漯河市,2020-07-10,在保
P202304478,郑晓红,女,63,410502196103135038,城乡居民,南阳市,2021-10-29,停保
P202300164,韩文博,男,35,410302198906097650,城乡居民,焦作市,2020-05-18,在保
P202303862,沈淑珍,女,35,410502198905014716,灵活就业,商丘市,2023-08-16,在保
P202304758,高俊杰,男,73,410102195105075024,城乡居民,洛阳市,2023-07-04,在保
P202303412,王佳慧,女,42,410103198201200104,城镇职工,驻马店市,2022-11-29,在保
P202304715,曾敏,女,51,410105197309158176,灵活就业,信阳市,2021-02-28,在保
P202303266,叶强,男,84,410104194011284284,灵活就业,开封市,2021-12-09,在保
P202303708,王秀英,女,74,410106195002071243,城镇职工,焦作市,2022-01-20,在保
P202304017,薛凤英,女,41,410104198304197135,城乡居民,漯河市,2024-03-29,在保
P202301812,黄文彬,男,52,410402197203243518,城乡居民,平顶山市,2022-06-15,停保
P202303174,程永强,男,63,410502196104031757,城乡居民,新乡市,2024-01-06,在保
P202303214,曾丽,女,77,410105194712235135,城镇职工,安阳市,2020-01-28,在保
P202301429,宋永强,男,46,410102197808038633,城乡居民,周口市,2022-12-18,在保
P202303687,杨建国,男,94,410202193010080721,城乡居民,许昌市,2022-05-23,在保
P202302857,于国强,男,37,410106198710159291,城镇职工,洛阳市,2020-02-23,退保
P202303465,袁娟,女,53,410105197111276507,城镇职工,漯河市,2022-09-13,在保
P202304506,徐文博,男,56,410106196806041920,城乡居民,商丘市,2024-04-21,在保
P202304697,冯海涛,男,-1,410702196501195332,城镇职工,安阳市,2021-10-24,在保
P202302878,冯凤英,女,37,410106198710153593,城镇职工,安阳市,2020-06-29,在保
P202301453,张霞,女,54,410402197011033408,城乡居民,郑州市,2020-09-24,停保
P202300594,杨俊杰,男,56,410402196802153177,城乡居民,信阳市,2021-04-19,停保
P202302726,傅浩,男,50,410102197405288438,城乡居民,郑州市,2020-12-21,在保
P202300042,于萍,女,53,410103197107191944,灵活就业,郑州市,2023-12-22,在保
P202300561,胡鹏,男,55,410106196905151706,城镇职工,安阳市,2023-06-09,停保
P202302996,韩宇航,男,51,410702197301197367,灵活就业,商丘市,2020-02-01,在保
P202303104,林婷,女,69,410102195501015941,城镇职工,安阳市,2021-04-02,在保
P202300244,李婷,女,65,410302195903049401,城乡居民,驻马店市,2020-10-31,在保
P202301340,陈桂英,女,53,410105197111072064,灵活就业,开封市,2022-05-18,退保
P202302837,赵雨彤,女,84,410105194001146893,城乡居民,开封市,2024-02-11,在保
P202303022,吴淑珍,女,41,410402198310069007,城镇职工,洛阳市,2023-10-04,在保
P202303873,吕雨彤,女,30,410103199404223064,城镇职工,郑州市,2023-02-23,退保
P202301443,蔡军,男,53,410103197101019420,城乡居民,焦作市,2020-07-03,在保
P202300262,谢敏,女,48,410105197610181848,灵活就业,郑州市,2024-01-29,在保
P202302820,郑凤英,女,15,410302200902146114,城乡居民,周口市,2022-04-20,在保
P202301690,林静,女,45,410104197912136334,城乡居民,许昌市,2020-12-15,在保
P202301726,王美琳,女,69,410302195511041459,城镇职工,周口市,2022-06-08,在保
P202301204,李鹏,男,59,410105196507025755,城镇职工,安阳市,2023-10-14,在保
P202300835,高志强,男,49,410102197505169269,灵活就业,新乡市,2020-01-15,在保
P202301867,阎建国,男,68,410106195610185868,城镇职工,商丘市,,在保
P202302497,蔡娜,女,44,410302198007122615,城镇职工,洛阳市,2020-11-11,在保
P202302011,薛诗涵,女,21,410402200308151359,城镇职工,南阳市,2022-03-30,在保
P202300341,韩鹏,男,35,410106198903067460,城乡居民,许昌市,2023-03-19,在保
P202303050,于俊杰,男,71,410702195311150854,城镇职工,周口市,2020-12-03,退保
P202301602,徐梦瑶,女,74,410502195002166213,城乡居民,许昌市,2021-08-04,在保
P202303065,程佳慧,女,22,410202200204286090,灵活就业,平顶山市,2020-12-11,在保
P202304742,苏莉,女,58,410102196609059882,城镇职工,平顶山市,2022-07-06,在保
P202300481,程超,男,47,410402197710282817,城乡居民,开封市,2024-04-14,停保
P202302883,沈子轩,男,39,410102198512088344,城镇职工,周口市,2024-03-23,在保
P202303606,何浩,男,35,410202198903144672,城镇职工,漯河市,2020-04-20,在保
P202303978,薛建国,男,76,410502194806112617,城镇职工,漯河市,2020-01-20,在保
P202304843,苏莉,女,62,410106196208200850,城乡居民,鹤壁市,2023-04-09,在保
P202304686,高国强,男,61,410202196306177334,城镇职工,南阳市,2024-03-01,在保
P202304833,贾莉,女,60,410104196408114305,城镇职工,开封市,2023-12-06,在保
P202304070,林伟,男,68,410106195607021057,灵活就业,开封市,2024-03-04,在保
P202301767,蔡永强,男,89,410104193509253457,灵活就业,开封市,2021-12-04,在保
P202304519,于鹏,男,56,410302196806227093,城镇职工,洛阳市,2023-09-09,在保
P202302454,王玲,女,37,410104198707130162,城镇职工,新乡市,2021-12-24,在保
P202303340,朱嘉伟,男,82,410104194204145078,城镇职工,驻马店市,2021-02-26,在保
P202303890,曹思琪,女,65,410103195907155171,城镇职工,洛阳市,2022-06-05,退保
P202304096,贾磊,男,31,410402199305287310,城乡居民,郑州市,2021-02-14,在保
P202304725,冯军,男,48,410106197608139472,城镇职工,郑州市,2022-06-30,在保
P202303753,蔡波,男,72,410105195203120603,城乡居民,许昌市,2023-10-25,退保
P202301272,马娜,女,60,410402196408120519,城镇职工,商丘市,2022-01-26,在保
P202304570,贾梦瑶,女,50,410102197405289197,城乡居民,信阳市,2020-09-22,在保
P202304547,吴霞,女,48,410302197607151789,城镇职工,开封市,2023-03-18,在保
P202303791,吴超,男,60,410402196403031583,城镇职工,郑州市,2020-02-25,在保
P202304185,马建国,男,41,410102198304233873,城镇职工,驻马店市,2021-04-16,在保
P202300348,彭晨曦,男,24,410102200002112103,城镇职工,南阳市,2023-11-28,在保
P202303958,周欣怡,女,45,410104197901090608,城镇职工,焦作市,2020-10-15,在保
P202304671,许飞,男,61,410104196301142230,城乡居民,鹤壁市,2021-06-19,在保
P202302563,吴超,男,33,410106199112266027,城镇职工,驻马店市,2022-11-24,在保
P202304636,吴浩,男,0,410402202412254840,灵活就业,驻马店市,2021-11-01,在保
P202301424,唐俊杰,男,34,410105199002188667,灵活就业,新乡市,2020-09-17,在保
P202300657,冯丽,女,50,410105197405201609,城乡居民,漯河市,2020-12-14,在保
P202302103,董梦瑶,女,34,410105199006173356,城乡居民,商丘市,2022-04-02,在保
P202300633,吴雨彤,女,47,410302197710015277,城镇职工,信阳市,2022-06-12,在保
P202302952,杨思琪,女,63,410702196112199601,城乡居民,周口市,2022-10-30,在保
P202302494,梁玉兰,女,75,410402194911174164,灵活就业,焦作市,2022-10-19,在保
P202302666,彭思琪,女,25,410302199907202132,城乡居民,信阳市,2024-03-26,退保
P202304128,贾佳慧,女,82,410103194209111996,城乡居民,郑州市,2024-04-21,在保
P202304305,郭萍,女,26,410103199804145005,城乡居民,商丘市,2022-10-10,在保
P202304624,卢俊杰,男,63,410202196102177441,城乡居民,许昌市,2021-05-09,在保
P202303160,彭语嫣,女,55,410202196903063202,城乡居民,漯河市,2023-06-13,在保
P202303668,卢永强,男,60,410106196403195969,城镇职工,安阳市,2022-10-28,在保
P202302501,袁海涛,男,60,410104196401267105,城镇职工,许昌市,2020-04-09,在保
P202301466,蔡浩然,男,60,410402196401246901,灵活就业,焦作市,2023-04-19,在保
P202303152,沈萍,女,43,410502198107161303,城镇职工,商丘市,2021-03-22,在保
P202300116,刘淑珍,女,55,410103196908036783,城镇职工,商丘市,2023-08-02,在保
P202301822,于斌,男,51,410102197307081332,灵活就业,鹤壁市,2021-07-30,在保
P202301495,王玉兰,女,77,410702194706179202,城乡居民,南阳市,2021-03-11,在保
P202302402,马莉,女,53,410202197110105807,城镇职工,漯河市,2023-09-27,停保
P202301233,郑玲,女,48,410202197609039049,城乡居民,鹤壁市,2021-03-14,退保
P202302662,周勇,男,33,410402199102183649,城镇职工,开封市,2020-05-26,停保
P202302818,傅文彬,男,56,410103196801140787,城乡居民,新乡市,2023-07-18,在保
P202303439,韩静,女,26,410106199809013976,城乡居民,洛阳市,2020-05-19,在保
P202304619,何慧,女,49,410702197506011183,城乡居民,鹤壁市,2024-04-07,在保
P202301154,吕晨曦,男,26,410105199806149400,城镇职工,新乡市,2021-04-20,在保
P202304817,赵国强,男,73,410102195108185083,城镇职工,郑州市,2021-12-01,在保
P202300058,孙娜,女,44,410202198004153345,城镇职工,平顶山市,2022-02-15,在保
P202303464,薛娟,女,68,410106195612218171,城乡居民,安阳市,2020-03-04,在保
P202304333,李秀英,女,63,410105196104111900,灵活就业,鹤壁市,2022-06-09,在保
P202304996,冯芳,女,49,410402197506211184,城乡居民,洛阳市,2021-06-26,在保
P202301736,唐丽,女,20,410402200403244126,城镇职工,商丘市,2020-09-23,在保
P202302824,陈志强,男,24,410502200006095920,城乡居民,平顶山市,2020-04-02,在保
P202302197,魏海涛,男,57,410402196703012744,城镇职工,洛阳市,2020-02-10,在保
P202303624,丁雨彤,女,50,410106197406271525,城乡居民,周口市,2021-02-18,停保
P202302476,杨欣怡,女,62,410402196212107450,城乡居民,开封市,2022-10-12,在保
P202302565,于敏,女,33,410102199112178235,城乡居民,驻马店市,,在保
P202303765,彭斌,男,54,410702197003038445,城乡居民,洛阳市,2020-03-25,在保
P202302609,徐嘉伟,男,66,410103195805031222,城乡居民,鹤壁市,2022-12-28,在保
P202303729,周鹏,男,28,410302199609196287,城乡居民,商丘市,2021-06-09,在保
P202300708,董婷,女,81,410103194302054046,城乡居民,许昌市,2023-04-24,退保
P202304325,何娜,女,36,410702198811286923,城镇职工,驻马店市,2023-11-01,退保
P202301094,阎欣怡,女,50,410103197405253031,城乡居民,焦作市,2023-02-17,在保
P202303633,彭玉兰,女,45,410702197911046072,城镇职工,开封市,2020-03-16,在保
P202301377,蒋霞,女,37,410402198709208579,城镇职工,南阳市,2023-05-27,在保
P202304964,于慧,女,55,410104196907035013,城乡居民,南阳市,2021-01-18,在保
P202300073,王雨彤,女,49,410106197501025664,城乡居民,许昌市,2020-09-15,在保
P202301923,曹鹏,男,30,410104199402045548,城镇职工,开封市,2021-07-28,在保
P202303239,程慧,女,53,410502197105014520,城乡居民,平顶山市,2023-11-28,在保
P202301765,胡静,女,45,410702197905066533,城镇职工,商丘市,2020-09-29,在保
P202300744,林建国,男,50,410104197410224205,城乡居民,信阳市,2022-09-06,停保
P202302938,吕波,男,45,410702197907089570,城镇职工,漯河市,2020-04-12,在保
P202301006,曹杰,男,57,410104196704195022,城乡居民,商丘市,2021-07-31,在保
P202302669,徐雨彤,女,59,410106196503144553,城镇职工,鹤壁市,2022-01-25,在保
P202301191,马丽,女,51,410106197308152292,城镇职工,安阳市,2021-06-15,退保
P202304875,卢凤英,女,39,410202198501210235,城镇职工,平顶山市,2022-06-19,在保
P202302602,张磊,男,61,410502196302044100,灵活就业,安阳市,2023-03-30,在保
P202301126,黄子轩,男,29,410502199512230543,城乡居民,驻马店市,2020-10-22,在保
P202301242,丁丽,女,46,410702197812125280,灵活就业,商丘市,2022-04-05,在保
P202302909,李斌,男,41,410302198311137069,灵活就业,洛阳市,2020-02-05,在保
P202304173,林斌,男,41,410103198303163483,城乡居民,漯河市,2021-06-04,在保
P202304877,许永强,男,25,410104199908140477,城镇职工,驻马店市,2024-05-02,在保
P202300999,袁浩,男,39,410502198505108723,城乡居民,安阳市,2023-12-21,在保
P202303455,黄慧,女,0,410302202409115960,灵活就业,开封市,2023-11-06,在保
P202302685,苏思琪,女,56,410106196807201360,城镇职工,驻马店市,2022-01-28,停保
P202301578,董文博,男,70,410104195411263096,城乡居民,新乡市,2020-10-18,在保
P202304840,彭伟,男,38,410106198608208298,城乡居民,许昌市,2020-04-05,在保
P202301827,黄强,男,30,410103199409040393,城乡居民,郑州市,2024-02-17,在保
P202303921,萧飞,男,83,410702194105105815,城镇职工,信阳市,2023-08-06,在保
P202302100,薛玲,女,64,,城乡居民,鹤壁市,2022-06-10,在保
P202303607,苏美琳,女,35,410102198903157415,城乡居民,洛阳市,2020-01-16,在保
P202300441,赵鹏,男,56,410105196806164615,城乡居民,周口市,2023-09-12,在保
P202302587,胡欣怡,女,26,410105199806092174,城乡居民,南阳市,2023-01-28,在保
P202301101,刘凤英,女,67,410103195701213916,城镇职工,新乡市,2021-08-25,在保
P202304090,傅明,男,43,410106198105027763,城乡居民,信阳市,2023-08-08,在保
P202303122,刘佳慧,女,38,410302198608043038,灵活就业,信阳市,2022-12-14,在保
P202300650,郭强,男,62,,城镇职工,信阳市,2020-12-27,在保
P202301547,罗艳,女,32,410502199211142854,城乡居民,周口市,2022-05-18,在保
P202303807,马飞,男,50,410702197404190861,城镇职工,南阳市,2023-11-05,在保
P202303631,刘秀英,女,60,410702196408057146,城镇职工,驻马店市,2020-09-22,停保
P202304190,卢凤英,女,48,410103197609255838,城乡居民,平顶山市,2022-06-08,在保
P202304652,孙天宇,男,61,410105196311286266,城镇职工,平顶山市,2021-11-07,在保
P202303815,杨辉,男,27,410105199702187133,城镇职工,周口市,2021-05-04,在保
P202300631,朱萍,女,19,410402200512091050,城乡居民,洛阳市,2020-05-24,在保
P202300673,冯莉,女,43,410202198108196818,城镇职工,鹤壁市,2023-01-28,在保
P202301250,苏思琪,女,21,410102200310131598,城乡居民,周口市,2021-03-07,退保
P202300483,唐语嫣,女,21,410104200308047158,城乡居民,信阳市,2021-10-08,在保
P202301585,吴嘉伟,男,57,410202196711234504,城乡居民,开封市,2020-10-18,在保
P202303138,郑艳,女,31,410103199312204897,城乡居民,新乡市,2020-07-31,退保
P202304675,李文博,男,64,410502196002276114,城乡居民,郑州市,2020-06-02,停保
P202303101,周超,男,37,410106198706110240,灵活就业,焦作市,2021-08-28,在保
P202301463,贾军,男,46,410103197804068685,城乡居民,平顶山市,2021-04-11,在保
P202304007,吴天宇,男,1,410202202303287057,城镇职工,许昌市,2021-11-06,在保
P202303695,于明,男,65,410202195912200105,城镇职工,许昌市,2020-03-03,在保
P202300394,何凤英,女,82,410104194201282975,城镇职工,平顶山市,2023-10-18,在保
P202302579,孙辉,男,55,410302196907072742,城乡居民,许昌市,2020-04-21,在保
P202304035,沈鹏,男,35,410702198905038452,城镇职工,焦作市,2023-03-02,在保
P202300050,傅明,男,18,410103200608058207,灵活就业,商丘市,2022-12-23,退保
P202304334,韩强,男,53,410105197102137614,城乡居民,开封市,2024-04-06,在保
P202303120,罗伟,男,79,410202194502237203,灵活就业,开封市,2021-10-06,在保
P202300859,宋嘉伟,男,40,410402198404128285,城镇职工,商丘市,2020-12-16,停保
P202301073,徐丽,女,51,410104197311196469,城镇职工,鹤壁市,2020-03-05,在保
P202300720,贾磊,男,48,410103197606060208,灵活就业,焦作市,2020-03-17,在保
P202304791,阎慧,女,45,410302197903144167,城镇职工,许昌市,2024-04-16,停保
P202302632,李波,男,58,410202196608186570,城镇职工,商丘市,2021-04-10,在保
P202304924,赵天宇,男,75,410402194912264714,城乡居民,鹤壁市,2021-01-31,在保
P202301661,宋嘉伟,男,73,410103195102262569,城镇职工,驻马店市,2024-03-08,在保
P202301657,梁强,男,53,410202197108252468,灵活就业,焦作市,2022-10-06,在保
P202302426,郑雪,女,59,410103196506274624,城乡居民,安阳市,2024-01-11,在保
P202303997,郑斌,男,12,410202201208153826,城乡居民,周口市,2024-02-06,在保
P202304273,薛晓红,女,25,410702199904044156,城乡居民,郑州市,2022-12-07,在保
P202304768,韩建华,男,45,410104197907013813,城镇职工,新乡市,2022-12-10,在保
P202303376,萧秀英,女,31,410302199311171361,城镇职工,平顶山市,2024-01-08,在保
P202304522,阎娟,女,69,410102195503070084,城镇职工,开封市,2021-03-06,在保
P202303372,丁丽,女,28,410402199605186907,城镇职工,信阳市,2020-01-10,在保
P202304801,杨梦瑶,女,59,410402196508279399,城乡居民,许昌市,2021-02-08,在保
P202304169,梁雪,女,67,410502195712017045,城镇职工,鹤壁市,2022-10-29,在保
P202302607,朱嘉伟,男,39,410102198502118067,城乡居民,洛阳市,2023-12-08,停保
P202301386,梁伟,男,55,410702196905177178,城镇职工,安阳市,2024-03-29,在保
P202303910,吕嘉伟,男,36,410702198811231868,城镇职工,安阳市,2022-12-09,在保
P202301400,阎磊,男,38,410502198607241653,城乡居民,新乡市,2023-05-16,在保
P202301196,郭凤英,女,57,410502196711250755,城乡居民,漯河市,2020-03-19,在保
P202301409,吕嘉伟,男,44,410402198011188516,城镇职工,平顶山市,2022-07-06,停保
P202303899,傅杰,男,57,410103196712189293,城乡居民,开封市,2020-01-23,在保
P202301799,何莉,女,69,410402195510237421,城乡居民,开封市,2022-07-04,在保
P202301476,谢国强,男,61,410103196301153786,灵活就业,新乡市,2021-03-04,停保
P202303283,袁淑珍,女,11,410202201307117254,城镇职工,洛阳市,2022-12-06,停保
P202300036,于勇,男,28,410202199601122153,城镇职工,商丘市,2020-07-29,在保
P202303612,曾玲,女,52,410103197212172320,城镇职工,开封市,2021-07-09,在保
P202302346,周杰,男,69,410402195502039729,城镇职工,新乡市,2022-02-21,停保
P202304931,苏宇航,男,69,410106195506203768,城乡居民,平顶山市,2022-06-23,在保
P202302360,彭飞,男,57,410202196711114934,城镇职工,开封市,2020-07-06,在保
P202302207,李宇航,男,76,410702194808031940,城乡居民,商丘市,2022-07-13,在保
P202304945,程超,男,81,410104194304090528,城乡居民,信阳市,2020-03-14,在保
P202301287,韩文彬,男,16,410103200802132233,灵活就业,洛阳市,2023-03-14,在保
P202300350,王秀兰,女,46,410702197808070990,城镇职工,新乡市,2020-12-15,在保
P202302138,黄海涛,男,77,410302194706231250,城乡居民,新乡市,2021-07-09,停保
P202302692,邓晓红,女,45,410106197908044987,城镇职工,驻马店市,2021-06-21,在保
P202303041,梁梦瑶,女,60,410103196406064159,城乡居民,信阳市,2021-06-01,在保
P202303190,萧海涛,男,82,410106194204129434,城镇职工,许昌市,2020-04-27,退保
P202301682,袁萍,女,49,410202197507160418,城乡居民,南阳市,2022-08-15,在保
P202304100,胡斌,男,51,410105197309211575,城乡居民,鹤壁市,2020-09-28,在保
P202301444,胡欣怡,女,26,410105199805270675,城镇职工,周口市,2021-10-08,在保
P202303310,陈雪,女,49,410202197503233202,城镇职工,许昌市,2023-09-19,停保
P202301672,杨语嫣,女,43,410104198101087548,城乡居民,鹤壁市,2020-08-19,在保
P202303014,魏佳慧,女,24,410103200009033526,城镇职工,郑州市,2021-11-29,在保
P202301180,谢秀英,女,30,410502199402126697,城镇职工,周口市,2021-04-16,在保
P202302799,傅玉兰,女,43,410102198111225459,灵活就业,焦作市,2020-08-01,在保
P202301693,徐玉兰,女,65,410202195905288940,灵活就业,开封市,2022-04-05,在保
P202303951,魏晓红,女,59,410202196502061745,城乡居民,鹤壁市,2024-03-04,在保
P202300373,陈桂英,女,76,410202194805096714,灵活就业,新乡市,2020-11-03,在保
P202303684,曹文博,男,72,410105195210183262,城镇职工,新乡市,2023-02-11,在保
P202301917,徐淑珍,女,35,410102198909085526,城乡居民,驻马店市,2023-02-11,在保
P202301358,蒋静,女,57,410102196712263940,城乡居民,平顶山市,2021-02-09,退保
P202301826,谢玲,女,57,410104196704094911,城镇职工,开封市,2021-05-29,在保
P202300787,蒋志强,男,65,410105195903205031,城镇职工,平顶山市,2022-05-01,停保
P202300470,阎俊杰,男,39,410402198508012068,城职,安阳市,2021-02-02,在保
P202300141,林军,男,54,410105197003201561,城镇职工,开封市,2024-05-01,在保
P202300789,陈飞,男,48,410702197604045753,城镇职工,信阳市,2021-06-12,退保
P202300324,朱俊杰,男,87,410104193702232545,灵活就业,南阳市,2022-11-17,在保
P202300051,叶美琳,女,55,410502196907279288,城镇职工,信阳市,2020-11-21,在保
P202300715,韩凤英,女,49,410102197503186754,城乡居民,漯河市,2023-12-17,在保
P202304534,彭凤英,女,34,410103199001180638,城镇职工,新乡市,2021-06-25,在保
P202302841,冯霞,女,55,410702196905043167,城镇职工,焦作市,2021-01-29,在保
P202302447,徐雨彤,女,55,410402196906194789,城镇职工,焦作市,2021-04-18,停保
P202304863,杨淑珍,女,37,410702198711250176,城镇职工,开封市,2023-01-26,在保
P202304464,高美琳,女,70,410105195408027110,城镇职工,许昌市,2023-11-29,在保
P202304642,赵子轩,男,52,410202197212168109,城镇职工,漯河市,2022-06-04,在保
P202303077,梁雪,女,63,410102196110096490,灵活就业,安阳市,2020-11-07,在保
P202302667,赵慧,女,65,410105195911164225,城乡居民,周口市,2020-05-26,停保
P202300407,丁凤英,女,30,410105199401113634,城镇职工,驻马店市,2022-12-05,在保
P202303428,苏国强,男,74,410102195001268484,灵活就业,洛阳市,2021-10-04,在保
P202301005,朱莉,女,62,410302196203152376,城乡居民,焦作市,2020-10-30,停保
P202303067,沈强,男,81,410102194307108627,城乡居民,南阳市,2020-05-18,停保
P202300891,许子轩,男,64,410103196011250114,城镇职工,开封市,2022-06-21,在保
P202302412,卢桂英,女,77,410302194705067602,城乡居民,安阳市,2020-01-24,在保
P202302546,宋伟,男,57,410104196702176801,灵活就业,南阳市,2023-03-02,在保
P202303505,罗俊杰,男,40,410702198410033507,城乡居民,新乡市,2022-12-22,在保
P202302391,魏文彬,男,-1,410302200802068197,灵活就业,南阳市,2022-03-13,在保
P202304018,韩宇航,男,62,410103196210252911,城镇职工,开封市,2023-07-28,在保
P202300043,谢斌,男,47,410202197710116791,城镇职工,许昌市,2021-09-07,在保
P202302831,何敏,女,19,410502200505112391,城乡居民,焦作市,2022-03-08,在保
P202304884,蔡浩,男,58,410402196610090148,城镇职工,郑州市,2023-09-07,在保
P202300304,李国强,男,60,410106196404029440,城镇职工,平顶山市,2022-03-26,在保
P202304559,蔡晓红,女,40,410102198408259813,城乡居民,开封市,2020-08-11,在保
P202303821,蒋霞,女,42,410502198203119676,城镇职工,漯河市,2020-04-04,在保
P202300665,蔡磊,男,37,410202198712025275,城乡居民,漯河市,2020-04-15,在保
P202301178,彭志强,男,48,410502197608112753,城乡居民,鹤壁市,2023-03-24,在保
P202302677,马晨曦,男,56,410502196812287160,城乡居民,安阳市,2021-12-07,退保
P202301948,蔡天宇,男,49,410102197507236355,城镇职工,漯河市,2021-04-23,在保
P202302502,李文彬,男,67,410106195712032174,城乡居民,商丘市,2023-03-30,在保
P202301474,林建国,男,50,410105197407160134,灵活就业,商丘市,2020-11-20,在保
P202303554,韩敏,女,95,410202192901277254,城乡居民,驻马店市,2023-02-09,在保
P202303786,卢国强,男,40,410702198406074657,城乡居民,郑州市,2020-05-28,退保
P202302133,吕文彬,男,62,410106196212045665,城乡居民,南阳市,2021-04-29,在保
P202301027,王波,男,50,410402197409238494,城乡居民,漯河市,2023-03-17,在保
P202302990,王艳,女,93,410402193107104797,城镇职工,郑州市,2024-02-08,在保
P202300962,梁宇航,男,73,410102195110080794,城镇职工,洛阳市,2022-12-24,在保
P202302890,马语嫣,女,56,410106196808222479,城镇职工,驻马店市,2022-05-14,在保
P202303276,马慧,女,74,410302195012266855,城乡居民,南阳市,2020-08-31,停保
P202302010,刘敏,女,66,410104195811276920,城乡居民,许昌市,2022-12-19,在保
P202302150,邓文博,男,20,410202200405200944,城乡居民,信阳市,2022-07-19,在保
P202304680,林娜,女,54,410202197011038295,灵活就业,洛阳市,2021-02-27,在保
P202302339,薛玉兰,女,50,410702197407065682,城镇职工,开封市,2021-01-10,停保
P202303966,郑玲,女,56,410102196804099218,城镇职工,洛阳市,2023-06-10,在保
P202300305,于雨彤,女,49,410502197509201564,城职,洛阳市,2021-09-26,在保
P202301441,郭子轩,男,61,410104196311135883,城乡居民,开封市,2022-04-22,在保
P202301497,宋艳,女,87,,城镇职工,信阳市,2020-02-29,在保
P202302653,孙天宇,男,59,410202196507043852,城乡居民,开封市,2021-11-28,在保
P202302876,周莉,女,33,410105199108244704,城镇职工,漯河市,2020-02-26,退保
P202300917,卢天宇,男,60,410302196412199971,灵活就业,驻马店市,2021-01-21,停保
P202304225,胡芳,女,25,410104199903187962,城乡居民,周口市,2021-04-01,在保
P202303795,陈诗涵,女,50,410105197411133463,灵活就业,开封市,2023-04-19,在保
P202302773,邓敏,女,46,410402197807060149,城乡居民,,2020-05-01,在保
P202301625,陈杰,男,83,410104194109277068,城镇职工,新乡市,2022-09-07,退保
P202303912,朱海涛,男,53,410402197111210162,城乡居民,许昌市,2021-06-06,在保
P202300822,冯晨曦,男,75,410302194902022073,城镇职工,平顶山市,2023-05-07,在保
P202303367,蒋涛,男,40,410104198407113874,城镇职工,商丘市,2022-07-23,退保
P202301355,程志强,男,39,410702198504052248,城乡居民,开封市,2020-10-19,在保
P202304543,林艳,女,17,410402200709064603,城乡居民,许昌市,2020-03-20,在保
P202300851,吴志强,男,38,410202198605129930,城镇职工,驻马店市,2023-04-16,在保
P202301001,刘梦瑶,女,75,,灵活就业,商丘市,2023-05-24,退保
P202304388,卢凤英,女,24,410105200009040983,灵活就业,平顶山市,2021-03-03,在保
P202300019,曾建华,男,33,410105199101037240,城镇职工,新乡市,2020-05-18,停保
P202301638,许敏,女,57,410702196709262531,城镇职工,焦作市,2020-12-10,在保
P202301668,蔡俊杰,男,40,410103198402251613,灵活就业,洛阳市,2020-11-10,在保
P202300494,薛莉,女,34,410402199007061880,城乡居民,开封市,2024-01-30,在保
P202301348,周天宇,男,66,410102195801208213,城乡居民,鹤壁市,2024-02-24,在保
P202303019,邓语嫣,女,41,410302198301274446,城镇职工,许昌市,2023-04-23,在保
P202303801,谢诗涵,女,25,410302199902171524,城乡居民,平顶山市,2023-01-09,在保
P202303322,黄浩然,男,33,410102199103200883,城镇职工,驻马店市,2020-06-20,退保
P202304217,彭斌,男,83,410104194108219082,城镇职工,平顶山市,2023-05-04,在保
P202303552,谢超,男,21,410302200309265381,城乡居民,焦作市,2021-11-24,在保
P202300688,曾玲,女,43,410402198104018100,城乡居民,开封市,2021-06-21,在保
P202303805,朱文博,男,33,410102199105232798,灵活就业,安阳市,2024-05-17,在保
P202301609,蒋桂英,女,55,410702196912060072,灵活就业,安阳市,2022-05-01,在保
P202304591,陈海涛,男,38,410105198602266813,城镇职工,商丘市,2021-09-03,在保
P202303471,胡桂英,女,48,410402197609225702,城镇职工,驻马店市,2020-02-21,在保
P202301010,许子轩,男,40,410103198404054919,城乡居民,漯河市,2022-06-28,在保
P202302409,唐伟,男,64,410103196005100507,城镇职工,漯河市,2022-03-27,在保
P202301093,苏凤英,女,63,410502196109085917,城乡居民,商丘市,2022-09-30,退保
P202301328,郭雪,女,47,410106197702161371,城镇职工,焦作市,2024-05-06,在保
P202301678,魏伟,男,77,410104194712266529,城镇职工,洛阳市,2020-06-18,在保
P202302000,魏紫薇,女,36,410202198804129903,灵活就业,南阳市,2022-01-29,在保
P202301311,董国强,男,49,410105197505267572,城乡居民,许昌市,2023-08-25,停保
P202304699,曹强,男,52,410102197203063712,城乡居民,焦作市,2021-10-23,停保
P202301988,冯诗涵,女,59,410302196508258980,灵活就业,南阳市,2021-04-23,在保
P202303722,萧凤英,女,80,410502194409189959,城乡居民,漯河市,2020-12-03,在保
P202300345,冯志强,男,41,410202198309131037,灵活就业,平顶山市,2023-03-29,在保
P202304229,魏思琪,女,54,410502197001184915,城镇职工,南阳市,2024-02-24,在保
P202300987,郭涛,男,77,410302194701202041,灵活就业,鹤壁市,2020-04-14,在保
P202303927,程美琳,女,67,410105195701119807,城乡居民,鹤壁市,2023-02-16,在保
P202303881,曹梦瑶,女,55,410702196912230140,城镇职工,许昌市,2020-01-12,在保
P202304357,唐桂英,女,54,410402197005142635,城镇职工,新乡市,2024-04-08,停保
P202304082,林永强,男,37,410202198711240316,城乡居民,南阳市,2022-06-29,在保
P202303155,冯涛,男,31,410502199312138414,城乡居民,洛阳市,2022-09-11,在保
P202304636,吴浩,男,0,410402202412254840,灵活就业,驻马店市,2021-11-01,在保
P202301143,朱强,男,47,410102197706254179,城乡居民,驻马店市,2020-05-27,在保
P202302359,郭天宇,男,18,410105200609147514,城乡,洛阳市,2023-08-30,在保
P202301199,邓文博,男,54,410105197001140687,城乡居民,驻马店市,2023-06-05,在保
P202300086,宋斌,男,40,410106198411138338,城乡居民,郑州市,2022-07-20,在保
P202301519,罗诗涵,女,31,410103199304010160,城镇职工,安阳市,2020-09-04,在保
P202300517,沈杰,男,59,410202196512152819,城乡居民,漯河市,2023-02-09,在保
P202301382,梁浩,男,41,410106198303075718,城乡居民,商丘市,2021-10-21,在保
P202302717,傅晓红,女,61,410105196306105198,灵活就业,许昌市,2021-02-27,在保
P202304673,赵嘉伟,男,58,410103196608206742,城镇职工,,2021-10-25,在保
P202301015,于建国,男,81,410104194311141534,城镇职工,周口市,2021-08-10,在保
P202300129,于文博,男,51,410702197310226588,城乡居民,郑州市,2023-06-01,停保
P202301365,吴俊杰,男,71,410102195304247625,城乡居民,驻马店市,2023-05-15,在保
P202304889,王天宇,男,54,410102197006074678,城镇职工,开封市,2023-01-23,退保
P202304056,宋欣怡,女,53,410502197111054123,城乡居民,驻马店市,2023-01-18,在保
P202303627,冯伟,男,34,410302199012279821,城乡居民,洛阳市,,在保
P202300892,丁强,男,59,410502196504157130,灵活就业,鹤壁市,2023-07-24,在保
P202302794,吴伟,男,33,410502199111181735,城镇职工,平顶山市,2021-04-28,在保
P202304252,胡凤英,女,53,410302197104026027,灵活就业,信阳市,2021-03-25,在保
P202301360,胡梦瑶,女,53,410702197107152197,灵活就业,周口市,2021-06-22,在保
P202300308,黄伟,男,39,410102198503169755,城乡,驻马店市,2022-11-25,在保
P202301662,张志强,男,47,410502197703227750,城乡居民,漯河市,2022-09-29,在保
P202302432,杨美琳,女,31,410302199312202113,城镇职工,许昌市,2021-04-29,在保
P202304012,冯文博,男,24,410302200006055202,城镇职工,开封市,2023-12-11,停保
P202301318,苏凤英,女,44,410104198008013268,城镇职工,信阳市,2022-10-12,在保
P202304348,胡辉,男,21,410103200311260927,城镇职工,南阳市,2020-07-01,在保
P202302475,韩宇航,男,55,410702196906066388,城镇职工,平顶山市,2021-09-15,在保
P202302543,苏欣怡,女,46,410105197810148166,城镇职工,郑州市,2022-08-13,停保
P202301247,,女,50,410105197412257552,灵活就业,安阳市,2020-04-19,在保
P202301209,谢飞,男,24,410502200012089620,城镇职工,郑州市,2020-02-11,在保
P202300217,冯雨彤,女,36,410402198809266803,城乡居民,平顶山市,2021-05-21,在保
P202304337,叶敏,女,20,410702200406015671,城乡居民,周口市,2023-12-24,在保
P202304667,黄建华,男,-3,410102198602265387,城镇职工,安阳市,2022-08-05,在保
P202301240,吕晨曦,男,79,410104194503034291,城乡居民,郑州市,2022-06-27,在保
P202302290,阎紫薇,女,75,410502194907059147,城镇职工,开封市,2023-02-10,在保
P202302741,梁伟,男,57,410106196702254511,灵活就业,漯河市,2024-05-17,在保
P202300276,蔡天宇,男,58,410702196610036882,城乡居民,焦作市,2020-08-29,在保
P202300490,黄玉兰,女,65,410702195904195898,灵活就业,开封市,2024-05-17,在保
P202301036,杨美琳,女,78,410105194604266972,城乡居民,平顶山市,2024-01-11,在保
P202301230,薛语嫣,女,89,410402193504060023,城乡居民,新乡市,2020-07-06,停保
P202304631,傅静,女,22,410102200205206637,城镇职工,信阳市,2023-12-28,在保
P202301009,周明,男,68,410106195603216140,城乡居民,平顶山市,2020-01-20,退保
P202304778,萧磊,男,71,410402195306117987,城乡居民,周口市,2020-08-30,在保
P202304428,周桂英,女,34,410702199004044596,城乡居民,鹤壁市,2023-04-01,在保
P202303248,曹语嫣,女,36,410202198803024917,灵活就业,商丘市,2020-07-30,在保
P202302533,邓辉,男,59,410106196505023185,城乡居民,驻马店市,2023-01-05,在保
P202304212,蒋波,男,40,410105198402255866,城乡居民,开封市,2022-06-22,在保
P202301059,吕嘉伟,男,59,410402196512256388,城镇职工,洛阳市,2023-07-21,在保
P202302167,周鹏,男,35,410105198911209297,城乡居民,漯河市,2020-06-16,在保
P202304141,袁子轩,男,61,410103196308186810,城镇职工,焦作市,2023-02-08,停保
P202303442,许磊,男,38,410104198611236603,灵活,鹤壁市,2023-10-23,在保
P202300282,郭浩然,男,61,410202196309277740,城乡,平顶山市,2024-01-12,在保
P202304442,曹敏,女,54,410106197010036001,城镇职工,南阳市,2021-01-30,停保
P202301317,宋建国,男,30,410106199411102708,城乡居民,新乡市,2021-11-29,在保
P202304685,张秀英,女,31,410302199309086631,城乡居民,安阳市,2022-03-12,在保
P202300969,郭秀兰,女,49,410105197505218781,城乡居民,安阳市,2022-04-12,在保
P202303991,曾慧,女,19,410502200508197718,城乡居民,商丘市,2023-05-27,退保
P202303998,陈芳,女,44,410102198012022222,城乡居民,信阳市,2021-02-20,在保
P202303232,薛文彬,男,13,410302201111201501,城镇职工,郑州市,2021-11-21,在保
P202303590,萧婷,女,42,410102198201123451,城镇职工,鹤壁市,2024-02-13,在保
P202300620,卢辉,男,54,410103197001064756,城乡居民,信阳市,2021-09-09,在保
P202304391,傅欣怡,女,59,410103196509016838,城镇职工,平顶山市,2021-01-01,在保
P202301743,曾飞,男,51,410302197305170441,城镇职工,南阳市,2021-07-18,在保
P202301391,吕志强,男,58,410302196609185813,城乡居民,南阳市,2021-01-16,在保
P202304867,赵雨彤,女,53,410302197103048198,城镇职工,信阳市,2024-03-06,在保
P202301848,陈建华,男,34,410106199005181412,灵活就业,平顶山市,2020-09-03,在保
P202301580,林勇,男,35,410103198905120545,灵活就业,信阳市,2022-03-02,停保
P202301656,蒋诗涵,女,44,410702198010120986,灵活就业,信阳市,2023-07-03,在保
P202302353,冯美琳,女,62,410102196207287093,灵活就业,平顶山市,2021-05-29,在保
P202302213,曾辉,男,65,410402195908063849,城镇职工,郑州市,2021-03-02,在保
P202302021,于斌,男,51,410202197301164061,城镇职工,漯河市,2020-04-10,在保
P202301118,杨天宇,男,48,410105197607199401,城镇职工,安阳市,2021-03-24,在保
P202301957,蔡莉,女,11,410102201306130720,城镇职工,郑州市,2022-04-14,退保
P202301308,彭紫薇,女,49,410103197511073657,城乡居民,信阳市,2023-03-12,停保
P202302004,罗语嫣,女,44,410103198004014644,城镇职工,开封市,2021-05-05,在保
P202304501,苏晨曦,男,32,410103199201026550,城镇职工,南阳市,2022-03-08,在保
P202300576,何婷,女,10,410702201406056299,城乡居民,信阳市,2022-11-30,在保
P202302361,林桂英,女,31,410702199301278170,城乡居民,周口市,2024-05-18,在保
P202304246,刘飞,男,22,410202200205127571,城乡居民,信阳市,2021-04-16,在保
P202304482,张玲,女,55,410103196907245768,城镇职工,洛阳市,2021-08-26,在保
P202301707,赵雪,女,62,410105196207174885,城镇职工,鹤壁市,2020-02-24,在保
P202303816,杨军,男,17,410502200705220216,灵活就业,焦作市,2021-05-30,在保
P202303541,薛莉,女,55,410105196903210347,城镇职工,商丘市,2022-01-31,在保
P202301281,冯永强,男,52,410106197208208095,城镇职工,洛阳市,2021-03-29,在保
P202300862,苏宇航,男,22,410104200209199077,城镇职工,新乡市,2024-01-29,在保
P202304188,刘美琳,女,37,410105198711191818,城镇职工,焦作市,2021-05-09,在保
P202301802,周勇,男,48,410103197603263736,城镇职工,许昌市,2024-01-27,停保
P202301629,卢桂英,女,51,410102197306284741,城镇职工,开封市,2020-07-15,在保
P202301994,许子轩,男,62,410702196211201009,城乡居民,漯河市,2022-04-14,在保
P202302640,吕萍,女,57,410702196707102754,城镇职工,信阳市,2024-05-03,在保
P202300270,程敏,女,52,410402197206033070,城镇职工,平顶山市,2023-12-26,在保
P202300630,孙凤英,女,69,410105195510131827,城镇职工,洛阳市,2020-10-21,在保
P202303082,孙建国,男,52,410104197205142510,城乡居民,鹤壁市,2022-05-31,在保
P202302335,郑敏,女,66,410702195801063487,城镇职工,许昌市,2023-01-16,在保
P202302967,魏慧,女,56,410402196812268253,城乡居民,安阳市,2020-09-11,在保
P202300301,蒋晨曦,男,35,410502198910171936,城镇职工,安阳市,2023-08-16,在保
P202300460,许建国,男,28,410103199608221339,城乡居民,驻马店市,2020-01-03,停保
P202301448,徐紫薇,女,60,410202196408195852,城镇职工,信阳市,2020-02-10,退保
P202301473,徐慧,女,47,410102197706040685,灵活就业,许昌市,2022-09-03,在保
P202302047,贾娟,女,50,410102197410243954,城乡居民,周口市,2022-05-23,在保
P202304272,张建国,男,40,410106198402018124,城镇职工,洛阳市,2022-01-27,在保
P202303838,孙嘉伟,男,56,410302196802119123,城镇职工,周口市,2021-03-20,在保
P202302114,袁飞,男,31,410502199307064077,城乡居民,洛阳市,2021-05-22,在保
P202300028,曾文彬,男,56,410103196807225979,城镇职工,驻马店市,2021-10-09,停保
P202304629,罗语嫣,女,69,410302195512130981,城镇职工,信阳市,2024-04-03,在保
P202304568,蒋明,男,-3,410104199710164684,城乡居民,安阳市,2023-08-10,在保
P202300838,胡语嫣,女,32,410502199210096978,城乡居民,漯河市,2022-07-18,在保
P202304374,杨艳,女,52,410104197208217257,城镇职工,新乡市,2020-10-21,在保
P202303434,沈斌,男,48,410103197609148147,城乡居民,洛阳市,2022-09-16,在保
P202302009,朱超,男,61,410106196312064438,城乡居民,平顶山市,2022-08-01,在保
P202304958,阎天宇,男,69,410102195502071327,城镇职工,驻马店市,2023-05-21,在保
P202300504,卢欣怡,女,60,410106196407078731,城乡居民,开封市,2020-10-06,在保
P202303955,郭娜,女,39,410102198509097771,城镇职工,焦作市,2023-03-14,在保
P202304349,赵艳,女,33,410102199102046882,城乡居民,信阳市,2021-03-12,在保
P202300381,阎磊,男,34,410104199006210590,城乡,信阳市,2021-07-14,在保
P202301852,蔡诗涵,女,81,410104194310224338,城乡居民,漯河市,2022-10-30,在保
P202301526,蔡勇,男,69,410102195509150708,城乡居民,开封市,2022-08-06,在保
P202302366,刘勇,男,77,410104194710271120,城乡居民,平顶山市,2022-11-24,在保
P202304723,董辉,男,50,410105197408085460,城乡居民,洛阳市,2021-03-22,退保
P202303053,孙鹏,男,44,410402198012152416,城乡居民,许昌市,2022-08-02,在保
P202302885,傅军,男,0,410202202409077667,城乡居民,平顶山市,2021-07-20,在保
P202302341,董丽,女,62,410105196210252572,城乡居民,商丘市,2020-01-27,在保
P202300375,何晓红,女,88,410302193612025979,城镇职工,鹤壁市,2021-01-23,在保
P202303327,贾建华,男,49,,灵活就业,平顶山市,2024-04-11,在保
P202302382,胡芳,女,32,410702199209069814,城镇职工,新乡市,2023-02-23,停保
P202304354,梁美琳,女,19,410302200507052818,城镇职工,开封市,2020-09-16,在保
P202300940,高慧,女,39,410104198510101490,城乡居民,周口市,2021-10-17,在保
P202304655,周莉,女,62,410302196202075300,城乡居民,信阳市,2020-06-02,在保
P202304208,薛强,男,0,410202202404139529,城镇职工,焦作市,2024-01-04,在保
P202302800,王婷,女,55,410103196910250829,城镇职工,安阳市,2023-08-09,在保
P202302148,傅桂英,女,35,410702198911101745,城镇职工,开封市,2023-12-30,停保
P202303892,何紫薇,女,60,410402196404250162,城镇职工,开封市,2020-03-24,在保
P202304586,董文彬,男,71,410402195308223362,灵活就业,许昌市,2023-08-27,在保
P202304260,宋雨彤,女,34,410105199012188250,城镇职工,焦作市,2021-02-04,在保
P202302069,徐俊杰,男,75,410106194907133462,城乡居民,信阳市,2024-03-19,在保
P202300530,马文彬,男,33,410104199105013073,城镇职工,新乡市,2021-10-06,在保
P202303804,沈文博,男,52,410502197203043219,城乡居民,平顶山市,2020-02-18,在保
P202300637,曹秀英,女,64,410402196012071430,灵活就业,新乡市,2020-02-21,在保
P202301270,丁桂英,女,72,410202195202261836,城乡居民,驻马店市,2024-04-04,在保
P202300186,程娟,女,62,410302196205150740,城乡居民,开封市,2022-06-19,在保
P202303893,杨慧,女,35,410202198904218770,城乡居民,安阳市,2023-10-11,在保
P202303245,萧国强,男,46,410103197803257804,城乡居民,开封市,2023-02-14,在保
P202304524,吕子轩,男,87,410104193708012640,城乡居民,郑州市,2024-05-12,在保
P202301798,薛欣怡,女,35,410105198903264024,灵活就业,新乡市,2020-02-10,在保
P202302980,孙思琪,女,53,410402197110097241,城镇职工,开封市,2022-11-03,停保
P202301442,薛勇,男,71,410402195306209559,城乡居民,驻马店市,2024-02-14,在保
P202304094,蒋敏,女,53,,城镇职工,漯河市,2021-03-08,在保
P202304925,许萍,女,58,410702196609116182,灵活就业,信阳市,2020-07-22,退保
P202301536,黄建国,男,21,410702200309013102,城乡居民,焦作市,2021-05-14,停保
P202303712,,男,26,410103199803262189,城乡居民,驻马店市,2020-06-21,在保
P202303189,谢丽,女,66,410104195803228128,城乡居民,漯河市,2020-04-08,在保
P202301274,罗梦瑶,女,44,410103198006240378,城镇职工,许昌市,2022-03-22,在保
P202302468,何天宇,男,50,410103197407201933,灵活就业,平顶山市,2020-12-24,在保
P202300608,杨勇,男,27,410302199708267129,城乡居民,漯河市,2022-05-21,在保
P202303456,韩秀英,女,86,410302193807057878,城镇职工,南阳市,2022-06-10,在保
P202301713,梁子轩,男,10,410104201404099195,城镇职工,焦作市,2020-04-16,在保
P202302200,叶辉,男,58,410402196601197478,城乡居民,信阳市,2020-11-05,在保
P202300956,袁鹏,男,70,410502195403149670,城镇职工,新乡市,2021-09-07,在保
P202302580,林秀兰,女,81,410402194311288403,城乡居民,安阳市,2023-09-17,在保
P202304610,冯俊杰,男,34,410302199006088707,城镇职工,新乡市,2020-01-26,在保
P202304470,郭明,男,56,410102196805274821,城镇职工,洛阳市,2023-02-14,在保
P202304316,卢敏,女,68,410105195606029786,灵活就业,开封市,2020-05-13,在保
P202303759,唐文博,男,54,410104197008131047,城乡居民,南阳市,2021-07-08,在保
P202300404,杨语嫣,女,50,410202197402167630,城乡居民,洛阳市,2022-04-06,在保
P202302072,魏天宇,男,72,410302195208129550,城镇职工,信阳市,2022-05-24,在保
P202304805,林思琪,女,45,410302197906271433,城镇职工,安阳市,2023-07-23,退保
P202301978,周永强,男,67,410102195705032844,灵活就业,信阳市,2021-07-24,在保
P202300159,丁海涛,男,28,410104199603022937,城镇职工,许昌市,2020-10-11,在保
P202301749,唐思琪,女,53,410103197108167160,灵活就业,南阳市,2022-10-13,在保
P202302910,徐永强,男,72,410103195207181446,城镇职工,鹤壁市,2022-10-28,停保
P202303605,张丽,女,64,410302196002149915,城镇职工,焦作市,2022-11-10,在保
P202300903,薛美琳,女,50,410106197406218050,城镇职工,驻马店市,2022-04-29,在保
P202300353,沈娜,女,65,410103195902223528,城镇职工,南阳市,2024-03-29,在保
P202301231,吴杰,男,39,410102198506039170,城乡居民,开封市,2022-11-13,在保
P202304718,高慧,女,71,410105195311286499,城乡居民,洛阳市,2023-03-15,在保
P202302141,程静,女,52,410302197203069612,城镇职工,洛阳市,2023-06-01,在保
P202300445,李文博,男,26,410102199810194149,城乡居民,新乡市,2020-03-16,在保
P202304999,孙语嫣,女,64,410103196005077695,城乡居民,周口市,2021-01-29,在保
P202300755,何杰,男,32,410202199208050915,城乡居民,许昌市,2022-12-22,在保
P202301738,沈天宇,男,30,410103199405014068,灵活就业,商丘市,2022-12-28,在保
P202302972,丁静,女,48,410202197610267993,城镇职工,商丘市,2023-01-30,在保
P202300487,韩艳,女,38,410104198608260092,城镇职工,南阳市,2022-10-20,在保
P202302921,于雨彤,女,37,410702198710272431,灵活就业,新乡市,2022-03-08,在保
P202300312,王明,男,69,410202195507051830,城镇职工,驻马店市,2024-01-02,在保
P202300549,郑永强,男,56,410106196804172820,城镇职工,商丘市,2021-06-11,停保
P202300662,李志强,男,40,410104198412158789,城乡居民,许昌市,2023-04-10,在保
P202304811,宋语嫣,女,63,410106196101156884,城镇职工,周口市,2020-06-29,在保
P202301990,罗梦瑶,女,57,410302196707077014,城镇职工,周口市,2024-04-26,在保
P202300307,刘明,男,72,410302195202156269,城镇职工,郑州市,2021-09-25,在保
P202302336,郭娜,女,60,410202196411178045,灵活就业,许昌市,2022-12-15,在保
P202300695,谢紫薇,女,60,410202196403042232,城乡居民,驻马店市,2021-03-28,在保
P202302357,郑秀兰,女,43,410105198109273989,城乡,安阳市,2022-07-07,在保
P202301928,高晓红,女,44,410202198007099730,城乡居民,信阳市,2020-12-17,在保
P202300685,董玲,女,28,410302199612141429,城镇职工,周口市,2020-06-25,在保
P202300750,马子轩,男,24,410302200003148112,城乡居民,郑州市,2021-08-17,退保
P202303560,薛莉,女,26,410105199808204819,城乡居民,郑州市,2020-02-04,在保
P202303313,吴娜,女,87,410102193711054846,城乡居民,平顶山市,2023-06-29,停保
P202301267,蔡婷,女,47,410402197702127021,城乡居民,商丘市,2022-04-08,在保
P202303352,邓波,男,43,410402198105221281,城乡居民,商丘市,2024-01-28,退保
P202303600,宋文博,男,45,410102197912063599,城镇职工,周口市,2022-05-29,在保
P202304468,傅文彬,男,57,410104196712229174,灵活就业,郑州市,2020-01-01,在保
P202304063,谢霞,女,32,410502199210063258,城镇职工,漯河市,2022-12-21,停保
P202303084,萧斌,男,29,410202199501101570,灵活就业,焦作市,2023-05-28,在保
P202303062,唐鹏,男,44,410106198008283366,灵活就业,周口市,2020-01-27,停保
P202303026,韩国强,男,43,410106198112086960,灵活就业,南阳市,2023-06-07,在保
P202300971,王秀兰,女,52,410104197208165278,城乡居民,许昌市,2020-09-12,在保
P202300014,袁紫薇,女,15,410103200911108618,城镇职工,周口市,2021-02-11,在保
P202300874,谢勇,男,36,410104198805240097,城乡居民,平顶山市,2023-09-11,在保
P202300809,袁勇,男,72,410402195203235258,城乡居民,洛阳市,2023-11-23,在保
P202303199,邓莉,女,43,410102198102126752,城乡居民,开封市,2020-08-26,在保
P202300515,曹明,男,39,410502198511253557,城镇职工,许昌市,2021-01-30,在保
P202304518,卢飞,男,56,410103196810089156,城乡居民,南阳市,,在保
P202300410,张晓红,女,59,410702196502259137,城乡居民,信阳市,2023-09-10,在保
P202304154,林凤英,女,36,410106198809227821,城乡居民,平顶山市,2020-10-05,停保
P202304387,许玲,女,37,410702198709188053,城镇职工,驻马店市,2020-01-07,在保
P202300208,梁玲,女,59,410103196511192378,城乡居民,许昌市,2024-01-20,停保
P202303290,孙慧,女,44,410402198012130293,城镇职工,开封市,2020-01-13,在保
P202300459,胡建国,男,40,410502198411148462,灵活就业,周口市,2020-07-16,在保
P202303542,吴秀兰,女,76,410102194802243702,城乡居民,新乡市,2023-08-22,在保
P202302431,苏雨彤,女,60,410402196409180122,城乡居民,南阳市,2021-10-20,在保
P202304651,董国强,男,45,410402197901170315,城乡居民,新乡市,2022-11-02,在保
P202300111,曾淑珍,女,15,410202200902222397,城乡居民,郑州市,2023-06-22,停保
P202303820,于晓红,女,28,410105199611078278,城乡居民,许昌市,2023-03-23,在保
P202301108,曹文博,男,31,410103199301270179,城镇职工,商丘市,2021-08-18,在保
P202301884,刘芳,女,39,410502198501044859,城乡居民,驻马店市,2022-03-22,在保
P202301714,于国强,男,65,410402195907255742,城镇职工,周口市,2021-03-07,退保
P202304037,于娜,女,59,410302196503277458,灵活就业,周口市,2021-10-17,停保
P202303468,罗杰,男,52,410202197208177909,灵活就业,平顶山市,2022-06-10,在保
P202300553,卢嘉伟,男,71,410104195306035708,城乡居民,许昌市,2020-08-30,在保
P202301440,傅美琳,女,63,410302196109141847,城镇职工,郑州市,2023-11-22,在保
P202302271,郑凤英,女,56,410502196801011734,灵活就业,商丘市,2021-08-23,在保
P202303145,叶霞,女,57,410302196704276068,城镇职工,许昌市,2023-05-05,在保
P202302822,唐建国,男,65,410104195912021163,灵活就业,商丘市,2020-01-27,在保
P202304831,叶波,男,65,410104195910229931,城乡居民,许昌市,2022-03-19,在保
P202301926,蔡玲,女,33,410102199106147988,城镇职工,开封市,2020-01-06,在保
P202300635,苏海涛,男,31,410502199306038617,城镇职工,平顶山市,2024-04-18,在保
P202304855,邓梦瑶,女,71,410302195312273141,城镇职工,安阳市,2022-08-26,停保
P202300317,李娟,女,62,410102196206017776,城乡居民,鹤壁市,2024-02-20,在保
P202304261,吕梦瑶,女,67,410302195709078919,城乡居民,焦作市,2020-03-09,在保
P202304748,袁桂英,女,30,410105199408186628,城镇职工,南阳市,2023-12-09,在保
P202301329,吴国强,男,28,410105199609034483,城镇职工,焦作市,2023-03-18,在保
P202300428,卢文彬,男,62,410105196201229065,灵活就业,南阳市,2020-08-20,在保
P202303443,胡强,男,52,410202197210287638,城镇职工,平顶山市,2022-10-11,在保
P202300106,高梦瑶,女,57,410106196711257382,城镇职工,商丘市,2020-07-17,停保
P202303042,高文博,男,52,410102197208189305,城乡居民,安阳市,2024-02-14,在保
P202300143,陈慧,女,21,410106200305190575,城镇职工,驻马店市,2020-05-31,在保
P202302170,叶秀兰,女,58,410103196602192519,城乡居民,信阳市,2023-01-08,在保
P202303397,罗玲,女,59,410104196502125018,城乡居民,平顶山市,2021-03-31,在保
P202300090,高俊杰,男,59,410402196502218522,灵活就业,信阳市,2024-01-07,在保
P202302919,于淑珍,女,51,410106197304020966,灵活就业,焦作市,2023-07-08,在保
P202303238,何凤英,女,27,410106199706063707,城镇职工,新乡市,2022-07-16,在保
P202302242,胡晨曦,男,60,410302196402120912,城镇职工,郑州市,2023-09-03,停保
P202303175,叶晓红,女,31,410202199303060027,城镇职工,开封市,2020-01-14,在保
P202303481,高玲,女,44,410702198008127568,城镇职工,许昌市,2021-12-29,在保
P202302164,吕紫薇,女,70,410702195412155965,灵活就业,信阳市,2020-12-15,在保
P202302637,陈欣怡,女,53,410202197107152463,城镇职工,信阳市,2024-03-28,在保
P202301950,刘芳,女,49,410302197512020805,城镇职工,洛阳市,2021-11-21,在保
P202301769,傅天宇,男,52,410202197201215018,城镇职工,安阳市,2022-03-02,停保
P202303350,苏思琪,女,47,410202197710126906,城镇职工,平顶山市,2022-05-18,在保
P202302273,彭思琪,女,37,410502198706284664,城乡居民,南阳市,2023-09-26,在保
P202300002,杨涛,男,47,410702197701182038,城镇职工,南阳市,2021-03-27,在保
P202304603,郑磊,男,79,410103194501070918,城乡居民,南阳市,2022-07-16,在保
P202302469,周艳,女,62,410402196211036199,灵活就业,驻马店市,2020-11-01,停保
P202301952,曹军,男,72,410105195203156098,城乡居民,郑州市,2021-12-25,在保
P202300936,卢梦瑶,女,40,410302198404082651,城乡居民,安阳市,2020-06-28,在保
P202304341,马国强,男,66,410105195806154507,城镇职工,安阳市,2020-06-15,在保
P202302721,魏志强,男,85,410106193901028300,城乡居民,许昌市,2024-02-13,在保
P202303544,唐玉兰,女,30,410102199404014509,城镇职工,商丘市,,在保
P202301110,蒋慧,女,84,410402194001273614,城镇职工,许昌市,2021-11-14,停保
P202303660,高霞,女,89,410102193510118534,城镇职工,信阳市,2023-11-04,在保
P202300592,刘静,女,41,410102198302130551,城镇职工,南阳市,2022-03-13,在保
P202301696,谢明,男,84,410502194009068504,城乡居民,焦作市,2024-01-25,退保
P202303519,阎志强,男,73,410202195104182213,城乡居民,许昌市,2022-12-28,在保
P202302937,高霞,女,39,410202198506037855,城乡居民,平顶山市,,在保
P202304248,蒋子轩,男,89,410103193503076243,灵活就业,新乡市,2020-04-23,在保
P202303480,吕斌,男,74,410402195001030250,城乡居民,许昌市,2021-02-25,在保
P202301577,韩淑珍,女,20,410102200406162030,城镇职工,新乡市,2022-06-10,在保
P202304033,胡伟,男,29,,城镇职工,商丘市,2023-12-24,在保
P202300214,林凤英,女,61,410202196305197409,城乡居民,郑州市,2021-06-19,在保
P202300779,于俊杰,男,48,410502197604033087,城乡居民,开封市,2022-08-28,在保
P202301416,蔡文博,男,66,410502195809281828,城镇职工,焦作市,2023-10-26,在保
P202303833,叶子轩,男,68,410105195603170559,城乡居民,商丘市,2023-03-03,在保
P202302044,马慧,女,52,410102197201054308,城镇职工,信阳市,2022-03-21,在保
P202302849,谢敏,女,39,410502198507149249,灵活就业,安阳市,2024-02-07,在保
P202304583,卢欣怡,女,49,410302197503136843,城镇职工,开封市,2022-06-27,在保
P202303576,傅建华,男,55,410502196905109757,城乡居民,驻马店市,2020-07-22,在保
P202303887,李超,男,10,410105201403097141,灵活就业,驻马店市,2021-04-23,在保
P202301568,高斌,男,59,410502196502088921,城镇职工,周口市,2020-04-16,在保
P202300166,贾慧,女,57,410104196702237947,城乡居民,郑州市,2021-08-23,在保
P202304763,王永强,男,62,410402196211247720,灵活就业,平顶山市,2021-11-29,在保
P202303656,赵磊,男,56,410402196801281934,城镇职工,信阳市,2022-01-26,在保
P202304977,袁诗涵,女,74,410402195005157365,城镇职工,开封市,2024-03-01,在保
P202301344,薛桂英,女,71,410105195302265195,城镇职工,信阳市,2021-06-06,在保
P202302014,张伟,男,33,410402199111067462,灵活就业,洛阳市,2021-09-25,在保
P202300274,沈军,男,50,410502197403123333,城乡居民,信阳市,2020-08-21,在保
P202300072,魏莉,女,77,410502194710101023,灵活就业,安阳市,2021-04-10,在保
P202303965,曹凤英,女,39,410402198504284265,城乡,平顶山市,2022-07-23,在保
P202301088,魏玲,女,54,410202197007035695,城镇职工,信阳市,2023-06-08,在保
P202300395,赵文博,男,71,410102195301281412,城乡居民,焦作市,2022-01-02,停保
P202300584,孙萍,女,90,410106193412283220,城镇职工,安阳市,2022-04-27,在保
P202301368,程凤英,女,33,410106199101032578,城镇职工,商丘市,2021-09-30,在保
P202304316,卢敏,女,68,410105195606029786,灵活就业,开封市,2020-05-13,在保
P202304690,李霞,女,41,410302198311066772,城镇职工,商丘市,2023-07-29,停保
P202302549,马思琪,女,68,410105195604259560,城乡居民,平顶山市,2020-11-06,在保
P202301014,赵鹏,男,37,410702198706043691,城镇职工,漯河市,2020-03-29,在保
P202304948,张文博,男,25,410202199908239823,城镇职工,鹤壁市,2021-02-18,停保
P202303004,阎天宇,男,83,410103194101067521,城乡居民,安阳市,2020-04-06,停保
P202304838,程敏,女,36,410102198807024407,城职,商丘市,2021-04-30,在保
P202304595,高婷,女,49,410102197511264313,灵活就业,洛阳市,2023-06-11,在保
P202304526,梁慧,女,70,410702195407142076,城乡居民,,2020-02-29,在保
P202301764,郭晨曦,男,21,410202200306092572,城乡居民,漯河市,2022-12-08,在保
P202301876,孙娜,女,75,410302194907228854,城镇职工,平顶山市,2024-02-25,停保
P202301260,孙鹏,男,48,410104197604282086,城镇职工,洛阳市,2024-01-23,在保
P202303345,薛浩然,男,32,410103199206151828,城镇职工,洛阳市,2023-12-18,在保
P202304576,谢浩然,男,46,410502197812092344,城乡居民,商丘市,2021-12-19,停保
P202302254,蒋雨彤,女,49,410106197511270901,城镇职工,洛阳市,2023-10-05,在保
P202302782,蒋国强,男,38,410103198611211095,城乡居民,郑州市,2022-04-15,在保
P202303666,贾紫薇,女,27,410502199702156629,灵活就业,洛阳市,2023-09-27,在保
P202300527,徐宇航,男,20,410302200409116732,城镇职工,驻马店市,2023-05-13,在保
P202304036,魏永强,男,67,410104195704185557,城镇职工,商丘市,2022-05-07,退保
P202302947,唐嘉伟,男,51,410106197310190641,城乡居民,周口市,2023-11-15,在保
P202300378,郑明,男,53,410106197107269085,城乡居民,焦作市,2021-06-17,在保
P202301560,董艳,女,45,410103197907234547,城镇职工,开封市,2024-02-22,停保
P202303895,邓辉,男,42,410104198209104227,城乡居民,信阳市,2020-05-07,在保
P202301964,陈伟,男,61,410102196310026586,城乡居民,鹤壁市,2023-10-18,在保
P202304782,彭语嫣,女,55,410402196909142379,城镇职工,漯河市,2020-06-10,退保
P202300349,蒋玲,女,37,410103198701135858,城镇职工,鹤壁市,2022-10-02,在保
P202302435,彭杰,男,54,410103197010236291,城镇职工,驻马店市,2024-01-20,在保
P202302247,薛永强,男,33,410402199111064037,城镇职工,郑州市,2022-11-09,在保
P202304862,谢海涛,男,35,410702198912127033,灵活就业,新乡市,2024-05-11,在保
P202301710,谢海涛,男,32,410202199204169586,城镇职工,南阳市,,退保
P202301051,郑晓红,女,38,410302198601188019,城乡居民,新乡市,2020-06-08,在保
P202300591,傅桂英,女,51,410106197310081751,城镇职工,安阳市,2023-06-09,停保
P202300520,邓永强,男,63,410502196103202895,城乡居民,南阳市,2023-08-05,在保
P202303381,吕斌,男,88,410402193605228844,城镇职工,平顶山市,2021-11-27,在保
P202304539,魏雪,女,46,410105197808171775,城镇职工,许昌市,2021-05-08,在保
P202304166,郑娜,女,64,410104196012239549,城乡居民,漯河市,2021-10-23,在保
P202302478,于俊杰,男,76,410102194804234143,城镇职工,平顶山市,2022-11-07,在保
P202301084,赵建华,男,87,410702193711035876,城镇职工,商丘市,2024-03-28,在保
P202303662,赵淑珍,女,36,410104198802096471,城镇职工,许昌市,2020-12-29,在保
P202304828,朱莉,女,64,410302196005182577,城镇职工,信阳市,2021-01-24,在保
P202304555,曾宇航,男,48,410106197610260379,城镇职工,漯河市,2020-06-20,在保
P202301295,朱国强,男,51,410105197311204543,城乡居民,平顶山市,2020-12-28,退保
P202301810,魏勇,男,130,410104195802287037,城镇职工,南阳市,2022-08-13,在保
P202300792,袁军,男,53,410103197104121604,城镇职工,许昌市,2022-06-23,在保
P202300793,魏语嫣,女,54,410202197006271411,城镇职工,鹤壁市,2021-02-17,在保
P202304376,孙娜,女,61,410105196308091145,城镇职工,商丘市,2022-11-06,在保
P202301856,曾佳慧,女,37,410302198703106550,灵活就业,漯河市,2023-05-23,停保
P202304807,叶浩然,男,36,410302198808221776,城乡居民,安阳市,2021-09-11,在保
P202301981,高文博,男,32,410402199208128702,城镇职工,许昌市,2020-07-30,在保
P202303234,董欣怡,女,84,410402194001112929,城镇职工,驻马店市,2021-10-25,在保
P202303986,谢诗涵,女,12,410302201202284316,城镇职工,驻马店市,2023-04-07,停保
P202303454,彭秀英,女,39,410202198504020986,灵活就业,鹤壁市,2021-08-08,在保
P202303329,郭宇航,男,30,410202199407019817,城镇职工,洛阳市,2021-06-08,停保
P202301531,曹玉兰,女,52,410302197201235375,城乡居民,商丘市,2023-01-18,在保
P202301411,蒋雨彤,女,73,410702195102285321,城乡居民,商丘市,2023-09-03,在保
P202304339,程宇航,男,12,410202201203091123,城镇职工,商丘市,2020-02-27,在保
P202304696,,女,46,410202197807091387,城镇职工,许昌市,2020-10-11,在保
P202300084,沈娜,女,40,410104198408176677,城乡居民,漯河市,2021-07-23,在保
P202300869,高敏,女,61,410202196301182055,城镇职工,新乡市,,在保
P202302351,马雨彤,女,69,410302195505059613,城镇职工,许昌市,2020-07-22,在保
P202300021,冯艳,女,76,410302194806144207,城镇职工,鹤壁市,2024-02-02,在保
P202303493,宋建国,男,58,410106196610180931,城乡居民,驻马店市,2023-09-09,在保
P202302796,许国强,男,34,410103199011234903,城乡居民,许昌市,2022-02-18,在保
P202304618,董辉,男,0,410104202412080120,灵活就业,周口市,2023-12-31,在保
P202301563,郑淑珍,女,6,410106201804136147,城镇职工,郑州市,2023-11-06,停保
P202303094,赵梦瑶,女,57,410106196710182096,城镇职工,信阳市,2020-06-11,在保
P202303156,李勇,男,20,410106200402236426,城镇职工,周口市,2021-05-03,在保
P202300974,于志强,男,38,410202198602119353,城镇职工,鹤壁市,2023-01-09,停保
P202301711,邓天宇,男,69,410104195507258660,城镇职工,郑州市,2021-01-30,停保
P202303202,郭淑珍,女,57,410103196712087489,灵活就业,周口市,2024-03-26,在保
P202304060,冯建国,男,45,410105197902266252,城镇职工,开封市,2024-01-22,在保
P202304869,邓慧,女,52,410104197210283431,城镇职工,南阳市,2023-10-08,在保
P202301099,吴浩,男,66,410103195804019157,灵活就业,开封市,2021-06-30,在保
P202304204,罗天宇,男,32,410402199210032620,城乡居民,信阳市,2022-09-04,在保
P202302845,于莉,女,53,410302197110067932,城乡居民,周口市,2021-12-11,在保
P202300887,谢磊,男,60,410502196406144612,城乡居民,安阳市,2021-02-28,在保
P202304982,刘欣怡,女,65,410302195905160363,城镇职工,新乡市,2022-05-18,在保
P202303752,李凤英,女,55,410302196903126841,城乡居民,许昌市,2022-09-03,在保
P202304626,蔡佳慧,女,72,410202195202207783,城乡,周口市,2021-06-06,停保
P202304490,苏国强,男,50,410103197406064632,城乡居民,许昌市,2022-01-14,在保
P202304446,罗娟,女,36,410302198810287332,城镇职工,平顶山市,2024-05-16,在保
P202300516,郑欣怡,女,63,410102196108234488,城镇职工,安阳市,2023-01-16,在保
P202304668,丁天宇,男,79,410103194502069876,灵活就业,焦作市,2023-06-21,在保
P202300738,薛永强,男,67,410102195712266873,城乡居民,安阳市,2023-02-05,在保
P202301454,薛国强,男,95,410302192904163896,城镇职工,郑州市,2023-11-24,在保
P202304050,叶嘉伟,男,57,410103196706244437,城镇职工,漯河市,2021-05-26,在保
P202304749,周宇航,男,200,410302199001234253,城乡居民,周口市,2023-08-24,在保
P202302507,王丽,女,95,410106192905056660,城乡居民,平顶山市,2021-04-22,退保
P202302995,萧玲,女,32,410702199202130375,城镇职工,许昌市,2023-11-03,在保
P202302127,陈婷,女,28,410702199609283091,城镇职工,南阳市,2022-08-04,在保
P202302927,薛斌,男,47,410102197710117463,城乡居民,开封市,2023-09-08,在保
P202304795,郭佳慧,女,47,410106197710213444,城镇职工,洛阳市,2020-09-27,在保
P202300907,于子轩,男,25,410104199912072506,城乡居民,开封市,2023-05-25,在保
P202303721,魏桂英,女,67,410202195705109590,城乡居民,信阳市,2024-04-03,停保
P202301031,李娟,女,45,410502197902032169,城职,郑州市,2024-03-29,停保
P202302508,邓萍,女,72,410104195206172879,灵活就业,鹤壁市,2020-02-05,在保
P202302429,叶明,男,70,410502195403060838,城乡居民,郑州市,2023-10-26,在保
P202300948,孙娜,女,37,410502198711116076,城镇职工,开封市,2023-07-08,在保
P202303880,程丽,女,46,410103197803203569,城镇职工,郑州市,2021-05-16,在保
P202300763,唐超,男,95,410103192906050291,城乡居民,信阳市,2023-12-20,在保
P202300716,周玲,女,69,410402195502196917,城乡居民,商丘市,2023-02-08,在保
P202300285,徐萍,女,88,410105193604260609,城镇职工,焦作市,2022-12-26,在保
P202300687,冯丽,女,45,410702197903071906,城乡居民,安阳市,2023-02-08,在保
P202300704,孙俊杰,男,24,410302200007075263,城镇职工,南阳市,2020-08-19,在保
P202303342,何凤英,女,45,410106197907149204,城镇职工,驻马店市,2022-06-01,在保
P202302354,吕强,男,25,410302199902163355,城乡居民,洛阳市,2022-11-13,在保
P202302258,孙磊,男,42,410202198205076724,城镇职工,洛阳市,2024-01-27,在保
P202303622,阎波,男,56,410502196804087341,城乡居民,信阳市,2023-04-20,在保
P202300474,袁敏,女,74,410502195005119691,城乡居民,平顶山市,2022-11-17,退保
P202300022,刘波,男,45,410103197904071948,城乡居民,信阳市,2020-10-14,在保
P202302753,卢玲,女,41,410202198304093381,城镇职工,安阳市,2022-02-18,在保
P202300886,郭晨曦,男,83,410106194111037143,城乡居民,漯河市,2022-10-07,在保
P202302449,何佳慧,女,35,410702198903023264,城镇职工,许昌市,2023-02-14,退保
P202300918,于辉,男,53,410502197109229076,城乡居民,周口市,2021-09-22,在保
P202303831,梁桂英,女,46,410702197809272901,灵活就业,商丘市,2021-07-14,停保
P202303825,杨俊杰,男,37,410104198711278697,灵活就业,鹤壁市,,在保
P202302240,黄美琳,女,62,410402196210062240,城镇职工,安阳市,2022-05-23,在保
P202303919,孙美琳,女,67,410202195708022904,城镇职工,安阳市,2022-01-15,在保
P202303396,冯莉,女,25,410502199901216426,城乡居民,安阳市,2022-01-26,在保
P202301266,于勇,男,24,410302200011274920,城镇职工,安阳市,2022-05-13,在保
P202300484,蔡涛,男,53,410103197106126274,城镇职工,开封市,2023-01-28,在保
P202304382,丁欣怡,女,53,410104197104058422,灵活就业,开封市,2021-04-12,停保
P202302964,曹欣怡,女,30,410402199406171006,城乡居民,南阳市,2020-03-31,在保
P202301220,袁雪,女,88,410103193602147161,灵活就业,南阳市,2020-09-17,在保
P202300278,苏雪,女,39,410104198509065014,城乡居民,开封市,2021-01-18,在保
P202300989,黄霞,女,46,410202197812142525,城镇职工,漯河市,2020-04-07,在保
P202302085,彭勇,男,40,410702198410202575,城镇职工,开封市,2023-05-10,在保
P202301246,阎杰,男,27,410105199711124711,城乡居民,漯河市,2024-01-23,停保
P202302383,蒋佳慧,女,56,410102196812058011,城镇职工,信阳市,2024-01-24,在保
P202300572,吕思琪,女,80,410702194410265752,城乡居民,信阳市,2024-03-14,在保
P202301436,唐勇,男,55,410202196904134316,城乡居民,信阳市,2024-02-11,在保
P202300994,陈建华,男,37,410106198712167793,城乡居民,驻马店市,2024-01-16,在保
P202303521,贾嘉伟,男,59,,城镇职工,郑州市,2021-07-16,在保
P202303516,郭文博,男,58,410106196606210362,城镇职工,安阳市,2020-02-18,在保
P202300586,杨浩,男,54,410402197009051945,城乡居民,漯河市,2022-09-17,在保
P202303732,李玲,女,35,410103198902221960,灵活就业,洛阳市,2022-11-13,在保
P202302515,谢磊,男,47,410502197702155538,灵活就业,开封市,2021-08-26,在保
P202301350,谢晨曦,男,45,410104197901162084,灵活就业,南阳市,2023-07-04,在保
P202301008,赵欣怡,女,61,410102196310043866,城乡居民,郑州市,2020-08-13,在保
P202300675,吴超,男,24,410104200010067288,城镇职工,安阳市,2021-01-08,退保
P202302413,刘建国,男,29,410202199504015837,城镇职工,南阳市,2022-05-26,在保
P202302904,胡明,男,55,410202196906078690,城镇职工,洛阳市,2021-10-18,在保
P202300448,薛子轩,男,33,410202199101087797,城乡居民,新乡市,2020-05-08,在保
P202303543,彭文彬,男,65,410302195907072240,城乡居民,周口市,2020-12-04,停保
P202303832,吴晨曦,男,40,410106198404259705,城镇职工,郑州市,2022-09-26,在保
P202303922,苏建华,男,54,410106197003286404,城乡居民,南阳市,2021-05-01,在保
P202300360,冯霞,女,35,410402198910204840,城镇职工,开封市,2021-07-18,在保
P202302065,罗明,男,54,410702197007177596,城乡居民,平顶山市,2023-01-11,在保
P202304495,蒋娜,女,65,410302195911067340,城乡居民,许昌市,2023-08-31,在保
P202303884,黄浩,男,33,410102199112235657,灵活就业,郑州市,2020-09-30,在保
P202301691,冯玲,女,60,410105196407257342,城镇职工,焦作市,2024-01-19,在保
P202304371,叶军,男,18,410103200608193409,城镇职工,开封市,2023-02-09,在保
P202301549,萧国强,男,63,410103196112248974,城乡居民,商丘市,2021-05-20,在保
P202301248,孙霞,女,36,410202198807088553,城镇职工,安阳市,2021-02-12,在保
P202301986,黄宇航,男,59,410105196512188404,城镇职工,洛阳市,2023-06-23,在保
P202300295,卢秀英,女,150,410102196804160792,城乡居民,周口市,2021-04-08,在保
P202301548,阎文彬,男,55,410104196912101945,灵活就业,许昌市,2023-01-16,在保
P202302013,吴诗涵,女,36,410502198802019495,城镇职工,焦作市,2023-08-22,在保
P202300589,李莉,女,64,410105196006071974,城乡居民,安阳市,2022-12-26,在保
P202303330,阎淑珍,女,65,410402195908127692,城镇职工,焦作市,2023-12-19,停保
P202302404,王波,男,45,410103197908195976,城镇职工,开封市,2021-01-22,停保
P202302130,徐敏,女,62,410102196203131427,城乡居民,郑州市,2022-03-23,在保
P202304433,苏俊杰,男,54,410702197009114695,城乡居民,开封市,2022-01-28,在保
P202303509,赵思琪,女,59,410202196506224549,城乡居民,,2020-11-17,在保
P202302411,朱建国,男,64,,城乡居民,信阳市,2020-09-28,在保
P202302720,于玉兰,女,52,410502197203104028,城镇职工,焦作市,2021-06-24,停保
P202304600,曾天宇,男,73,410106195106225886,城乡居民,开封市,2023-07-20,在保
P202300426,袁杰,男,74,410502195007033573,城镇职工,漯河市,2021-03-12,在保
P202302583,吕嘉伟,男,49,410106197502094845,城镇职工,新乡市,2021-05-25,在保
P202301055,胡永强,男,40,410102198406273720,城乡居民,安阳市,2021-09-20,在保
P202304045,蔡俊杰,男,66,410302195801134487,城镇职工,驻马店市,2022-09-14,在保
P202304608,程玲,女,58,410102196606014438,城镇职工,焦作市,2023-06-12,在保
P202300557,韩志强,男,41,,城乡居民,平顶山市,2020-01-31,停保
P202304403,吕超,男,34,410702199001282395,城乡居民,许昌市,2023-12-08,在保
P202304016,宋梦瑶,女,39,410102198512198711,城镇职工,许昌市,2022-01-22,在保
P202304761,张丽,女,27,410202199710101855,城乡居民,漯河市,2020-03-28,在保
P202302470,蔡志强,男,46,410202197802118624,城镇职工,许昌市,2021-12-01,在保
P202304759,袁子轩,男,38,410202198602015366,城镇职工,平顶山市,2020-07-27,在保
P202300356,黄浩然,男,31,410104199304261972,城镇职工,郑州市,2022-05-17,在保
P202301194,魏凤英,女,55,410402196905047331,城乡居民,信阳市,2022-06-04,在保
P202301717,吕欣怡,女,55,410103196911124620,城镇职工,周口市,2020-04-07,在保
P202303417,何晓红,女,65,410105195912085527,城乡居民,平顶山市,2023-01-29,停保
P202302605,马勇,男,38,410105198605179165,城镇职工,安阳市,2023-02-07,在保
P202304578,贾芳,女,82,410102194207286673,城乡居民,洛阳市,2024-02-11,在保
P202302829,苏子轩,男,67,410106195708284312,城乡居民,漯河市,2020-08-05,在保
P202301705,彭敏,女,57,410302196701206963,灵活就业,南阳市,2022-01-23,在保
P202302864,黄玲,女,62,410104196206028823,灵活就业,驻马店市,2021-10-24,停保
P202302619,吴淑珍,女,58,410202196607120264,城镇职工,南阳市,2020-01-17,在保
P202302401,胡勇,男,37,410102198707138267,城镇职工,周口市,2024-05-07,在保
P202302140,谢丽,女,23,410102200107058062,城镇职工,洛阳市,2021-10-24,停保
P202303240,冯桂英,女,66,410402195801140882,城乡居民,漯河市,2023-06-13,在保
P202302384,程婷,女,49,410102197507213854,灵活就业,商丘市,2021-03-30,在保
P202303219,贾凤英,女,36,410102198803020416,灵活就业,洛阳市,2022-08-21,在保
P202303818,陈霞,女,47,410702197708093547,城职,许昌市,2022-12-07,在保
P202301286,沈秀兰,女,26,410102199805187617,城镇职工,新乡市,2022-02-07,停保
P202303870,冯淑珍,女,67,410202195702106136,城镇职工,洛阳市,2023-01-24,在保
P202303915,周雨彤,女,23,410103200109245666,城镇职工,商丘市,2022-07-18,在保
P202304514,宋斌,男,33,410105199104267902,城乡居民,信阳市,2022-04-13,在保
P202302088,曾美琳,女,47,410105197704247530,城乡居民,许昌市,2023-01-10,在保
P202301890,刘娜,女,49,410302197505106685,城乡居民,安阳市,2023-08-28,在保
P202303577,阎凤英,女,35,410105198912099012,城镇职工,许昌市,2020-01-17,在保
P202301592,刘莉,女,0,410106202402271518,城镇职工,新乡市,2021-03-24,停保
P202301347,魏梦瑶,女,4,410102202003282542,灵活就业,周口市,2020-01-19,在保
P202304476,宋语嫣,女,59,410103196512171637,城镇职工,平顶山市,2022-10-18,在保
P202302163,蒋婷,女,58,410106196603213016,城镇职工,安阳市,2024-02-16,停保
P202302397,林文彬,男,33,410402199101059404,城镇职工,新乡市,2022-02-07,在保
P202303717,阎建华,男,95,410105192911137372,城乡居民,郑州市,2022-01-10,停保
P202302272,朱晨曦,男,41,410104198303271246,城镇职工,周口市,2020-03-18,在保
P202304536,许娟,女,38,410302198606183867,城镇职工,漯河市,2024-02-16,在保
P202303112,冯磊,男,44,410402198007203308,城镇职工,平顶山市,2021-07-31,在保
P202301138,陈娜,女,27,410104199704046811,城镇职工,信阳市,2023-10-23,在保
P202303973,刘秀兰,女,56,410402196803121710,城乡居民,开封市,2021-04-13,在保
P202300973,徐思琪,女,65,,灵活就业,鹤壁市,2020-09-30,在保
P202300796,萧语嫣,女,68,410202195601151490,城乡居民,许昌市,2022-11-25,停保
P202303021,董美琳,女,71,410702195306150413,城乡居民,周口市,2023-03-03,停保
P202301712,邓晨曦,男,47,410302197707200900,城镇职工,南阳市,2020-11-11,在保
P202303388,程浩然,男,51,410702197301027375,城乡居民,鹤壁市,2021-03-05,在保
P202300037,吕欣怡,女,53,410105197103268302,城镇职工,漯河市,2022-04-24,在保
P202300454,魏敏,女,59,410402196508076042,城乡居民,商丘市,2022-04-21,在保
P202300914,胡浩然,男,78,410106194612125217,城镇职工,商丘市,2023-11-11,在保
P202304131,董军,男,45,410402197910237527,灵活就业,洛阳市,2022-06-18,在保
P202301200,张斌,男,74,410702195007215973,城乡居民,商丘市,2021-12-15,在保
P202301275,许军,男,71,410104195311164414,城镇职工,焦作市,2022-07-27,在保
P202302376,刘浩然,男,76,410104194810229170,城镇职工,信阳市,2021-01-27,停保
P202300038,冯佳慧,女,14,410105201005068061,城乡居民,南阳市,2020-03-20,停保
P202300975,马鹏,男,41,410106198304017559,城乡居民,南阳市,2021-03-21,停保
P202303196,张飞,男,16,410202200810144535,城乡居民,信阳市,2022-10-12,在保
P202300984,程玲,女,49,410103197507086322,城镇职工,许昌市,2022-11-13,在保
P202304416,陈梦瑶,女,60,410106196408264956,城镇职工,漯河市,2021-01-21,在保
P202304353,郭浩然,男,45,410106197911238621,城乡居民,鹤壁市,2020-09-07,在保
P202301419,高玉兰,女,77,410302194701051459,灵活就业,新乡市,2023-06-27,在保
P202303333,阎艳,女,78,410302194608010135,城镇职工,周口市,2023-05-29,在保
P202301561,李雪,女,49,410105197511164478,城乡居民,焦作市,2021-10-21,在保
P202300040,宋霞,女,53,410106197106215216,灵活就业,商丘市,2023-01-03,在保
P202301487,谢静,女,24,410302200009016436,城镇职工,商丘市,2021-10-25,在保
P202303960,邓杰,男,53,410202197110271933,城乡居民,许昌市,2022-11-05,在保
P202300170,魏斌,男,36,410702198803183005,城镇职工,洛阳市,2020-06-12,在保
P202301356,薛军,男,3,410106202110042553,城乡,安阳市,2021-01-13,在保
P202302786,董艳,女,43,410302198108047910,城乡居民,焦作市,2020-10-07,在保
P202303706,朱永强,男,55,410102196905076594,城镇职工,商丘市,2022-10-11,在保
P202304798,梁芳,女,14,410202201007174369,城镇职工,南阳市,2023-05-11,在保
P202304084,郑霞,女,15,410103200903199418,城乡居民,许昌市,2020-12-05,在保
P202302683,阎语嫣,女,44,410105198004148697,城乡居民,商丘市,2023-03-26,在保
P202304753,邓玉兰,女,45,410702197905115173,城乡居民,南阳市,2020-05-30,在保
P202304104,宋明,男,65,410106195903208498,城乡居民,新乡市,2024-03-28,在保
P202301641,朱萍,女,50,410105197409103522,城乡居民,南阳市,2023-04-24,在保
P202301291,蔡嘉伟,男,56,410702196811149976,城镇职工,南阳市,2021-01-21,在保
P202301381,李欣怡,女,62,410106196206276995,城乡居民,焦作市,2021-05-24,在保
P202301934,薛超,男,48,410402197601275832,城镇职工,新乡市,2020-03-30,在保
P202300580,黄永强,男,70,410302195412196300,城镇职工,鹤壁市,2020-12-25,在保
P202304264,董国强,男,44,410502198003042959,灵活就业,开封市,2021-09-27,在保
P202303161,何玲,女,39,410106198504269436,城乡居民,平顶山市,2023-12-11,在保
P202302031,蒋磊,男,64,410302196003136760,城镇职工,驻马店市,2021-08-10,在保
P202300893,韩天宇,男,69,410102195510010496,城镇职工,平顶山市,2021-02-17,停保
P202304910,阎秀兰,女,35,410202198908234962,城镇职工,鹤壁市,2021-08-11,在保
P202300781,刘桂英,女,53,410302197107285079,城镇职工,周口市,2024-02-06,在保
P202300160,董萍,女,61,410103196301092202,城镇职工,驻马店市,2024-01-29,在保
P202300003,王紫薇,女,61,410302196306091593,城乡居民,平顶山市,2021-11-20,在保
P202302264,蔡雨彤,女,30,410102199412172641,城乡居民,周口市,2023-08-20,在保
P202303217,马文彬,男,20,410106200410230543,城乡居民,开封市,2020-09-19,在保
P202302110,胡雪,女,60,410103196401116460,城镇职工,焦作市,2021-01-02,在保
P202300850,刘勇,男,40,410302198409217725,城镇职工,安阳市,2023-04-10,停保
P202302738,梁丽,女,56,410702196811235509,城镇职工,郑州市,,在保
P202302467,高子轩,男,36,410202198811050472,城乡居民,新乡市,2023-11-05,在保
P202304714,赵莉,女,56,410702196806163004,城乡居民,焦作市,2023-12-18,在保
P202304835,孙磊,男,15,410702200901028597,城镇职工,安阳市,2020-05-22,在保
P202301597,曾淑珍,女,61,410103196302038150,灵活就业,开封市,2023-01-11,在保
P202301777,彭子轩,男,38,410402198601093692,城乡居民,新乡市,2022-11-19,在保
P202301914,卢波,男,59,410106196502230923,灵活就业,安阳市,2020-01-04,在保
P202301044,沈波,男,49,410105197507284731,灵活就业,焦作市,2022-08-12,在保
P202304762,谢凤英,女,62,410202196208105336,城镇职工,新乡市,2023-07-23,在保
P202301545,程飞,男,39,410402198506185299,城镇职工,商丘市,2020-05-08,在保
P202302737,于秀兰,女,43,410502198101197163,城镇职工,信阳市,2023-08-11,在保
P202303780,董杰,男,48,410202197602189331,城乡居民,安阳市,2024-04-20,在保
P202304665,阎磊,男,62,410103196211170564,城乡居民,新乡市,2022-11-15,停保
P202300054,陈斌,男,61,410502196308140633,城镇职工,鹤壁市,2022-05-10,在保
P202301797,贾娟,女,44,410502198004115694,城乡居民,安阳市,2022-05-05,在保
P202303589,曾淑珍,女,72,410202195211254606,城乡居民,商丘市,2023-09-26,停保
P202301912,萧俊杰,男,90,410104193401128364,城乡居民,焦作市,2024-02-29,在保
P202302307,何嘉伟,男,60,410702196404281157,城镇职工,开封市,2023-02-27,在保
P202302554,曹玉兰,女,57,410102196702168847,城乡居民,周口市,2020-05-27,在保
P202302801,谢秀兰,女,53,410104197110133525,城乡居民,南阳市,2020-08-23,在保
P202300937,薛莉,女,31,410103199310121305,灵活就业,南阳市,2023-03-27,在保
P202304170,罗晨曦,男,37,410502198704122774,灵活就业,鹤壁市,2020-10-15,在保
P202300825,罗国强,男,41,410103198311172082,城镇职工,焦作市,2023-01-11,退保
P202304783,黄雪,女,19,410202200510027639,城乡居民,安阳市,2023-06-03,在保
P202303179,贾雪,女,67,410104195703148982,城乡居民,新乡市,2023-11-14,在保
P202303402,郑佳慧,女,60,410103196411227440,城镇职工,开封市,2021-11-10,在保
P202301390,李慧,女,36,410105198804084503,城镇职工,开封市,2020-01-26,在保
P202303565,吴思琪,女,67,410202195704260644,城乡居民,鹤壁市,2022-01-23,停保
P202304927,贾婷,女,41,410105198312174271,城乡居民,南阳市,2023-07-18,在保
P202300885,萧淑珍,女,62,410104196212190976,灵活就业,许昌市,2020-03-30,在保
P202303879,曾建华,男,22,410104200208021873,城镇职工,洛阳市,2023-01-29,在保
P202303647,魏慧,女,54,410702197002153073,城乡居民,洛阳市,2020-09-14,在保
P202301608,韩丽,女,79,410402194511138025,城乡居民,信阳市,2020-09-29,在保
P202301595,吴秀兰,女,7,410102201706121214,城乡居民,新乡市,2022-09-23,停保
P202300772,傅磊,男,39,410502198502174356,灵活就业,洛阳市,2022-08-09,在保
P202302612,蒋波,男,29,410702199505062552,城镇职工,洛阳市,2021-12-14,在保
P202303930,苏秀兰,女,53,410302197112246046,城镇职工,洛阳市,2024-01-25,在保
P202302274,董思琪,女,50,410103197407207061,城乡居民,新乡市,2023-03-29,在保
P202301869,高俊杰,男,30,410104199407213854,城镇职工,驻马店市,2022-05-14,在保
P202301086,曾淑珍,女,57,410102196705016599,城镇职工,郑州市,2022-08-03,在保
P202300011,周建国,男,41,410102198302056422,城乡居民,平顶山市,2023-10-25,在保
P202303685,袁国强,男,60,410302196411079932,城镇职工,平顶山市,2022-07-29,在保
P202301326,朱文彬,男,14,410106201002032482,城乡居民,焦作市,2024-01-20,在保
P202303391,叶莉,女,21,410102200304262347,城镇职工,鹤壁市,2024-04-19,在保
P202301464,彭秀兰,女,34,410106199004142565,城乡居民,许昌市,2021-05-08,在保
P202300807,于晨曦,男,53,410105197108033788,城镇职工,南阳市,2023-04-19,在保
P202303809,韩淑珍,女,61,410402196307025755,灵活就业,开封市,2020-01-18,在保
P202304064,杨辉,男,55,410102196904124113,城乡居民,郑州市,2021-02-19,停保
P202303845,何艳,女,78,410105194607092974,城镇职工,新乡市,2020-11-24,在保
P202302109,于斌,男,44,410104198012010630,城镇职工,焦作市,2021-02-06,在保
P202304280,郭梦瑶,女,56,410702196811277276,城乡居民,南阳市,2023-12-09,在保
P202300590,蒋敏,女,34,410104199005040159,城镇职工,驻马店市,2022-11-18,在保
P202302235,丁浩然,男,28,410103199612171552,城乡居民,商丘市,2021-03-31,在保
P202303212,曹俊杰,男,28,410105199601156671,灵活就业,平顶山市,2023-11-07,在保
P202300964,韩明,男,62,410103196202065394,城镇职工,周口市,2022-09-29,在保
P202303416,苏雪,女,47,410106197706255023,城镇职工,许昌市,2021-07-10,在保
P202303827,徐敏,女,28,410103199606210779,灵活就业,郑州市,2023-07-22,在保
P202300399,程嘉伟,男,47,410302197708020644,城乡居民,商丘市,2021-10-05,在保
P202302633,蒋勇,男,53,410702197112234554,城镇职工,漯河市,2021-05-05,在保
P202304901,郭飞,男,42,410502198202260728,灵活就业,周口市,2020-09-04,在保
P202302997,宋俊杰,男,54,410103197012204610,城乡居民,洛阳市,2023-02-05,在保
P202300705,黄凤英,女,21,410104200308253694,城镇职工,驻马店市,2024-01-18,在保
P202300432,李浩,男,13,410102201102030552,城乡居民,平顶山市,2021-05-30,在保
P202300293,胡雨彤,女,39,410106198503289554,灵活就业,洛阳市,2023-09-02,在保
P202304917,邓丽,女,69,410106195509161143,城乡居民,郑州市,2020-04-15,在保
P202300146,刘浩,男,64,410202196012035162,城镇职工,郑州市,2021-05-22,在保
P202304379,曹涛,,55,410202196908052278,城乡居民,许昌市,2023-07-07,在保
P202302034,陈秀英,女,59,410202196506142780,城乡居民,周口市,2023-10-05,在保
P202304672,周语嫣,女,20,410302200402189099,城乡居民,洛阳市,2020-01-20,在保
P202301166,周嘉伟,男,93,410106193102087898,城镇职工,安阳市,2021-11-22,在保
P202303501,孙秀兰,女,71,410104195304076229,城乡居民,郑州市,2023-10-23,在保
P202302051,吕淑珍,女,64,410106196007224453,城镇职工,安阳市,2021-11-07,在保
P202302625,彭莉,女,57,410102196701090940,城乡居民,许昌市,2024-03-18,在保
P202304423,韩桂英,女,72,410502195205132409,灵活就业,开封市,2023-08-12,在保
P202300340,苏慧,女,39,410104198512187109,城乡居民,平顶山市,2021-12-31,在保
P202303956,马勇,男,38,410202198608112268,城镇职工,焦作市,2020-05-21,在保
P202303746,周玉兰,女,46,410402197808164944,城镇职工,安阳市,2024-05-13,停保
P202302974,丁婷,女,85,410102193908024652,城乡居民,开封市,2022-12-29,在保
P202300266,蒋永强,男,27,410702199701196606,城镇职工,平顶山市,2021-11-10,退保
P202302425,杨霞,女,22,410105200205026191,城镇职工,驻马店市,2021-12-26,在保
P202301263,蔡欣怡,女,59,410702196507180735,灵活就业,信阳市,2023-10-03,在保
P202301772,邓俊杰,男,80,410702194404098120,城乡居民,洛阳市,2022-01-15,在保
P202303512,叶秀英,女,34,410502199006226197,城镇职工,新乡市,2021-12-11,在保
P202300272,萧娟,女,24,410104200003216736,城乡居民,南阳市,2020-02-29,在保
P202300697,彭婷,女,55,410202196903233110,城乡居民,许昌市,2020-08-30,在保
P202300748,徐莉,女,36,410502198807259427,城镇职工,鹤壁市,2023-10-11,在保
P202300245,郑霞,女,28,410103199606134709,城乡居民,新乡市,2023-11-28,在保
P202300318,朱建国,男,44,410302198008029952,灵活就业,许昌市,2021-07-27,在保
P202300477,邓雪,女,60,410106196404100956,城镇职工,商丘市,2024-03-13,在保
P202302033,何莉,女,58,410104196611220685,城镇职工,洛阳市,2022-05-26,退保
P202300958,贾军,男,58,410102196604021922,城乡居民,安阳市,2021-03-16,退保
P202303022,吴淑珍,女,41,410402198310069007,城镇职工,洛阳市,2023-10-04,在保
P202300814,叶勇,男,53,410402197108224592,城乡居民,鹤壁市,2024-01-30,在保
P202304214,朱芳,女,16,410302200804131481,城镇职工,平顶山市,2020-04-20,在保
P202301915,赵淑珍,女,17,410702200705256337,城乡,郑州市,2022-12-06,在保
P202304649,薛芳,女,20,410105200405250974,灵活就业,漯河市,2022-06-27,在保
P202303488,韩雨彤,女,61,410502196303048862,城镇职工,平顶山市,2023-11-08,在保
P202301298,董志强,男,44,410102198005264070,城乡居民,焦作市,2022-03-29,在保
P202304625,李辉,男,56,410702196801104424,灵活就业,安阳市,2023-05-10,在保
P202301805,叶宇航,男,17,410102200704012844,灵活就业,新乡市,2022-03-05,在保
P202300759,徐雨彤,女,34,410103199008024525,城乡居民,许昌市,2023-02-22,在保
P202300251,刘敏,女,27,410103199706207879,城镇职工,周口市,2022-03-23,退保
P202302462,林子轩,男,63,410402196112035554,城乡居民,新乡市,2020-01-13,在保
P202300546,萧海涛,男,35,410103198907222775,灵活就业,鹤壁市,2020-08-08,在保
P202303242,唐永强,男,95,410302192905044480,城乡居民,郑州市,2021-11-30,在保
P202300739,蔡敏,女,79,410105194508130086,城乡居民,漯河市,2021-06-07,在保
P202300311,谢杰,男,46,410103197810227401,城镇职工,新乡市,2024-02-26,在保
P202303854,梁慧,女,30,410103199409121107,城镇职工,南阳市,2023-03-11,在保
P202302942,沈海涛,男,41,410106198307217100,城乡居民,洛阳市,2023-07-21,停保
P202301132,谢思琪,女,57,410302196712261097,城镇职工,南阳市,2022-05-20,在保
P202301450,蒋涛,男,50,410202197405238111,灵活就业,焦作市,2023-05-19,退保
P202304970,曾勇,男,76,410202194807156910,城镇职工,驻马店市,2023-09-24,在保
P202300016,林娜,女,39,410702198502037497,城镇职工,鹤壁市,2020-05-21,退保
P202303233,杨丽,女,30,410302199401280568,城镇职工,开封市,2020-10-24,在保
P202302770,贾浩,男,46,410302197803161908,城乡居民,鹤壁市,2020-08-08,在保
P202303469,谢婷,女,41,410106198306281306,城乡居民,新乡市,2024-04-20,在保
P202300921,徐丽,女,69,410104195504161868,城镇职工,洛阳市,2022-07-11,在保
P202303030,何杰,男,50,410106197403178210,城镇职工,焦作市,2021-05-22,退保
P202301373,郭娜,女,25,410106199902214776,城镇职工,周口市,2020-12-10,停保
P202303588,丁美琳,女,33,410202199108172500,灵活就业,漯河市,2021-06-27,在保
P202302545,许玲,女,93,,城乡居民,洛阳市,2022-05-19,在保
P202303599,彭磊,男,56,410202196808276704,城乡居民,周口市,,在保
P202300039,胡俊杰,男,26,410202199805278143,灵活就业,新乡市,2020-02-18,在保
P202300364,薛慧,女,57,410202196701178102,城乡居民,洛阳市,2021-09-29,在保
P202304701,罗晓红,女,32,410202199205220321,城镇职工,南阳市,2021-05-21,退保
P202300183,何涛,男,30,410502199405056404,城乡居民,周口市,2022-12-28,在保
P202303034,曾浩然,男,32,410104199209264839,城乡居民,驻马店市,2024-05-09,在保
P202302984,韩晓红,女,55,410105196903127025,城镇职工,安阳市,2021-08-09,停保
P202301195,周辉,男,21,410103200306260803,城乡居民,许昌市,2020-06-01,在保
P202302853,马桂英,女,30,410702199402278827,城镇职工,南阳市,2021-11-03,在保
P202303840,高梦瑶,女,44,410102198007064839,城镇职工,鹤壁市,2024-02-26,在保
P202301122,贾桂英,女,71,410202195308124377,城乡居民,南阳市,2022-04-20,在保
P202302236,王静,女,63,410302196103025435,灵活就业,驻马店市,2020-05-23,在保
P202302668,朱晓红,女,27,410102199702047974,城乡居民,商丘市,2020-03-03,在保
P202303162,袁敏,女,58,410103196602108013,灵活就业,新乡市,2020-04-04,在保
P202303224,谢桂英,女,62,410202196210110522,城乡居民,南阳市,2021-03-10,在保
P202301183,孙晨曦,男,66,410104195802142698,城乡居民,许昌市,2022-08-20,在保
P202304227,罗慧,女,83,410302194109223177,灵活就业,安阳市,2022-04-24,在保
P202304338,冯紫薇,女,59,410105196511121616,城镇职工,新乡市,2022-01-17,在保
P202300615,刘梦瑶,女,94,410104193010026724,城乡居民,平顶山市,,在保
P202304959,何永强,男,49,410102197511198567,城镇职工,周口市,,在保
P202301467,贾思琪,女,80,410103194410097445,城乡居民,信阳市,2022-01-03,在保
P202300402,,男,39,410402198503037697,城乡居民,焦作市,2021-05-08,在保
P202303043,胡伟,男,39,410202198509161453,城乡居民,许昌市,2023-02-11,在保
P202300935,杨佳慧,女,57,410105196710259469,城乡居民,洛阳市,2023-08-11,在保
P202302420,张勇,男,26,410702199812275979,城乡居民,许昌市,2020-05-25,在保
P202304180,叶强,男,43,410103198102228930,城乡居民,安阳市,2020-01-04,在保
P202304560,谢诗涵,女,61,410302196310040467,城乡居民,郑州市,2023-07-08,在保
P202302642,孙艳,女,46,410102197801090817,城镇职工,许昌市,2020-09-15,在保
P202304097,唐婷,女,60,410502196412099378,城乡居民,南阳市,2021-11-05,在保
P202300727,李海涛,男,50,410104197410162187,城乡居民,安阳市,2023-07-30,在保
P202300827,王强,男,78,410402194605202566,灵活就业,焦作市,2023-07-18,在保
P202301522,张慧,女,60,410102196405234846,城镇职工,平顶山市,2023-01-08,在保
P202304794,唐淑珍,女,54,410106197010164630,城镇职工,平顶山市,2021-10-02,在保
P202302931,朱娜,女,65,410502195909114378,城镇职工,许昌市,2021-09-02,在保
P202300137,于伟,男,35,410103198906194399,城乡居民,南阳市,2023-12-24,在保
P202303591,苏欣怡,女,69,410302195505212619,城乡居民,安阳市,2021-03-15,退保
P202300629,何丽,女,51,410106197301133975,城乡居民,郑州市,2021-06-12,退保
P202300335,郑晓红,女,67,410104195703086065,城乡居民,平顶山市,,在保
P202300391,阎辉,男,33,410105199106234194,城乡居民,开封市,2020-03-21,在保
P202304432,周超,男,9,410102201512033685,灵活就业,安阳市,2021-06-08,在保
P202304926,蔡斌,男,40,410106198408096183,城乡居民,商丘市,2021-09-18,在保
P202303907,赵志强,男,73,410104195102154324,城镇职工,焦作市,2020-06-02,停保
P202301818,周紫薇,女,37,410402198701250993,城乡居民,信阳市,2020-08-30,在保
P202300401,郑思琪,女,21,410302200303278468,城乡居民,漯河市,2023-06-09,在保
P202300711,曹婷,女,53,410402197102042567,城镇职工,信阳市,2021-04-17,在保
P202301040,沈玉兰,女,68,410103195603237907,城镇职工,安阳市,2022-08-27,退保
P202304069,孙婷,女,28,410106199607159553,城乡居民,南阳市,2021-03-04,在保
P202303360,黄斌,男,32,410103199211152094,灵活就业,安阳市,2022-08-02,在保
P202300047,杨诗涵,女,41,410105198311102303,灵活就业,开封市,2020-02-20,在保
P202301562,董萍,女,36,410104198812036156,城镇职工,开封市,2022-04-07,在保
P202304849,程宇航,男,39,410302198504222540,灵活就业,驻马店市,2024-04-19,停保
P202303643,刘勇,男,32,410106199209162597,城乡居民,驻马店市,2020-09-10,在保
P202303727,沈雪,女,58,410103196602260161,城镇职工,驻马店市,2022-08-06,在保
P202304893,阎永强,男,39,410402198512056342,灵活就业,鹤壁市,2023-11-23,在保
P202301113,苏思琪,女,65,410402195909062715,城乡居民,漯河市,,在保
P202302514,赵文博,男,45,410105197912013936,灵活就业,开封市,2023-04-24,在保
P202303609,阎磊,男,25,410103199912170936,灵活就业,信阳市,2023-11-10,在保
P202301224,邓萍,女,57,410402196704119492,城镇职工,开封市,2022-12-09,在保
P202304907,彭欣怡,女,41,,城镇职工,洛阳市,,在保
P202303024,冯建华,男,70,410104195405071673,灵活,新乡市,2023-11-02,停保
P202302422,马雪,女,71,410106195308140267,城乡居民,许昌市,2022-12-30,在保
P202301509,王梦瑶,女,51,410702197307189747,城镇职工,平顶山市,2021-04-19,在保
P202301751,孙明,男,1,410202202311060886,城乡居民,商丘市,2023-09-12,在保
P202304887,周婷,女,36,410104198804188996,城镇职工,焦作市,2022-05-09,在保
P202304138,贾文彬,男,56,410402196804038852,灵活就业,开封市,2024-04-27,在保
P202301800,王丽,女,50,410402197402060565,城乡居民,新乡市,2023-09-27,停保
P202300339,陈玉兰,女,57,410302196710043444,城乡居民,焦作市,2020-10-06,退保
P202300216,苏嘉伟,男,63,410202196110082242,灵活就业,信阳市,2020-11-09,在保
P202303664,于霞,女,55,410103196909249775,城乡居民,安阳市,2020-09-06,在保
P202301342,韩强,男,50,410302197404077896,城镇职工,周口市,2020-09-12,在保
P202300012,韩波,男,41,410402198309099948,城乡居民,鹤壁市,2020-01-24,在保
P202301521,韩玉兰,女,71,410302195310199417,城镇职工,商丘市,2023-06-13,在保
P202303641,林思琪,女,41,410103198304255687,城镇职工,驻马店市,2021-03-19,在保
P202304744,阎杰,男,57,410104196711108338,城镇职工,南阳市,2020-07-22,停保
P202303849,胡建华,男,47,410105197701010449,城乡居民,郑州市,2020-05-02,在保
P202303005,吴嘉伟,男,-1,410105196402193385,城乡居民,驻马店市,2023-07-24,在保
P202302865,于欣怡,女,57,410302196705178081,城镇职工,商丘市,2022-04-22,在保
P202303116,彭浩然,男,54,410702197007013921,城镇职工,郑州市,2021-06-24,在保
P202304890,苏丽,女,61,410104196301251950,城乡居民,信阳市,2020-05-24,在保
P202302323,刘军,男,58,410402196607070777,城镇职工,信阳市,2021-09-24,在保
P202302572,唐斌,男,23,410103200106032625,城乡居民,许昌市,2023-04-20,在保
P202302914,徐勇,男,63,410402196105183479,城镇职工,信阳市,2024-02-14,在保
P202300102,苏霞,女,42,410102198208106938,城乡居民,开封市,2020-05-31,在保
P202303550,苏思琪,女,49,410502197502128781,城镇职工,驻马店市,2020-11-17,在保
P202301459,蒋敏,女,73,410102195112052041,城乡居民,开封市,2020-07-06,在保
P202300172,吕秀兰,女,35,410102198902226526,城镇职工,焦作市,2022-11-16,在保
P202300108,孙艳,女,53,410502197106175134,城镇职工,鹤壁市,2020-12-02,在保
P202304240,卢婷,女,48,410502197608263068,城乡居民,许昌市,2023-05-04,在保
P202303570,杨志强,男,66,410202195811165725,城镇职工,平顶山市,2020-11-20,在保
P202304122,刘子轩,男,47,410102197708256217,城镇职工,开封市,2023-04-11,在保
P202304340,邓宇航,男,44,410402198002024066,城乡居民,焦作市,2024-02-29,在保
P202300025,韩伟,男,40,410106198408104338,灵活就业,商丘市,2024-01-11,在保
P202303937,袁美琳,女,72,410102195201210694,城镇职工,洛阳市,2021-07-23,在保
P202304397,何永强,男,33,410402199108200797,城镇职工,郑州市,2024-05-04,停保
P202300939,邓永强,男,54,410105197002130098,城乡居民,鹤壁市,2022-08-01,在保
P202300061,萧天宇,男,41,410202198303206211,城镇职工,平顶山市,2020-12-01,退保
P202301241,梁军,男,43,410106198104216280,灵活就业,焦作市,2023-10-08,在保
P202304685,张秀英,女,31,410302199309086631,城乡居民,安阳市,2022-03-12,在保
P202301041,卢晓红,女,80,410103194410160405,城镇职工,鹤壁市,2021-08-10,在保
P202304230,叶芳,女,50,410202197409046660,城乡居民,焦作市,2022-12-20,在保
P202302761,薛志强,男,61,410702196306096505,灵活就业,商丘市,2023-07-11,退保
P202302121,丁俊杰,男,93,410302193107127126,城乡居民,驻马店市,2022-02-26,在保
P202301525,彭志强,男,43,410106198109257207,城镇职工,新乡市,2023-06-10,在保
P202303522,魏晨曦,男,5,410104201912098580,城镇职工,焦作市,2020-07-30,在保
P202300154,董文彬,男,54,410402197004182444,城镇职工,平顶山市,2022-08-18,停保
P202302249,吕晨曦,男,46,410302197809155224,城镇职工,平顶山市,2023-07-01,在保
P202300482,唐娟,女,32,410104199201178186,城乡居民,信阳市,2023-01-12,在保
P202304764,梁慧,女,56,410106196802025856,城镇职工,郑州市,2024-05-14,在保
P202304350,蒋建国,男,39,410103198508060303,城乡居民,焦作市,2022-08-20,在保
P202303579,魏俊杰,男,35,410106198901094748,城镇职工,新乡市,2024-04-18,在保
P202304168,孙斌,男,45,410105197911285825,城镇职工,鹤壁市,2024-05-14,在保
P202303563,黄静,女,10,410702201404119230,城镇职工,漯河市,2020-12-11,在保
P202303316,阎斌,男,57,410102196710090922,城镇职工,平顶山市,2024-01-07,在保
P202301763,叶淑珍,女,51,410702197306224679,城镇职工,郑州市,2020-03-03,在保
P202303539,傅语嫣,女,49,410105197511263994,城乡居民,新乡市,2024-02-23,停保
P202304853,蒋文博,男,59,410302196507089345,城乡居民,开封市,2020-06-23,在保
P202300751,吕浩,男,33,410202199110226627,灵活就业,洛阳市,2020-01-22,在保
P202303620,韩婷,女,66,410302195810153830,城镇职工,焦作市,2023-05-22,在保
P202301786,魏玲,女,23,410104200112011325,城乡居民,鹤壁市,2022-11-21,退保
P202304315,吴嘉伟,男,42,410202198202218008,灵活就业,许昌市,2020-10-26,停保
P202303384,叶勇,男,68,410302195603136263,城镇职工,郑州市,2021-03-19,在保
P202304181,林欣怡,女,55,410502196903130181,城乡居民,商丘市,2023-01-23,在保
P202300406,宋玉兰,女,61,410105196308115739,城乡居民,周口市,,在保
P202300758,傅文博,男,53,410402197101071520,灵活就业,新乡市,2021-01-10,在保
P202302712,周思琪,女,77,410202194704254699,城镇职工,新乡市,2023-11-23,在保
P202302671,叶淑珍,女,37,410302198705174518,城乡居民,安阳市,2023-04-20,在保
P202304842,萧紫薇,女,51,410702197301088243,城镇职工,南阳市,2023-07-11,在保
P202300098,梁梦瑶,女,54,410402197009026321,城乡居民,新乡市,2023-07-16,在保
P202301334,许慧,女,76,410202194811037521,城镇职工,周口市,2020-07-07,退保
P202304797,何嘉伟,男,58,410502196601018089,城乡居民,开封市,2020-02-08,在保
P202302792,于建华,男,39,410102198502088508,城乡居民,商丘市,2020-09-27,在保
P202302855,傅建国,男,71,410105195305107579,灵活就业,商丘市,2022-04-03,在保
P202300187,朱桂英,女,58,410202196612117515,城乡居民,南阳市,2020-09-24,在保
P202304083,高晓红,女,80,410105194402167821,城镇职工,安阳市,2022-07-21,在保
P202302724,卢天宇,男,76,410105194806148653,城乡居民,南阳市,2023-05-10,在保
P202303584,苏波,男,27,410702199701285689,城乡居民,平顶山市,2022-02-07,在保
P202302059,罗淑珍,女,54,410104197012202289,灵活就业,郑州市,2020-02-26,在保
P202301320,叶明,男,46,410502197805117848,城镇职工,信阳市,2020-07-29,在保
P202304242,魏萍,女,66,410103195807088649,灵活就业,焦作市,,在保
P202300149,宋磊,男,59,410104196506109906,城乡居民,开封市,2023-05-03,在保
P202300029,蒋天宇,男,39,410106198507056874,城镇职工,信阳市,2021-10-09,停保
P202304183,吕勇,男,34,410104199006255047,城镇职工,信阳市,2024-04-25,在保
P202304089,谢强,男,70,410104195408096146,城乡居民,鹤壁市,2020-11-07,在保
P202303364,唐秀英,女,25,410105199901282779,城乡居民,安阳市,2023-02-19,在保
P202300693,袁涛,男,30,410104199402207702,城乡居民,驻马店市,2021-10-22,停保
P202302867,梁建国,男,34,410102199012270860,城镇职工,平顶山市,2020-06-11,停保
P202303777,黄娟,女,17,410102200708176408,灵活就业,南阳市,2022-10-07,在保
P202301387,唐文彬,男,73,410105195102037289,城乡居民,漯河市,2023-09-20,在保
P202301846,林超,男,31,410702199310176098,城乡居民,漯河市,2024-05-16,在保
P202304903,沈文博,男,31,410104199309255296,城镇职工,焦作市,2024-02-14,在保
P202300130,李丽,女,40,410106198406120062,城镇职工,鹤壁市,2020-10-20,在保
P202301600,曾磊,男,36,410702198801279443,灵活就业,平顶山市,2020-12-14,停保
P202303630,贾淑珍,女,38,410502198601129518,城乡居民,信阳市,2022-08-10,在保
P202304662,萧军,男,44,410104198004234090,城职,新乡市,2024-05-16,退保
P202300702,袁国强,男,68,410702195601172223,城镇职工,安阳市,2020-12-17,停保
P202304061,杨紫薇,女,63,410104196112081428,城乡居民,平顶山市,2023-11-28,在保
P202303029,马雪,女,40,410202198404041199,城乡居民,商丘市,2024-03-23,在保
P202302970,蒋文博,男,54,410103197008240366,城镇职工,信阳市,2023-03-19,在保
P202304401,刘紫薇,女,58,410202196603196769,城镇职工,郑州市,2021-11-17,在保
P202301709,宋桂英,女,47,410103197705027124,城镇职工,开封市,2022-11-30,在保
P202302954,宋涛,男,77,410302194705205542,城乡居民,驻马店市,2024-04-04,在保
P202300455,周国强,男,40,410104198411170409,城乡居民,开封市,2020-04-24,在保
P202302869,卢晓红,女,59,410202196503289257,城乡居民,信阳市,2021-12-18,在保
P202302041,苏永强,男,37,410106198704046171,城乡居民,商丘市,2024-04-25,在保
P202301773,杨桂英,女,38,410103198606273353,城镇职工,洛阳市,2021-03-19,在保
P202302316,彭强,男,57,410103196706258454,城镇职工,漯河市,2021-05-02,在保
P202300610,魏娟,女,76,410106194807185905,城乡居民,,2020-03-18,在保
P202300168,马超,男,84,410102194011112791,灵活就业,,2022-01-23,在保
P202300731,于梦瑶,女,53,410105197103091390,灵活就业,安阳市,2021-07-22,在保
P202304293,高嘉伟,男,23,410402200109022609,城乡居民,驻马店市,2022-09-20,在保
P202303359,薛浩然,男,58,410202196607054865,城乡居民,开封市,2022-10-22,在保
P202303897,卢浩,男,75,410106194901119568,城镇职工,新乡市,2021-10-21,在保
P202302075,朱辉,男,38,410104198601055534,城乡居民,信阳市,2020-05-19,停保
P202304112,梁秀兰,女,36,410106198804024852,城乡居民,平顶山市,2020-08-01,停保
P202303701,李建华,男,69,410104195504028366,城乡居民,许昌市,2024-04-19,在保
P202301623,黄婷,女,66,410502195808171257,城乡居民,商丘市,2023-06-12,在保
P202300588,王鹏,男,34,410702199002114780,灵活就业,洛阳市,2022-12-02,在保
P202301402,冯淑珍,女,59,410104196506060984,城乡居民,焦作市,2020-12-29,在保
P202303046,张欣怡,女,13,410302201108208677,城镇职工,商丘市,2020-09-27,在保
P202303225,王慧,女,55,410502196910266884,城乡居民,漯河市,2021-03-19,在保
P202301701,高娜,女,56,410102196812039791,灵活就业,漯河市,2024-03-16,在保
P202303089,袁慧,女,14,410202201002178365,城乡居民,漯河市,2022-05-11,停保
P202304435,韩诗涵,女,40,410302198404088475,灵活就业,许昌市,2021-07-10,退保
P202302982,梁文博,男,72,410302195202045997,城镇职工,平顶山市,2023-08-07,在保
P202300041,黄晨曦,男,63,410104196110090391,灵活就业,周口市,2022-06-08,在保
P202301380,苏欣怡,女,82,410102194204191850,城乡居民,商丘市,2021-11-04,在保
P202302090,王霞,女,76,410104194801283839,城乡,商丘市,2022-02-12,在保
P202303925,朱梦瑶,女,45,410702197909163839,灵活就业,平顶山市,2020-08-30,在保
P202302176,郑敏,女,87,410302193701190608,城镇职工,焦作市,2022-12-31,在保
P202303218,曹秀英,女,40,410702198406025993,城镇职工,许昌市,2022-01-01,在保
P202302886,罗子轩,男,41,410402198307035226,城镇职工,驻马店市,2022-09-24,在保
P202300075,黄诗涵,女,2,410402202202196440,城镇职工,开封市,2020-11-01,在保
P202303987,沈明,男,59,410105196507094170,城镇职工,焦作市,2023-03-10,停保
P202303968,朱娟,女,15,410502200910247692,城乡居民,新乡市,2023-11-16,在保
P202302658,杨永强,男,66,410402195807147286,城乡居民,焦作市,2020-04-29,在保
P202303181,王天宇,男,67,410106195711058984,灵活就业,新乡市,2022-07-24,在保
P202302077,何思琪,女,61,410402196312259811,灵活就业,鹤壁市,2022-09-02,在保
P202300442,沈国强,男,49,410202197507060045,城镇职工,新乡市,2021-03-29,在保
P202304119,朱凤英,女,41,410105198302173285,灵活就业,周口市,2022-04-06,退保
P202302052,薛娟,女,34,410106199002269184,城镇职工,周口市,2020-09-05,在保
P202302542,卢丽,女,27,410105199704063071,灵活就业,南阳市,2024-02-17,在保
P202303307,陈桂英,女,59,410202196510146759,灵活就业,焦作市,2022-08-05,在保
P202301302,彭娜,女,67,410104195709100263,城乡居民,漯河市,2022-01-29,在保
P202301782,宋芳,女,48,410102197601021594,城镇职工,焦作市,2023-08-02,在保
P202304864,梁子轩,男,25,410302199907026773,城乡居民,郑州市,2023-03-25,在保
P202303431,陈杰,男,58,410202196608049868,灵活就业,洛阳市,2022-02-06,在保
P202301305,曾伟,男,59,410502196512285296,城镇职工,信阳市,2023-06-20,停保
P202300237,袁美琳,女,13,410103201112167795,城乡居民,漯河市,2021-02-20,在保
P202302600,朱慧,女,41,410302198308228193,灵活就业,商丘市,2021-07-14,在保
P202300521,邓永强,男,19,410104200503280323,城镇职工,洛阳市,2022-09-21,在保
P202302574,郭强,男,49,410202197504286012,城镇职工,开封市,2023-09-23,在保
P202303281,冯艳,女,34,410103199003210783,灵活就业,驻马店市,2023-12-01,在保
P202303187,邓伟,男,28,410106199602043670,城乡居民,焦作市,2020-02-07,在保
P202303954,曹霞,女,60,410702196410200542,城乡居民,郑州市,2021-04-03,在保
P202302769,曾明,男,40,410103198408229234,城镇职工,焦作市,2022-01-02,在保
P202300736,郭浩,男,58,410702196601165465,城镇职工,许昌市,2020-08-19,在保
P202304752,冯紫薇,女,45,410502197905122265,城镇职工,信阳市,2022-07-16,在保
P202304980,苏敏,女,10,410102201406127566,城乡居民,开封市,2023-08-31,在保
P202302107,杨志强,男,33,410402199103277786,灵活就业,周口市,2023-06-02,在保
P202302680,梁秀英,女,45,410302197908137847,城乡居民,郑州市,2022-03-20,在保
P202303230,朱国强,男,49,410106197505200337,城乡居民,南阳市,2023-05-12,在保
P202302762,林建华,男,35,410103198907053438,灵活就业,焦作市,2020-08-13,在保
P202300593,吕玉兰,女,58,410105196612256868,城镇职工,洛阳市,2024-03-27,在保
P202301304,吴文彬,男,36,410302198805212330,城镇职工,鹤壁市,2021-03-09,在保
P202301388,吴雨彤,女,78,410202194607059436,城镇职工,洛阳市,2024-02-16,在保
P202304743,郭斌,男,50,410105197410112506,城乡居民,周口市,2022-11-23,在保
P202304572,沈宇航,男,44,410402198011266741,城镇职工,郑州市,2020-03-06,在保
P202304025,何欣怡,女,37,410702198712112776,城乡居民,漯河市,2023-01-30,在保
P202301891,胡文博,男,59,410103196503071577,灵活就业,安阳市,2024-04-25,在保
P202302988,杨霞,女,51,410104197303019681,城镇职工,安阳市,2023-09-17,在保
P202304975,刘婷,女,23,410104200106269307,城乡居民,开封市,2021-04-05,在保
P202303298,苏佳慧,女,32,410302199211152388,灵活就业,南阳市,2021-12-04,在保
P202300905,彭文博,男,53,410202197103156440,城镇职工,洛阳市,,在保
P202304656,张晓红,女,88,410702193610266673,城乡居民,周口市,2023-05-11,在保
P202301280,郭建国,男,44,410702198007066944,城乡居民,安阳市,2020-01-11,在保
P202300934,高欣怡,女,10,410402201411046812,城镇职工,漯河市,2022-12-30,在保
P202304950,何凤英,女,57,410202196701044655,灵活就业,郑州市,2021-11-13,在保
P202302309,何娜,女,59,410202196510246278,城镇职工,焦作市,2020-08-10,在保
P202301556,马秀兰,女,56,410105196810205844,城镇职工,漯河市,2023-02-05,在保
P202304579,吕梦瑶,女,39,410202198508187674,城镇职工,鹤壁市,2021-10-29,在保
P202303191,曹淑珍,女,42,410202198212286923,城镇职工,周口市,2022-01-15,在保
P202304487,王晨曦,男,57,410402196709091838,城镇职工,安阳市,2022-01-23,在保
P202300707,胡语嫣,女,26,410402199811121830,城镇职工,商丘市,2022-10-03,在保
P202304883,董志强,男,34,410202199007215135,城乡居民,新乡市,2023-05-17,在保
P202303071,曾芳,女,27,410105199712256879,城镇职工,鹤壁市,2021-01-10,在保
P202300746,沈娟,女,36,410102198809216263,城镇职工,漯河市,2020-07-01,退保
P202303595,宋斌,男,72,410103195204083248,城镇职工,焦作市,2020-04-11,在保
P202301940,萧晨曦,男,51,410202197308095363,城镇职工,焦作市,2020-11-06,在保
P202304445,李建国,男,15,410105200912108449,城镇职工,郑州市,2020-10-16,在保
P202302863,孙佳慧,女,30,410103199408277198,城乡居民,周口市,2020-12-09,停保
P202304076,杨娜,女,52,410302197212027570,城镇职工,开封市,2022-03-08,停保
P202300514,杨思琪,女,33,410102199101126602,城乡居民,许昌市,2023-01-03,在保
P202300082,黄凤英,女,56,410302196805175527,城乡居民,信阳市,2020-06-13,在保
P202304067,刘婷,女,53,410502197107183216,城镇职工,安阳市,,在保
P202301309,薛文博,男,69,410502195504242075,城乡居民,商丘市,2020-03-08,在保
P202304594,邓思琪,女,10,410402201401250055,灵活就业,洛阳市,2023-07-27,在保
P202300915,卢波,男,48,410105197604160355,灵活就业,商丘市,2023-12-18,在保
P202303453,于丽,女,47,410105197711256428,城镇职工,安阳市,2022-07-19,在保
P202303696,林慧,女,44,410104198003082672,灵活就业,南阳市,2023-12-08,在保
P202304854,程艳,女,52,410402197202030127,城乡居民,平顶山市,2020-01-14,停保
P202303157,梁嘉伟,男,27,410702199702148677,城乡居民,南阳市,2021-07-14,在保
P202302199,傅海涛,男,38,410702198608236304,城镇职工,洛阳市,2023-07-23,停保
P202304276,周海涛,男,48,410302197610206980,城乡居民,漯河市,2023-08-25,在保
P202300775,宋晓红,女,61,410104196304060809,灵活就业,安阳市,2023-10-11,在保
P202300330,吴娜,女,61,410702196304213027,城乡居民,南阳市,2023-02-01,在保
P202302055,彭子轩,男,25,410105199910228378,城乡居民,商丘市,2024-04-27,停保
P202302002,杨杰,男,47,410202197701187140,城镇职工,周口市,2021-11-11,停保
P202300944,叶淑珍,女,48,410502197612102893,城镇职工,许昌市,2023-01-27,在保
P202300823,袁紫薇,女,91,410103193305023257,城乡居民,驻马店市,2022-04-13,在保
P202304573,傅玲,女,64,410104196010171699,城镇职工,周口市,2021-05-22,在保
P202300910,于语嫣,女,88,410106193610181568,城职,许昌市,2020-12-25,在保
P202302517,林勇,男,51,410104197304214851,城乡居民,信阳市,2023-07-03,在保
P202300182,黄建国,男,34,410104199003119573,城镇职工,焦作市,2022-11-28,停保
P202300165,阎国强,男,67,410202195703023608,城乡居民,焦作市,2023-08-09,在保
P202301524,程辉,男,32,410103199204248501,城乡居民,信阳市,2022-02-16,在保
P202300452,曹佳慧,女,67,410702195701179032,城乡居民,信阳市,2020-12-05,在保
P202303984,周浩然,男,29,410302199508229208,城乡居民,焦作市,2020-07-03,退保
P202302539,周文彬,男,27,410105199708176773,城镇职工,鹤壁市,2020-08-31,在保
P202304148,贾玉兰,女,48,410702197604168988,城镇职工,安阳市,2023-04-19,在保
P202304825,冯丽,女,48,410302197611150033,城乡居民,漯河市,2020-11-16,在保
P202301312,贾天宇,男,64,410102196010095654,城乡居民,洛阳市,2024-03-01,在保
P202303150,胡雪,女,33,410106199112206418,城镇职工,洛阳市,2020-10-12,停保
P202301112,林国强,男,53,410302197106077621,城乡居民,新乡市,2022-02-12,在保
P202304641,林敏,女,64,410104196006056973,城乡居民,开封市,2021-07-24,在保
P202303875,郭志强,男,36,410103198803218523,城镇职工,信阳市,2022-10-08,在保
P202303490,叶凤英,女,21,410106200312262209,城镇职工,新乡市,2021-02-08,停保
P202301288,阎浩然,男,59,410302196509143603,灵活就业,南阳市,2023-05-12,在保
P202304220,程伟,男,17,410104200710082221,城镇职工,新乡市,2020-09-20,在保
P202304693,高玲,女,67,410106195702092982,城乡居民,许昌市,2023-12-26,停保
P202303681,马俊杰,男,29,410102199504272230,城乡居民,漯河市,2022-01-28,停保
P202304375,高雨彤,女,67,410106195703261034,城乡居民,许昌市,2020-11-05,在保
P202304211,薛思琪,女,45,410103197903223871,灵活就业,安阳市,2023-06-02,在保
P202303301,李芳,女,56,410302196803086939,城乡居民,安阳市,2021-10-02,在保
P202303311,刘浩,男,28,410502199611171671,灵活就业,南阳市,2023-08-24,在保
P202304602,董语嫣,女,66,410302195809110057,灵活就业,郑州市,2021-10-18,在保
P202303126,丁明,男,63,410702196105031906,城镇职工,安阳市,2020-05-25,在保
P202300328,周秀英,女,64,410202196002029647,灵活就业,郑州市,2020-12-10,停保
P202301791,郑志强,男,16,410106200812125754,城乡居民,信阳市,,在保
P202302491,唐芳,女,49,410202197509147037,城乡居民,周口市,2021-07-05,在保
P202302007,高敏,女,50,410102197401186611,灵活就业,信阳市,2022-12-23,在保
P202302008,吴嘉伟,男,35,410202198912184571,城镇职工,漯河市,2023-02-14,在保
P202301859,曾紫薇,女,55,410302196905185592,城镇职工,郑州市,2022-10-26,退保
P202304733,贾磊,男,31,410105199308057812,城乡居民,周口市,2024-02-20,在保
P202300313,高桂英,女,64,410202196005270799,城镇职工,焦作市,2020-09-01,在保
P202300833,阎宇航,男,31,410102199302153793,城乡居民,信阳市,2020-01-20,在保
P202303080,李玉兰,女,45,410105197912233179,城乡居民,安阳市,2024-04-09,退保
P202304766,马鹏,男,54,410302197010157199,城乡居民,洛阳市,2022-11-11,在保
P202303463,林勇,男,52,410103197201200872,城镇职工,漯河市,2023-03-31,在保
P202301202,赵娟,女,42,410106198207153333,城镇职工,商丘市,2022-05-20,在保
P202304436,丁晨曦,男,62,410102196210119743,灵活就业,平顶山市,2020-01-21,在保
P202303548,沈明,男,76,410102194806105434,灵活就业,许昌市,2022-07-07,在保
P202304073,高军,男,22,410103200207142406,城镇职工,南阳市,2021-01-01,退保
P202302135,赵莉,女,43,410702198106212080,灵活就业,漯河市,2022-01-02,在保
P202303452,杨玲,女,27,410702199711012979,城镇职工,焦作市,2022-07-19,停保
P202302210,黄莉,女,49,410103197508270067,城镇职工,安阳市,2021-09-19,在保
P202301902,罗飞,男,43,410104198108042807,城乡居民,商丘市,2020-10-08,在保
P202304051,陈桂英,女,-3,410106198812145060,城乡居民,商丘市,2022-01-24,在保
P202301482,傅静,女,43,410202198108116198,城乡居民,新乡市,2023-08-15,在保
P202300778,王涛,男,45,410102197912078790,城镇职工,新乡市,2022-09-12,在保
P202300800,贾玉兰,女,50,410302197404100860,灵活就业,驻马店市,2021-11-16,在保
P202303715,郭军,男,68,410102195608196736,城乡居民,平顶山市,2021-09-30,在保
P202303943,魏思琪,女,39,410202198501252873,城乡居民,周口市,2020-04-24,退保
P202300055,叶国强,男,68,410102195606107716,城镇职工,鹤壁市,2022-05-08,在保
P202302973,董淑珍,女,25,410202199904264387,城乡居民,新乡市,2022-01-23,停保
P202303336,胡娟,女,25,410106199904280316,城镇职工,焦作市,2022-12-30,在保
P202301921,韩伟,男,14,410103201009280059,城镇职工,焦作市,2020-10-12,停保
P202303716,林海涛,男,47,410103197706168245,城乡居民,驻马店市,2021-11-09,在保
P202304694,黄思琪,女,59,410402196505112231,灵活就业,鹤壁市,2021-08-30,在保
P202300947,蔡宇航,男,22,410104200207146952,灵活就业,漯河市,2020-04-25,在保
P202301702,叶桂英,女,58,410103196608178786,灵活就业,平顶山市,2023-02-05,在保
P202303294,邓玉兰,女,56,410402196804029642,城乡居民,平顶山市,2022-08-04,在保
P202302162,程娟,女,54,410502197004279535,城乡居民,开封市,2020-07-13,在保
P202301137,沈天宇,男,71,410502195305057145,灵活就业,周口市,2023-04-04,在保
P202300988,贾梦瑶,女,65,410105195906144900,灵活就业,驻马店市,2022-05-24,在保
P202302550,薛芳,女,87,410702193707238382,城乡居民,洛阳市,,停保
P202300194,傅玉兰,女,27,410105199710174118,城乡居民,郑州市,2020-04-02,在保
P202303058,魏强,男,53,410102197110034295,城乡居民,信阳市,2021-04-12,在保
P202303247,傅芳,女,57,410102196712044820,城乡居民,许昌市,2022-11-19,在保
P202301395,萧辉,男,43,410102198108204487,城乡居民,周口市,2022-06-12,在保
P202302638,张秀英,女,66,410104195808140953,城镇职工,南阳市,2023-09-21,在保
P202300769,杨紫薇,女,38,410202198610064446,城镇职工,洛阳市,2020-03-23,在保
P202304751,曾雪,女,69,410105195507139533,城镇职工,商丘市,2021-05-20,在保
P202303091,孙婷,女,17,,城镇职工,鹤壁市,2020-01-04,在保
P202303496,杨天宇,男,84,410202194010129475,城镇职工,许昌市,2023-02-05,在保
P202303216,蔡宇航,男,82,,城镇职工,许昌市,2023-10-06,在保
P202300286,梁天宇,男,14,410702201005285261,城镇职工,开封市,2024-03-16,在保
P202304989,张浩,男,53,410102197108170810,灵活就业,许昌市,2020-05-21,在保
P202304802,林俊杰,男,48,410702197605050201,城镇职工,驻马店市,2021-07-02,在保
P202302333,贾晓红,女,22,410103200210067530,城乡居民,安阳市,2024-04-29,在保
P202302718,彭杰,男,65,410702195907165831,城镇职工,鹤壁市,2021-05-31,在保
P202302080,宋建国,男,41,410103198303053249,灵活就业,郑州市,2023-04-12,在保
P202303390,贾淑珍,女,52,410502197204151433,城镇职工,信阳市,2023-10-12,在保
P202300723,徐萍,女,25,410302199904166501,城镇职工,鹤壁市,2023-01-02,在保
P202300952,曾杰,男,56,410302196805191281,城镇职工,焦作市,2020-05-10,在保
P202304411,韩婷,女,37,410106198712188297,城乡居民,焦作市,2020-12-14,在保
P202302263,叶梦瑶,女,72,410102195212049056,城乡居民,漯河市,2020-11-14,在保
P202300990,刘永强,男,50,410105197405162869,城乡居民,洛阳市,2022-06-01,在保
P202303213,韩敏,女,80,410105194406220260,灵活就业,信阳市,2022-11-06,在保
P202301760,曹萍,女,73,410302195109058779,城乡居民,周口市,2022-06-12,在保
P202304149,孙浩,男,40,410106198405268885,城乡居民,驻马店市,2023-08-16,在保
P202301725,卢娟,女,33,410502199103229188,灵活就业,平顶山市,2020-02-05,在保
P202300342,孙文彬,男,54,410702197004215791,城镇职工,漯河市,2022-10-13,在保
P202303702,蔡诗涵,女,76,410105194809045210,城镇职工,新乡市,2023-12-14,在保
P202300689,黄梦瑶,女,62,410106196207065033,城乡居民,郑州市,2020-09-01,在保
P202303433,苏佳慧,女,59,410102196506111239,城乡居民,洛阳市,2023-10-07,在保
P202300967,蔡建国,男,37,410104198703135814,城乡居民,郑州市,2024-01-25,在保
P202304776,赵佳慧,女,64,410103196004134977,城镇职工,信阳市,2022-02-16,退保
P202302204,董雨彤,女,26,410102199803250350,城乡,周口市,2021-11-17,在保
P202302714,蒋娟,女,24,410103200006168079,城镇职工,洛阳市,2020-06-18,停保
P202303573,彭磊,男,55,410202196904060442,城镇职工,南阳市,2021-08-06,在保
P202301991,沈斌,男,64,410106196011203852,城镇职工,信阳市,2021-01-23,在保
P202304121,刘子轩,男,39,410102198508124200,城乡居民,开封市,2021-05-03,在保
P202304362,王辉,男,35,410202198911289904,城镇职工,商丘市,2021-08-03,在保
P202304792,陈淑珍,女,42,410105198209132128,灵活就业,洛阳市,2021-05-10,在保
P202303601,马涛,男,35,410502198904023190,城镇职工,商丘市,2022-09-18,在保
P202304613,高斌,男,75,410402194901115900,城乡居民,安阳市,2020-08-30,在保
P202301963,苏杰,男,59,410702196512251533,城乡居民,平顶山市,2021-03-29,在保
P202304167,阎勇,男,44,410102198008052778,城乡居民,漯河市,2022-09-28,在保
P202300386,曹玉兰,女,52,410104197207012333,城乡居民,许昌市,2020-09-25,在保
P202304415,沈桂英,女,53,410106197104043460,城乡居民,信阳市,2020-05-24,在保
P202304615,蔡娜,女,51,410106197310148471,城乡居民,鹤壁市,2020-10-31,在保
P202300537,叶萍,女,34,410103199004142966,城乡居民,开封市,2020-09-27,在保
P202304713,曾静,女,57,410103196710286621,城乡居民,许昌市,2020-02-05,在保
P202303508,刘超,男,48,410302197610194492,城乡居民,漯河市,2021-06-30,停保
P202300202,吕慧,女,60,410105196405183053,城职,安阳市,2024-04-28,在保
P202301333,邓强,男,46,410502197806015796,灵活就业,郑州市,2022-10-29,停保
P202303503,罗鹏,男,50,410105197407095119,城镇职工,开封市,2024-04-01,在保
P202302709,程敏,女,43,410302198102225939,城乡居民,商丘市,2022-08-30,在保
P202304022,胡海涛,男,24,410106200005172296,城镇职工,焦作市,2022-05-11,在保
P202301855,孙志强,男,68,410502195609083416,城镇职工,焦作市,2020-08-07,在保
P202304961,冯欣怡,女,44,410302198005029218,城乡居民,平顶山市,2023-05-05,停保
P202302873,董晨曦,男,12,410103201208102865,城镇职工,信阳市,,停保
P202303031,叶玲,女,5,410202201906260307,灵活就业,驻马店市,2022-05-18,在保
P202301206,董秀兰,女,50,410104197409077981,城镇职工,周口市,2023-06-04,在保
P202301646,谢飞,男,57,410302196711176964,灵活就业,信阳市,2023-09-20,在保
P202303418,周婷,女,53,410102197111113986,灵活就业,焦作市,2020-06-28,在保
P202303477,王宇航,男,67,410106195705121459,城镇职工,平顶山市,2023-05-08,在保
P202302862,丁莉,女,58,410105196608113180,城乡居民,开封市,2023-12-29,在保
P202301793,唐强,男,47,410104197712159831,城乡居民,商丘市,2022-08-18,在保
P202303798,林文博,男,53,410102197105246051,城镇职工,许昌市,2023-09-14,在保
P202303369,张思琪,女,57,410702196705039540,灵活就业,信阳市,2024-01-30,在保
P202303368,赵诗涵,女,53,410502197109059041,城镇职工,鹤壁市,2022-12-10,停保
P202303534,曹斌,男,27,410402199701119388,灵活就业,平顶山市,2020-01-24,在保
P202304438,刘雨彤,女,45,410106197903249026,城乡居民,鹤壁市,2022-04-05,在保
P202303450,袁娜,女,42,410104198212152685,城镇职工,南阳市,2022-06-04,在保
P202300604,周语嫣,女,74,410202195009020008,城镇职工,鹤壁市,2022-01-05,在保
P202303057,许梦瑶,女,40,410106198403104829,城镇职工,鹤壁市,2022-05-07,退保
P202304405,薛雨彤,女,47,410103197712152694,城乡居民,开封市,2020-03-09,退保
P202300127,蒋敏,女,32,410302199212029914,城镇职工,周口市,2021-10-01,在保
P202303877,赵建国,男,67,410104195701016422,城乡居民,新乡市,2023-04-02,在保
P202302936,于浩,男,76,410103194812211209,城镇职工,周口市,2022-10-06,在保
P202303532,徐文彬,男,83,410302194102282239,城镇职工,洛阳市,2020-09-17,在保
P202302731,丁娟,女,72,410103195201126978,城镇职工,新乡市,2023-10-13,在保
P202300828,张丽,女,40,410702198402100916,城乡居民,许昌市,2020-09-08,在保
P202301640,王思琪,女,30,410106199410267473,城乡居民,信阳市,2023-01-26,在保
P202300985,阎敏,女,49,410105197511274393,灵活就业,信阳市,2023-12-17,在保
P202303282,傅晨曦,男,50,410102197407140795,城乡,许昌市,2021-09-03,在保
P202303050,于俊杰,男,71,410702195311150854,城镇职工,周口市,2020-12-03,退保
P202302189,沈杰,男,42,410502198205205217,城镇职工,平顶山市,2021-07-06,停保
P202304894,蒋建华,男,47,410202197709258723,城镇职工,安阳市,2023-04-10,在保
P202302444,唐明,男,62,410302196204148490,城镇职工,焦作市,2020-03-31,在保
P202300363,阎诗涵,女,48,410302197610210913,城镇职工,信阳市,2021-03-08,停保
P202302350,蒋静,女,42,410103198204289073,灵活就业,平顶山市,2022-04-20,在保
P202300346,徐浩,男,54,410102197005013264,城镇职工,洛阳市,2020-05-31,在保
P202300815,韩娟,女,68,410202195609029817,灵活就业,许昌市,2021-07-22,在保
P202303206,卢伟,男,37,410402198710106309,城乡居民,周口市,2024-01-30,在保
P202303907,赵志强,男,73,410104195102154324,城镇职工,焦作市,2020-06-02,停保
P202304845,许伟,男,70,410105195404098983,城镇职工,郑州市,2021-06-24,在保
P202303326,吴娟,女,58,410302196608023071,城乡居民,漯河市,2022-09-18,在保
P202304107,丁语嫣,女,44,410103198005208299,城镇职工,信阳市,,在保
P202302117,邓志强,男,45,410102197907165046,城镇职工,洛阳市,2023-08-25,在保
P202301835,周天宇,男,38,410102198601022726,灵活就业,南阳市,2022-05-21,在保
P202300794,阎紫薇,女,27,410402199706105172,城镇职工,洛阳市,2021-06-28,在保
P202304997,陈桂英,女,62,410702196206042722,城镇职工,漯河市,2022-07-26,在保
P202302675,薛飞,男,31,410702199308197963,城乡居民,安阳市,2023-11-03,停保
P202300095,薛慧,女,42,410302198207228112,城乡居民,信阳市,2020-03-16,在保
P202303757,魏婷,女,51,410104197308241971,灵活就业,信阳市,2023-12-24,停保
P202302892,董语嫣,女,11,410502201310270924,城镇职工,信阳市,2024-02-10,在保
P202302372,蔡萍,女,40,410102198407167693,城乡居民,周口市,2022-04-29,在保
P202304934,叶子轩,男,70,410202195410231763,灵活就业,开封市,2022-01-27,在保
P202304477,罗建华,男,41,,城乡居民,郑州市,2020-06-03,在保
P202303229,于海涛,男,64,410402196001240685,灵活就业,商丘市,2020-08-08,在保
P202302854,黄佳慧,女,53,410105197101027809,城乡居民,平顶山市,2023-04-20,在保
P202302913,周永强,男,36,410202198808057782,城乡居民,驻马店市,2023-07-08,在保
P202301866,贾鹏,男,20,410702200407138651,城镇职工,信阳市,2024-03-27,在保
P202301858,吴秀英,女,45,410104197909111046,城镇职工,开封市,2020-11-23,退保
P202302646,杨飞,男,35,410104198909132310,城乡居民,安阳市,2020-02-11,停保
P202302244,卢丽,女,21,410402200307088724,灵活就业,南阳市,2020-02-21,在保
P202302337,阎飞,男,59,410402196503138072,城乡居民,郑州市,2024-02-23,在保
P202300951,黄志强,男,45,410502197904016009,城乡居民,周口市,2022-09-09,在保
P202303069,丁嘉伟,男,54,410105197002136347,城镇职工,周口市,2020-10-21,在保
P202301121,罗鹏,男,69,410702195511155582,城镇职工,南阳市,2022-06-13,在保
P202302598,张军,男,53,410103197103128049,灵活就业,郑州市,,在保
P202302205,唐晨曦,男,32,410104199202193693,城乡居民,南阳市,2023-01-18,在保
P202300420,林婷,女,51,410106197312220486,城乡居民,南阳市,2022-05-03,退保
P202300923,苏杰,男,52,410103197207042831,城镇职工,焦作市,2020-03-01,在保
P202301255,郑鹏,男,72,410502195203250227,城镇职工,平顶山市,2023-06-16,在保
P202300478,傅嘉伟,男,55,410202196906079159,城镇职工,安阳市,2021-01-09,停保
P202302036,李辉,男,95,410104192911010729,城镇职工,鹤壁市,2023-08-28,在保
P202301203,梁思琪,女,52,410302197212057927,城镇职工,鹤壁市,2022-09-28,在保
P202302627,胡桂英,女,75,410402194903067848,灵活就业,周口市,2020-09-25,停保
P202304868,吕斌,男,49,410106197503206553,城镇职工,开封市,2022-03-11,在保
P202301971,孙涛,男,60,410104196402218149,城镇职工,许昌市,2023-09-14,在保
P202303111,曹建国,男,29,410106199508216280,城乡,周口市,2023-02-14,在保
P202304019,韩敏,女,40,410202198411084190,城乡居民,许昌市,2022-12-23,在保
P202302152,黄诗涵,女,79,410402194502125944,城乡居民,许昌市,2023-03-15,在保
P202303688,蔡磊,男,54,410202197004107247,城乡居民,许昌市,2020-04-26,在保
P202301998,蒋婷,女,34,410102199006242735,城乡居民,鹤壁市,2022-08-14,在保
P202304034,赵磊,男,0,410702202411022015,灵活就业,周口市,2021-09-06,停保
P202303055,彭文博,男,81,410402194302119256,城镇职工,平顶山市,2023-12-27,停保
P202301249,何雨彤,女,54,410103197008125925,城镇职工,焦作市,2024-04-30,在保
P202302193,袁志强,男,86,410402193808217655,城镇职工,驻马店市,2021-03-31,在保
P202302713,曾磊,男,130,410105196610230137,城乡居民,郑州市,2022-01-11,在保
P202300993,周海涛,男,45,410103197901199913,城乡居民,新乡市,2023-12-14,在保
P202302191,胡芳,女,21,410302200309181221,城乡居民,平顶山市,2022-02-24,在保
P202303763,董浩然,男,35,410302198908168134,灵活就业,开封市,2021-02-26,在保
P202303598,,男,68,410502195610037547,城镇职工,郑州市,2020-03-19,在保
P202301319,叶斌,男,39,410103198508116538,城乡居民,鹤壁市,2021-01-09,在保
P202301864,何飞,男,18,410103200607117980,城乡居民,漯河市,2020-12-05,在保
P202302344,刘莉,女,40,410105198403034884,城镇职工,商丘市,2020-03-21,在保
P202302450,贾玲,女,37,410105198709031278,灵活就业,郑州市,2023-07-15,在保
P202302137,魏晓红,女,51,410103197309161656,城镇职工,漯河市,2023-08-09,在保
P202301066,苏国强,男,29,410106199509069715,城乡居民,新乡市,2020-07-09,在保
P202302465,马霞,女,65,410502195903112452,城镇职工,鹤壁市,2022-03-19,停保
P202304228,梁娜,女,57,410104196709081050,城乡居民,漯河市,2020-09-08,退保
P202302622,冯雪,女,64,410106196002161388,城乡居民,开封市,2020-01-16,在保
P202300078,苏涛,男,44,410103198003081778,城镇职工,洛阳市,2020-11-16,在保
P202302899,徐建华,男,44,410202198006265311,灵活就业,南阳市,2022-08-01,在保
P202301315,彭志强,男,50,410102197410148811,城镇职工,许昌市,2022-06-25,在保
P202304417,苏强,男,54,410105197003232531,城乡居民,周口市,2022-07-28,在保
P202300873,宋佳慧,女,25,410105199907259646,城镇职工,新乡市,2022-06-17,在保
P202303851,傅秀兰,女,40,410104198409223167,城镇职工,商丘市,2020-02-26,在保
P202304837,赵波,男,41,410105198303283076,城乡居民,鹤壁市,2024-02-23,在保
P202302966,董芳,女,45,410402197902094109,城镇职工,信阳市,2023-07-21,在保
P202303392,王建华,男,35,410106198903212124,城乡居民,漯河市,2020-03-10,在保
P202302561,孙建华,男,31,410105199310013077,灵活就业,平顶山市,2021-05-08,退保
P202304947,邓浩然,男,36,410106198804205777,城镇职工,安阳市,2022-12-21,在保
P202302636,沈梦瑶,女,69,410106195506055329,城镇职工,平顶山市,2023-01-17,在保
P202303531,李欣怡,女,76,410502194808114437,城镇职工,郑州市,2022-09-11,在保
P202300376,蔡建华,男,36,410402198811125194,城乡居民,鹤壁市,2020-12-14,在保
P202301909,马涛,男,28,410103199605029393,城镇职工,漯河市,2023-02-06,在保
P202304377,吴桂英,女,7,410202201710056795,城镇职工,新乡市,2023-08-05,在保
P202304424,傅芳,女,67,410402195704164067,城乡居民,南阳市,2021-06-05,停保
P202304028,曹紫薇,女,45,410102197911025775,城乡居民,驻马店市,2020-04-15,在保
P202301605,杨强,男,41,410103198303044592,城乡居民,开封市,2024-01-20,在保
P202301119,林佳慧,女,53,410302197107139901,城乡居民,漯河市,2021-06-19,停保
P202303678,徐娟,女,47,410402197701274587,城乡居民,南阳市,2020-03-01,在保
P202303491,魏紫薇,女,44,410702198007191700,城镇职工,漯河市,2022-04-03,在保
P202304914,王飞,男,52,410702197208124673,城乡居民,新乡市,2024-05-10,在保
P202302959,罗文博,男,70,410105195406194747,城镇职工,洛阳市,2020-04-14,在保
P202301995,魏鹏,男,56,410103196811205846,灵活就业,安阳市,2021-03-27,在保
P202300107,罗宇航,男,83,410702194106241341,城镇职工,漯河市,2021-08-27,在保
P202304400,贾玲,女,66,410302195809099547,城镇职工,新乡市,2020-10-28,在保
P202302377,阎俊杰,男,43,410702198102225808,城乡居民,漯河市,2020-11-23,在保
P202301343,袁嘉伟,男,57,410502196702067743,城乡居民,洛阳市,2022-09-28,在保
P202300321,贾诗涵,女,51,410202197308092391,城乡居民,新乡市,2020-10-05,在保
P202301620,程伟,男,70,410106195403222994,城镇职工,南阳市,2020-11-27,停保
P202303714,曾辉,男,11,410502201307178271,城镇职工,商丘市,2024-02-17,在保
P202302061,胡桂英,女,65,410402195901189626,城乡居民,平顶山市,2020-06-10,停保
P202302220,曹鹏,男,45,410702197903034474,城乡居民,郑州市,2020-04-13,在保
P202301674,刘建国,男,33,410502199102085518,灵活就业,洛阳市,2021-11-25,在保
P202300261,马欣怡,女,33,410402199110262485,城乡居民,南阳市,2021-07-28,在保
P202304462,邓晓红,女,83,410702194107088195,城镇职工,焦作市,2020-03-02,在保
P202302040,萧飞,男,18,410502200609204868,城乡居民,南阳市,2021-12-22,在保
P202300902,周超,男,42,410105198203132090,城乡居民,新乡市,2024-01-25,在保
P202303745,梁娜,女,32,410502199202197027,灵活就业,平顶山市,2021-03-09,在保
P202302027,何静,女,82,410702194203238352,城镇职工,开封市,2024-02-12,退保
P202304235,郑伟,男,21,410402200305075627,城镇职工,新乡市,2021-08-13,退保
P202301918,程建国,男,38,410402198610033720,灵活就业,焦作市,2023-04-26,在保
P202301829,魏永强,男,48,410103197603190311,城镇职工,焦作市,2023-12-13,在保
P202301574,周芳,女,25,410502199908227726,城镇职工,驻马店市,2023-01-13,在保
P202304439,于佳慧,女,43,410102198111067967,城乡居民,南阳市,2023-10-27,停保
P202304209,梁雪,女,34,410302199008073270,城镇职工,信阳市,2023-02-21,在保
P202300225,蔡欣怡,女,41,,城乡居民,信阳市,2021-12-09,在保
P202300724,刘玲,女,63,410302196104207601,灵活就业,许昌市,2023-03-30,在保
P202304531,王芳,女,53,410302197109229298,城镇职工,洛阳市,2020-11-22,在保
P202301142,高艳,女,74,410302195009268083,城乡居民,洛阳市,2023-04-07,在保
P202302763,贾天宇,男,66,410106195806016732,城乡居民,驻马店市,2020-07-11,在保
P202300847,萧波,男,55,410302196910201035,城乡居民,商丘市,2023-10-15,在保
P202302552,薛淑珍,女,16,410106200803269720,灵活就业,开封市,2020-09-19,在保
P202302929,韩雨彤,女,78,410702194603127928,城乡居民,商丘市,2021-01-15,停保
P202300118,宋浩然,男,28,410702199601098792,城镇职工,开封市,2023-01-11,在保
P202300646,杨芳,女,45,410103197912216074,城镇职工,南阳市,2023-11-21,在保
P202300004,赵玉兰,女,77,410702194705260447,城乡居民,驻马店市,2020-09-12,退保
P202304171,袁婷,女,22,410502200209046032,城镇职工,郑州市,2022-06-06,在保
P202300468,徐波,男,63,410102196102271487,灵活就业,漯河市,2023-05-14,在保
P202300006,杨语嫣,女,45,410103197907094645,城镇职工,开封市,2022-01-28,在保
P202300920,王丽,女,53,410102197102037926,城乡居民,驻马店市,2022-05-03,在保
P202302596,袁语嫣,女,9,410103201503214236,城乡居民,许昌市,2021-08-21,在保
P202301064,傅波,男,18,410302200601269549,城镇职工,南阳市,2020-09-20,停保
P202302591,朱慧,女,72,410102195208231700,城镇职工,洛阳市,2021-07-14,在保
P202300243,蒋慧,女,59,410502196509140120,城镇职工,驻马店市,2024-01-19,在保
P202301161,黄芳,女,5,410102201905096026,城乡居民,安阳市,2020-06-22,在保
P202302871,蔡玲,女,38,410702198605135209,城镇职工,南阳市,2024-03-10,在保
P202303736,周桂英,女,47,410104197704040745,城镇职工,安阳市,2020-08-11,在保
P202302398,张玉兰,女,31,410302199305177711,城镇职工,许昌市,2022-12-27,在保
P202303518,卢文彬,男,57,410102196704158245,城镇职工,安阳市,2023-02-08,停保
P202303422,郭淑珍,女,48,410104197605083053,城乡居民,焦作市,2021-05-29,在保
P202302564,朱秀英,女,54,410102197005015975,城镇职工,安阳市,2021-05-14,在保
P202301606,贾桂英,女,32,410402199207141258,城乡居民,许昌市,2023-04-18,在保
P202304878,彭玲,女,57,410104196705121294,城乡居民,鹤壁市,2024-03-30,在保
P202302325,宋萍,女,49,410103197510051856,灵活就业,信阳市,2020-06-04,在保
P202302710,丁萍,女,78,410302194607254666,城镇职工,安阳市,2020-03-24,在保
P202304443,曾桂英,女,59,410402196503116212,城镇职工,焦作市,2020-03-14,在保
P202301313,周建国,男,75,410105194904085999,城镇职工,信阳市,2022-08-08,在保
P202303449,郭斌,男,43,410106198105198965,城乡居民,郑州市,2022-04-07,在保
P202303813,冯晨曦,男,34,410702199009158023,城乡居民,商丘市,2022-12-13,在保
P202304703,朱浩然,男,61,410302196310219251,城乡居民,郑州市,2024-04-07,停保
P202302363,袁晓红,女,22,410106200204150526,城乡居民,许昌市,2022-02-07,在保
P202301976,孙佳慧,女,43,410202198105280541,城乡居民,驻马店市,2020-10-09,在保
P202303515,韩萍,女,57,410702196711099957,城镇职工,许昌市,2020-06-09,在保
P202301762,卢丽,女,63,410105196106027124,城乡居民,漯河市,2020-03-02,在保
P202302740,彭诗涵,女,65,410106195901188583,城乡居民,漯河市,2023-02-14,在保
P202304707,郑浩,男,75,410702194910065266,灵活就业,洛阳市,2020-01-17,在保
P202302473,周志强,男,35,410402198904079611,城镇职工,南阳市,2024-01-26,在保
P202304008,曾海涛,男,38,410105198601124128,城镇职工,信阳市,2023-02-11,在保
P202301494,李思琪,女,53,410302197109030413,城乡,周口市,2020-03-14,在保
P202304207,萧军,男,58,410104196605252355,城乡居民,南阳市,2022-05-16,在保
P202302159,曹秀英,女,73,410402195112139552,城乡居民,周口市,2022-03-25,在保
P202301170,何语嫣,女,65,410105195911061509,城乡居民,商丘市,2020-04-11,在保
P202304562,李斌,男,80,410104194408149294,城镇职工,新乡市,2021-09-27,在保
P202300233,董文博,男,50,410502197412271950,城镇职工,安阳市,2022-02-11,在保
P202300067,李慧,女,48,410104197608073634,灵活就业,焦作市,2021-07-26,停保
P202301604,林佳慧,女,35,410106198911112153,灵活就业,信阳市,2020-10-31,在保
P202303284,苏文博,男,65,410502195903111421,城乡居民,开封市,2023-09-19,在保
P202303597,孙文博,男,32,410702199212230484,城乡居民,开封市,2021-02-28,在保
P202300126,陈秀英,女,89,410103193507047625,城乡居民,平顶山市,,在保
P202301297,邓慧,女,66,410103195807099048,灵活就业,洛阳市,2024-01-05,在保
P202301977,徐芳,女,70,410502195404203018,城镇职工,开封市,2023-07-04,停保
P202304563,叶思琪,女,33,410104199107227025,城镇职工,郑州市,2021-10-17,退保
P202304527,胡婷,女,25,410502199909052063,城镇职工,漯河市,2020-03-29,在保
P202302076,杨浩,男,44,410104198011261354,城乡居民,郑州市,2022-02-03,在保
P202303087,叶紫薇,女,48,410103197601242219,城镇职工,开封市,2022-09-21,在保
P202304871,宋建国,男,95,410502192908134123,城镇职工,安阳市,2020-01-15,在保
P202303346,贾波,男,79,410103194507183901,灵活就业,洛阳市,2021-09-20,在保
P202304510,刘敏,女,48,410104197605150821,城镇职工,平顶山市,2022-06-15,在保
P202302798,周秀英,女,17,410103200701169350,城镇职工,信阳市,2020-08-21,在保
P202300919,赵海涛,男,41,410202198303097663,城乡居民,漯河市,2024-03-12,在保
P202301647,朱波,男,46,410105197808169714,城镇职工,南阳市,2020-04-10,在保
P202300365,周紫薇,女,62,410702196201061973,灵活就业,鹤壁市,2020-04-28,在保
P202303288,朱子轩,男,46,410102197804284426,城镇职工,驻马店市,2022-06-12,退保
P202302126,罗思琪,女,59,410106196509127029,城乡居民,鹤壁市,2023-03-15,在保
P202304124,曾雨彤,女,53,410702197103283831,城乡居民,平顶山市,2023-08-07,停保
P202300526,傅子轩,男,17,410103200711193667,城乡居民,许昌市,2023-09-24,在保
P202300056,曹明,男,66,410402195801133446,城镇职工,许昌市,2020-12-04,在保
P202300639,张飞,男,26,410102199807042168,城镇职工,信阳市,2023-10-20,停保
P202300303,周淑珍,女,63,410702196107125592,灵活就业,平顶山市,2022-08-22,退保
P202302767,蒋超,男,49,410102197509125073,城镇职工,驻马店市,2021-01-29,在保
P202301277,韩建国,男,91,410103193306217674,灵活就业,南阳市,2022-03-31,在保
P202302056,赵娟,女,35,410102198910151320,城镇职工,许昌市,,在保
P202303645,周勇,男,35,410103198908214718,城乡居民,南阳市,2021-11-18,停保
P202304144,蒋玉兰,女,55,410102196906066375,灵活就业,,2023-02-25,在保
P202302879,阎艳,女,55,410105196901206020,城乡居民,平顶山市,2020-03-07,在保
P202304203,韩宇航,男,32,410202199209284935,城乡居民,郑州市,2021-02-27,在保
P202302287,韩佳慧,女,150,410402196009217703,城镇职工,信阳市,2023-09-23,在保
P202302262,王涛,男,57,,城镇职工,许昌市,2020-07-21,在保
P202302297,蔡海涛,男,57,410302196708027547,城乡居民,驻马店市,2023-05-04,停保
P202301754,林秀兰,女,17,410502200705265590,城乡居民,开封市,2020-09-16,停保
P202301969,王晨曦,男,46,410402197806125332,城乡居民,洛阳市,2021-06-07,在保
P202304396,曾飞,男,25,410105199901202507,城镇职工,新乡市,2024-01-27,在保
P202303118,蒋思琪,女,36,410106198812164198,城乡居民,驻马店市,2023-10-02,在保
P202302394,卢辉,男,38,410502198611278967,城镇职工,漯河市,2020-01-13,在保
P202300524,谢佳慧,女,60,410702196405170411,城乡居民,鹤壁市,2021-09-14,在保
P202303901,吕文彬,男,39,410102198503100426,城镇职工,焦作市,2020-05-11,在保
P202303123,胡军,男,58,410202196607093227,城镇职工,开封市,2024-04-14,在保
P202304157,宋强,男,59,410103196512249140,城乡居民,焦作市,2022-02-10,退保
P202301970,李雨彤,女,70,410102195408040935,城乡居民,鹤壁市,2020-11-27,在保
P202300672,,男,12,410102201205070640,城镇职工,鹤壁市,2021-04-20,在保
P202304189,吴嘉伟,男,42,410302198202284297,城镇职工,周口市,2021-08-16,在保
P202300667,宋明,男,45,410402197912255943,城乡居民,平顶山市,2024-03-05,在保
P202304383,傅志强,男,37,410502198706238807,城乡居民,郑州市,2024-04-22,在保
P202301888,叶雪,女,57,410502196706276502,城镇职工,焦作市,2021-06-26,停保
P202303267,蒋晓红,女,34,410202199006105592,城镇职工,鹤壁市,2023-03-22,在保
P202300281,郭明,男,52,410104197208197607,城乡居民,驻马店市,2022-11-12,在保
P202301720,杨美琳,女,42,410104198209263749,城乡居民,南阳市,2023-07-28,退保
P202302948,冯凤英,女,0,410104202409127550,城乡居民,开封市,,停保
P202300900,蒋慧,女,35,410102198910194596,城镇职工,驻马店市,2023-08-04,在保
P202304900,陈秀兰,女,60,410202196411221600,城乡居民,开封市,2022-08-08,在保
P202300761,薛建国,男,39,410702198511192179,城乡居民,郑州市,2022-12-13,在保
P202301907,王杰,男,21,410102200301037088,城镇职工,南阳市,2022-08-02,在保
P202304043,丁宇航,男,20,410502200409201380,灵活就业,鹤壁市,2021-04-11,在保
P202303824,黄慧,女,53,410402197104144929,灵活就业,许昌市,2023-05-26,停保
P202304139,韩凤英,女,66,410202195805210045,城镇职工,新乡市,2024-02-16,在保
P202303819,董国强,男,42,410105198211174671,灵活就业,商丘市,2021-05-09,在保
P202304301,胡艳,女,42,410104198211202167,城镇职工,驻马店市,2020-08-03,在保
P202302594,吴欣怡,女,51,410104197307277194,城乡居民,焦作市,2024-03-17,在保
P202304165,刘玲,女,42,410502198210227716,城镇职工,安阳市,2023-08-22,在保
P202303032,许淑珍,女,38,410104198601087399,城镇职工,开封市,2020-12-11,在保
P202303580,叶志强,男,30,410302199407084529,城乡居民,平顶山市,2023-08-26,在保
P202302833,贾思琪,女,78,410702194609151384,城镇职工,漯河市,2024-02-02,在保
P202303473,董淑珍,女,50,410302197407230458,城乡居民,开封市,2023-01-11,在保
P202300138,黄淑珍,女,44,410202198003269709,城镇职工,信阳市,2023-11-13,停保
P202302181,韩诗涵,女,46,410702197808191905,城镇职工,焦作市,2020-08-24,在保
P202302129,何鹏,男,62,410702196203226558,城镇职工,平顶山市,2022-03-18,停保
P202303178,郑桂英,女,40,410102198401129061,城镇职工,郑州市,2022-11-17,在保
P202304412,马晨曦,男,48,410702197603282886,城乡居民,南阳市,2020-10-02,在保
P202304262,郑磊,男,44,410102198007204257,城乡居民,开封市,2020-05-12,在保
P202304345,徐欣怡,女,38,410104198605238258,城镇职工,安阳市,2022-01-16,停保
P202301332,何萍,女,71,410102195303046576,城乡居民,南阳市,2022-03-22,在保
P202302018,彭海涛,男,13,410402201104121305,城镇职工,周口市,2021-12-22,在保
P202302483,吴俊杰,男,85,410302193905071302,城镇职工,许昌市,2021-03-31,退保
P202301359,吴海涛,男,23,410105200103133300,城镇职工,周口市,2022-09-11,在保
P202301330,傅婷,女,60,410102196403257881,城乡居民,鹤壁市,2023-12-03,在保
P202302151,高紫薇,女,46,410105197806251444,城镇职工,信阳市,2022-12-19,在保
P202302123,宋飞,男,49,410106197511146430,城镇职工,平顶山市,2022-06-29,在保
P202303982,赵斌,男,79,410106194501244999,城镇职工,周口市,2020-09-18,在保
P202301253,周凤英,女,14,410202201010136749,城乡居民,漯河市,2020-03-10,在保
P202303279,丁勇,男,51,410106197304080543,城镇职工,鹤壁市,2022-06-20,退保
P202303375,冯欣怡,女,19,410502200507129323,城镇职工,驻马店市,2021-03-16,在保
P202302815,贾莉,女,82,410302194211028687,城乡居民,焦作市,2023-10-18,在保
P202301849,邓婷,女,67,410105195710159958,城乡居民,焦作市,2022-06-15,停保
P202303038,罗桂英,女,53,410104197101056972,城乡居民,许昌市,2023-12-11,在保
P202300389,程雨彤,女,67,410102195705146771,城镇职工,商丘市,2022-12-01,在保
P202300236,唐嘉伟,男,61,410202196305134778,城镇职工,商丘市,2022-01-05,在保
P202301078,何杰,男,42,410106198207045979,城镇职工,安阳市,2020-12-05,在保
P202301985,冯永强,男,67,410103195708103879,灵活就业,郑州市,2020-11-21,在保
P202304364,张敏,女,71,410502195306058565,城乡居民,鹤壁市,2021-05-09,在保
P202303963,刘思琪,女,50,410102197411209403,城镇职工,洛阳市,2021-03-31,在保
P202300771,程鹏,男,62,410104196211108613,城镇职工,驻马店市,2022-05-25,在保
P202302166,孙勇,男,31,410702199308245519,城镇职工,商丘市,2023-09-18,在保
P202300674,沈静,女,43,410106198103262663,灵活就业,信阳市,2022-01-31,退保
P202300250,沈俊杰,男,57,410502196706137732,城乡居民,平顶山市,2023-11-12,在保
P202301575,卢婷,女,58,410702196610238576,城镇职工,平顶山市,2021-05-29,在保
P202303420,董辉,男,40,410106198406026206,城镇职工,驻马店市,2021-10-15,在保
P202302082,曹明,男,60,410402196410259631,城乡居民,平顶山市,2021-01-16,在保
P202301824,张娟,女,38,410102198610129296,城镇职工,信阳市,2023-03-01,停保
P202300717,程雪,女,52,410502197201132697,灵活就业,周口市,2022-02-12,在保
P202304716,林敏,女,49,410202197512263816,城乡居民,信阳市,2022-05-19,在保
P202302049,刘天宇,男,44,410402198012011835,城镇职工,焦作市,2020-08-13,在保
P202304179,沈梦瑶,女,82,410302194207214984,城镇职工,信阳市,2022-09-14,在保
P202302725,王磊,男,85,410102193912026030,灵活就业,驻马店市,2023-05-03,在保
P202304567,邓子轩,男,65,410104195904028251,城乡居民,南阳市,2021-07-14,在保
P202301461,程俊杰,男,47,410402197710231907,城镇职工,安阳市,2024-02-07,在保
P202301669,高雨彤,女,65,410106195912177308,城乡居民,漯河市,2023-10-18,在保
P202302757,袁晨曦,男,53,410105197103259056,城乡居民,平顶山市,2023-06-03,在保
P202302001,唐淑珍,女,37,410702198709139851,灵活就业,南阳市,2021-03-03,停保
P202300405,杨宇航,男,41,410702198311109118,城乡居民,驻马店市,2021-02-27,在保
P202300385,罗鹏,男,36,410502198810173456,城乡居民,漯河市,2023-11-07,退保
P202304538,罗娜,女,44,410702198010166504,城镇职工,新乡市,2023-08-04,在保
P202302153,马语嫣,女,50,410105197401112367,灵活就业,驻马店市,2022-12-30,在保
P202301634,谢军,男,68,410106195606119091,城镇职工,开封市,2023-03-26,在保
P202304632,贾慧,女,40,410102198401080603,城镇职工,洛阳市,2022-01-18,在保
P202303926,刘浩,男,43,410103198105129661,城镇职工,平顶山市,2022-12-19,在保
P202304159,赵斌,男,38,410702198605140222,城乡居民,商丘市,2020-06-02,在保
P202300224,孙建华,男,20,410104200412088540,城镇职工,平顶山市,2020-02-16,退保
P202302194,唐鹏,男,25,410402199901272571,城乡居民,新乡市,2024-01-09,在保
P202303137,魏明,男,67,410102195701106329,城镇职工,周口市,,在保
P202301825,谢秀兰,女,53,410106197110033797,灵活就业,周口市,2023-10-18,在保
P202304658,曾建国,男,33,410302199101107102,灵活就业,信阳市,2022-11-04,在保
P202300798,苏天宇,男,62,410502196205144118,城乡居民,鹤壁市,2021-09-15,在保
P202302872,高军,男,58,410104196604083797,城乡居民,商丘市,2022-05-13,在保
P202300010,周娟,女,59,410502196505245986,城乡居民,漯河市,2023-04-10,在保
P202301945,魏俊杰,男,61,410102196309119235,城镇职工,洛阳市,2020-03-28,在保
P202301839,曾鹏,男,49,410702197508138029,城乡居民,驻马店市,2022-10-06,在保
P202300256,彭文彬,男,41,410302198301104236,城乡居民,平顶山市,2020-06-22,在保
P202304554,张娜,女,32,410104199207148824,城乡居民,鹤壁市,2022-03-10,在保
P202301582,袁丽,女,70,410103195403247288,城镇职工,安阳市,2020-05-02,在保
P202302957,苏俊杰,男,66,410302195809166737,城镇职工,洛阳市,2021-11-19,停保
P202300925,赵涛,男,71,410102195307205324,城乡居民,漯河市,2022-09-22,在保
P202304474,韩静,女,59,410202196501272792,城镇职工,开封市,2021-09-26,在保
P202302509,吴娜,女,25,410702199912156807,城镇职工,信阳市,2021-08-08,在保
P202303776,于文博,男,58,410702196605034765,城镇职工,郑州市,2020-12-12,退保
P202304137,梁天宇,男,48,410202197601228322,城乡居民,南阳市,2020-05-12,在保
P202302780,黄天宇,男,58,410702196601242924,城镇职工,新乡市,2020-06-23,在保
P202300540,陈辉,男,39,410202198511190911,城乡居民,商丘市,2022-04-27,在保
P202302746,黄军,男,44,410104198006210131,城乡居民,商丘市,2022-11-04,在保
P202304544,冯秀兰,女,39,410502198505270147,城镇职工,驻马店市,2021-07-15,在保
P202304617,何浩然,男,70,410202195410135436,城镇职工,驻马店市,2023-11-07,在保
P202301146,刘文彬,男,50,410102197404279634,城乡居民,漯河市,2021-05-29,在保
P202304469,邓波,男,51,410702197307130542,城镇职工,漯河市,2023-08-24,在保
P202300668,郑美琳,女,77,410302194705020645,城镇职工,焦作市,2022-07-15,在保
P202303020,卢天宇,男,59,410103196504171356,灵活就业,平顶山市,2023-01-27,在保
P202300358,郭婷,女,44,410102198012206018,城乡居民,平顶山市,2022-05-09,在保
P202302832,彭明,男,33,410402199110135335,城镇职工,平顶山市,2023-06-27,在保
P202302784,徐建国,男,31,410302199303226291,城镇职工,许昌市,2020-04-19,在保
P202301354,罗志强,男,63,410106196103116728,城乡居民,焦作市,2023-06-10,在保
P202300471,吕杰,男,45,410202197904210002,城乡居民,,2021-07-19,在保
P202302704,许嘉伟,男,68,410402195603248620,城乡居民,商丘市,2022-07-24,在保
P202303331,吴娟,女,66,410302195812071206,城镇职工,郑州市,2021-02-05,在保
P202303638,朱雪,女,56,410302196810196047,城镇职工,平顶山市,2020-09-11,在保
P202301397,,女,25,410102199912205026,灵活就业,许昌市,2024-04-14,停保
P202303585,韩秀兰,女,51,410502197302046778,城乡居民,开封市,2020-10-11,在保
P202304532,罗子轩,男,67,410202195703186884,灵活就业,南阳市,2021-10-22,在保
P202303377,胡永强,男,44,410402198001277759,灵活就业,鹤壁市,2020-02-13,在保
P202301257,张晓红,女,80,410502194402144364,灵活就业,周口市,2022-03-31,在保
P202303513,曾玲,女,80,,城乡居民,郑州市,2020-12-10,在保
P202301251,郑梦瑶,女,55,410106196904117168,城乡居民,驻马店市,2024-03-01,在保
P202304857,萧凤英,女,65,410502195910275837,灵活就业,许昌市,2022-09-14,在保
P202304299,郭晓红,女,32,410202199203284925,城镇职工,郑州市,2022-01-23,在保
P202303285,于莉,女,21,410202200310093999,城镇职工,漯河市,2024-01-03,在保
P202302934,苏艳,女,67,410402195706127005,城镇职工,周口市,2023-07-11,在保
P202304176,冯勇,男,58,410202196601057666,城乡居民,商丘市,2024-04-02,在保
P202301853,曾思琪,女,28,410402199611210514,灵活就业,郑州市,2023-04-20,在保
P202304919,周莉,女,74,410502195005104660,城镇职工,安阳市,2020-08-30,在保
P202302106,张鹏,男,79,410106194509078141,城镇职工,安阳市,2024-02-09,在保
P202300134,郑斌,男,58,410702196608176834,城镇职工,郑州市,2021-03-27,在保
P202300929,苏俊杰,男,78,410202194601267535,城镇职工,商丘市,2022-06-28,在保
P202300824,冯海涛,男,43,410102198105189869,城镇职工,商丘市,2020-07-26,在保
P202304589,赵斌,男,41,410202198302116179,城乡居民,焦作市,2020-12-05,在保
P202301532,张霞,女,18,410302200602030894,城镇职工,漯河市,2023-09-23,在保
P202301215,韩伟,男,44,410302198006255591,灵活就业,信阳市,2021-04-03,在保
P202300505,吕凤英,女,38,410702198608073280,城镇职工,开封市,2020-04-11,退保
P202304286,谢浩,男,53,410104197106084311,城镇职工,开封市,2022-06-22,在保
P202301997,高明,男,49,410105197501267063,城镇职工,洛阳市,2020-06-10,在保
P202303073,林伟,男,53,410105197105112543,灵活就业,郑州市,2021-01-05,退保
P202301959,张紫薇,女,69,410105195508172732,城乡居民,许昌市,2021-03-22,在保
P202301385,胡霞,女,63,410402196106118257,灵活就业,漯河市,2022-01-10,在保
P202300895,蒋杰,男,74,410102195007171105,城乡居民,焦作市,2023-02-25,在保
P202300456,邓波,男,35,410702198911018994,城乡居民,洛阳市,2021-03-19,在保
P202304684,袁芳,女,37,410102198709101046,城乡居民,开封市,2023-10-28,在保
P202303710,于紫薇,女,50,410402197403220877,灵活就业,南阳市,2024-05-18,在保
P202304666,张浩然,,47,410402197710163376,城乡居民,驻马店市,2024-01-06,在保
P202304269,薛紫薇,女,29,410402199508221335,城乡居民,郑州市,2021-08-24,在保
P202303523,冯超,男,32,410502199208215956,城乡居民,新乡市,2021-02-17,停保
P202304135,沈磊,男,48,410106197607099077,城镇职工,开封市,2021-11-18,在保
P202303603,马桂英,女,86,410105193808042897,城乡居民,新乡市,2020-11-13,在保
P202300714,曹婷,女,57,410202196709180180,城镇职工,南阳市,2020-08-31,在保
P202304187,萧桂英,女,92,410702193209083778,灵活就业,平顶山市,2023-05-01,在保
P202302215,魏雪,女,41,410104198305128475,城镇职工,周口市,2023-01-11,在保
P202302924,朱建国,男,48,410202197602257384,城镇职工,鹤壁市,2022-12-03,在保
P202301811,刘军,男,41,410103198302043916,城乡居民,洛阳市,2020-09-22,停保
P202303487,何芳,女,77,410105194707134205,城乡居民,南阳市,2020-01-26,在保
P202303142,郭国强,男,11,410103201308203997,城镇职工,漯河市,2020-03-09,在保
P202301828,赵浩,男,75,410103194908064338,城镇职工,郑州市,2023-01-19,在保
P202301156,陈强,男,68,,城镇职工,周口市,2023-09-03,停保
P202301325,朱永强,男,51,410106197306013296,城乡居民,平顶山市,2022-02-22,在保
P202304313,李永强,男,58,,城镇职工,新乡市,2024-01-05,在保
P202300511,薛嘉伟,男,54,410103197005166534,城乡居民,新乡市,2022-01-08,停保
P202301681,彭永强,男,57,410402196705165341,城乡居民,开封市,2020-12-25,在保
P202300500,杨浩,男,25,410302199905053100,城镇职工,郑州市,2022-12-07,在保
P202304582,阎浩,男,32,410402199201160595,城乡居民,鹤壁市,2020-02-27,在保
P202301857,吕淑珍,女,75,410105194912099589,城职,南阳市,2020-02-22,在保
P202301389,吕莉,女,50,410202197404158450,灵活就业,新乡市,2023-01-27,在保
P202303720,阎超,男,48,410502197611091900,城镇职工,商丘市,2021-12-10,在保
P202302387,冯海涛,男,45,410402197901070318,城镇职工,商丘市,2023-01-09,在保
P202303237,袁莉,女,68,410106195608140139,城职,南阳市,2023-11-19,在保
P202301541,薛嘉伟,男,49,410702197509146612,城镇职工,新乡市,2023-05-11,在保
P202301218,刘浩然,男,55,410302196905243452,城乡居民,郑州市,2021-10-20,在保
P202302682,李俊杰,男,44,410102198012225304,灵活就业,驻马店市,2021-07-03,在保
P202302994,张明,男,46,410104197807283045,灵活就业,平顶山市,2022-03-31,在保
P202301192,高永强,,25,410103199904188588,城镇职工,平顶山市,2020-12-11,在保
P202301543,谢辉,男,79,410402194511269395,城镇职工,安阳市,2023-01-01,在保
P202303302,徐秀兰,女,33,410402199107016518,城镇职工,周口市,2021-10-23,在保
P202303325,袁勇,男,69,410105195504114018,城镇职工,许昌市,2023-11-26,在保
P202302540,谢凤英,女,50,410104197410236852,城乡居民,商丘市,2022-06-18,在保
P202300954,叶浩然,男,75,410103194903286132,城镇职工,郑州市,2023-02-10,在保
P202304331,,男,62,410105196206197238,城镇职工,郑州市,2021-08-02,在保
P202300733,冯晨曦,男,57,410103196707277412,城镇职工,新乡市,2020-08-17,在保
P202301157,周萍,女,37,410103198711030784,城镇职工,驻马店市,2021-02-25,在保
P202303295,徐建华,男,28,410402199601107262,城镇职工,平顶山市,2021-06-05,在保
P202302983,宋宇航,男,63,410106196107257765,城乡居民,信阳市,2021-06-24,在保
P202302157,孙敏,女,43,410106198107118513,城镇职工,漯河市,2021-11-01,在保
P202301063,吴宇航,男,70,410502195412203255,城镇职工,开封市,2023-03-17,退保
P202302617,刘伟,男,36,410702198811237485,城镇职工,南阳市,2022-07-13,在保
P202301168,何语嫣,女,60,410402196401150097,城镇职工,郑州市,2022-01-04,在保
P202303223,谢波,男,74,410302195009233613,城镇职工,商丘市,2020-01-09,停保
P202303637,马慧,女,43,410105198106286289,城乡居民,商丘市,2023-10-20,停保
P202302939,郑子轩,男,20,410104200401271126,城乡居民,平顶山市,2021-01-27,在保
P202304492,徐永强,男,32,410202199210198274,城乡居民,平顶山市,2021-08-09,在保
P202303141,程永强,男,65,410502195908220944,城乡居民,许昌市,2020-06-09,退保
P202300144,张娜,女,53,410106197102218841,城镇职工,周口市,2023-05-01,在保
P202303578,袁雨彤,女,38,410106198603247846,城镇职工,南阳市,2021-08-21,在保
P202302783,蔡嘉伟,男,28,410104199607269825,城乡居民,平顶山市,2020-05-11,停保
P202300718,阎玲,女,52,410102197210021315,城镇职工,焦作市,2024-02-28,在保
P202301820,何磊,男,32,410104199201054930,灵活就业,南阳市,2020-09-09,在保
P202302503,苏秀英,女,44,410402198010168889,城乡居民,漯河市,2022-09-24,在保
P202304361,苏志强,男,55,410702196911243287,城乡居民,许昌市,2022-02-08,在保
P202304172,韩萍,女,47,410202197711204242,城镇职工,信阳市,2022-06-11,在保
P202300396,魏秀英,女,41,410202198303044106,城镇职工,信阳市,2021-07-10,在保
P202304886,张静,女,41,410105198308142575,城乡居民,开封市,2022-05-01,在保
P202304493,曾欣怡,女,39,410502198501031802,城乡居民,焦作市,2024-03-26,在保
P202301366,许超,男,47,410502197703121621,城乡居民,商丘市,2020-12-05,在保
P202304604,程超,男,73,410106195105277595,城乡居民,南阳市,2022-05-29,退保
P202300596,陈志强,男,40,410402198408281744,城镇职工,平顶山市,2021-12-14,在保
P202303953,曾紫薇,女,89,410104193510095766,城乡居民,焦作市,2020-11-27,在保
P202302915,傅浩,男,62,410104196210120904,灵活就业,焦作市,2021-01-16,停保
P202302327,何淑珍,女,30,410104199412019119,城镇职工,南阳市,2020-09-03,在保
P202303767,宋艳,女,32,410103199206124873,灵活就业,洛阳市,2020-02-23,在保
P202303441,陈秀兰,女,52,410103197203041208,城镇职工,南阳市,2020-04-08,在保
P202303852,冯梦瑶,女,58,410104196612108396,城镇职工,焦作市,2023-08-21,在保
P202304133,贾鹏,男,69,410502195511044986,城镇职工,信阳市,2022-03-25,在保
P202304930,梁涛,男,47,410104197707013795,城乡居民,许昌市,2022-09-30,在保
P202302144,许明,男,54,410402197002052945,城镇职工,许昌市,2021-12-13,在保
P202301572,唐勇,男,27,410402199703281353,城镇职工,鹤壁市,2023-06-01,在保
P202304080,吴美琳,女,44,410502198010073544,城镇职工,许昌市,2021-06-04,在保
P202301123,阎斌,男,61,410104196310108053,城镇职工,周口市,2022-11-14,在保
P202302787,曹芳,女,36,410106198806286099,城镇职工,鹤壁市,2024-02-01,在保
P202302968,沈桂英,女,39,410502198512075114,灵活就业,,2024-01-02,在保
P202302505,张凤英,女,30,410302199412163068,城镇职工,郑州市,2023-03-19,在保
P202303466,贾文博,男,25,410104199902044378,城镇职工,开封市,2021-04-12,在保
P202300676,徐明,男,35,410202198910054514,城镇职工,焦作市,2021-01-12,在保
P202302809,朱美琳,女,66,410106195808018614,灵活就业,南阳市,2021-10-03,在保
P202303349,韩建国,男,62,410105196208150914,城乡居民,平顶山市,2020-02-25,在保
P202300729,于秀兰,女,40,410103198411078666,城镇职工,安阳市,2021-08-10,在保
P202300413,冯萍,女,22,410105200205139865,灵活就业,安阳市,2022-07-16,在保
P202303147,程天宇,男,37,410103198712184046,城乡居民,许昌市,2023-04-09,退保
P202301517,高莉,女,77,410302194712251083,城镇职工,商丘市,2023-08-11,在保
P202300826,许斌,男,76,410502194808020017,灵活就业,鹤壁市,2023-06-25,在保
P202303268,傅语嫣,女,43,410702198103038744,城镇职工,信阳市,2023-10-30,在保
P202303975,曾永强,男,56,410702196805276175,灵活就业,洛阳市,2022-02-25,在保
P202300617,薛军,男,51,410702197312056747,城乡居民,焦作市,2020-12-25,在保
P202300115,张雨彤,女,46,410402197808088755,城镇职工,洛阳市,2023-11-05,在保
P202300418,刘永强,男,52,410106197203106994,城镇职工,开封市,2020-05-07,在保
P202303070,薛斌,男,62,410202196205192309,城镇职工,新乡市,2021-09-18,退保
P202301626,李桂英,女,69,,灵活就业,新乡市,2020-12-09,在保
P202301502,陈文彬,男,40,410102198401200510,城镇职工,安阳市,2020-01-01,在保
P202304186,丁紫薇,女,56,410502196809283042,城乡居民,平顶山市,2020-02-02,在保
P202302897,郑涛,男,12,410502201209126532,灵活就业,许昌市,2020-08-31,在保
P202304719,梁斌,男,63,410202196111269991,城职,漯河市,2021-06-27,在保
P202302083,杨强,男,24,410402200009022415,城镇职工,许昌市,2023-02-06,在保
P202300754,何建国,男,68,410106195607223792,城乡居民,漯河市,2023-02-19,在保
P202302547,赵娟,女,25,410106199905224916,城乡居民,许昌市,2020-04-29,在保
P202303970,李静,女,73,410102195107058196,城镇职工,郑州市,2022-02-28,在保
P202303374,傅杰,男,82,410302194208199949,城乡居民,郑州市,2023-06-12,在保
P202304108,郭欣怡,女,74,410402195008022829,城乡居民,周口市,2020-03-22,在保
P202302445,卢海涛,男,40,410102198410186011,城镇职工,郑州市,2021-03-19,在保
P202304381,李志强,男,52,410202197211021824,城镇职工,南阳市,2023-03-27,在保
P202301067,王梦瑶,女,26,410104199801207248,城乡居民,漯河市,2020-06-10,在保
P202303914,郭静,女,34,410105199010182385,城乡居民,许昌市,2024-04-03,在保
P202303499,程慧,女,46,410105197806265726,城镇职工,洛阳市,2021-03-03,在保
P202302739,梁国强,男,77,410104194706116377,城乡居民,信阳市,2022-08-10,在保
P202304001,林俊杰,男,34,410102199011274399,灵活就业,焦作市,2022-11-01,在保
P202301569,马建华,男,21,410302200303080173,城乡居民,周口市,2023-12-30,在保
P202302428,王莉,女,48,410102197612103264,城镇职工,洛阳市,2023-01-10,在保
P202303747,何佳慧,女,10,410102201405142890,城乡居民,郑州市,2022-06-09,在保
P202304687,刘军,男,35,410702198901052182,城乡居民,郑州市,2020-07-13,在保
P202301688,何诗涵,女,53,410502197109240054,城乡居民,商丘市,2024-02-10,在保
P202300852,刘明,男,40,410502198401143523,城乡居民,新乡市,2023-08-04,停保
P202303547,贾强,男,62,410302196209058270,城乡居民,安阳市,2022-12-18,停保
P202300896,许波,男,61,410103196304071085,灵活就业,焦作市,2020-12-21,在保
P202304593,黄宇航,男,59,410102196501065108,城镇职工,南阳市,2021-09-22,在保
P202300336,丁天宇,男,47,410702197710055763,城镇职工,鹤壁市,2022-10-05,在保
P202302840,董秀兰,女,47,410103197702227538,城镇职工,南阳市,2023-09-08,在保
P202303088,许文彬,男,71,410106195307221176,城镇职工,新乡市,2023-02-10,在保
P202304612,黄玉兰,女,13,410402201102288620,灵活就业,南阳市,2022-03-26,在保
P202301349,吕秀兰,女,25,410302199903069588,城乡居民,开封市,2024-02-28,在保
P202301016,郭嘉伟,男,53,410202197105269281,城乡居民,平顶山市,2020-01-05,停保
P202302817,赵志强,男,58,410106196609284195,城镇职工,南阳市,2021-12-29,在保
P202301632,贾辉,男,34,410104199005118706,城乡居民,洛阳市,2022-12-23,在保
P202302490,贾子轩,男,15,410202200907104789,城镇职工,周口市,2023-01-03,退保
P202303731,吕萍,女,65,410502195910191464,灵活就业,南阳市,2023-03-20,在保
P202303252,刘静,女,55,410106196910161673,城镇职工,许昌市,2023-10-30,在保
P202304682,程鹏,男,39,410105198506196466,城镇职工,南阳市,2021-11-22,在保
P202302071,,女,67,410102195704012243,城镇职工,安阳市,2022-04-16,在保
P202304453,刘欣怡,女,70,410104195408168092,城镇职工,商丘市,2020-06-11,退保
P202304933,董文博,男,77,410502194712232475,城镇职工,周口市,2021-09-20,在保
P202301636,傅思琪,女,42,410302198201109406,城镇职工,洛阳市,2023-09-09,在保
P202304647,邓强,男,24,410502200003276922,城镇职工,南阳市,2020-10-21,在保
P202302480,彭慧,女,62,410105196202179473,城乡居民,周口市,2023-12-02,在保
P202302266,丁军,男,71,410104195309176927,城镇职工,驻马店市,2024-03-05,在保
P202302960,黄飞,男,30,410402199408282344,城乡居民,周口市,2021-06-22,在保
P202304781,林永强,男,55,410402196905255598,城镇职工,南阳市,2022-11-02,在保
P202303060,张明,男,42,410702198204026091,城镇职工,许昌市,2021-07-03,停保
P202302142,朱嘉伟,男,50,410106197408260304,城乡居民,信阳市,2021-09-21,在保
P202303119,陈娜,女,68,410103195605032021,城镇职工,驻马店市,2020-07-31,在保
P202304774,彭萍,女,50,410102197408063506,城乡居民,南阳市,2024-05-19,停保
P202304046,郭浩然,男,42,410104198207113497,城乡居民,洛阳市,2021-01-22,停保
P202303357,孙佳慧,女,51,410702197306236769,城乡居民,焦作市,2023-12-24,在保
P202302745,郑梦瑶,女,4,410102202011086570,城乡,平顶山市,2020-10-16,在保
P202303507,曾永强,男,55,410102196903251987,城镇职工,开封市,2022-06-04,在保
P202301680,梁淑珍,女,42,410502198211107704,城乡居民,安阳市,2020-11-22,在保
P202304250,沈波,男,48,410104197609067471,灵活就业,周口市,2022-04-06,停保
P202303148,梁静,女,37,410102198706016362,城乡居民,南阳市,2020-04-19,在保
P202302295,阎娟,女,-1,410202198901225379,城镇职工,平顶山市,2020-10-23,在保
P202300581,蔡慧,女,56,410102196811054932,灵活就业,商丘市,2022-08-01,停保
P202301471,吴国强,男,71,410105195302014007,灵活就业,开封市,2021-07-08,在保
P202304071,袁浩然,男,60,410105196412133199,城镇职工,郑州市,2022-11-21,在保
P202303344,沈浩,男,72,410102195202093668,城乡居民,安阳市,2020-01-10,在保
P202304584,丁思琪,女,64,410105196003143427,灵活就业,开封市,2020-01-07,退保
P202303673,萧杰,男,29,410702199502086776,灵活就业,信阳市,2023-09-30,在保
P202300560,邓军,男,42,410102198204175506,城乡居民,许昌市,2020-03-21,在保
P202302850,阎佳慧,女,40,410106198403102558,城镇职工,开封市,2022-02-24,停保
P202300513,王强,男,45,410402197912201585,城乡居民,平顶山市,2020-07-02,在保
P202301082,郑明,男,43,410202198106057985,城镇职工,洛阳市,2020-01-20,在保
P202301665,徐明,男,73,410104195104272143,城乡居民,开封市,2021-08-27,在保
P202301013,郑海涛,男,87,410302193711238421,城镇职工,信阳市,2020-12-13,退保
P202301932,陈娜,女,58,410502196611237710,城乡居民,洛阳市,2020-08-25,在保
P202301151,傅志强,男,32,410106199212021060,灵活就业,信阳市,2022-11-05,在保
P202302839,吴思琪,女,89,410102193503232863,灵活就业,平顶山市,2024-03-24,在保
P202300117,刘宇航,男,49,410104197510070708,城镇职工,新乡市,2023-04-15,在保
P202300741,阎志强,男,16,410302200806234321,城乡居民,鹤壁市,2020-11-24,在保
P202304856,彭诗涵,女,92,410502193210111967,城镇职工,安阳市,,在保
P202303676,林鹏,男,51,410106197312017442,城镇职工,开封市,2024-01-27,停保
P202300831,王永强,男,25,410502199912235006,城镇职工,驻马店市,2020-06-15,在保
P202300120,刘静,女,63,410502196102240657,城乡居民,信阳市,2024-05-12,在保
P202304829,吴鹏,男,66,410106195805016987,城乡居民,新乡市,2023-07-25,在保
P202304788,蔡晨曦,男,38,410202198609164917,城镇职工,郑州市,2024-01-13,在保
P202300636,孙建华,男,20,410302200411073066,城镇职工,漯河市,2020-08-06,在保
P202304466,孙军,男,29,410402199504152183,城乡居民,鹤壁市,2023-05-04,在保
P202304365,梁娜,女,39,410102198510074850,城镇职工,洛阳市,2024-03-11,在保
P202304143,马玉兰,女,56,410202196803141125,城镇职工,洛阳市,2020-03-02,在保
P202300992,薛紫薇,女,13,410702201106086654,城乡居民,新乡市,2023-04-11,在保
P202300877,韩艳,女,40,410103198409131927,灵活就业,洛阳市,2021-11-04,在保
P202300005,杨雪,女,45,,城镇职工,郑州市,2023-09-16,在保
P202303052,林莉,女,37,410302198703126151,城镇职工,驻马店市,2023-01-22,在保
P202303125,何霞,女,47,410702197710174600,城乡居民,周口市,2021-04-15,在保
P202302661,唐志强,男,28,410402199601136447,城乡居民,商丘市,2022-05-25,在保
P202302492,胡美琳,女,37,410105198701286357,城乡居民,开封市,2021-02-16,在保
P202303855,丁诗涵,女,43,410702198107118086,城乡居民,郑州市,2020-03-26,在保
P202301716,宋鹏,男,48,410502197612171396,城镇职工,郑州市,2021-03-10,在保
P202301149,何艳,女,78,410102194603075605,城镇职工,漯河市,2024-03-31,在保
P202303262,朱丽,女,50,410105197406059977,城镇职工,许昌市,2023-04-25,在保
P202300575,赵国强,男,64,410502196002167419,城乡居民,漯河市,2023-12-18,在保
P202303770,郭磊,男,40,410502198406029152,城乡居民,商丘市,2023-11-14,在保
P202303737,曾俊杰,男,41,410102198311050286,灵活就业,郑州市,2022-09-28,在保
P202304147,李娜,女,56,410104196806223541,城镇职工,焦作市,2020-06-27,在保
P202300854,宋丽,女,71,410102195308089420,城镇职工,商丘市,2021-04-01,在保
P202301983,胡芳,女,38,410102198606238129,城乡居民,新乡市,2022-06-20,在保
P202302775,于子轩,男,41,410102198305110335,城乡居民,许昌市,2023-06-14,在保
P202301167,吕辉,男,74,410106195011267909,城镇职工,郑州市,2020-09-11,在保
P202300972,薛伟,男,37,410502198712122508,城乡居民,商丘市,2023-06-01,在保
P202302702,何飞,男,69,410202195512230622,城镇职工,焦作市,2020-09-14,停保
P202304496,萧强,男,80,410202194406203609,城镇职工,洛阳市,2021-10-13,在保
P202303848,苏建国,男,41,410402198309116847,灵活就业,洛阳市,2020-04-25,在保
P202302369,朱伟,男,29,410402199511070226,城镇职工,信阳市,2023-12-06,在保
P202304116,傅勇,男,43,410702198102068697,城乡居民,平顶山市,2023-02-25,在保
P202304132,王秀兰,女,50,410106197403234692,灵活就业,周口市,2024-01-15,在保
P202302951,卢婷,女,71,410302195301155749,城镇职工,平顶山市,2020-02-15,在保
P202300525,邓军,男,36,410105198809131943,城镇职工,驻马店市,2023-09-07,在保
P202302456,于志强,男,76,410202194807023558,城乡居民,信阳市,2023-03-17,在保
P202301842,叶飞,男,16,410105200812239908,城镇职工,商丘市,2023-04-25,在保
P202300538,沈欣怡,女,43,410302198105034088,城镇职工,南阳市,2024-05-03,在保
P202302807,王鹏,男,48,410103197602264686,灵活就业,平顶山市,2020-07-17,在保
P202304342,谢志强,男,53,410202197104051317,城职,鹤壁市,2023-10-29,在保
P202303176,李雪,女,36,410502198808098491,城镇职工,南阳市,,在保
P202300785,曾嘉伟,男,60,410702196412224792,城乡居民,漯河市,2021-08-23,在保
P202304058,阎丽,女,58,410502196611135937,城乡居民,许昌市,2021-05-28,在保
P202301410,宋明,男,45,410105197908078136,城镇职工,郑州市,2022-01-03,在保
P202302538,,男,66,410302195812284374,城乡居民,鹤壁市,2020-02-14,在保
P202300155,谢永强,男,55,410402196908252886,灵活就业,驻马店市,2022-12-16,在保
P202303010,萧语嫣,女,41,410102198301132863,城乡居民,安阳市,2021-10-26,停保
P202301687,阎文彬,男,41,410502198303050660,城乡居民,安阳市,2020-04-06,停保
P202302902,罗嘉伟,男,42,410702198206194743,城镇职工,平顶山市,2020-04-16,在保
P202305000,唐军,男,34,410302199006016464,城乡居民,许昌市,2022-10-18,在保
P202304722,曾军,男,59,410102196503222742,城乡居民,鹤壁市,2021-05-01,在保
P202303864,唐凤英,女,46,410102197801155172,城乡居民,安阳市,2021-09-13,在保
P202302734,卢芳,女,34,410103199007264976,城乡居民,信阳市,2023-11-14,停保
P202301896,郭文彬,男,43,410202198104100120,灵活就业,鹤壁市,2023-12-04,在保
P202300570,吕梦瑶,女,43,410105198101061510,城乡居民,商丘市,2021-12-15,在保
P202301817,魏淑珍,,11,410103201312246700,城乡居民,平顶山市,2021-03-15,在保
P202302066,傅宇航,男,39,410202198512239182,灵活就业,周口市,2021-07-28,在保
P202300128,吴永强,男,39,410103198506285695,城乡居民,洛阳市,2024-04-10,在保
P202303395,郭浩,男,85,410103193910178205,城镇职工,平顶山市,2023-11-08,在保
P202303328,梁俊杰,男,39,410103198504242102,灵活就业,郑州市,2024-04-12,停保
P202303586,林永强,男,26,410104199805135737,城乡居民,开封市,2021-01-15,停保
P202302976,刘文彬,男,51,410106197303166504,城乡居民,周口市,2021-04-09,在保
P202300981,张丽,女,64,410402196011091216,城乡居民,信阳市,2023-01-31,在保
P202302301,于萍,女,68,410402195602141680,城镇职工,平顶山市,2021-08-26,在保
P202300191,刘鹏,男,41,410402198305180081,城乡居民,南阳市,2020-10-01,停保
P202301140,吕辉,男,62,410103196208253839,城镇职工,商丘市,2020-03-01,停保
P202300700,蒋芳,女,46,410103197810076013,城乡居民,开封市,2023-10-05,在保
P202304830,杨晓红,女,31,410702199312220001,城乡居民,洛阳市,2021-01-05,在保
P202300607,周伟,男,36,410102198803249067,城镇职工,商丘市,2022-06-13,退保
P202304277,吕娟,女,39,410202198512238728,城镇职工,郑州市,2023-10-20,在保
P202300302,曹波,男,39,410402198511200728,城镇职工,漯河市,,退保
P202303421,唐杰,男,39,410102198503080468,城乡居民,鹤壁市,2023-03-14,在保
P202304870,傅鹏,男,40,410502198403131437,城镇职工,信阳市,2021-02-25,在保
P202301061,黄玉兰,女,63,410402196107276606,灵活就业,郑州市,2022-02-06,在保
P202302566,林秀英,女,42,410702198202110941,城镇职工,安阳市,2021-04-13,在保
P202300839,卢思琪,女,67,,灵活就业,安阳市,2020-09-06,在保
P202301070,杨晓红,女,56,410102196811198871,城镇职工,洛阳市,2022-07-29,停保
P202302525,苏宇航,男,66,410102195811283411,城乡居民,驻马店市,2023-01-24,在保
P202302206,宋浩,男,58,410202196601020987,城乡居民,新乡市,2020-10-06,在保
P202301244,贾建国,男,31,410102199305095745,城镇职工,洛阳市,2021-11-30,在保
P202300017,周永强,男,31,,城乡居民,南阳市,2021-03-09,停保
P202303121,曾思琪,女,41,410106198308025145,城镇职工,南阳市,2020-01-03,在保
P202304643,徐雪,女,45,410105197904120190,城镇职工,南阳市,2023-12-23,在保
P202304755,郭辉,男,40,410104198406278676,城镇职工,信阳市,2023-08-04,在保
P202300816,丁伟,男,23,410106200109211268,城乡居民,洛阳市,2021-01-29,退保
P202303068,罗静,女,50,410402197404277555,城乡居民,焦作市,2021-06-16,在保
P202304834,赵永强,男,61,410105196301210051,灵活就业,许昌市,2022-03-02,在保
P202300960,唐浩,男,58,410106196611149622,城镇职工,驻马店市,2021-02-21,在保
P202300226,魏浩然,男,69,410302195510259580,城镇职工,新乡市,2021-02-26,在保
P202303355,张雪,女,39,410105198507267094,城镇职工,鹤壁市,2024-03-23,在保
P202302486,于欣怡,女,65,410104195903078369,城乡居民,驻马店市,2023-12-11,停保
P202300563,唐斌,男,65,410102195903156043,城镇职工,漯河市,2022-07-20,在保
P202303437,陈浩然,男,60,410702196406069842,城镇职工,郑州市,2023-02-26,停保
P202301694,宋雪,女,25,410106199904289330,城乡居民,商丘市,2020-06-22,在保
P202301046,彭慧,女,65,410402195902094650,城镇职工,驻马店市,2020-11-14,停保
P202303447,邓军,男,47,410106197702239118,城镇职工,平顶山市,2020-01-28,在保
P202304566,梁莉,女,39,410104198501097411,灵活就业,商丘市,2021-12-06,停保
P202300955,黄娜,女,48,410105197611060898,城职,安阳市,2024-03-22,在保
P202302516,谢诗涵,女,55,410106196907205619,城镇职工,鹤壁市,2020-02-17,停保
P202302736,李秀英,女,40,410302198411064706,城乡,开封市,2023-04-27,在保
P202304954,赵欣怡,女,67,410302195704116051,城乡居民,平顶山市,2023-10-07,在保
P202304736,傅佳慧,女,67,410105195712166642,城镇职工,漯河市,2023-12-01,在保
P202304873,罗波,男,27,410302199709263391,城乡居民,南阳市,2023-04-28,在保
P202301219,王霞,女,34,410502199008185115,城乡居民,商丘市,2021-04-27,在保
P202301528,徐娜,女,77,410202194707047032,城镇职工,鹤壁市,2020-06-06,在保
P202303988,黄雨彤,女,40,410103198404076015,城镇职工,南阳市,,在保
P202301301,丁慧,女,37,410106198706107057,城乡居民,焦作市,2022-07-11,在保
P202304942,袁玉兰,女,46,410106197809121736,城镇职工,郑州市,2023-07-21,停保
P202300161,黄紫薇,女,32,410106199202022446,城镇职工,商丘市,2023-06-29,在保
P202304068,韩娜,女,55,410502196909062150,城乡居民,周口市,2020-12-14,停保
P202300957,蒋雪,女,56,410702196808233208,城职,漯河市,2021-12-22,在保
P202303792,萧思琪,女,42,410702198206266011,城乡居民,焦作市,2021-04-24,在保
P202303235,徐美琳,女,26,410104199801131982,城乡居民,开封市,2023-11-20,在保
P202302870,刘美琳,女,72,410202195207050523,城镇职工,许昌市,2022-05-15,在保
P202303778,梁桂英,女,27,410202199701193469,城乡居民,平顶山市,2020-07-17,在保
P202304434,曹辉,男,39,410106198512182755,灵活就业,焦作市,2024-02-09,在保
P202302962,赵娟,女,39,410402198505044028,城镇职工,焦作市,,在保
P202302201,沈秀兰,女,82,410104194206035074,城镇职工,平顶山市,2020-10-22,在保
P202300099,高欣怡,女,50,410103197411238931,城镇职工,信阳市,2020-12-06,在保
P202302558,吕梦瑶,女,50,410702197403211877,城镇职工,商丘市,2022-06-17,在保
P202303184,林涛,男,44,410106198006099314,灵活就业,洛阳市,2020-02-08,在保
P202300254,薛波,男,68,410103195602019654,城镇职工,信阳市,2022-01-07,在保
P202303924,蒋淑珍,女,20,410702200410174522,城职,安阳市,2022-06-22,在保
P202304200,吕鹏,男,60,410105196401121177,城乡居民,洛阳市,2023-04-15,在保
P202301446,许嘉伟,男,38,410104198609186437,城乡居民,许昌市,2021-07-29,在保
P202301649,吴玲,女,71,410302195301168048,城镇职工,洛阳市,2023-04-16,在保
P202304683,高宇航,男,76,410502194806162843,城镇职工,新乡市,2023-05-24,在保
P202304724,胡玲,女,44,410202198011167321,城镇职工,平顶山市,2022-06-14,在保
P202303992,杨国强,男,41,410105198301121657,城镇职工,商丘市,2020-04-14,在保
P202301697,吕诗涵,女,31,410202199301107030,城乡居民,鹤壁市,2021-08-19,在保
P202303192,杨军,男,62,410104196206115186,灵活就业,鹤壁市,2021-01-06,在保
P202304500,李萍,女,28,410402199604279818,城镇职工,信阳市,2020-07-17,在保
P202301155,高斌,男,79,410502194510028210,城乡,鹤壁市,2024-01-14,在保
P202302256,高桂英,女,56,410106196809288848,城乡居民,平顶山市,2021-01-01,在保
P202301683,王永强,男,33,410105199107126515,城镇职工,洛阳市,2022-01-10,在保
P202303171,卢凤英,女,32,410103199202063738,灵活就业,安阳市,2024-02-04,停保
P202302057,叶娜,女,41,410106198309121974,城乡居民,商丘市,2023-12-24,在保
P202304091,朱萍,女,30,410106199403277488,城乡居民,平顶山市,2021-12-30,在保
P202303109,蒋超,男,58,410102196605049458,城乡居民,鹤壁市,2023-07-12,在保
P202304549,阎霞,女,57,410502196703157343,城镇职工,驻马店市,2022-04-13,在保
P202303724,曹紫薇,女,17,410103200703104121,灵活就业,许昌市,2022-06-27,在保
P202302050,萧斌,男,52,410302197205080805,城乡居民,周口市,2021-08-16,停保
P202303644,唐国强,男,49,410702197504107635,灵活就业,洛阳市,2022-07-14,在保
P202304978,傅娟,女,52,410302197206025696,城乡居民,周口市,2020-10-06,在保
P202300624,阎思琪,女,74,410702195004173452,城乡居民,焦作市,2023-01-26,在保
P202300263,董宇航,男,0,410103202407225112,城镇职工,商丘市,2021-09-12,在保
P202303370,冯军,男,52,410302197205093901,城镇职工,洛阳市,2023-04-08,停保
P202304062,孙玉兰,女,55,410702196905287491,城镇职工,漯河市,2022-10-24,在保
P202301803,孙强,男,37,410106198709166217,灵活就业,驻马店市,2022-10-28,在保
P202304737,贾紫薇,女,35,410502198902123533,城乡居民,商丘市,2023-04-02,在保
P202300030,王浩,男,44,410702198002035503,城乡居民,驻马店市,2021-06-27,在保
P202302386,卢建国,男,36,410102198804157930,城镇职工,洛阳市,2022-09-01,在保
P202301960,罗莉,女,54,410202197004010026,城乡居民,信阳市,2022-07-27,在保
P202302977,梁志强,男,72,410702195207157871,城乡居民,许昌市,2021-07-02,在保
P202300489,苏敏,女,80,410202194405123688,城镇职工,驻马店市,2021-06-11,在保
P202301844,李涛,男,51,410502197308279258,城乡居民,鹤壁市,,在保
P202301735,苏静,女,64,410202196004212864,城镇职工,郑州市,2022-10-11,在保
P202302912,吴芳,女,56,410106196808198181,城乡居民,许昌市,2020-01-08,在保
P202303220,冯鹏,男,62,410202196210098187,城镇职工,平顶山市,2022-03-13,在保
P202300147,邓婷,女,27,410202199706103966,城乡居民,平顶山市,2021-11-23,在保
P202301987,吴国强,男,63,410105196102144980,城镇职工,驻马店市,2020-04-24,在保
P202301370,曾艳,女,34,410202199002089864,城镇职工,开封市,2022-04-02,在保
P202302812,薛勇,男,38,410702198602226592,城乡居民,信阳市,2020-04-28,在保
P202300660,张志强,男,47,410502197701145436,城乡居民,信阳市,2023-11-27,在保
P202301795,吴国强,男,53,410702197104244212,灵活就业,洛阳市,2024-02-09,在保
P202302512,赵莉,女,59,410105196511252252,城镇职工,漯河市,2022-05-29,在保
P202303398,于鹏,男,76,410105194812056447,城镇职工,新乡市,2023-08-19,退保
P202304283,沈国强,男,70,410402195404035090,城乡居民,周口市,2022-10-23,退保
P202301148,唐萍,女,24,410103200010169594,城镇职工,商丘市,2020-03-02,在保
P202303273,陈娟,女,65,410103195910057399,城镇职工,许昌市,2021-03-12,在保
P202300609,袁秀兰,女,17,410402200707122312,城乡居民,南阳市,2023-05-23,在保
P202303583,林秀英,女,84,410202194007133182,城乡居民,新乡市,2023-06-13,在保
P202301931,林秀英,女,27,410302199702139648,城镇职工,漯河市,2024-04-30,在保
P202300198,魏强,男,52,410104197209217389,城乡居民,平顶山市,2022-02-17,在保
P202302932,曹晓红,女,41,410402198309016256,城镇职工,安阳市,2021-10-25,在保
P202302328,李伟,男,43,410104198111249008,城乡居民,漯河市,2021-07-04,在保
P202304390,王飞,男,60,410202196406219658,灵活就业,驻马店市,2020-09-23,停保
P202300767,卢紫薇,女,49,410104197502105026,灵活就业,许昌市,2021-09-27,停保
P202304497,韩紫薇,女,35,410302198903194155,城镇职工,驻马店市,2022-03-23,停保
P202304219,程磊,男,55,410702196910136239,灵活就业,漯河市,,在保
P202303256,刘鹏,男,52,410106197202127973,城镇职工,信阳市,2021-08-20,在保
P202300203,贾天宇,男,69,410402195506189564,城乡居民,安阳市,2020-09-06,在保
P202303511,苏宇航,男,71,410302195301279899,城镇职工,南阳市,2022-11-06,在保
P202301734,薛飞,男,44,410302198003286448,城镇职工,新乡市,2023-04-07,停保
P202302778,刘勇,男,45,410105197907103750,城镇职工,鹤壁市,2023-10-23,在保
P202301708,胡丽,女,84,410104194004206168,城乡居民,开封市,2020-05-30,在保
P202303475,陈永强,男,37,410105198712135685,城乡居民,周口市,2021-01-23,在保
P202300855,吕艳,女,75,410202194912132106,城镇职工,开封市,2020-01-14,在保
P202304738,张嘉伟,男,50,410105197407160646,城镇职工,郑州市,2023-08-27,在保
P202304098,叶艳,女,39,410106198510134146,城乡居民,郑州市,2022-06-25,在保
P202302161,何美琳,女,29,410702199510195990,城镇职工,许昌市,2020-03-16,在保
P202300699,张艳,女,66,410502195810024801,城镇职工,漯河市,2021-06-02,在保
P202304998,陈飞,男,95,410502192907041075,城乡居民,洛阳市,2020-08-28,在保
P202303000,徐淑珍,女,47,410104197703044339,城乡居民,许昌市,2024-03-29,在保
P202303697,张雨彤,女,39,410104198504218458,城镇职工,洛阳市,2020-10-13,在保
P202301637,周磊,男,32,410702199201049127,城镇职工,郑州市,2022-08-18,在保
P202303458,谢淑珍,女,43,410402198112168414,城镇职工,郑州市,2020-11-19,在保
P202303582,蒋秀英,女,73,410106195107276243,城镇职工,平顶山市,2023-03-11,在保
P202301292,周文彬,男,94,410103193010197496,城乡居民,郑州市,2021-10-27,在保
P202304660,孙桂英,女,35,410702198907203071,城乡居民,开封市,2021-03-14,在保
P202301854,何晨曦,男,66,410702195807043636,城乡居民,郑州市,2022-10-09,停保
P202303764,贾霞,女,64,410105196011151982,城镇职工,许昌市,2022-06-21,在保
P202303305,傅紫薇,女,69,410102195509220171,灵活就业,焦作市,2021-03-23,在保
P202304963,彭强,男,47,410105197707021317,城镇职工,新乡市,2020-09-06,在保
P202303744,贾涛,男,53,410202197111065208,灵活就业,郑州市,2021-11-19,在保
P202303446,郑芳,女,29,410103199502057720,城职,鹤壁市,2021-03-20,在保
P202301999,贾莉,女,47,410402197706264646,城乡居民,周口市,2023-12-29,停保
P202300664,苏磊,男,40,410202198409023036,城镇职工,平顶山市,2021-07-06,在保
P202304780,朱雪,女,0,410502202403138609,灵活就业,信阳市,2022-04-06,在保
P202303749,萧莉,女,75,410502194906218864,城镇职工,商丘市,2022-02-16,在保
P202304414,徐永强,男,5,410302201906066975,灵活就业,郑州市,2023-02-14,在保
P202304745,宋斌,男,78,410104194604028376,城乡居民,信阳市,2023-02-05,在保
P202300710,郭紫薇,女,80,410702194410097746,城乡居民,焦作市,2022-09-01,在保
P202301283,宋飞,男,62,410402196203158747,城镇职工,新乡市,2022-12-26,在保
P202302676,陈勇,男,14,410106201007288015,城乡居民,漯河市,2020-01-09,在保
P202304030,张浩,男,64,410502196006094017,城镇职工,漯河市,2024-04-01,在保
P202301307,孙慧,女,50,410102197411033503,灵活就业,安阳市,2021-02-26,在保
P202302238,李芳,女,32,410104199210047908,城镇职工,开封市,2023-02-03,在保
P202303303,周天宇,男,53,410105197110170291,城镇职工,新乡市,2024-01-17,停保
P202302039,曹美琳,女,49,410103197510251892,城乡居民,信阳市,2023-08-28,在保
P202301530,高雨彤,女,29,410103199502061422,城镇职工,许昌市,2023-05-24,在保
P202301664,郑紫薇,女,39,410104198501240999,城乡居民,郑州市,2023-09-28,在保
P202304985,程磊,男,60,410106196404261220,城镇职工,周口市,2020-05-13,在保
P202301056,贾志强,男,37,410402198707143605,城乡居民,鹤壁市,2023-01-15,在保
P202303628,薛军,男,63,410702196104148580,城镇职工,周口市,2023-08-22,在保
P202304892,徐敏,女,28,410103199606287131,城镇职工,周口市,2023-02-23,在保
P202302694,于磊,男,47,,城镇职工,南阳市,2020-08-19,在保
P202303061,赵永强,男,55,410402196904049661,城镇职工,平顶山市,2022-07-31,在保
P202301598,贾海涛,男,87,410102193701161810,城镇职工,开封市,2021-08-19,退保
P202302730,邓秀英,女,41,410702198305254694,城镇职工,平顶山市,2022-07-26,在保
P202302626,彭佳慧,女,34,410202199002231183,城镇职工,焦作市,2023-09-28,在保
P202303158,吴明,男,51,410103197312197513,城乡居民,商丘市,2021-01-02,退保
P202303315,孙子轩,男,43,410104198112108994,灵活就业,郑州市,2024-02-17,在保
P202301723,冯文彬,男,63,410502196108054071,城乡居民,信阳市,2024-04-13,在保
P202301060,蒋鹏,男,43,410105198104254658,灵活就业,南阳市,2020-08-22,在保
P202304637,于建国,男,59,410702196511243695,城镇职工,安阳市,2021-02-10,在保
P202303243,陈梦瑶,女,19,410302200501113966,城乡居民,驻马店市,2022-11-21,在保
P202301679,赵凤英,女,67,410502195711120589,城乡居民,郑州市,2024-01-12,在保
P202301758,孙娟,女,67,410302195708134893,灵活就业,驻马店市,2024-04-24,退保
P202304192,丁磊,男,54,410502197006244482,城镇职工,新乡市,2023-07-19,在保
P202300564,贾梦瑶,女,44,410104198012241261,灵活就业,洛阳市,2023-12-17,在保
P202302791,郭斌,男,60,410402196411123041,城乡居民,驻马店市,2023-12-27,在保
P202300864,梁天宇,男,82,410402194212164854,城镇职工,周口市,2022-04-01,在保
P202301485,董海涛,男,54,410104197010157765,城镇职工,洛阳市,2021-07-14,在保
P202300207,赵思琪,女,59,410102196509064167,城乡居民,信阳市,2023-08-25,在保
P202304489,彭子轩,男,65,410104195909252384,城镇职工,周口市,2020-08-28,在保
P202300871,王紫薇,女,46,410202197807138419,城镇职工,平顶山市,2023-09-04,在保
P202304494,刘建华,男,-5,410103198312018808,城镇职工,驻马店市,2020-03-19,在保
P202300503,韩娟,女,24,410302200011085299,城镇职工,平顶山市,2023-11-22,在保
P202301029,高波,男,61,410502196310270797,城镇职工,信阳市,2021-10-03,在保
P202303841,袁丽,女,38,410402198608072209,灵活就业,洛阳市,2020-09-26,在保
P202302691,罗凤英,女,31,410502199301070439,城镇职工,商丘市,2020-01-25,在保
P202301571,许嘉伟,男,64,410102196006281754,城镇职工,驻马店市,2020-02-12,在保
P202302774,杨文彬,男,22,410105200201268643,城乡居民,漯河市,2023-06-20,在保
P202302732,王文博,男,80,410402194404204589,城乡居民,驻马店市,2021-08-17,退保
P202300805,郑鹏,男,42,410702198211057316,城镇职工,驻马店市,2024-02-19,在保
P202303646,林国强,男,29,410402199506277760,城乡居民,焦作市,2021-10-28,退保
P202302455,谢建国,男,62,410103196206076970,城镇职工,洛阳市,2022-06-22,在保
P202304599,董飞,男,57,410105196712043174,城职,安阳市,2023-09-01,在保
P202303105,吕晓红,女,36,410102198808239974,城镇职工,洛阳市,2022-06-15,退保
P202304876,丁婷,女,31,410402199307143198,灵活就业,信阳市,2022-11-26,在保
P202300201,邓淑珍,女,56,410104196808183508,城镇职工,焦作市,2023-10-16,在保
P202303100,冯军,男,60,410502196408221570,城职,鹤壁市,2020-07-30,在保
P202302279,高娜,女,61,410202196302134875,城镇职工,平顶山市,2024-01-02,在保
P202303562,魏语嫣,女,36,410302198807052029,灵活就业,焦作市,2022-05-13,在保
P202304475,叶娜,女,65,410106195911247088,城镇职工,南阳市,2024-03-30,在保
P202304515,阎波,男,46,410702197805152318,城乡居民,信阳市,2023-06-06,在保
P202300392,贾嘉伟,男,58,410105196601016871,城乡居民,漯河市,2020-08-14,在保
P202301496,苏子轩,男,86,410106193809125236,城乡居民,开封市,2021-02-16,在保
P202302696,魏飞,男,75,410202194909073833,灵活就业,安阳市,2021-12-31,在保
P202302028,刘淑珍,女,72,410702195206073800,城镇职工,漯河市,2022-03-08,在保
P202302569,吴文博,男,65,410702195911072501,城镇职工,焦作市,2021-06-23,在保
P202300065,丁静,女,64,410502196011096308,城职,平顶山市,2022-09-17,在保
P202303885,张文博,男,48,410102197610086728,城镇职工,郑州市,2023-01-21,停保
P202302063,高嘉伟,男,57,410202196701073032,城乡居民,新乡市,2022-04-14,在保
P202300493,高桂英,女,51,410106197312096196,城镇职工,安阳市,2022-06-30,在保
P202300380,邓玲,女,35,410104198903073506,城镇职工,周口市,2022-07-26,在保
P202304860,蔡浩,男,47,410103197706217861,城乡居民,周口市,2023-06-03,停保
P202303994,林伟,男,63,410104196108104159,灵活就业,漯河市,2024-01-11,在保
P202304888,张芳,女,78,410202194610180261,城乡居民,鹤壁市,2022-12-12,在保
P202301077,郑天宇,男,21,410106200308248287,城乡居民,南阳市,2022-11-15,停保
P202300879,孙涛,男,49,410302197505072384,城镇职工,商丘市,2022-12-09,在保
P202300338,周飞,男,44,410202198001011519,城乡居民,许昌市,2020-10-17,在保
P202301017,阎海涛,男,38,410104198607157387,城职,鹤壁市,2020-05-17,在保
P202301276,魏俊杰,男,52,410402197201033345,城乡居民,郑州市,2020-10-27,在保
P202303799,马艳,女,32,410402199202227456,城镇职工,新乡市,2022-10-28,停保
P202304552,高超,男,65,410402195905215670,城镇职工,驻马店市,2021-10-01,在保
P202303343,赵淑珍,女,31,410103199303024093,城镇职工,洛阳市,2022-07-25,在保
P202304912,吕军,男,73,410102195101237076,灵活就业,新乡市,2021-06-30,在保
P202300996,陈慧,女,44,410502198001066134,城镇职工,许昌市,2020-09-21,在保
P202301982,张晨曦,男,25,410104199909034275,城乡居民,漯河市,2020-04-06,在保
P202304298,朱建华,男,52,410103197212123521,城镇职工,鹤壁市,2020-01-19,在保
P202300162,曹文彬,男,64,410502196010087352,城乡居民,安阳市,2022-05-29,在保
P202304799,彭杰,男,13,410105201102269275,灵活就业,开封市,2021-09-07,在保
P202301501,魏桂英,女,64,410302196010251697,城乡居民,信阳市,2023-02-22,在保
P202303844,孙强,男,25,410302199911246895,城乡居民,周口市,2020-06-30,在保
P202302614,韩磊,男,49,410106197506111715,城镇职工,开封市,2024-03-31,在保
P202303462,魏军,男,84,410202194007013379,城乡居民,鹤壁市,2023-07-01,在保
P202301022,刘嘉伟,男,39,410104198505151478,城镇职工,漯河市,,在保
P202303074,罗敏,女,79,410104194505254874,城乡居民,郑州市,2023-07-21,在保
P202303944,于欣怡,女,6,410104201809127858,城镇职工,商丘市,2022-04-19,在保
P202301586,杨文彬,男,62,410302196204020454,城镇职工,郑州市,2020-09-29,在保
P202301956,卢飞,男,74,410702195003183675,灵活就业,平顶山市,2024-03-16,在保
P202303153,蒋霞,女,0,410402202411159713,城乡居民,商丘市,2022-04-25,停保
P202300035,傅雨彤,女,64,410102196002039672,城镇职工,驻马店市,2020-03-14,在保
P202304015,萧慧,女,48,410302197607037393,城乡居民,漯河市,2023-01-15,在保
P202300776,王波,男,21,410104200311164716,城镇职工,鹤壁市,2023-09-09,退保
P202302557,傅波,男,2,410104202207070689,城镇职工,周口市,2024-03-16,在保
P202301479,李桂英,,34,410103199007251519,城乡居民,焦作市,2020-06-15,在保
P202301364,周语嫣,女,32,410402199207189621,城镇职工,鹤壁市,2022-10-30,在保
P202302613,陈天宇,男,46,410202197804110526,城镇职工,周口市,2023-09-20,在保
P202302825,林志强,男,49,410702197506243025,城乡居民,驻马店市,2024-05-09,在保
P202302042,胡芳,女,42,410702198211111863,灵活就业,洛阳市,2020-10-23,在保
P202300242,陈天宇,男,47,410105197709153820,城镇职工,周口市,2023-07-30,在保
P202302062,陈辉,男,47,410502197705072655,城乡居民,南阳市,2022-03-05,在保
P202302364,卢语嫣,女,70,410302195405148697,城镇职工,开封市,2023-10-23,停保
P202300601,彭军,男,63,410702196107115060,城乡居民,洛阳市,2021-03-21,在保
P202302436,高秀英,女,43,410104198107131021,城镇职工,焦作市,2023-01-05,在保
P202302889,郭天宇,男,43,410105198112080032,城镇职工,周口市,2023-12-13,在保
P202300647,贾静,女,1,410106202309154213,城镇职工,开封市,2023-06-04,在保
P202303891,薛雪,女,62,410104196210011835,城镇职工,洛阳市,2021-11-13,在保
P202303557,谢文博,男,61,410502196302280638,城镇职工,平顶山市,2023-12-28,在保
P202303203,萧军,男,54,410202197012139570,城乡居民,漯河市,2021-03-27,在保
P202301529,林芳,女,41,410104198307023092,城镇职工,新乡市,2021-11-27,停保
P202301268,徐飞,男,33,410502199107224650,城镇职工,信阳市,2023-09-01,退保
P202301900,林梦瑶,女,44,410104198009159838,城乡居民,驻马店市,2023-09-15,在保
P202304659,赵紫薇,女,54,410302197011076490,城镇职工,焦作市,2022-02-10,在保
P202303006,沈莉,女,25,410105199906267769,城镇职工,信阳市,2020-07-23,在保
P202302735,程淑珍,女,85,410104193911175553,灵活就业,南阳市,2021-04-28,在保
P202300190,曹美琳,女,22,410102200202135177,城镇职工,新乡市,2021-03-16,在保
P202301807,卢国强,男,54,410702197012126790,城镇职工,洛阳市,2021-09-12,在保
P202300976,萧晨曦,男,15,410402200901120069,城乡居民,信阳市,2021-11-03,在保
P202302748,高文博,男,29,410702199504271218,城镇职工,郑州市,2022-02-26,在保
P202302048,董秀英,女,49,410702197511121409,城镇职工,许昌市,2022-02-17,在保
P202302559,杨玲,女,55,410102196904289918,城乡居民,焦作市,2020-01-06,退保
P202301083,丁飞,男,44,410702198006085751,城职,南阳市,2021-08-03,在保
P202300475,贾凤英,女,79,410702194508252495,灵活就业,平顶山市,2022-07-28,在保
P202302905,刘宇航,男,22,410102200208155451,城镇职工,商丘市,2023-12-29,在保
P202304844,薛俊杰,男,47,410502197705187336,灵活就业,焦作市,2020-11-28,在保
P202304118,魏天宇,男,15,410502200906121977,城镇职工,许昌市,2021-04-09,在保
P202303386,萧浩然,男,39,410106198501243903,城乡居民,焦作市,2020-06-26,在保
P202304556,于波,男,44,410702198006103474,城镇职工,漯河市,2024-01-15,在保
P202301185,周淑珍,女,32,410105199212101215,城乡居民,漯河市,2021-11-20,在保
P202302434,叶浩然,男,46,410402197801177379,城乡居民,驻马店市,2022-09-16,退保
P202302392,邓勇,男,33,410105199110044670,城乡居民,商丘市,2024-03-31,在保
P202300770,蔡娟,女,82,410104194208176448,城乡居民,洛阳市,2021-08-18,在保
P202301686,苏志强,男,71,410105195304146169,城镇职工,驻马店市,2022-07-31,在保
P202300131,陈静,女,22,410102200202245433,城乡居民,南阳市,2022-05-09,在保
P202302920,周娟,女,73,410402195109179488,城乡居民,信阳市,2024-01-30,停保
P202303172,朱伟,男,60,410502196401124073,城乡居民,郑州市,2024-03-01,停保
P202303445,李晨曦,男,62,410302196211045846,城乡居民,鹤壁市,2023-01-26,在保
P202304427,叶娜,女,56,410103196810046153,城乡居民,漯河市,2022-01-17,在保
P202300467,蒋军,男,61,410402196312061023,城乡居民,驻马店市,2022-03-31,在保
P202303093,李凤英,女,48,410102197609080506,城乡居民,周口市,2022-06-27,退保
P202303773,邓国强,男,35,410106198906062519,城乡居民,商丘市,2023-12-03,在保
P202300861,苏娟,女,53,410702197110078748,灵活就业,安阳市,2020-10-31,在保
