person_id,name,gender,age,id_card,insurance_type,region,register_date,status,etl_date
P202304711,宋涛,男,39,4.103021985080891e+17,城镇职工,许昌市,2023-10-05,在保,2026-07-02
P202300692,郑杰,男,70,4.102021954072193e+17,城镇职工,郑州市,2021-08-16,在保,2026-07-02
P202300066,梁语嫣,女,74,4.101031950051525e+17,城镇职工,周口市,2023-06-03,在保,2026-07-02
P202303427,魏国强,男,54,4.103021970121136e+17,城乡居民,平顶山市,2022-04-17,在保,2026-07-02
P202304821,朱秀英,女,47,4.1020219770218515e+17,城镇职工,焦作市,2024-04-09,在保,2026-07-02
P202300394,何凤英,女,82,4.1010419420128294e+17,城镇职工,平顶山市,2023-10-18,在保,2026-07-02
P202301425,程志强,男,31,4.10105199301274e+17,城镇职工,洛阳市,2024-04-10,在保,2026-07-02
P202300643,宋佳慧,女,45,4.1030219790605e+17,城乡居民,驻马店市,2020-10-08,在保,2026-07-02
P202302836,蒋娟,女,44,4.101021980120631e+17,城乡居民,商丘市,2020-12-17,在保,2026-07-02
P202301739,胡涛,男,67,4.1010319570311366e+17,城乡居民,新乡市,2021-12-07,停保,2026-07-02
P202302946,郭晓红,女,29,4.103021995112314e+17,城乡居民,开封市,2020-04-08,在保,2026-07-02
P202302068,胡娜,女,47,4.1020219770105235e+17,城镇职工,平顶山市,2022-01-20,停保,2026-07-02
P202303348,宋桂英,女,78,4.1010619460712934e+17,城乡居民,开封市,2024-02-27,在保,2026-07-02
P202300531,傅婷,女,61,4.107021963030404e+17,城乡居民,焦作市,2020-11-15,在保,2026-07-02
P202304302,吴斌,男,25,4.104021999040816e+17,城乡居民,开封市,2022-07-08,在保,2026-07-02
P202300829,于艳,女,42,4.102021982111165e+17,城乡居民,平顶山市,2023-12-20,在保,2026-07-02
P202301205,董秀兰,女,50,4.101021974051674e+17,城镇职工,焦作市,2023-07-27,在保,2026-07-02
P202300180,丁欣怡,女,95,4.103021929072759e+17,城乡居民,开封市,2021-10-11,在保,2026-07-02
P202302766,唐超,男,64,4.104021960050556e+17,城镇职工,鹤壁市,2023-10-15,在保,2026-07-02
P202301778,唐丽,女,49,4.102021975092694e+17,灵活就业,南阳市,2020-04-29,退保,2026-07-02
P202304928,萧淑珍,女,54,4.102021970092206e+17,城镇职工,安阳市,2021-01-22,在保,2026-07-02
P202300492,苏宇航,男,76,4.103021948112059e+17,灵活就业,鹤壁市,2020-05-26,在保,2026-07-02
P202304654,吴丽,女,61,4.10502196311078e+17,城镇职工,平顶山市,2022-04-15,在保,2026-07-02
P202300034,杨海涛,男,30,4.1010619940101344e+17,城职,商丘市,2021-06-20,在保,2026-07-02
P202303023,董浩然,男,42,4.102021982020557e+17,城镇职工,南阳市,2020-12-19,在保,2026-07-02
P202303621,贾浩然,男,25,4.101021999120306e+17,城乡居民,许昌市,2022-01-13,停保,2026-07-02
P202300486,郭凤英,女,24,4.1010420001022234e+17,城镇职工,许昌市,2021-07-06,在保,2026-07-02
P202300080,何宇航,男,14,4.1070220101126957e+17,城乡居民,南阳市,2020-08-23,在保,2026-07-02
P202301345,李芳,女,67,4.10302195707281e+17,城镇职工,焦作市,2021-09-26,在保,2026-07-02
P202300578,薛文博,男,63,4.107021961071405e+17,城镇职工,焦作市,2023-02-21,在保,2026-07-02
P202301176,朱淑珍,女,44,4.1010219801124154e+17,城乡居民,平顶山市,2023-08-22,在保,2026-07-02
P202301488,吕诗涵,女,18,4.1010620060619776e+17,城乡居民,郑州市,2022-11-13,在保,2026-07-02
P202300498,梁语嫣,女,46,4.105021978051846e+17,城乡居民,许昌市,2023-01-09,在保,2026-07-02
P202304103,于涛,男,74,4.105021950021532e+17,城镇职工,安阳市,2023-08-19,在保,2026-07-02
P202301145,董斌,男,46,4.101031978100313e+17,城乡居民,安阳市,2020-07-25,在保,2026-07-02
P202303735,魏俊杰,男,64,4.10302196011163e+17,城镇职工,鹤壁市,2023-11-11,在保,2026-07-02
P202304238,董娟,女,43,4.103021981070159e+17,灵活就业,平顶山市,2024-02-27,停保,2026-07-02
P202303244,陈天宇,男,69,4.1030219550710483e+17,城乡居民,鹤壁市,2022-01-23,在保,2026-07-02
P202301236,韩超,男,79,4.101021945041537e+17,城镇职工,新乡市,2020-01-12,在保,2026-07-02
P202304569,高浩然,男,76,4.1010419481023315e+17,城乡居民,商丘市,2022-07-24,在保,2026-07-02
P202304268,沈玉兰,女,14,4.101052010122581e+17,城镇职工,安阳市,2020-07-24,在保,2026-07-02
P202300625,陈伟,男,78,4.105021946022246e+17,城镇职工,新乡市,2024-01-25,在保,2026-07-02
P202301630,曾勇,男,65,4.105021959092478e+17,城乡居民,洛阳市,2023-07-03,在保,2026-07-02
P202300200,冯建国,男,29,4.1040219951224064e+17,城乡居民,驻马店市,2021-02-28,在保,2026-07-02
P202303614,罗磊,男,57,4.1010319670623315e+17,灵活就业,驻马店市,2020-03-08,在保,2026-07-02
P202301989,杨国强,男,38,4.1030219860612064e+17,城乡居民,周口市,2021-08-10,在保,2026-07-02
P202302345,吕磊,男,11,4.101032013100825e+17,城镇职工,平顶山市,2021-02-15,在保,2026-07-02
P202303264,袁萍,女,71,4.102021953100884e+17,城乡居民,洛阳市,2021-05-12,在保,2026-07-02
P202301906,邓文博,男,58,4.101021966121957e+17,城乡居民,开封市,2020-10-25,在保,2026-07-02
P202300766,何丽,女,37,4.1030219870201875e+17,城镇职工,开封市,2022-03-06,在保,2026-07-02
P202300804,董鹏,男,41,4.1010219830811245e+17,城乡,周口市,2024-01-03,停保,2026-07-02
P202301502,陈文彬,男,40,4.101021984012005e+17,城镇职工,安阳市,2020-01-01,在保,2026-07-02
P202301771,蔡晨曦,男,50,4.1070219740227117e+17,城乡居民,周口市,2022-09-18,在保,2026-07-02
P202300107,罗宇航,男,83,4.1070219410624134e+17,城镇职工,漯河市,2021-08-27,在保,2026-07-02
P202302965,苏梦瑶,女,72,4.1010519520706246e+17,城镇职工,许昌市,2024-02-16,在保,2026-07-02
P202300839,卢思琪,女,67,,灵活就业,安阳市,2020-09-06,在保,2026-07-02
P202303972,马雪,女,30,4.1010619941105466e+17,灵活就业,信阳市,2021-05-25,在保,2026-07-02
P202300706,曹敏,女,60,4.104021964102432e+17,城镇职工,新乡市,2023-02-08,在保,2026-07-02
P202304151,蔡淑珍,女,48,4.101041976122694e+17,城镇职工,平顶山市,2021-11-17,在保,2026-07-02
P202303180,冯伟,男,59,4.1010419650308326e+17,灵活就业,开封市,2024-03-07,在保,2026-07-02
P202304777,曾思琪,女,49,4.1010519751205734e+17,城乡居民,安阳市,2023-05-16,在保,2026-07-02
P202300229,林玲,女,37,4.105021987041431e+17,灵活就业,郑州市,2023-02-14,停保,2026-07-02
P202303337,马美琳,女,25,4.1050219990907635e+17,城乡居民,新乡市,2022-08-16,在保,2026-07-02
P202302269,何慧,女,40,4.1010319840907494e+17,城乡居民,鹤壁市,2021-04-09,在保,2026-07-02
P202303853,邓玲,女,73,4.1010319510610765e+17,灵活就业,许昌市,2021-02-15,在保,2026-07-02
P202300502,彭娟,女,84,4.1050219400607424e+17,城乡居民,南阳市,2022-03-19,在保,2026-07-02
P202303129,卢桂英,女,51,4.101031973031123e+17,城镇职工,郑州市,2022-03-06,停保,2026-07-02
P202303353,薛语嫣,女,57,4.103021967090855e+17,城乡居民,商丘市,2020-04-23,停保,2026-07-02
P202304175,徐晨曦,男,46,4.101041978090109e+17,灵活就业,信阳市,2020-06-14,在保,2026-07-02
P202301635,高强,男,43,4.1050219810928083e+17,城镇职工,漯河市,2023-03-28,停保,2026-07-02
P202301481,谢文博,男,63,4.1040219610408646e+17,城乡居民,焦作市,2021-12-30,在保,2026-07-02
P202302116,丁文彬,男,40,4.105021984092499e+17,城镇职工,焦作市,2021-01-17,在保,2026-07-02
P202304000,蔡子轩,男,56,4.102021968070312e+17,城镇职工,驻马店市,2023-11-15,在保,2026-07-02
P202300562,,男,87,4.1010319371217114e+17,城乡居民,平顶山市,2023-04-13,停保,2026-07-02
P202304199,程文博,男,0,4.10106202412236e+17,城乡居民,南阳市,2021-12-16,在保,2026-07-02
P202303698,陈美琳,女,55,4.105021969102174e+17,城乡居民,平顶山市,2021-04-16,在保,2026-07-02
P202301745,蒋婷,女,33,4.1010419910201856e+17,城镇职工,商丘市,2020-07-07,停保,2026-07-02
P202300280,蔡慧,女,43,4.1040219810806086e+17,城镇职工,郑州市,2024-04-07,在保,2026-07-02
P202302267,阎浩,男,17,4.101022007120848e+17,城乡居民,南阳市,2020-08-04,在保,2026-07-02
P202300158,李秀兰,女,58,4.10502196606084e+17,城镇职工,焦作市,2021-04-04,在保,2026-07-02
P202300539,程建华,男,200,4.10302195611192e+17,城镇职工,周口市,2024-02-15,在保,2026-07-02
P202304115,董晓红,女,79,4.101041945071183e+17,灵活就业,许昌市,2020-11-23,在保,2026-07-02
P202304458,吕秀英,女,26,4.101021998081372e+17,城镇职工,周口市,2022-02-11,停保,2026-07-02
P202301651,李浩然,男,60,4.104021964070897e+17,城镇职工,驻马店市,2023-08-07,停保,2026-07-02
P202303151,王强,男,65,4.105021959090567e+17,城乡居民,驻马店市,2021-09-12,在保,2026-07-02
P202300765,朱文博,男,70,4.1010619540626054e+17,城镇职工,驻马店市,2023-05-18,在保,2026-07-02
P202301865,叶玲,女,73,4.10106195102201e+17,城乡居民,焦作市,2023-08-24,在保,2026-07-02
P202303486,罗子轩,,40,4.1050219840426406e+17,灵活就业,信阳市,2021-09-26,在保,2026-07-02
P202300732,卢文博,男,32,4.104021992010288e+17,城镇职工,焦作市,2023-05-17,在保,2026-07-02
P202300085,苏诗涵,女,35,4.1010319890812416e+17,城乡居民,焦作市,2023-10-04,在保,2026-07-02
P202302581,孙萍,女,56,4.1010519680613856e+17,城乡居民,焦作市,2023-11-10,在保,2026-07-02
P202303208,薛斌,男,64,4.1020219600521235e+17,城镇职工,平顶山市,2022-07-14,在保,2026-07-02
P202302975,阎秀英,女,66,4.101051958062711e+17,灵活就业,周口市,2020-01-15,在保,2026-07-02
P202302697,曾超,男,69,4.104021955120556e+17,城镇职工,新乡市,2022-01-16,退保,2026-07-02
P202301339,胡浩然,男,43,4.1010619810304026e+17,城镇职工,周口市,2020-03-21,在保,2026-07-02
P202303903,董莉,女,80,4.105021944091397e+17,城镇职工,商丘市,2023-09-08,在保,2026-07-02
P202300912,胡伟,男,53,4.1050219711224384e+17,城镇职工,南阳市,2022-05-01,停保,2026-07-02
P202300030,王浩,男,44,4.107021980020355e+17,城乡居民,驻马店市,2021-06-27,在保,2026-07-02
P202300678,唐嘉伟,男,81,4.101041943081116e+17,城乡居民,许昌市,2023-01-23,退保,2026-07-02
P202304502,袁玲,女,25,4.101051999122583e+17,灵活就业,新乡市,2020-02-25,在保,2026-07-02
P202303686,邓芳,女,34,4.101021990050667e+17,城乡居民,焦作市,2022-07-24,在保,2026-07-02
P202303742,许静,女,59,4.101041965122164e+17,城镇职工,郑州市,2022-12-29,在保,2026-07-02
P202301621,魏杰,男,52,4.101061972051871e+17,城镇职工,商丘市,2020-05-20,在保,2026-07-02
P202300423,孙杰,男,45,4.101031979070244e+17,城乡居民,驻马店市,2021-06-25,在保,2026-07-02
P202301666,高萍,女,49,4.101031975122421e+17,城镇职工,商丘市,2024-03-29,停保,2026-07-02
P202304990,周鹏,男,93,4.101061931092501e+17,灵活就业,南阳市,2023-05-26,在保,2026-07-02
P202302728,吕子轩,男,74,4.1010619501208646e+17,城镇职工,南阳市,2022-05-19,在保,2026-07-02
P202303194,许美琳,女,38,4.1010219861225606e+17,城乡居民,洛阳市,2023-01-18,在保,2026-07-02
P202303969,朱超,男,86,4.101031938052153e+17,城乡居民,焦作市,2024-03-09,在保,2026-07-02
P202300169,薛凤英,女,45,4.103021979060651e+17,灵活就业,焦作市,2022-11-29,在保,2026-07-02
P202303835,赵思琪,女,32,4.101051992111172e+17,城乡居民,漯河市,2020-09-21,在保,2026-07-02
P202303482,苏秀英,女,3,4.105022021090386e+17,城乡居民,驻马店市,2022-04-06,在保,2026-07-02
P202303470,胡子轩,男,46,4.1040219781105325e+17,城乡居民,安阳市,2024-03-11,在保,2026-07-02
P202300228,周建国,男,30,4.101051994121933e+17,灵活就业,周口市,2024-05-01,在保,2026-07-02
P202302655,高伟,男,38,4.102021986122622e+17,城镇职工,许昌市,2021-04-24,在保,2026-07-02
P202300487,韩艳,女,38,4.101041986082601e+17,城镇职工,南阳市,2022-10-20,在保,2026-07-02
P202301695,冯佳慧,女,52,4.101061972091998e+17,城镇职工,驻马店市,2020-02-16,在保,2026-07-02
P202301201,罗俊杰,男,52,4.10106197211165e+17,城镇职工,周口市,2022-01-01,在保,2026-07-02
P202302686,沈雨彤,女,55,4.101031969040527e+17,城乡居民,焦作市,2024-04-12,停保,2026-07-02
P202303173,沈杰,男,26,4.105021998031748e+17,城乡居民,漯河市,2020-12-16,在保,2026-07-02
P202300024,杨嘉伟,男,24,4.1010520000314496e+17,城乡居民,新乡市,2022-04-01,停保,2026-07-02
P202303085,袁佳慧,女,46,4.103021978101547e+17,城镇职工,安阳市,2021-01-23,在保,2026-07-02
P202303131,袁霞,女,48,4.1040219760121254e+17,城乡居民,平顶山市,2020-08-06,在保,2026-07-02
P202302537,阎梦瑶,女,67,4.103021957091027e+17,城镇职工,信阳市,2023-03-22,在保,2026-07-02
P202302898,宋美琳,女,81,4.107021943012659e+17,城乡,安阳市,2023-12-16,停保,2026-07-02
P202304841,萧强,男,35,4.1030219890515654e+17,城乡居民,许昌市,2021-11-08,在保,2026-07-02
P202302094,郑雪,女,29,4.107021995030167e+17,城镇职工,周口市,2024-01-25,停保,2026-07-02
P202300240,萧丽,女,65,4.102021959030574e+17,城乡居民,信阳市,2021-01-11,停保,2026-07-02
P202303572,,女,73,4.1050219510918355e+17,城乡居民,洛阳市,2020-03-09,在保,2026-07-02
P202303766,王慧,女,50,4.1010419740209197e+17,城镇职工,许昌市,2022-12-04,在保,2026-07-02
P202302017,黄涛,男,45,4.1020219790623155e+17,城镇职工,平顶山市,2022-03-11,在保,2026-07-02
P202304039,马玲,女,49,4.10105197501171e+17,城乡居民,新乡市,2022-04-14,在保,2026-07-02
P202300298,吕海涛,男,55,4.102021969120764e+17,城镇职工,漯河市,2022-04-23,在保,2026-07-02
P202300249,孙嘉伟,男,81,4.101021943041915e+17,灵活就业,漯河市,2020-06-06,在保,2026-07-02
P202302136,傅辉,男,39,4.101051985081868e+17,城乡居民,南阳市,2022-07-08,在保,2026-07-02
P202300374,刘宇航,男,67,4.107021957072233e+17,灵活就业,许昌市,2020-02-22,在保,2026-07-02
P202300882,曾艳,女,40,4.104021984050701e+17,城乡居民,信阳市,2020-05-11,在保,2026-07-02
P202302308,于娟,女,46,4.101021978090898e+17,灵活就业,郑州市,2024-02-27,在保,2026-07-02
P202303888,孙雨彤,女,47,4.101041977060567e+17,城乡居民,漯河市,2020-12-01,在保,2026-07-02
P202304504,张淑珍,女,57,4.101051967081264e+17,城镇职工,安阳市,2021-08-01,在保,2026-07-02
P202302992,王慧,女,60,4.1040219641227066e+17,城镇职工,开封市,2020-07-11,在保,2026-07-02
P202300725,郭秀英,女,53,4.1050219710814214e+17,城乡居民,平顶山市,2020-06-06,在保,2026-07-02
P202302221,唐文彬,男,43,4.1010419810426336e+17,灵活就业,安阳市,2023-01-11,在保,2026-07-02
P202302218,袁思琪,女,48,4.101051976081306e+17,城镇职工,驻马店市,2022-12-12,在保,2026-07-02
P202301469,冯凤英,女,28,4.102021996071589e+17,灵活就业,信阳市,2020-11-08,在保,2026-07-02
P202301593,萧晨曦,男,57,4.1010319671218515e+17,城镇职工,南阳市,2024-02-29,在保,2026-07-02
P202303952,冯凤英,女,34,4.10102199002225e+17,城乡居民,平顶山市,2020-12-13,停保,2026-07-02
P202302446,徐强,男,54,4.1010519701101146e+17,城乡居民,开封市,2020-02-17,在保,2026-07-02
P202303092,蔡永强,男,63,4.1010619610805645e+17,灵活就业,信阳市,2021-03-07,在保,2026-07-02
P202300928,,男,56,4.1010519680615635e+17,灵活就业,驻马店市,2022-04-26,在保,2026-07-02
P202304580,朱雨彤,女,64,4.1010319600317165e+17,城乡居民,商丘市,2020-07-25,在保,2026-07-02
P202304653,胡紫薇,女,50,4.10302197405263e+17,城乡居民,洛阳市,2020-11-20,在保,2026-07-02
P202300600,黄莉,女,56,4.1020219680904845e+17,城乡居民,开封市,2021-09-22,退保,2026-07-02
P202301393,林桂英,女,86,4.101031938120533e+17,城乡居民,平顶山市,,在保,2026-07-02
P202302228,薛雨彤,女,39,4.1030219850118816e+17,城乡居民,安阳市,2023-01-17,退保,2026-07-02
P202304177,萧娟,女,49,4.10105197505049e+17,城乡居民,许昌市,2021-05-20,在保,2026-07-02
P202301610,吴娜,女,45,4.1010519790920506e+17,灵活就业,漯河市,2021-02-18,在保,2026-07-02
P202304291,阎敏,女,59,4.103021965051099e+17,城镇职工,商丘市,2023-09-12,在保,2026-07-02
P202302877,程波,男,33,4.105021991081002e+17,城乡居民,鹤壁市,2020-11-03,在保,2026-07-02
P202303289,董嘉伟,男,38,4.104021986091314e+17,灵活就业,驻马店市,2023-12-09,在保,2026-07-02
P202302143,罗雪,女,53,4.102021971062023e+17,城镇职工,南阳市,2021-10-30,在保,2026-07-02
P202300472,蒋淑珍,女,8,4.1010520160901754e+17,城镇职工,漯河市,2020-07-03,在保,2026-07-02
P202301245,沈嘉伟,男,38,4.1010319860206746e+17,城乡居民,开封市,2021-10-12,在保,2026-07-02
P202303691,周紫薇,女,59,4.1050219650126336e+17,城镇职工,焦作市,2020-05-29,在保,2026-07-02
P202304222,陈玉兰,女,65,4.101031959120576e+17,城乡居民,洛阳市,2022-12-13,在保,2026-07-02
P202301074,郑慧,女,26,4.1070219980901165e+17,灵活就业,许昌市,2021-06-05,停保,2026-07-02
P202301045,赵秀英,女,46,4.1010319780725446e+17,城镇职工,南阳市,2021-11-04,在保,2026-07-02
P202301715,马欣怡,女,40,4.101031984041092e+17,灵活就业,郑州市,2022-12-16,退保,2026-07-02
P202304041,王志强,男,53,4.1010619710903565e+17,城镇职工,洛阳市,2021-03-31,在保,2026-07-02
P202304779,彭鹏,男,30,,城镇职工,漯河市,2023-11-09,在保,2026-07-02
P202301035,李国强,男,41,4.104021983102887e+17,城乡居民,安阳市,2020-11-26,在保,2026-07-02
P202304418,徐超,男,14,4.103022010021452e+17,城镇职工,漯河市,2021-08-22,在保,2026-07-02
P202301753,陈国强,男,38,4.1070219860715776e+17,城镇职工,郑州市,2023-02-15,在保,2026-07-02
P202303650,韩国强,男,42,4.102021982082136e+17,城乡居民,开封市,2023-06-06,在保,2026-07-02
P202304809,朱桂英,女,75,4.101061949031164e+17,灵活就业,开封市,2022-12-27,在保,2026-07-02
P202301555,赵嘉伟,男,45,4.103021979040291e+17,城乡居民,郑州市,2020-01-21,在保,2026-07-02
P202304196,蒋秀兰,女,41,4.1030219830311085e+17,城乡居民,信阳市,2021-10-24,在保,2026-07-02
P202302987,贾国强,男,47,4.10302197709108e+17,城镇职工,驻马店市,2024-05-13,停保,2026-07-02
P202302722,李建华,男,40,4.101021984021068e+17,城镇职工,平顶山市,2020-02-05,在保,2026-07-02
P202300830,蒋飞,男,44,4.1040219801011014e+17,城镇职工,商丘市,2020-01-05,在保,2026-07-02
P202301096,萧俊杰,男,48,4.104021976021121e+17,城镇职工,平顶山市,2022-12-16,在保,2026-07-02
P202300427,谢玲,女,32,4.1070219920916576e+17,城镇职工,洛阳市,2023-10-01,在保,2026-07-02
P202302146,陈嘉伟,男,76,4.104021948042566e+17,城乡居民,商丘市,2022-08-06,在保,2026-07-02
P202303136,贾晓红,女,57,4.101041967041911e+17,城镇职工,平顶山市,2023-10-24,在保,2026-07-02
P202304161,沈婷,女,50,4.103021974030247e+17,灵活就业,周口市,2022-11-08,在保,2026-07-02
P202304065,袁勇,男,32,4.101051992062231e+17,城镇职工,郑州市,2021-09-23,退保,2026-07-02
P202304343,贾佳慧,女,85,4.1020219390313126e+17,城乡居民,驻马店市,2022-08-09,停保,2026-07-02
P202304952,曾慧,女,72,4.1010419520307174e+17,灵活就业,开封市,2020-03-27,在保,2026-07-02
P202303581,蔡天宇,男,88,4.1040219360509626e+17,城乡居民,开封市,2021-09-29,在保,2026-07-02
P202304231,傅晨曦,男,21,4.1030220030820506e+17,城乡居民,安阳市,2022-10-20,在保,2026-07-02
P202302663,苏婷,女,60,4.105021964061423e+17,城乡居民,洛阳市,2020-06-19,在保,2026-07-02
P202302706,黄晨曦,男,68,4.101061956031113e+17,城乡居民,商丘市,2022-10-29,停保,2026-07-02
P202301324,王紫薇,女,58,4.101021966071266e+17,灵活就业,信阳市,2024-04-19,在保,2026-07-02
P202304130,张鹏,男,79,4.1010319450722406e+17,城镇职工,信阳市,2021-12-22,在保,2026-07-02
P202303985,于嘉伟,男,54,4.1050219700903354e+17,灵活就业,许昌市,2022-08-16,在保,2026-07-02
P202304826,郑婷,女,54,4.102021970012659e+17,城乡居民,鹤壁市,2020-03-06,在保,2026-07-02
P202304460,吴伟,男,61,4.1010619630223917e+17,城镇职工,信阳市,2020-07-28,在保,2026-07-02
P202302884,陈秀英,女,58,4.10702196609196e+17,城乡居民,鹤壁市,2021-10-05,退保,2026-07-02
P202302118,曾丽,女,32,4.1050219920904877e+17,城镇职工,新乡市,2024-04-26,在保,2026-07-02
P202300654,赵明,男,30,4.1010519940708077e+17,城乡居民,周口市,2022-09-19,在保,2026-07-02
P202304437,程嘉伟,男,71,4.101041953092172e+17,城乡居民,信阳市,2022-03-07,在保,2026-07-02
P202301019,贾秀兰,女,44,4.102021980032696e+17,城乡居民,南阳市,2022-05-07,在保,2026-07-02
P202300089,黄芳,女,40,4.107021984042316e+17,灵活就业,驻马店市,2020-01-29,在保,2026-07-02
P202301130,蒋萍,女,55,4.101041969110119e+17,城镇职工,鹤壁市,2024-03-04,在保,2026-07-02
P202303774,阎娜,女,36,4.1010519880227334e+17,城镇职工,漯河市,2024-05-15,停保,2026-07-02
P202300009,郭秀英,女,41,4.107021983121122e+17,城镇职工,南阳市,2023-08-09,在保,2026-07-02
P202301887,刘涛,男,35,4.101051989122591e+17,城乡居民,焦作市,2021-04-11,在保,2026-07-02
P202301663,冯晨曦,男,11,4.101032013091923e+17,城镇职工,安阳市,2020-01-01,在保,2026-07-02
P202303911,林玉兰,女,24,4.104022000031598e+17,城乡居民,周口市,2023-05-29,停保,2026-07-02
P202300682,胡芳,女,29,4.104021995112298e+17,城镇职工,驻马店市,2022-03-18,在保,2026-07-02
P202303774,阎娜,女,36,4.1010519880227334e+17,城镇职工,漯河市,2024-05-15,停保,2026-07-02
P202303659,吴永强,男,52,4.101061972011686e+17,城镇职工,平顶山市,2022-06-29,在保,2026-07-02
P202300145,曾雪,女,54,4.1010219700826586e+17,灵活就业,焦作市,2023-05-24,在保,2026-07-02
P202300995,胡斌,男,31,4.1010619930912915e+17,城乡居民,信阳市,2023-07-13,在保,2026-07-02
P202303653,吴语嫣,女,58,4.107021966080964e+17,城乡居民,焦作市,2021-07-24,在保,2026-07-02
P202301742,韩敏,女,46,4.104021978022256e+17,城镇职工,安阳市,2021-06-25,在保,2026-07-02
P202303341,胡淑珍,女,62,4.1010519620308544e+17,灵活就业,郑州市,2021-06-12,在保,2026-07-02
P202303836,程梦瑶,女,42,4.104021982071235e+17,城乡居民,信阳市,2022-03-25,在保,2026-07-02
P202302742,傅莉,女,58,4.101031966031998e+17,城镇职工,鹤壁市,2022-03-22,在保,2026-07-02
P202300152,赵婷,女,56,4.105021968012234e+17,城乡居民,开封市,2023-05-08,在保,2026-07-02
P202301671,郭桂英,女,45,4.101051979122679e+17,城镇职工,新乡市,2022-04-11,在保,2026-07-02
P202303918,何晨曦,男,59,4.102021965032842e+17,城乡居民,南阳市,2020-12-16,在保,2026-07-02
P202301832,李国强,男,54,4.102021970092854e+17,城镇职工,信阳市,2022-05-22,在保,2026-07-02
P202300241,邓强,男,35,4.1010319891102784e+17,城乡居民,南阳市,2020-10-08,在保,2026-07-02
P202300849,苏建国,男,38,4.1030219860824634e+17,城镇职工,开封市,2021-05-12,在保,2026-07-02
P202302173,谢磊,男,44,4.102021980121755e+17,城乡居民,平顶山市,2024-01-18,在保,2026-07-02
P202301882,于美琳,女,79,4.104021945051314e+17,城乡居民,周口市,2020-05-17,在保,2026-07-02
P202300857,胡涛,男,35,4.101051989052418e+17,城镇职工,鹤壁市,2023-02-09,在保,2026-07-02
P202303356,林辉,男,47,4.10106197709092e+17,城乡居民,鹤壁市,2022-08-07,在保,2026-07-02
P202301414,阎思琪,女,88,4.105021936010797e+17,城乡居民,安阳市,2023-04-18,在保,2026-07-02
P202300965,贾莉,女,48,4.10502197605201e+17,灵活就业,开封市,2021-10-13,停保,2026-07-02
P202301418,张嘉伟,男,54,4.1010319700501926e+17,城镇职工,商丘市,2021-11-08,退保,2026-07-02
P202302750,周霞,女,46,4.1070219780812243e+17,城乡居民,平顶山市,2024-02-13,在保,2026-07-02
P202300458,徐欣怡,女,31,4.104021993101907e+17,城乡居民,南阳市,2022-02-28,在保,2026-07-02
P202301104,唐淑珍,女,47,4.1010619770807174e+17,城镇职工,焦作市,2023-07-28,在保,2026-07-02
P202301437,萧玉兰,女,45,4.1030219790324544e+17,城镇职工,新乡市,2021-03-20,在保,2026-07-02
P202304760,王语嫣,女,62,,城乡居民,商丘市,2020-06-12,在保,2026-07-02
P202304085,徐伟,男,73,4.1010419510922925e+17,城乡居民,洛阳市,2021-12-31,在保,2026-07-02
P202301591,高俊杰,男,30,4.104021994051196e+17,城镇职工,安阳市,2022-10-18,退保,2026-07-02
P202303387,吴梦瑶,女,35,4.104021989072449e+17,城镇职工,洛阳市,2020-09-13,在保,2026-07-02
P202300466,孙玉兰,女,46,4.104021978051059e+17,城乡居民,平顶山市,2023-12-15,在保,2026-07-02
P202302674,吴俊杰,男,40,4.103021984032546e+17,城乡,许昌市,2022-10-05,在保,2026-07-02
P202303258,叶淑珍,女,37,4.107021987081355e+17,城乡居民,许昌市,2023-10-16,停保,2026-07-02
P202304294,李文彬,男,46,4.105021978041525e+17,城镇职工,南阳市,2021-10-28,在保,2026-07-02
P202301787,谢鹏,男,44,4.101031980090783e+17,城镇职工,许昌市,2023-01-17,在保,2026-07-02
P202301719,阎萍,女,62,4.103021962111085e+17,城乡居民,商丘市,2023-05-23,在保,2026-07-02
P202300101,徐杰,男,24,4.1030220001022246e+17,城镇职工,漯河市,2023-04-09,在保,2026-07-02
P202304029,,男,78,4.1020219461026477e+17,城镇职工,郑州市,2020-02-22,在保,2026-07-02
P202301706,周美琳,女,45,4.101061979100383e+17,城镇职工,鹤壁市,2022-12-13,在保,2026-07-02
P202303320,何宇航,男,91,4.1020219330803206e+17,城乡居民,周口市,2024-04-20,在保,2026-07-02
P202301050,宋紫薇,女,74,4.1010519500614496e+17,城镇职工,驻马店市,2023-11-11,在保,2026-07-02
P202301407,丁语嫣,女,24,4.1010420000905837e+17,灵活就业,郑州市,2023-06-28,在保,2026-07-02
P202303626,许美琳,女,32,4.1030219920321965e+17,城乡居民,信阳市,2020-08-14,在保,2026-07-02
P202304193,杨文彬,男,73,4.101051951081658e+17,城镇职工,开封市,2022-04-01,在保,2026-07-02
P202301254,苏超,男,56,4.101021968031449e+17,灵活就业,焦作市,2023-08-19,停保,2026-07-02
P202304739,陈晓红,女,25,4.105021999081301e+17,城乡居民,驻马店市,2022-10-06,在保,2026-07-02
P202302421,胡艳,女,68,4.1010519560524186e+17,城乡居民,鹤壁市,2021-09-27,在保,2026-07-02
P202304274,阎思琪,女,30,4.1010319940621376e+17,城乡居民,南阳市,2020-07-01,在保,2026-07-02
P202302848,郭斌,男,34,4.101061990111755e+17,城镇职工,新乡市,2021-05-02,在保,2026-07-02
P202301057,黄晓红,女,49,4.1030219750606566e+17,城镇职工,开封市,2023-01-16,在保,2026-07-02
P202302073,吕萍,女,51,4.102021973042406e+17,城镇职工,安阳市,2023-08-07,在保,2026-07-02
P202301727,唐国强,男,40,4.1050219841105446e+17,城乡居民,洛阳市,2023-02-01,在保,2026-07-02
P202304253,于文博,男,53,4.101021971101667e+17,城镇职工,信阳市,2022-10-27,在保,2026-07-02
P202303362,徐斌,男,19,4.1050220051016736e+17,城镇职工,商丘市,2023-10-31,停保,2026-07-02
P202301296,彭俊杰,男,48,4.101041976041574e+17,城镇职工,郑州市,2024-03-13,在保,2026-07-02
P202303593,孙娜,女,91,4.101041933022252e+17,城镇职工,信阳市,2021-05-27,在保,2026-07-02
P202303489,黄国强,男,33,4.1010519910914886e+17,城乡居民,开封市,2022-09-11,在保,2026-07-02
P202301293,沈海涛,男,49,4.101031975060176e+17,城乡居民,漯河市,,在保,2026-07-02
P202300590,蒋敏,女,34,4.101041990050401e+17,城镇职工,驻马店市,2022-11-18,在保,2026-07-02
P202304117,卢丽,女,45,4.10702197902209e+17,城镇职工,郑州市,2023-07-30,在保,2026-07-02
P202302838,罗美琳,女,79,4.105021945022181e+17,城镇职工,安阳市,2021-07-03,在保,2026-07-02
P202304611,徐雪,女,51,4.104021973121707e+17,城乡居民,开封市,2023-03-31,在保,2026-07-02
P202300932,罗俊杰,男,83,4.105021941080692e+17,城乡居民,洛阳市,2022-09-14,在保,2026-07-02
P202301171,孙永强,男,63,4.104021961101104e+17,城乡居民,许昌市,2021-04-11,在保,2026-07-02
P202303168,阎娟,女,52,4.107021972042085e+17,城乡居民,信阳市,2023-03-31,在保,2026-07-02
P202301700,许强,男,53,4.101051971041909e+17,城乡居民,信阳市,2021-03-19,在保,2026-07-02
P202302620,杨鹏,男,76,4.1010619480227226e+17,灵活就业,鹤壁市,2022-02-13,在保,2026-07-02
P202300684,王玲,女,200,4.1010619660828576e+17,城镇职工,新乡市,2024-01-30,停保,2026-07-02
P202300231,冯静,女,36,4.1010419880916243e+17,城镇职工,安阳市,2023-12-20,在保,2026-07-02
P202304606,林霞,女,45,4.10103197901064e+17,灵活就业,焦作市,2022-07-17,在保,2026-07-02
P202303409,朱娜,女,45,4.101031979012215e+17,城镇职工,新乡市,2022-02-17,在保,2026-07-02
P202304323,卢凤英,女,150,4.105021953092017e+17,城乡居民,新乡市,2020-12-10,在保,2026-07-02
P202304047,沈诗涵,女,62,4.1010619621212096e+17,城镇职工,焦作市,2021-04-13,在保,2026-07-02
P202302408,彭诗涵,女,64,4.102021960042054e+17,城镇职工,平顶山市,2023-05-12,在保,2026-07-02
P202302338,程静,女,50,4.1010419740610944e+17,城乡居民,鹤壁市,2024-05-16,在保,2026-07-02
P202304052,叶语嫣,女,53,4.1050219710120557e+17,城乡居民,驻马店市,2024-02-14,在保,2026-07-02
P202300297,赵飞,男,66,4.101061958031379e+17,城镇职工,商丘市,2023-10-18,在保,2026-07-02
P202304750,丁明,男,51,4.107021973100244e+17,城镇职工,平顶山市,2022-08-29,在保,2026-07-02
P202303781,罗宇航,男,47,4.101051977111828e+17,灵活就业,漯河市,2020-04-04,在保,2026-07-02
P202301174,吴芳,女,48,4.102021976061492e+17,城镇职工,信阳市,2021-08-25,在保,2026-07-02
P202303128,曹晓红,女,73,4.1010519510222854e+17,灵活就业,洛阳市,2020-02-24,退保,2026-07-02
P202303036,沈俊杰,男,58,4.1070219660710304e+17,城镇职工,南阳市,2020-01-18,在保,2026-07-02
P202300743,苏浩,男,38,4.10104198601132e+17,城乡居民,焦作市,2023-03-25,在保,2026-07-02
P202303941,曾明,男,56,4.102021968081659e+17,城镇职工,商丘市,2023-05-15,在保,2026-07-02
P202303869,程强,男,52,4.1010619720806195e+17,城乡居民,安阳市,2023-07-30,在保,2026-07-02
P202300506,孙军,男,41,4.1010419831215744e+17,城镇职工,新乡市,2020-07-03,在保,2026-07-02
P202304601,傅辉,男,46,4.107021978122714e+17,城镇职工,信阳市,,在保,2026-07-02
P202304259,丁晨曦,男,48,4.1050219760822035e+17,城乡居民,商丘市,2022-10-22,在保,2026-07-02
P202301486,丁文彬,男,66,4.101041958100533e+17,城乡居民,洛阳市,2020-04-17,停保,2026-07-02
P202301420,蔡莉,女,59,4.1010619650421754e+17,城乡居民,南阳市,,在保,2026-07-02
P202303099,程佳慧,女,47,4.101051977021351e+17,城镇职工,信阳市,2020-08-09,在保,2026-07-02
P202300706,曹敏,女,60,4.104021964102432e+17,城镇职工,新乡市,2023-02-08,在保,2026-07-02
P202304726,许慧,女,0,4.101052024121232e+17,灵活就业,安阳市,2021-10-24,停保,2026-07-02
P202300334,徐军,男,37,4.1010519870518835e+17,城镇职工,平顶山市,2021-03-25,在保,2026-07-02
P202300469,何明,男,40,4.107021984012439e+17,城镇职工,周口市,2023-09-05,在保,2026-07-02
P202303451,蔡文彬,男,41,4.102021983102104e+17,城乡居民,安阳市,2020-10-17,在保,2026-07-02
P202303106,梁霞,女,56,4.103021968031763e+17,城镇职工,许昌市,2021-02-02,在保,2026-07-02
P202301435,韩辉,男,46,4.102021978120144e+17,灵活就业,开封市,2020-03-28,在保,2026-07-02
P202300150,罗建华,男,55,4.102021969032272e+17,城镇职工,洛阳市,2023-08-16,在保,2026-07-02
P202304032,赵艳,女,24,4.1050220000619386e+17,城镇职工,洛阳市,2022-12-08,在保,2026-07-02
P202300415,胡涛,男,55,4.101061969111294e+17,城乡居民,许昌市,2023-08-24,退保,2026-07-02
P202301306,卢静,女,33,4.105021991061738e+17,城乡居民,鹤壁市,2022-09-20,在保,2026-07-02
P202302630,罗磊,男,41,4.1010419830925926e+17,城乡居民,漯河市,2023-09-05,在保,2026-07-02
P202301127,周娟,女,55,4.101041969052132e+17,灵活就业,平顶山市,2022-09-20,在保,2026-07-02
P202303693,胡天宇,男,71,4.102021953100336e+17,城镇职工,洛阳市,2023-04-06,在保,2026-07-02
P202300013,蔡晨曦,男,54,4.101061970111112e+17,城乡居民,南阳市,2020-11-19,在保,2026-07-02
P202300094,萧晓红,女,44,4.101051980120859e+17,城镇职工,新乡市,2024-05-07,在保,2026-07-02
P202303658,王嘉伟,男,12,4.1010320120411725e+17,城镇职工,平顶山市,2022-03-08,在保,2026-07-02
P202301542,阎秀英,女,81,4.101021943070358e+17,城镇职工,许昌市,2024-05-10,在保,2026-07-02
P202304373,邓文博,男,30,4.103021994021418e+17,城镇职工,许昌市,2020-08-25,退保,2026-07-02
P202303760,张霞,女,49,4.1030219750622374e+17,城乡居民,洛阳市,2020-11-30,在保,2026-07-02
P202303734,萧超,男,52,4.1040219720101254e+17,城乡居民,新乡市,2024-04-03,在保,2026-07-02
P202303768,傅国强,男,73,4.1010319510915226e+17,城乡居民,商丘市,2023-03-09,退保,2026-07-02
P202302903,孙磊,男,39,4.10104198508073e+17,城乡居民,洛阳市,2021-08-28,在保,2026-07-02
P202300734,邓永强,男,19,4.10502200505169e+17,城乡居民,新乡市,2023-05-13,在保,2026-07-02
P202303498,叶文博,男,49,4.103021975061951e+17,城镇职工,信阳市,2022-03-29,在保,2026-07-02
P202304126,袁美琳,女,30,4.105021994122299e+17,城乡居民,商丘市,2022-09-18,停保,2026-07-02
P202301785,韩莉,女,51,4.1040219730316986e+17,城乡居民,南阳市,2022-07-08,停保,2026-07-02
P202302182,林淑珍,女,43,4.107021981012214e+17,灵活就业,漯河市,2021-05-06,在保,2026-07-02
P202300417,蔡欣怡,女,77,4.1050219470528435e+17,灵活就业,驻马店市,2020-08-06,在保,2026-07-02
P202302317,何雪,,65,4.101021959100818e+17,城乡居民,焦作市,2021-01-29,在保,2026-07-02
P202304326,曹紫薇,女,68,4.101061956042109e+17,灵活就业,驻马店市,2022-04-02,在保,2026-07-02
P202304178,薛涛,男,55,4.101051969122313e+17,城镇职工,南阳市,2023-09-19,在保,2026-07-02
P202300334,徐军,男,37,4.1010519870518835e+17,城镇职工,平顶山市,2021-03-25,在保,2026-07-02
P202301095,蒋海涛,男,63,4.101051961120308e+17,城乡居民,郑州市,2021-03-11,在保,2026-07-02
P202300747,何天宇,男,53,4.101021971072044e+17,灵活就业,安阳市,2020-11-01,在保,2026-07-02
P202303900,叶杰,男,56,4.101051968050144e+17,城镇职工,鹤壁市,2022-02-24,在保,2026-07-02
P202303980,于志强,男,31,,城镇职工,许昌市,2020-02-27,在保,2026-07-02
P202302688,邓雨彤,女,22,4.101022002090222e+17,城乡居民,许昌市,2022-11-09,在保,2026-07-02
P202303018,马建国,男,200,4.101022024041901e+17,城镇职工,驻马店市,2021-06-12,退保,2026-07-02
P202301993,薛飞,男,71,4.105021953121127e+17,灵活就业,洛阳市,2023-10-22,在保,2026-07-02
P202304905,沈晨曦,男,61,4.101051963112233e+17,城乡居民,焦作市,2023-11-05,在保,2026-07-02
P202302652,朱超,男,77,4.104021947101609e+17,城乡居民,郑州市,2020-01-05,在保,2026-07-02
P202302851,傅飞,男,40,4.104021984050735e+17,城镇职工,周口市,2021-12-12,在保,2026-07-02
P202302859,王梦瑶,女,71,4.1050219531217434e+17,城镇职工,商丘市,2020-07-15,在保,2026-07-02
P202303528,曾美琳,女,87,4.1070219371116205e+17,城乡居民,新乡市,2021-04-28,停保,2026-07-02
P202304243,程慧,女,39,4.101051985082116e+17,城乡居民,开封市,2021-03-31,在保,2026-07-02
P202303683,郑辉,男,53,4.102021971050345e+17,城镇职工,周口市,2023-10-06,在保,2026-07-02
P202300133,蔡磊,男,30,4.1030219940820454e+17,城镇职工,安阳市,2021-03-17,在保,2026-07-02
P202302414,吕辉,男,33,4.107021991070594e+17,城乡居民,鹤壁市,2024-05-09,在保,2026-07-02
P202303635,郑强,男,57,4.102021967021448e+17,城镇职工,漯河市,2024-01-19,在保,2026-07-02
P202301483,马子轩,男,81,4.1010519430926515e+17,城镇职工,新乡市,2022-02-09,在保,2026-07-02
P202300430,梁建国,男,18,4.101032006032555e+17,城镇职工,郑州市,2023-07-07,在保,2026-07-02
P202304806,贾美琳,女,21,4.1010620030724064e+17,灵活就业,鹤壁市,2023-09-11,在保,2026-07-02
P202304740,程杰,男,62,4.101061962091707e+17,城镇职工,焦作市,2023-11-24,在保,2026-07-02
P202301908,张嘉伟,男,29,4.107021995112857e+17,城镇职工,许昌市,2022-03-02,在保,2026-07-02
P202300288,曹静,女,60,4.101061964111439e+17,城乡居民,洛阳市,2023-07-21,在保,2026-07-02
P202303275,何波,男,33,4.1050219911001114e+17,灵活就业,鹤壁市,2021-07-24,在保,2026-07-02
P202303654,黄嘉伟,男,35,4.1010319890926074e+17,灵活就业,驻马店市,2023-08-04,在保,2026-07-02
P202303923,陈丽,女,43,4.101031981070977e+17,城乡居民,商丘市,2023-06-04,在保,2026-07-02
P202304164,叶斌,男,16,4.10402200809211e+17,城镇职工,郑州市,2021-08-07,退保,2026-07-02
P202303108,周明,男,60,4.101061964011239e+17,灵活就业,信阳市,2020-07-28,在保,2026-07-02
P202302095,曾鹏,男,68,4.1020219560707046e+17,城镇职工,周口市,2021-10-12,在保,2026-07-02
P202302437,傅娜,女,47,4.1030219770406675e+17,城镇职工,洛阳市,2023-05-01,在保,2026-07-02
P202301871,梁飞,男,30,4.102021994110211e+17,城乡居民,周口市,2020-10-03,在保,2026-07-02
P202302695,韩凤英,女,56,4.10502196804222e+17,城镇职工,南阳市,2020-05-14,在保,2026-07-02
P202302971,沈娜,女,15,4.1030220091220186e+17,城乡居民,焦作市,2021-10-04,在保,2026-07-02
P202304976,王伟,男,25,4.105021999072891e+17,城乡居民,驻马店市,2022-06-11,在保,2026-07-02
P202303545,郭佳慧,女,74,4.1010219500322477e+17,城乡居民,漯河市,2020-11-30,在保,2026-07-02
P202304895,胡雪,女,30,4.105021994082167e+17,城乡居民,周口市,2021-10-25,在保,2026-07-02
P202303725,许雨彤,女,38,4.101061986020198e+17,城镇职工,驻马店市,2022-05-25,在保,2026-07-02
P202300438,罗涛,男,25,4.1020219990414925e+17,城乡居民,开封市,2020-11-25,在保,2026-07-02
P202303874,贾海涛,男,23,4.101032001090856e+17,城镇职工,洛阳市,2022-03-20,在保,2026-07-02
P202300585,谢浩,男,53,4.101061971041731e+17,城乡居民,洛阳市,2022-02-05,在保,2026-07-02
P202302300,丁杰,男,22,4.101042002080411e+17,城镇职工,鹤壁市,2022-08-09,在保,2026-07-02
P202301439,吴慧,女,58,4.104021966052798e+17,城镇职工,南阳市,2020-04-14,在保,2026-07-02
P202304577,黄梦瑶,女,28,4.101051996050794e+17,城镇职工,安阳市,2020-04-24,在保,2026-07-02
P202303872,郭辉,男,52,4.1010619720125254e+17,城乡居民,焦作市,2020-06-19,在保,2026-07-02
P202300712,李军,男,48,4.101031976082203e+17,城乡居民,南阳市,2023-05-23,在保,2026-07-02
P202302852,,女,65,4.1040219591128006e+17,灵活就业,周口市,2022-05-24,在保,2026-07-02
P202304485,唐秀兰,女,49,4.1010219750609126e+17,城乡居民,平顶山市,2020-06-20,在保,2026-07-02
P202302417,王玲,女,59,4.1010619650809126e+17,城镇职工,焦作市,2021-04-06,退保,2026-07-02
P202304553,丁鹏,男,65,4.107021959031415e+17,城乡居民,新乡市,2023-07-07,在保,2026-07-02
P202302322,叶霞,女,64,4.10702196001158e+17,城镇职工,平顶山市,2023-05-10,在保,2026-07-02
P202303008,陈静,女,22,4.10302200201111e+17,城镇职工,安阳市,2023-01-12,在保,2026-07-02
P202302132,傅晨曦,男,50,4.105021974042868e+17,城乡居民,焦作市,2022-09-15,在保,2026-07-02
P202304735,卢磊,男,55,4.1040219690709594e+17,城镇职工,许昌市,2022-09-04,在保,2026-07-02
P202302670,曹杰,男,61,4.1020219630608986e+17,灵活就业,信阳市,2022-01-18,在保,2026-07-02
P202300587,阎桂英,女,41,4.101031983092214e+17,城镇职工,许昌市,2020-03-15,在保,2026-07-02
P202302373,贾建国,男,52,4.1050219720813024e+17,城乡居民,平顶山市,2023-07-29,在保,2026-07-02
P202301535,高涛,男,41,4.10104198312234e+17,城镇职工,焦作市,2020-05-02,在保,2026-07-02
P202300735,宋诗涵,女,68,4.103021956122424e+17,城乡居民,新乡市,2020-10-22,在保,2026-07-02
P202302165,阎美琳,女,78,4.107021946062553e+17,城乡居民,驻马店市,2024-02-28,在保,2026-07-02
P202303107,徐静,女,26,4.1040219980621414e+17,城镇职工,郑州市,2020-12-05,在保,2026-07-02
P202304425,朱凤英,女,33,4.1020219910409875e+17,城乡居民,焦作市,2020-08-16,在保,2026-07-02
P202302587,胡欣怡,女,26,4.1010519980609216e+17,城乡居民,南阳市,2023-01-28,在保,2026-07-02
P202300554,魏伟,男,54,4.103021970071045e+17,城乡居民,开封市,2024-05-14,在保,2026-07-02
P202304944,林娜,女,36,4.101031988020863e+17,城乡居民,郑州市,2021-06-29,在保,2026-07-02
P202300473,郑诗涵,女,22,4.1070220020415955e+17,城镇职工,周口市,2020-01-10,在保,2026-07-02
P202301058,蒋雨彤,女,71,4.101061953122096e+17,城乡居民,洛阳市,2020-07-31,在保,2026-07-02
P202303291,董雪,女,75,4.101061949080398e+17,城镇职工,南阳市,2021-01-07,在保,2026-07-02
P202304676,韩萍,女,32,4.1010519920702957e+17,城镇职工,信阳市,2020-10-19,停保,2026-07-02
P202301048,朱娜,女,21,4.101022003111428e+17,城镇职工,商丘市,2020-12-26,在保,2026-07-02
P202301221,邓子轩,男,28,4.101051996082899e+17,城镇职工,郑州市,2022-05-18,在保,2026-07-02
P202300545,曾美琳,女,5,4.101022019050606e+17,城乡居民,新乡市,2023-11-27,在保,2026-07-02
P202300801,邓建华,男,66,4.1010319580918317e+17,城镇职工,焦作市,2024-03-30,在保,2026-07-02
P202304232,董建华,男,74,4.1050219500713197e+17,城乡居民,平顶山市,2023-07-22,在保,2026-07-02
P202303525,朱文博,男,39,4.101041985080784e+17,灵活就业,周口市,2022-08-29,在保,2026-07-02
P202300291,郭桂英,女,46,4.1020219780919136e+17,城乡居民,鹤壁市,2022-09-20,在保,2026-07-02
P202304721,韩佳慧,女,68,4.1010319561121766e+17,城乡居民,郑州市,2021-12-26,在保,2026-07-02
P202300927,郑文博,男,39,4.101031985011589e+17,城镇职工,许昌市,2020-10-11,在保,2026-07-02
P202300253,杨紫薇,女,88,4.1010519361203085e+17,城乡居民,开封市,2022-02-17,在保,2026-07-02
P202300970,苏磊,男,24,4.101052000020659e+17,城镇职工,洛阳市,2024-03-02,在保,2026-07-02
P202303312,吕海涛,男,58,4.101031966052793e+17,城乡居民,信阳市,2021-08-27,在保,2026-07-02
P202300351,程文博,男,55,4.1030219690816915e+17,城镇职工,洛阳市,2023-08-07,在保,2026-07-02
P202303207,郭桂英,女,36,4.1010619880509114e+17,城乡居民,信阳市,2022-04-05,在保,2026-07-02
P202302035,曾艳,女,69,4.1040219550916365e+17,城乡,郑州市,2022-09-04,在保,2026-07-02
P202303035,胡诗涵,女,51,4.1010319730526163e+17,城乡居民,周口市,2022-01-11,在保,2026-07-02
P202301594,罗秀英,女,66,4.107021958082207e+17,城镇职工,漯河市,2020-04-26,在保,2026-07-02
P202300091,冯诗涵,女,51,4.1040219730415565e+17,城乡居民,南阳市,2021-01-25,停保,2026-07-02
P202301619,韩建华,男,42,4.10104198209212e+17,城乡居民,商丘市,2022-05-29,在保,2026-07-02
P202300812,曾斌,男,42,4.101061982050719e+17,城镇职工,郑州市,2020-09-07,在保,2026-07-02
P202300722,梁莉,女,19,4.104022005022369e+17,城镇职工,焦作市,2022-10-14,在保,2026-07-02
P202303103,,女,79,4.10104194505131e+17,城乡居民,新乡市,2020-01-28,在保,2026-07-02
P202300027,刘建国,男,29,4.101041995022007e+17,城镇职工,南阳市,2020-09-02,停保,2026-07-02
P202301346,卢玲,女,23,4.101032001112183e+17,城镇职工,漯河市,2022-08-23,在保,2026-07-02
P202302084,蒋嘉伟,男,8,4.101032016082805e+17,灵活就业,安阳市,2023-11-21,在保,2026-07-02
P202301756,袁玲,女,74,4.1010619501011866e+17,城乡居民,驻马店市,2023-02-07,在保,2026-07-02
P202301211,张辉,男,27,4.103021997111313e+17,城乡居民,鹤壁市,2020-06-22,在保,2026-07-02
P202304023,苏敏,女,16,4.1010220080613677e+17,城乡居民,信阳市,2021-08-10,在保,2026-07-02
P202304072,蒋慧,女,37,4.1010319871103443e+17,城镇职工,安阳市,2023-08-28,在保,2026-07-02
P202302374,蒋海涛,男,59,4.1010419650327123e+17,城镇职工,郑州市,2021-06-21,在保,2026-07-02
P202304966,贾鹏,男,45,4.105021979030329e+17,城镇职工,开封市,2023-05-01,在保,2026-07-02
P202303772,程勇,男,41,4.105021983112149e+17,城镇职工,鹤壁市,2020-11-16,停保,2026-07-02
P202300916,何文彬,男,55,4.1010419690508614e+17,城乡居民,商丘市,2020-11-26,在保,2026-07-02
P202302526,卢佳慧,女,58,4.105021966032783e+17,城乡居民,商丘市,2022-09-27,在保,2026-07-02
P202301075,彭伟,男,67,4.105021957092516e+17,城乡居民,鹤壁市,2022-01-17,在保,2026-07-02
P202303699,蔡凤英,女,66,4.1020219580327123e+17,城乡居民,漯河市,2020-11-26,在保,2026-07-02
P202300255,周磊,男,22,4.104022002091852e+17,城镇职工,洛阳市,2020-02-23,在保,2026-07-02
P202304300,袁晨曦,男,35,4.1050219890323014e+17,城镇职工,开封市,2022-08-22,在保,2026-07-02
P202303211,宋秀兰,女,71,4.105021953021349e+17,城乡居民,安阳市,2021-03-22,退保,2026-07-02
P202304087,徐斌,男,65,4.1010419590602874e+17,城乡居民,平顶山市,2020-04-26,在保,2026-07-02
P202304355,卢斌,男,57,4.1010619670324077e+17,灵活就业,南阳市,2022-11-12,在保,2026-07-02
P202304597,丁文博,男,45,4.104021979052286e+17,灵活就业,平顶山市,2021-01-18,在保,2026-07-02
P202301730,许静,女,83,4.101061941090964e+17,城镇职工,鹤壁市,2020-03-01,在保,2026-07-02
P202302276,韩磊,男,30,4.101021994040737e+17,城镇职工,鹤壁市,2023-08-21,在保,2026-07-02
P202301953,卢芳,女,33,4.10103199101014e+17,灵活就业,商丘市,2023-06-27,在保,2026-07-02
P202301271,吴伟,男,69,4.1070219550507526e+17,城镇职工,许昌市,2022-07-20,在保,2026-07-02
P202304695,郑芳,女,46,4.1010219780105645e+17,灵活就业,漯河市,2020-02-07,退保,2026-07-02
P202300316,萧超,男,50,4.104021974042492e+17,城乡居民,平顶山市,2021-05-17,在保,2026-07-02
P202304965,梁佳慧,女,38,4.1050219861016723e+17,城乡居民,鹤壁市,2022-07-20,在保,2026-07-02
P202304922,卢萍,女,55,4.107021969050618e+17,城镇职工,驻马店市,2020-07-30,在保,2026-07-02
P202303829,于秀兰,女,71,4.101051953100769e+17,城镇职工,郑州市,2022-12-04,在保,2026-07-02
P202300556,蔡伟,男,42,4.104021982031787e+17,城镇职工,信阳市,2023-12-29,在保,2026-07-02
P202301920,周斌,男,41,4.1020219830828986e+17,灵活就业,周口市,2023-02-18,在保,2026-07-02
P202303946,李晓红,女,66,4.101031958030306e+17,城乡居民,驻马店市,2021-08-18,在保,2026-07-02
P202300070,程雪,女,38,4.1030219861218336e+17,城乡居民,许昌市,2022-07-18,在保,2026-07-02
P202302528,阎静,女,60,4.1010419640718624e+17,城乡居民,新乡市,2021-07-16,停保,2026-07-02
P202303444,刘斌,男,78,4.101051946022629e+17,城乡居民,周口市,2022-05-31,在保,2026-07-02
P202303410,蔡子轩,男,86,4.102021938121367e+17,灵活就业,新乡市,2024-01-14,在保,2026-07-02
P202302875,曹霞,女,49,4.10202197510097e+17,城乡居民,商丘市,2021-05-05,停保,2026-07-02
P202304336,杨雨彤,女,38,4.1070219861010323e+17,城镇职工,漯河市,2024-02-21,在保,2026-07-02
P202303170,蔡艳,女,42,,灵活就业,南阳市,2020-10-30,退保,2026-07-02
P202300806,邓莉,女,44,4.1020219800804154e+17,城镇职工,鹤壁市,2022-04-23,在保,2026-07-02
P202301554,周杰,男,35,4.101021989012807e+17,城镇职工,洛阳市,2023-01-28,在保,2026-07-02
P202302119,萧文彬,男,3,4.103022021021594e+17,城镇职工,许昌市,2020-08-14,在保,2026-07-02
P202304221,程俊杰,男,6,4.101022018030326e+17,城镇职工,平顶山市,2023-01-21,在保,2026-07-02
P202303704,许磊,男,34,4.1010419900909997e+17,城镇职工,洛阳市,2022-05-19,在保,2026-07-02
P202300894,林艳,女,71,4.1030219530101344e+17,城镇职工,商丘市,2023-10-02,在保,2026-07-02
P202304993,沈丽,女,47,4.101061977102021e+17,灵活就业,许昌市,2022-04-28,在保,2026-07-02
P202302147,阎霞,女,21,4.1050220031208634e+17,城乡居民,驻马店市,2021-10-19,在保,2026-07-02
P202300388,彭强,男,83,4.1010219410123117e+17,城乡居民,信阳市,2022-02-17,在保,2026-07-02
P202300752,贾淑珍,女,25,4.103021999121475e+17,城乡居民,安阳市,2020-05-29,在保,2026-07-02
P202302843,袁嘉伟,男,76,4.1030219480222925e+17,城乡居民,郑州市,2023-08-09,在保,2026-07-02
P202303183,丁淑珍,女,30,4.10302199407204e+17,城镇职工,信阳市,2024-01-28,在保,2026-07-02
P202301984,唐美琳,女,65,4.1070219590908134e+17,城乡居民,商丘市,2020-02-16,在保,2026-07-02
P202304038,胡浩然,男,46,4.1010619780121216e+17,灵活就业,周口市,2022-08-21,在保,2026-07-02
P202303025,刘宇航,男,16,4.1070220081008256e+17,城镇职工,南阳市,2020-02-16,在保,2026-07-02
P202302188,曾飞,男,45,4.1010219791014586e+17,城乡居民,南阳市,2022-10-11,在保,2026-07-02
P202300411,曹伟,男,62,4.101021962091486e+17,城乡居民,信阳市,2022-11-07,在保,2026-07-02
P202304491,胡斌,男,57,4.104021967052671e+17,灵活就业,漯河市,2022-12-08,在保,2026-07-02
P202300110,傅玉兰,女,48,4.103021976010955e+17,城镇职工,信阳市,2022-01-24,在保,2026-07-02
P202302556,陈凤英,女,59,4.10302196506149e+17,城镇职工,开封市,2022-02-10,在保,2026-07-02
P202303221,赵建华,男,31,4.107021993022115e+17,城乡居民,商丘市,2024-02-08,在保,2026-07-02
P202302154,黄建国,男,54,4.1010319700223206e+17,城镇职工,鹤壁市,2023-08-12,在保,2026-07-02
P202304732,贾淑珍,女,49,4.105021975080778e+17,城镇职工,鹤壁市,2021-02-16,在保,2026-07-02
P202302664,彭鹏,男,32,4.101021992012425e+17,城镇职工,鹤壁市,2021-11-20,在保,2026-07-02
P202302192,阎欣怡,女,58,4.101021966041097e+17,城乡居民,周口市,2022-10-28,在保,2026-07-02
P202304329,郭俊杰,男,80,4.10502194404185e+17,灵活就业,郑州市,2020-01-28,停保,2026-07-02
P202301648,萧丽,女,67,4.101021957121554e+17,城镇职工,新乡市,2022-04-26,在保,2026-07-02
P202300222,陈嘉伟,男,16,4.101062008070679e+17,城乡居民,平顶山市,2023-08-06,退保,2026-07-02
P202304410,王娜,女,65,4.10106195901013e+17,城镇职工,安阳市,2022-01-04,在保,2026-07-02
P202304638,许佳慧,女,28,4.1010519960921005e+17,城镇职工,洛阳市,2021-10-03,在保,2026-07-02
P202300656,郭艳,女,51,4.101021973121906e+17,城镇职工,开封市,2020-08-15,停保,2026-07-02
P202304145,郭玲,女,22,4.10105200206226e+17,城镇职工,鹤壁市,2023-12-01,在保,2026-07-02
P202301789,吕秀英,女,55,4.101021969021725e+17,城镇职工,安阳市,2022-09-29,在保,2026-07-02
P202302922,冯海涛,男,63,4.101041961100191e+17,城镇职工,洛阳市,2024-01-28,停保,2026-07-02
P202301256,魏淑珍,女,28,4.1010519960524384e+17,城乡居民,焦作市,2022-09-15,在保,2026-07-02
P202304014,沈鹏,男,53,4.1010619711025306e+17,城乡居民,商丘市,2024-03-05,在保,2026-07-02
P202304455,郭文博,男,72,4.101061952112572e+17,城乡居民,新乡市,2023-11-16,在保,2026-07-02
P202301210,袁波,男,81,4.101021943031031e+17,城乡居民,新乡市,2023-07-17,在保,2026-07-02
P202304249,宋娟,女,58,4.101051966121263e+17,城镇职工,焦作市,2023-04-13,在保,2026-07-02
P202301129,唐娜,女,48,4.1010619760716186e+17,灵活就业,鹤壁市,2023-01-24,在保,2026-07-02
P202304174,吕子轩,男,32,4.1020219920621485e+17,城乡居民,鹤壁市,2024-03-12,在保,2026-07-02
P202302320,贾佳慧,女,30,4.10105199404079e+17,城镇职工,安阳市,2021-05-19,在保,2026-07-02
P202303990,卢天宇,男,36,4.1070219880828755e+17,城镇职工,驻马店市,2024-04-05,在保,2026-07-02
P202300178,罗语嫣,女,76,4.101041948061723e+17,城镇职工,新乡市,2020-10-11,在保,2026-07-02
P202302950,傅静,女,20,4.1010420040706426e+17,城镇职工,新乡市,2023-05-28,在保,2026-07-02
P202304793,吴子轩,男,47,4.101041977052284e+17,城乡居民,驻马店市,2022-05-12,在保,2026-07-02
P202300081,郭俊杰,男,46,4.1010219780326317e+17,城镇职工,许昌市,2023-03-11,停保,2026-07-02
P202301225,王桂英,女,46,4.101041978080301e+17,城镇职工,许昌市,2021-01-19,在保,2026-07-02
P202302299,吴语嫣,女,61,4.101051963072486e+17,城镇职工,信阳市,2024-02-01,在保,2026-07-02
P202302916,宋永强,男,83,4.101021941120593e+17,灵活就业,南阳市,2020-02-02,在保,2026-07-02
P202302544,马佳慧,女,44,4.1040219801209395e+17,城镇职工,许昌市,2020-09-07,在保,2026-07-02
P202304324,宋杰,男,30,4.101051994030559e+17,城镇职工,商丘市,2023-10-22,在保,2026-07-02
P202301780,薛美琳,女,37,4.105021987111175e+17,城乡居民,南阳市,2022-01-14,在保,2026-07-02
P202304768,韩建华,男,45,4.101041979070138e+17,城镇职工,新乡市,2022-12-10,在保,2026-07-02
P202301612,阎诗涵,女,21,4.101052003040534e+17,灵活就业,安阳市,2022-12-23,在保,2026-07-02
P202303779,马文彬,男,12,4.10402201203084e+17,城乡居民,周口市,2021-08-19,在保,2026-07-02
P202301868,唐浩,男,70,4.101041954020908e+17,城乡居民,安阳市,2022-04-27,在保,2026-07-02
P202300671,黄雨彤,女,72,4.101041952041797e+17,城镇职工,安阳市,2022-05-03,退保,2026-07-02
P202304832,周美琳,女,28,4.103021996072243e+17,城镇职工,信阳市,2020-05-15,退保,2026-07-02
P202303619,傅晨曦,男,71,4.101051953042184e+17,城乡居民,许昌市,2022-08-21,在保,2026-07-02
P202301808,卢语嫣,女,59,4.1010519650120845e+17,城乡居民,漯河市,2020-01-11,在保,2026-07-02
P202303394,谢淑珍,女,48,4.101031976031266e+17,城乡居民,漯河市,2023-01-26,在保,2026-07-02
P202302689,马辉,男,63,4.101021961050228e+17,城乡居民,洛阳市,2021-12-14,在保,2026-07-02
P202302895,冯玲,女,59,4.10402196508101e+17,灵活就业,洛阳市,2021-02-20,停保,2026-07-02
P202304874,谢秀英,女,54,4.1010519700623674e+17,城乡居民,商丘市,2023-02-07,在保,2026-07-02
P202300220,刘凤英,女,51,4.103021973081906e+17,城镇职工,信阳市,2023-10-09,在保,2026-07-02
P202302096,高秀兰,女,48,4.1010419761114176e+17,城镇职工,许昌市,2021-08-30,在保,2026-07-02
P202303045,郭子轩,男,62,4.1020219620923104e+17,城乡居民,商丘市,2022-07-31,在保,2026-07-02
P202300044,梁淑珍,女,44,4.105021980030743e+17,城乡居民,商丘市,2024-03-12,停保,2026-07-02
P202300211,袁浩,男,60,4.1010319640606746e+17,城镇职工,商丘市,2021-06-10,在保,2026-07-02
P202301514,彭飞,男,16,4.101042008100584e+17,城乡居民,鹤壁市,2023-11-20,在保,2026-07-02
P202300355,唐晨曦,男,49,4.101021975091992e+17,灵活就业,平顶山市,2023-03-16,在保,2026-07-02
P202302442,王玉兰,女,74,4.101021950032439e+17,城镇职工,许昌市,2022-12-30,在保,2026-07-02
P202301198,蔡涛,男,59,4.1010419650827194e+17,城镇职工,安阳市,2020-09-26,在保,2026-07-02
P202303976,吕莉,女,53,4.107021971051186e+17,城镇职工,商丘市,2021-08-23,退保,2026-07-02
P202303205,许浩然,男,32,4.1010519921015405e+17,城乡居民,郑州市,2023-12-28,停保,2026-07-02
P202300368,何子轩,男,50,4.1010319740501395e+17,城乡居民,开封市,2023-03-17,在保,2026-07-02
P202302597,吕斌,男,39,4.101021985072291e+17,城乡居民,新乡市,2021-03-23,在保,2026-07-02
P202303790,叶强,男,73,4.101051951112416e+17,城乡居民,新乡市,2021-12-02,在保,2026-07-02
P202301729,阎涛,男,56,4.102021968101194e+17,城乡居民,安阳市,2021-01-28,在保,2026-07-02
P202300136,孙静,女,77,4.1010519470918854e+17,城镇职工,洛阳市,2022-03-24,停保,2026-07-02
P202301504,郭斌,男,49,4.101061975010431e+17,城乡居民,安阳市,2022-07-24,停保,2026-07-02
P202300048,吕语嫣,女,69,4.104021955072159e+17,城乡居民,许昌市,2023-11-27,在保,2026-07-02
P202302319,刘敏,女,39,4.1010519850610336e+17,城乡居民,新乡市,2022-04-09,在保,2026-07-02
P202301392,苏莉,女,37,4.103021987120972e+17,灵活就业,平顶山市,2021-06-23,在保,2026-07-02
P202302064,张文博,男,48,,城镇职工,南阳市,2021-03-01,在保,2026-07-02
P202301011,宋慧,女,73,4.101021951092328e+17,城镇职工,洛阳市,2020-02-13,在保,2026-07-02
P202302122,沈诗涵,女,64,4.1020219600807315e+17,城镇职工,驻马店市,2023-04-29,在保,2026-07-02
P202303996,邓超,男,50,4.101051974070143e+17,城乡,开封市,2021-01-29,在保,2026-07-02
P202300062,曾伟,男,46,4.107021978111341e+17,灵活就业,洛阳市,2023-04-27,在保,2026-07-02
P202301033,张娜,女,57,4.101061967011277e+17,城镇职工,南阳市,2022-10-21,在保,2026-07-02
P202303246,谢永强,男,63,4.1010319610726016e+17,城乡居民,周口市,2023-05-21,在保,2026-07-02
P202300096,赵语嫣,女,23,4.1010320010915014e+17,城乡居民,南阳市,2023-09-02,退保,2026-07-02
P202300479,曹子轩,男,95,4.101051929050723e+17,城镇职工,鹤壁市,2021-05-26,在保,2026-07-02
P202304322,孙淑珍,女,48,4.1040219760121184e+17,城乡居民,信阳市,2021-08-07,在保,2026-07-02
P202300843,何娟,女,29,4.101051995062705e+17,城镇职工,驻马店市,2021-04-29,停保,2026-07-02
P202300890,丁浩,男,69,4.101061955030686e+17,城镇职工,周口市,,在保,2026-07-02
P202301617,陈宇航,男,55,4.1050219690914016e+17,城乡居民,鹤壁市,2024-02-09,在保,2026-07-02
P202301903,张宇航,男,71,4.1070219530924986e+17,城镇职工,许昌市,2021-06-01,在保,2026-07-02
P202301506,郭芳,女,41,,城乡居民,新乡市,2020-05-13,在保,2026-07-02
P202300323,萧霞,女,35,4.10103198903267e+17,灵活就业,鹤壁市,2023-12-14,在保,2026-07-02
P202301323,谢静,女,48,4.102021976121146e+17,城镇职工,南阳市,2023-02-27,在保,2026-07-02
P202303474,罗桂英,女,30,4.105021994080374e+17,城乡居民,郑州市,2023-07-05,在保,2026-07-02
P202304042,陈俊杰,男,63,4.103021961011145e+17,城乡居民,南阳市,2022-07-15,在保,2026-07-02
P202302388,萧杰,男,33,4.1050219910320966e+17,城镇职工,驻马店市,2020-12-22,在保,2026-07-02
P202301426,林斌,男,14,4.104022010120545e+17,城乡居民,平顶山市,2020-03-25,在保,2026-07-02
P202302522,袁秀英,女,95,4.1010319290616614e+17,城镇职工,驻马店市,2023-04-04,在保,2026-07-02
P202303130,刘辉,男,42,4.1050219820715616e+17,城镇职工,漯河市,2023-02-23,在保,2026-07-02
P202301188,韩桂英,女,45,4.1050219791219283e+17,城镇职工,新乡市,2021-08-31,在保,2026-07-02
P202302464,贾天宇,男,27,4.10402199704267e+17,城乡居民,新乡市,2023-03-04,退保,2026-07-02
P202300292,张军,男,41,4.1040219830104954e+17,城乡居民,信阳市,2022-07-23,在保,2026-07-02
P202302358,徐超,男,52,4.105021972062423e+17,灵活就业,鹤壁市,2024-04-07,在保,2026-07-02
P202302755,蒋嘉伟,男,48,4.1050219760721165e+17,城镇职工,鹤壁市,2022-10-09,在保,2026-07-02
P202300534,杨紫薇,女,28,4.102021996062744e+17,城镇职工,漯河市,2020-09-03,停保,2026-07-02
P202302054,何芳,女,44,4.105021980030523e+17,城乡居民,周口市,2021-11-03,在保,2026-07-02
P202303936,吴玉兰,女,56,4.104021968101378e+17,城镇职工,周口市,2023-05-23,在保,2026-07-02
P202301262,萧雨彤,女,51,4.1010319730705325e+17,城镇职工,南阳市,2024-05-02,在保,2026-07-02
P202301877,于慧,女,39,4.1020219850709165e+17,城镇职工,鹤壁市,2021-09-28,在保,2026-07-02
P202302588,林思琪,女,46,4.103021978021375e+17,城乡居民,开封市,2021-08-29,在保,2026-07-02
P202304020,董勇,男,48,4.101041976012892e+17,城镇职工,漯河市,2023-07-22,在保,2026-07-02
P202304983,马俊杰,男,55,4.1010519691205024e+17,城乡居民,焦作市,2021-07-08,停保,2026-07-02
P202303335,邓诗涵,女,75,4.101021949101689e+17,城镇职工,安阳市,2023-09-05,在保,2026-07-02
P202300429,李晓红,女,69,4.102021955092652e+17,城乡居民,信阳市,2020-03-30,在保,2026-07-02
P202301039,傅语嫣,女,54,4.101031970080447e+17,灵活就业,开封市,2021-08-28,在保,2026-07-02
P202303309,贾海涛,男,81,4.107021943122108e+17,城镇职工,洛阳市,2021-09-07,在保,2026-07-02
P202304303,董玲,女,32,4.107021992061781e+17,城镇职工,鹤壁市,2020-09-10,在保,2026-07-02
P202303649,张语嫣,女,64,4.104021960030263e+17,城乡居民,驻马店市,2020-03-11,在保,2026-07-02
P202301193,许建华,男,39,4.101021985082784e+17,城乡居民,焦作市,2021-02-20,在保,2026-07-02
P202302239,傅军,男,42,4.10103198211068e+17,城乡居民,焦作市,2023-03-02,在保,2026-07-02
P202302427,蒋玉兰,女,60,4.101031964070266e+17,城镇职工,鹤壁市,2022-08-26,在保,2026-07-02
P202301085,胡艳,女,56,4.104021968080228e+17,城镇职工,洛阳市,2020-09-11,在保,2026-07-02
P202300627,杨文博,男,32,4.103021992112592e+17,城乡居民,平顶山市,2021-01-13,停保,2026-07-02
P202302022,张婷,女,54,4.107021970082698e+17,城镇职工,,2022-11-01,在保,2026-07-02
P202304712,高建华,男,60,4.1010619640104755e+17,灵活,商丘市,2022-08-30,在保,2026-07-02
P202304571,魏霞,女,39,4.1040219850326886e+17,灵活就业,新乡市,2023-09-16,在保,2026-07-02
P202304971,沈天宇,男,77,4.102021947010943e+17,城镇职工,许昌市,2023-06-10,在保,2026-07-02
P202300658,杨斌,男,49,4.104021975041948e+17,灵活就业,安阳市,2020-01-30,在保,2026-07-02
P202302560,宋秀英,女,66,4.101051958052529e+17,城乡居民,漯河市,2023-01-30,在保,2026-07-02
P202300764,苏霞,女,48,4.101021976060267e+17,城乡居民,信阳市,2021-10-27,停保,2026-07-02
P202300788,罗娟,女,58,4.10102196601129e+17,城镇职工,焦作市,2023-10-18,在保,2026-07-02
P202303287,林磊,男,44,4.1010419801018566e+17,城乡居民,洛阳市,2024-02-11,在保,2026-07-02
P202301184,张俊杰,男,21,4.101042003020553e+17,城镇职工,漯河市,2022-03-05,停保,2026-07-02
P202304511,蔡紫薇,女,28,4.102021996012437e+17,灵活就业,新乡市,2023-06-28,在保,2026-07-02
P202302281,杨伟,男,18,4.101032006051643e+17,城镇职工,平顶山市,2020-11-14,在保,2026-07-02
P202300953,唐俊杰,男,27,4.103021997092755e+17,城乡居民,信阳市,2020-05-10,在保,2026-07-02
P202303544,唐玉兰,女,30,4.101021994040145e+17,城职,商丘市,,在保,2026-07-02
P202301938,魏秀英,女,58,4.1050219660316205e+17,灵活就业,平顶山市,2023-01-07,在保,2026-07-02
P202301544,程婷,女,41,4.1070219831218944e+17,城乡居民,周口市,2023-09-15,在保,2026-07-02
P202302283,曹桂英,女,71,4.101041953041938e+17,城乡居民,信阳市,2022-11-03,在保,2026-07-02
P202301021,贾磊,男,59,4.101021965042802e+17,城镇职工,驻马店市,2022-08-28,退保,2026-07-02
P202301737,李雪,女,31,4.1040219931221843e+17,城乡居民,漯河市,2022-02-26,停保,2026-07-02
P202301282,高秀英,女,47,4.107021977081943e+17,城乡居民,焦作市,2023-01-13,在保,2026-07-02
P202302202,何俊杰,男,46,4.10105197803141e+17,灵活就业,驻马店市,2023-06-27,在保,2026-07-02
P202300071,高敏,女,56,4.102021968022455e+17,城乡居民,新乡市,2021-03-19,在保,2026-07-02
P202300950,阎浩,男,54,4.103021970052167e+17,灵活就业,焦作市,2020-01-24,在保,2026-07-02
P202301232,蒋慧,女,25,4.1050219990208576e+17,城镇职工,南阳市,2024-05-03,在保,2026-07-02
P202300832,许伟,男,33,4.104021991110436e+17,灵活就业,鹤壁市,2023-05-16,在保,2026-07-02
P202303304,杨语嫣,女,31,4.1010419930908256e+17,城乡居民,南阳市,2023-01-30,在保,2026-07-02
P202301935,于国强,男,95,4.101021929011626e+17,城镇职工,漯河市,2022-10-29,在保,2026-07-02
P202303739,卢文博,男,43,4.104021981110877e+17,城镇职工,鹤壁市,2021-02-13,在保,2026-07-02
P202304278,朱雪,女,32,4.101061992080589e+17,城镇职工,安阳市,2022-01-13,在保,2026-07-02
P202304677,张海涛,男,62,4.102021962012373e+17,城乡居民,驻马店市,2020-01-15,在保,2026-07-02
P202301613,于浩然,男,65,4.101021959082461e+17,灵活就业,安阳市,2023-01-08,退保,2026-07-02
P202301222,周欣怡,女,55,4.1030219690701306e+17,灵活就业,南阳市,2021-08-25,在保,2026-07-02
P202300502,彭娟,女,84,4.1050219400607424e+17,城乡居民,南阳市,2022-03-19,在保,2026-07-02
P202303520,曾艳,女,10,4.1070220140208416e+17,城镇职工,南阳市,2021-09-12,退保,2026-07-02
P202301175,谢强,男,36,4.101041988100111e+17,城镇职工,新乡市,2021-10-03,在保,2026-07-02
P202302701,朱丽,女,56,4.1040219680316774e+17,灵活就业,南阳市,2023-04-28,在保,2026-07-02
P202304909,周嘉伟,男,54,4.10702197012024e+17,城镇职工,漯河市,2020-10-11,在保,2026-07-02
P202304392,邓飞,男,64,4.1010419601218285e+17,城镇职工,信阳市,2023-04-26,退保,2026-07-02
P202301331,谢美琳,女,77,4.101051947031148e+17,城乡居民,信阳市,2022-01-11,在保,2026-07-02
P202302343,唐丽,女,58,4.104021966010542e+17,城乡居民,郑州市,2021-06-21,停保,2026-07-02
P202300897,王淑珍,女,46,4.1010519780222835e+17,城镇职工,商丘市,2023-07-01,在保,2026-07-02
P202304972,卢浩,男,48,4.102021976042835e+17,城镇职工,鹤壁市,2024-01-29,停保,2026-07-02
P202304929,苏桂英,女,26,4.101031998121586e+17,城镇职工,许昌市,2020-03-15,在保,2026-07-02
P202302611,马语嫣,女,61,4.107021963020857e+17,城镇职工,郑州市,2023-07-28,在保,2026-07-02
P202304847,董玉兰,女,10,4.10702201407263e+17,城镇职工,南阳市,2021-03-07,在保,2026-07-02
P202301091,贾文博,男,48,4.101021976020297e+17,城镇职工,洛阳市,2021-06-24,在保,2026-07-02
P202301947,赵萍,女,56,4.101021968031183e+17,灵活就业,许昌市,2022-06-30,在保,2026-07-02
P202300945,梁浩然,男,83,4.101021941121047e+17,城乡居民,周口市,2020-10-08,在保,2026-07-02
P202303743,张丽,女,55,4.101041969041257e+17,城乡居民,周口市,2021-04-16,在保,2026-07-02
P202302352,马敏,女,61,4.101051963080648e+17,灵活就业,商丘市,2022-03-06,在保,2026-07-02
P202301627,阎莉,女,41,4.101031983120886e+17,城乡居民,驻马店市,2024-04-27,在保,2026-07-02
P202302589,吕文彬,男,35,4.1050219891103424e+17,城乡居民,焦作市,2021-04-04,在保,2026-07-02
P202303758,董子轩,男,86,4.101051938032815e+17,城镇职工,漯河市,2020-02-18,在保,2026-07-02
P202301438,魏永强,男,78,4.1020219460818886e+17,城乡居民,焦作市,2023-08-11,在保,2026-07-02
P202304754,董鹏,男,42,4.1070219820307776e+17,城镇职工,漯河市,2022-02-11,在保,2026-07-02
P202303670,马文博,男,56,4.1020219680301926e+17,城镇职工,鹤壁市,2020-11-28,在保,2026-07-02
P202302649,郑永强,男,50,4.101041974071362e+17,城镇职工,信阳市,2020-01-11,在保,2026-07-02
P202300234,陈涛,男,38,4.107021986122257e+17,城乡居民,信阳市,2021-03-03,停保,2026-07-02
P202304645,邓波,男,61,4.102021963091576e+17,城镇职工,周口市,2021-01-22,停保,2026-07-02
P202300799,郑芳,女,50,4.1050219741005715e+17,城乡居民,信阳市,2023-08-11,在保,2026-07-02
P202300634,许明,男,42,4.1040219820219546e+17,城镇职工,焦作市,2023-10-28,在保,2026-07-02
P202302315,叶秀兰,女,61,4.101021963030256e+17,城乡居民,商丘市,2024-01-04,停保,2026-07-02
P202300416,袁建华,男,36,4.102021988120478e+17,城乡居民,驻马店市,2022-09-10,在保,2026-07-02
P202302660,程雪,女,59,4.1010319651220064e+17,城镇职工,开封市,2021-05-18,在保,2026-07-02
P202302025,许语嫣,女,0,4.1030220240807334e+17,城镇职工,平顶山市,2021-06-21,在保,2026-07-02
P202302608,黄艳,女,10,4.1010320141022317e+17,灵活就业,开封市,2021-09-13,停保,2026-07-02
P202303894,陈文彬,男,15,4.101032009012235e+17,城乡居民,信阳市,2021-10-22,在保,2026-07-02
P202303494,郑敏,女,40,4.101061984030403e+17,城镇职工,许昌市,2021-04-26,在保,2026-07-02
P202300811,张婷,女,46,4.102021978051231e+17,城镇职工,信阳市,2020-02-27,在保,2026-07-02
P202300018,丁鹏,男,55,4.102021969081746e+17,城镇职工,新乡市,2021-04-05,在保,2026-07-02
P202302534,罗磊,男,33,4.104021991012194e+17,城镇职工,平顶山市,2020-11-08,停保,2026-07-02
P202302463,沈杰,男,58,4.10702196606145e+17,城镇职工,新乡市,2021-01-23,停保,2026-07-02
P202302092,唐斌,男,55,4.101051969032076e+17,城乡居民,南阳市,2021-04-22,在保,2026-07-02
P202302171,,女,67,4.101021957122663e+17,灵活就业,商丘市,2020-12-07,在保,2026-07-02
P202300597,袁军,男,45,4.101031979061866e+17,城镇职工,,2021-09-10,在保,2026-07-02
P202304409,韩海涛,男,59,4.107021965022726e+17,城乡居民,南阳市,2022-01-05,在保,2026-07-02
P202302195,吕嘉伟,男,53,4.102021971041784e+17,城镇职工,,2021-01-16,在保,2026-07-02
P202304398,沈梦瑶,女,32,4.101021992070483e+17,城乡居民,周口市,2020-10-07,停保,2026-07-02
P202301558,杨国强,男,35,4.1010619890804096e+17,城乡居民,鹤壁市,2022-04-12,在保,2026-07-02
P202302245,宋明,男,79,4.104021945122482e+17,城镇职工,许昌市,2021-09-25,在保,2026-07-02
P202304440,许丽,女,59,4.1070219650507706e+17,城乡居民,郑州市,2020-04-25,退保,2026-07-02
P202300372,曾敏,女,58,4.1020219660921606e+17,城镇职工,安阳市,2021-09-03,在保,2026-07-02
P202303719,高婷,女,46,4.1030219780801146e+17,城镇职工,许昌市,2022-08-16,退保,2026-07-02
P202302758,罗娟,女,36,4.103021988102335e+17,灵活就业,郑州市,2021-12-30,在保,2026-07-02
P202303054,罗艳,女,35,4.101051989111188e+17,城乡居民,周口市,2022-08-05,在保,2026-07-02
P202300599,于莉,女,42,4.105021982120818e+17,城乡居民,许昌市,2023-12-28,在保,2026-07-02
P202300677,蒋飞,男,30,4.101041994061555e+17,灵活就业,驻马店市,2021-09-09,在保,2026-07-02
P202300239,胡飞,男,38,4.107021986041656e+17,城镇职工,安阳市,2024-04-12,在保,2026-07-02
P202304013,赵诗涵,女,32,4.102021992110973e+17,城乡,商丘市,2020-02-18,停保,2026-07-02
P202304265,赵慧,女,48,4.103021976120758e+17,城镇职工,鹤壁市,2022-12-19,在保,2026-07-02
P202301213,梁秀兰,女,37,4.101021987050947e+17,城乡居民,洛阳市,2021-06-25,退保,2026-07-02
P202301850,刘宇航,男,57,4.105021967011448e+17,城镇职工,信阳市,2023-09-27,在保,2026-07-02
P202302043,曾磊,男,40,4.1010219840616826e+17,城镇职工,安阳市,2021-08-02,在保,2026-07-02
P202301363,卢芳,女,52,4.1010419720209e+17,灵活就业,鹤壁市,2020-08-15,在保,2026-07-02
P202304370,孙欣怡,女,54,4.107021970011754e+17,城乡居民,南阳市,2022-10-25,在保,2026-07-02
P202303535,叶强,男,87,4.103021937111212e+17,城乡居民,鹤壁市,2022-05-25,在保,2026-07-02
P202303167,陈雪,女,42,4.1010419821011354e+17,城乡居民,周口市,2023-03-08,退保,2026-07-02
P202302805,薛玲,女,48,4.101021976032414e+17,城乡居民,商丘市,2023-09-04,停保,2026-07-02
P202304257,林芳,女,34,4.101061990110376e+17,城镇职工,南阳市,2022-10-20,在保,2026-07-02
P202303863,胡萍,女,49,4.105021975081896e+17,城镇职工,商丘市,2023-09-06,在保,2026-07-02
P202302830,丁涛,男,43,4.101021981022356e+17,城镇职工,新乡市,2023-03-16,在保,2026-07-02
P202302368,张桂英,女,19,4.1010520051208454e+17,灵活就业,漯河市,2022-05-20,在保,2026-07-02
P202301757,马超,男,47,4.105021977091599e+17,城乡居民,许昌市,2023-09-03,在保,2026-07-02
P202304297,马勇,男,31,4.102021993070357e+17,城镇职工,开封市,2022-05-31,在保,2026-07-02
P202304290,何俊杰,男,60,4.101061964080392e+17,灵活就业,焦作市,2020-03-16,在保,2026-07-02
P202302415,卢文博,男,68,4.105021956030109e+17,城镇职工,商丘市,2022-01-16,在保,2026-07-02
P202304009,周天宇,男,41,4.103021983060529e+17,灵活就业,安阳市,2023-01-14,在保,2026-07-02
P202303675,赵军,男,48,4.105021976060522e+17,城镇职工,焦作市,2022-04-04,在保,2026-07-02
P202303558,董浩,男,52,4.1010619720825856e+17,城乡居民,商丘市,2022-10-14,停保,2026-07-02
P202304113,蒋凤英,女,78,4.1030219461019104e+17,城乡居民,焦作市,2022-11-02,在保,2026-07-02
P202300622,韩思琪,女,58,4.10502196611021e+17,城镇职工,商丘市,2021-12-25,退保,2026-07-02
P202302342,徐明,男,57,4.101031967051959e+17,灵活就业,周口市,2020-01-24,在保,2026-07-02
P202303703,丁秀英,女,33,4.1010219910303514e+17,城乡居民,安阳市,2020-06-04,在保,2026-07-02
P202300567,罗欣怡,女,13,4.1040220110521184e+17,城乡居民,漯河市,2020-09-26,退保,2026-07-02
P202301515,黄婷,女,48,4.1050219760219e+17,城乡居民,漯河市,2023-02-01,在保,2026-07-02
P202302521,曾建国,男,53,4.1050219710920704e+17,城镇职工,鹤壁市,2022-07-15,在保,2026-07-02
P202301216,唐浩然,男,72,4.102021952081911e+17,城职,焦作市,2020-10-21,在保,2026-07-02
P202300052,董霞,女,43,4.101061981091664e+17,城乡居民,安阳市,2022-06-19,在保,2026-07-02
P202302211,吴俊杰,男,27,4.1010619970528806e+17,城镇职工,开封市,2022-01-08,在保,2026-07-02
P202300808,何莉,女,41,4.1030219830823955e+17,城乡居民,许昌市,2022-05-03,在保,2026-07-02
P202302703,罗秀兰,女,86,4.101051938012656e+17,城镇职工,鹤壁市,2021-01-25,停保,2026-07-02
P202304184,何玉兰,女,39,4.102021985010611e+17,城镇职工,驻马店市,,在保,2026-07-02
P202300535,薛海涛,男,38,4.1010219861125645e+17,城乡居民,郑州市,2021-09-16,在保,2026-07-02
P202303250,董雨彤,女,16,4.1010620080703686e+17,城镇职工,焦作市,2020-05-17,在保,2026-07-02
P202303962,刘建国,男,84,4.101061940050354e+17,城乡居民,新乡市,2022-05-09,在保,2026-07-02
P202300444,孙海涛,男,48,4.10106197603182e+17,城乡居民,许昌市,2023-07-07,在保,2026-07-02
P202301002,杨雨彤,女,66,4.101061958120542e+17,灵活就业,安阳市,2021-10-26,退保,2026-07-02
P202300196,曾桂英,女,56,4.105021968091672e+17,城乡居民,安阳市,2022-08-30,在保,2026-07-02
P202301421,韩霞,女,59,4.101051965080961e+17,城乡居民,商丘市,2023-11-19,在保,2026-07-02
P202300813,张斌,男,76,4.101061948101592e+17,城乡居民,平顶山市,2022-02-11,在保,2026-07-02
P202301875,彭娜,女,73,4.1010219510101606e+17,城镇职工,安阳市,2020-10-05,在保,2026-07-02
P202304456,傅雨彤,女,55,4.104021969100875e+17,城乡居民,漯河市,2023-09-25,在保,2026-07-02
P202303064,徐丽,女,40,4.101051984112533e+17,城乡居民,南阳市,2023-11-02,在保,2026-07-02
P202304308,赵志强,男,63,4.101021961060831e+17,城乡居民,漯河市,2021-02-28,在保,2026-07-02
P202303271,郭超,男,46,4.107021978031446e+17,城乡居民,周口市,2022-10-28,在保,2026-07-02
P202302610,梁静,女,72,4.1010319521007994e+17,灵活就业,信阳市,2022-11-10,在保,2026-07-02
P202303934,王嘉伟,男,63,4.101021961031617e+17,城镇职工,漯河市,2023-06-25,在保,2026-07-02
P202304191,薛晓红,女,57,4.1010519671011635e+17,城镇职工,平顶山市,2023-07-29,在保,2026-07-02
P202300645,傅丽,女,45,4.10702197901051e+17,城镇职工,南阳市,2024-05-11,在保,2026-07-02
P202302285,吴鹏,男,41,4.103021983122738e+17,城乡居民,南阳市,2024-05-02,在保,2026-07-02
P202303592,徐浩,男,60,4.1030219640209984e+17,城镇职工,焦作市,2021-01-30,停保,2026-07-02
P202302578,周艳,女,67,4.105021957071079e+17,城镇职工,周口市,2022-06-25,在保,2026-07-02
P202304448,卢天宇,男,51,4.101061973070904e+17,城镇职工,洛阳市,2020-08-07,在保,2026-07-02
P202300121,董建国,男,64,4.10702196001248e+17,城镇职工,安阳市,2022-07-27,在保,2026-07-02
P202301269,于紫薇,女,36,4.1030219880524646e+17,城镇职工,周口市,2022-07-11,在保,2026-07-02
P202304614,董萍,女,40,4.101051984022059e+17,城镇职工,南阳市,2022-06-26,在保,2026-07-02
P202304939,王丽,女,67,4.103021957040874e+17,城乡居民,南阳市,2021-07-22,在保,2026-07-02
P202302496,王强,男,64,4.1040219600617805e+17,城镇职工,平顶山市,2022-12-23,停保,2026-07-02
P202302023,韩强,男,74,4.104021950020541e+17,城镇职工,焦作市,2023-08-13,在保,2026-07-02
P202300135,王涛,男,33,4.101051991032526e+17,城镇职工,焦作市,2020-09-02,在保,2026-07-02
P202302790,彭飞,男,53,4.104021971070224e+17,城乡居民,安阳市,2020-01-18,在保,2026-07-02
P202303858,魏艳,女,60,4.101041964041641e+17,城乡居民,郑州市,2021-07-13,在保,2026-07-02
P202304767,高浩然,男,28,4.1030219961015334e+17,城乡居民,焦作市,2022-01-11,在保,2026-07-02
P202300185,卢艳,女,45,4.103021979102103e+17,城乡居民,漯河市,2023-07-08,在保,2026-07-02
P202301361,薛辉,男,49,4.105021975061191e+17,城乡居民,安阳市,2021-11-29,在保,2026-07-02
P202301704,彭建国,男,69,4.1010519551213344e+17,灵活就业,商丘市,2023-12-10,在保,2026-07-02
P202300512,黄明,男,49,4.1020219750106816e+17,城乡居民,周口市,2020-09-02,在保,2026-07-02
P202300878,苏美琳,女,54,4.1010419700222566e+17,城镇职工,郑州市,2023-11-12,在保,2026-07-02
P202300063,赵天宇,男,30,4.107021994022658e+17,城乡居民,焦作市,2022-12-27,在保,2026-07-02
P202304787,王娟,女,63,4.1010419610901235e+17,城镇职工,南阳市,2022-12-07,停保,2026-07-02
P202302723,傅浩然,男,30,4.1010519940316896e+17,城镇职工,南阳市,2023-08-27,在保,2026-07-02
P202303788,何明,男,34,4.1040219900901274e+17,灵活就业,郑州市,2021-08-22,在保,2026-07-02
P202302576,何建华,男,29,4.10105199510042e+17,城镇职工,商丘市,2020-12-22,在保,2026-07-02
P202300777,罗萍,女,36,4.107021988062369e+17,城乡居民,平顶山市,2021-09-11,在保,2026-07-02
P202300252,李梦瑶,女,66,4.1040219580808365e+17,城镇职工,南阳市,2022-06-03,在保,2026-07-02
P202302395,薛子轩,男,48,4.1010419760506675e+17,城镇职工,新乡市,2022-04-15,在保,2026-07-02
P202300860,丁秀英,女,61,4.1010419630407546e+17,城镇职工,许昌市,2022-02-05,在保,2026-07-02
P202303761,袁磊,男,55,4.101021969060196e+17,灵活就业,许昌市,2020-09-25,在保,2026-07-02
P202302657,董伟,男,30,4.101031994101097e+17,城乡居民,新乡市,2023-10-19,在保,2026-07-02
P202303389,彭晓红,女,65,4.1010419590814234e+17,城镇职工,安阳市,2020-09-22,在保,2026-07-02
P202300123,陈勇,男,75,4.1070219490923334e+17,城镇职工,周口市,2022-12-22,在保,2026-07-02
P202303711,丁雪,女,24,4.104022000081449e+17,灵活就业,漯河市,2022-01-29,停保,2026-07-02
P202301169,冯强,男,60,4.101031964052056e+17,城乡居民,洛阳市,,在保,2026-07-02
P202301942,丁辉,男,42,4.105021982090756e+17,灵活就业,开封市,2021-10-13,在保,2026-07-02
P202303808,谢凤英,女,14,4.104022010111577e+17,城乡居民,漯河市,2022-02-01,在保,2026-07-02
P202300568,吕浩然,男,31,4.104021993082851e+17,城镇职工,平顶山市,2020-01-12,在保,2026-07-02
P202302371,吕伟,男,47,4.1040219770921517e+17,城乡居民,焦作市,2021-03-22,在保,2026-07-02
P202303251,刘永强,男,60,4.101031964081875e+17,城乡居民,郑州市,2024-01-27,在保,2026-07-02
P202301534,蒋雪,女,47,4.1010619770803994e+17,城镇职工,周口市,2022-04-26,在保,2026-07-02
P202304215,韩辉,男,50,4.1050219740828755e+17,城镇职工,鹤壁市,2021-09-07,在保,2026-07-02
P202304986,许娟,女,79,4.101021945102437e+17,城乡居民,许昌市,2020-06-08,在保,2026-07-02
P202301894,陈晨曦,男,48,4.101021976111806e+17,城乡居民,周口市,2022-03-03,退保,2026-07-02
P202301492,卢永强,男,95,4.101021929112771e+17,城乡居民,信阳市,2020-03-27,在保,2026-07-02
P202304771,高玲,女,50,4.101061974060414e+17,城乡居民,洛阳市,2023-02-28,停保,2026-07-02
P202304201,陈丽,女,54,4.1010619700425965e+17,城乡居民,焦作市,2021-04-20,停保,2026-07-02
P202300721,沈婷,女,55,4.101061969012348e+17,灵活就业,郑州市,2021-10-10,在保,2026-07-02
P202302765,胡秀英,女,54,4.101031970020524e+17,城乡居民,周口市,2020-02-29,在保,2026-07-02
P202302078,梁诗涵,女,71,4.1010319531026854e+17,城镇职工,漯河市,2021-01-09,停保,2026-07-02
P202301457,周宇航,男,63,4.101051961020638e+17,城乡居民,开封市,2023-03-17,在保,2026-07-02
P202304358,于浩然,男,44,4.107021980060144e+17,灵活就业,平顶山市,2021-10-24,在保,2026-07-02
P202303261,袁淑珍,女,45,4.1010219791112454e+17,城镇职工,安阳市,2021-11-08,在保,2026-07-02
P202300603,罗莉,女,65,4.1010619590723936e+17,城乡居民,洛阳市,2023-04-08,在保,2026-07-02
P202302100,薛玲,女,64,,城乡居民,鹤壁市,2022-06-10,在保,2026-07-02
P202301570,郭俊杰,男,40,4.105021984022547e+17,城乡居民,平顶山市,2022-01-25,在保,2026-07-02
P202301102,彭辉,男,0,4.104022024091411e+17,城乡居民,商丘市,2021-05-24,退保,2026-07-02
P202303526,彭静,女,28,4.1070219960527834e+17,城乡居民,郑州市,2020-06-30,在保,2026-07-02
P202300319,邓斌,男,55,4.102021969082409e+17,城乡居民,洛阳市,2022-11-01,在保,2026-07-02
P202304498,韩文博,男,69,4.101041955060888e+17,灵活就业,驻马店市,2022-09-26,在保,2026-07-02
P202301294,徐浩,男,65,4.101051959031696e+17,城镇职工,焦作市,2020-09-28,在保,2026-07-02
P202300275,邓梦瑶,女,32,4.10302199210136e+17,城镇职工,焦作市,2021-12-21,在保,2026-07-02
P202302963,吕永强,男,40,4.1010519840318374e+17,城镇职工,焦作市,2023-02-05,在保,2026-07-02
P202300550,傅辉,男,39,4.102021985072214e+17,城镇职工,许昌市,2022-02-21,在保,2026-07-02
P202302224,王超,男,46,4.101021978042522e+17,灵活就业,郑州市,2020-02-12,在保,2026-07-02
P202303902,苏雨彤,女,47,4.104021977022409e+17,城乡居民,郑州市,2023-09-30,在保,2026-07-02
P202304943,魏明,男,51,4.104021973030626e+17,城镇职工,漯河市,2021-10-16,停保,2026-07-02
P202304550,林文彬,男,45,4.101051979092277e+17,城镇职工,驻马店市,2022-03-10,在保,2026-07-02
P202300606,蒋杰,男,83,4.101051941091386e+17,城乡居民,鹤壁市,2022-05-04,在保,2026-07-02
P202302260,曹勇,男,53,4.105021971070206e+17,城镇职工,开封市,2020-05-07,退保,2026-07-02
P202300528,梁雪,女,50,4.1020219740614784e+17,灵活就业,鹤壁市,,在保,2026-07-02
P202302516,谢诗涵,女,55,4.101061969072056e+17,城镇职工,鹤壁市,2020-02-17,停保,2026-07-02
P202304967,徐建国,男,33,4.1010519910924806e+17,灵活就业,新乡市,2022-10-21,停保,2026-07-02
P202302457,孙辉,男,39,4.1010519850419334e+17,城镇职工,信阳市,2023-03-07,在保,2026-07-02
P202303846,曾秀英,女,64,4.1010419601225946e+17,城镇职工,商丘市,2020-04-25,在保,2026-07-02
P202304955,罗天宇,男,55,4.1010219690318406e+17,城镇职工,开封市,2020-10-22,在保,2026-07-02
P202301874,朱秀兰,女,64,4.1030219601221126e+17,城镇职工,驻马店市,2023-04-01,在保,2026-07-02
P202303215,冯国强,男,63,4.102021961031834e+17,城乡居民,许昌市,2021-01-18,在保,2026-07-02
P202300299,朱秀英,女,64,4.101041960021975e+17,灵活就业,焦作市,2022-05-29,在保,2026-07-02
P202301136,郭宇航,男,67,4.1010619570703936e+17,城乡居民,南阳市,2022-08-24,在保,2026-07-02
P202302586,曹晓红,女,38,4.101061986021149e+17,城乡居民,开封市,2023-08-05,在保,2026-07-02
P202301878,曹紫薇,女,46,4.105021978011946e+17,城镇职工,平顶山市,2021-10-15,退保,2026-07-02
P202304773,马艳,女,61,4.1010319631106086e+17,灵活就业,安阳市,2023-12-31,在保,2026-07-02
P202304995,谢佳慧,女,38,4.101031986062454e+17,城镇职工,信阳市,2023-01-30,在保,2026-07-02
P202304075,吴丽,女,41,4.1020219830225856e+17,灵活就业,商丘市,2020-01-04,在保,2026-07-02
P202301616,唐霞,女,95,4.101051929010897e+17,城镇职工,新乡市,2022-03-24,在保,2026-07-02
P202304949,萧文彬,男,43,4.1010419810721395e+17,灵活就业,周口市,2023-10-11,在保,2026-07-02
P202300151,李玉兰,女,54,4.10105197006255e+17,城镇职工,新乡市,2020-10-08,在保,2026-07-02
P202300757,何萍,女,58,4.1010619660911443e+17,城乡居民,焦作市,2024-02-18,退保,2026-07-02
P202301053,黄佳慧,女,58,4.103021966051774e+17,灵活就业,信阳市,2020-09-14,在保,2026-07-02
P202302520,董莉,女,34,4.101061990022181e+17,城镇职工,南阳市,2022-10-13,在保,2026-07-02
P202304256,吕娟,女,68,4.1010419560712154e+17,城乡居民,驻马店市,2020-11-20,在保,2026-07-02
P202301484,罗辉,男,42,4.101061982010167e+17,城镇职工,洛阳市,2022-01-24,在保,2026-07-02
P202301116,罗志强,男,56,4.101061968011504e+17,城镇职工,安阳市,2023-04-29,在保,2026-07-02
P202303066,薛鹏,男,55,4.101051969071101e+17,城乡居民,许昌市,2021-02-19,在保,2026-07-02
P202302255,阎艳,女,27,4.101031997090547e+17,城乡,郑州市,2023-10-01,在保,2026-07-02
P202300377,马军,男,65,4.101061959122657e+17,城乡居民,商丘市,2021-11-18,在保,2026-07-02
P202302104,薛玲,女,70,4.101031954101474e+17,城乡,新乡市,2021-08-29,在保,2026-07-02
P202304223,陈欣怡,女,49,4.103021975021645e+17,城乡居民,焦作市,2023-02-16,在保,2026-07-02
P202302340,叶军,男,38,4.102021986122668e+17,城乡居民,开封市,2024-03-30,停保,2026-07-02
P202303945,于雨彤,女,42,4.1070219820707366e+17,城镇职工,商丘市,2022-08-16,停保,2026-07-02
P202300379,黄慧,女,89,4.107021935102007e+17,城镇职工,漯河市,2021-02-02,在保,2026-07-02
P202302776,周嘉伟,男,44,4.103021980080869e+17,城乡居民,开封市,2024-04-06,在保,2026-07-02
P202304136,韩佳慧,女,43,4.1050219810321043e+17,城乡居民,南阳市,2023-06-24,在保,2026-07-02
P202304421,薛思琪,女,74,4.104021950122084e+17,城乡居民,平顶山市,2023-03-30,在保,2026-07-02
P202300908,沈凤英,女,63,4.10105196105288e+17,灵活就业,洛阳市,2022-01-06,在保,2026-07-02
P202301371,朱浩,男,46,4.101061978060165e+17,城镇职工,驻马店市,2021-09-29,在保,2026-07-02
P202301955,张婷,女,39,4.101061985020356e+17,城乡居民,商丘市,2023-06-10,停保,2026-07-02
P202301722,孙晨曦,男,45,4.1010419790410797e+17,城镇职工,平顶山市,2022-05-30,在保,2026-07-02
P202303314,胡芳,女,31,4.1050219930310976e+17,城乡居民,新乡市,2024-02-01,在保,2026-07-02
P202303056,邓文博,男,34,4.101021990032094e+17,城乡居民,郑州市,2024-04-11,在保,2026-07-02
P202301870,贾国强,男,42,4.107021982091532e+17,城镇职工,南阳市,2023-03-07,在保,2026-07-02
P202303916,程明,男,48,4.101051976042832e+17,城镇职工,南阳市,2023-07-15,在保,2026-07-02
P202304635,谢磊,男,37,4.101021987020114e+17,城乡居民,新乡市,2021-03-10,在保,2026-07-02
P202300795,谢梦瑶,女,30,4.10104199409148e+17,城乡居民,开封市,2022-05-28,在保,2026-07-02
P202302553,郭文彬,男,83,4.1010219410207744e+17,城乡居民,南阳市,2023-02-08,在保,2026-07-02
P202300842,胡杰,男,62,4.10103196211211e+17,城镇职工,信阳市,2022-06-03,在保,2026-07-02
P202303338,沈志强,男,150,4.105021977061886e+17,城镇职工,商丘市,2022-02-04,在保,2026-07-02
P202301703,王嘉伟,男,61,4.101021963011911e+17,城镇职工,平顶山市,2022-04-29,在保,2026-07-02
P202300176,何浩然,男,64,4.1040219600420294e+17,城镇职工,新乡市,2020-09-08,在保,2026-07-02
P202301809,杨艳,女,21,4.104022003022099e+17,城乡居民,开封市,2022-03-25,在保,2026-07-02
P202302793,刘文博,男,42,4.101031982040829e+17,城乡居民,郑州市,2020-07-24,在保,2026-07-02
P202303671,赵浩,男,68,4.1010219560302637e+17,城镇职工,商丘市,2021-09-11,在保,2026-07-02
P202300046,董思琪,女,37,4.1040219871206675e+17,城镇职工,安阳市,2022-11-21,在保,2026-07-02
P202302808,苏永强,男,35,4.1010419890517235e+17,城镇职工,周口市,2022-03-23,退保,2026-07-02
P202302459,魏凤英,女,58,4.101031966111765e+17,城镇职工,驻马店市,2022-03-25,在保,2026-07-02
P202301756,袁玲,女,74,4.1010619501011866e+17,城乡居民,驻马店市,2023-02-07,在保,2026-07-02
P202302887,魏凤英,女,40,4.103021984072267e+17,城乡居民,驻马店市,2020-10-28,在保,2026-07-02
P202301718,马鹏,男,53,4.1010219711215264e+17,城乡居民,平顶山市,2020-12-05,在保,2026-07-02
P202303600,宋文博,男,45,4.101021979120636e+17,城镇职工,周口市,2022-05-29,在保,2026-07-02
P202303608,薛语嫣,女,69,4.1030219550916045e+17,城乡居民,周口市,2020-01-06,在保,2026-07-02
P202302935,郭雪,女,65,4.101061959022207e+17,城乡居民,驻马店市,2022-03-01,在保,2026-07-02
P202303793,孙桂英,女,54,4.1030219700101594e+17,城乡居民,平顶山市,2024-01-22,停保,2026-07-02
P202301741,王波,男,48,4.1030219760427526e+17,城镇职工,开封市,2022-08-15,在保,2026-07-02
P202303162,袁敏,女,58,4.10103196602108e+17,灵活就业,新乡市,2020-04-04,在保,2026-07-02
P202302472,黄伟,男,92,4.103021932050822e+17,城镇职工,开封市,2024-05-03,在保,2026-07-02
P202300284,董文博,男,27,4.101051997042676e+17,灵活就业,许昌市,2021-12-19,停保,2026-07-02
P202304049,周欣怡,女,48,4.1070219761002726e+17,城镇职工,鹤壁市,2022-12-02,在保,2026-07-02
P202301449,宋秀英,女,72,4.101031952030564e+17,灵活就业,商丘市,2022-03-17,停保,2026-07-02
P202301433,沈梦瑶,女,65,4.107021959071593e+17,城镇职工,商丘市,,在保,2026-07-02
P202303610,林超,男,42,4.1010519821026234e+17,城乡居民,郑州市,2023-07-13,停保,2026-07-02
P202303096,叶慧,女,73,4.101031951071036e+17,灵活就业,郑州市,2021-12-20,在保,2026-07-02
P202304908,吴霞,女,29,4.10106199510217e+17,城乡居民,平顶山市,2022-09-17,在保,2026-07-02
P202301076,李飞,男,41,4.101031983122396e+17,城镇职工,安阳市,2021-07-14,在保,2026-07-02
P202303039,杨子轩,男,32,4.1020219920512966e+17,灵活就业,洛阳市,2022-03-26,在保,2026-07-02
P202304804,刘欣怡,女,37,4.101031987010708e+17,城镇职工,安阳市,2020-05-09,在保,2026-07-02
P202302603,阎伟,男,38,4.101061986110691e+17,城镇职工,开封市,2022-12-20,在保,2026-07-02
P202303640,吴波,男,58,4.1010319661003584e+17,城乡居民,周口市,2023-03-24,在保,2026-07-02
P202302747,曹辉,男,54,4.1010219700722656e+17,城镇职工,焦作市,2020-11-01,退保,2026-07-02
P202302362,何永强,男,25,4.1010619990828666e+17,城镇职工,许昌市,2020-07-11,在保,2026-07-02
P202304153,徐国强,男,51,4.101031973101855e+17,城乡居民,郑州市,2024-05-04,在保,2026-07-02
P202301056,贾志强,男,37,4.104021987071436e+17,城乡居民,鹤壁市,2023-01-15,在保,2026-07-02
P202300978,冯军,男,6,4.101022018032567e+17,灵活就业,新乡市,2022-08-21,在保,2026-07-02
P202304605,吕斌,男,30,4.104021994111382e+17,城乡居民,洛阳市,2024-01-14,在保,2026-07-02
P202301873,陈志强,男,44,4.101021980042761e+17,城镇职工,平顶山市,2024-04-28,在保,2026-07-02
P202301540,张语嫣,女,0,4.1030220240107686e+17,城镇职工,南阳市,2022-07-10,在保,2026-07-02
P202304938,韩伟,男,72,4.104021952070885e+17,城乡居民,安阳市,2021-03-01,在保,2026-07-02
P202300100,张飞,男,45,4.101061979061244e+17,城乡居民,新乡市,2022-12-23,在保,2026-07-02
P202301740,赵凤英,女,80,4.101031944080121e+17,城乡居民,商丘市,2020-07-27,在保,2026-07-02
P202304406,刘晓红,女,65,4.102021959021295e+17,灵活就业,南阳市,2022-09-18,在保,2026-07-02
P202301733,李娜,女,49,4.1030219750902624e+17,灵活就业,洛阳市,2021-08-23,在保,2026-07-02
P202302198,贾莉,女,50,4.101061974021922e+17,城乡居民,安阳市,2022-01-30,退保,2026-07-02
P202300352,谢晨曦,男,76,4.101041948080227e+17,城镇职工,信阳市,2021-06-23,在保,2026-07-02
P202302788,刘辉,男,26,4.101021998012618e+17,城镇职工,开封市,2024-05-08,在保,2026-07-02
P202301933,吕杰,男,41,4.101031983110332e+17,城乡居民,南阳市,2020-06-14,在保,2026-07-02
P202301819,于嘉伟,男,46,4.10202197809124e+17,城镇职工,平顶山市,2020-09-23,在保,2026-07-02
P202301003,郑明,男,51,4.1010619730309997e+17,城乡居民,驻马店市,2023-09-08,退保,2026-07-02
P202300719,韩敏,女,43,4.102021981071206e+17,城镇职工,新乡市,2021-04-25,在保,2026-07-02
P202302756,罗婷,女,41,4.101041983012868e+17,城镇职工,信阳市,2022-01-17,在保,2026-07-02
P202302777,阎建国,男,45,4.1050219790110515e+17,灵活就业,鹤壁市,2020-07-04,在保,2026-07-02
P202304633,杨凤英,女,56,4.105021968101418e+17,城镇职工,商丘市,2021-09-27,在保,2026-07-02
P202300309,徐玉兰,女,59,4.101061965120479e+17,城镇职工,焦作市,2022-05-29,在保,2026-07-02
P202301565,于秀英,女,63,4.1020219610409376e+17,城镇职工,信阳市,2020-11-19,在保,2026-07-02
P202300834,叶辉,男,36,4.1020219880403834e+17,城乡居民,商丘市,2021-09-12,在保,2026-07-02
P202300367,蔡伟,男,54,4.104021970101518e+17,城镇职工,周口市,2023-02-03,在保,2026-07-02
P202304880,罗秀兰,女,67,4.101061957020466e+17,城镇职工,商丘市,2020-08-11,在保,2026-07-02
P202302120,曾语嫣,女,46,4.101051978092331e+17,城乡居民,商丘市,2022-10-15,在保,2026-07-02
P202303197,赵永强,男,62,4.104021962102656e+17,城镇职工,郑州市,2023-12-22,在保,2026-07-02
P202303837,董超,男,72,4.1010519520611315e+17,城乡居民,漯河市,2020-08-06,在保,2026-07-02
P202302590,赵波,男,48,4.105021976110771e+17,灵活就业,洛阳市,2020-02-29,在保,2026-07-02
P202303989,谢晓红,女,84,4.101041940061362e+17,城镇职工,洛阳市,2023-04-30,在保,2026-07-02
P202300020,陈婷,女,24,4.104022000041814e+17,城镇职工,周口市,2022-08-26,在保,2026-07-02
P202301478,梁宇航,男,57,4.101051967121962e+17,城乡居民,鹤壁市,2021-05-25,在保,2026-07-02
P202301607,程海涛,男,52,4.1010419720707354e+17,城镇职工,郑州市,2020-03-05,在保,2026-07-02
P202302659,卢美琳,女,53,4.1010319710301805e+17,城乡居民,开封市,2023-02-08,在保,2026-07-02
P202300219,沈建华,男,41,4.1020219830915117e+17,城镇职工,许昌市,2023-04-09,在保,2026-07-02
P202301879,袁宇航,男,19,4.103022005030888e+17,城乡居民,安阳市,2022-04-08,停保,2026-07-02
P202300439,胡敏,女,19,4.107022005012877e+17,城镇职工,信阳市,2023-08-13,在保,2026-07-02
P202301159,刘超,男,67,4.107021957080908e+17,灵活就业,漯河市,2020-10-07,在保,2026-07-02
P202301615,梁俊杰,男,46,4.104021978051091e+17,城乡居民,鹤壁市,2021-04-14,在保,2026-07-02
P202304784,马霞,女,32,4.1010419920802464e+17,城乡居民,焦作市,2021-09-06,在保,2026-07-02
P202303502,黄玉兰,女,38,4.1010219860203085e+17,灵活就业,周口市,2020-08-05,在保,2026-07-02
P202301182,马桂英,女,75,4.1010319490714515e+17,城镇职工,周口市,2022-10-09,在保,2026-07-02
P202304698,何天宇,男,72,4.1010619520802157e+17,城镇职工,南阳市,2020-01-13,在保,2026-07-02
P202304002,周思琪,女,49,4.102021975042199e+17,城镇职工,许昌市,2020-07-29,在保,2026-07-02
P202302819,冯语嫣,女,57,4.10302196704271e+17,城镇职工,周口市,2022-08-02,退保,2026-07-02
P202300803,魏强,男,51,4.101061973111736e+17,城乡居民,郑州市,2024-03-29,在保,2026-07-02
P202303059,马晨曦,男,28,4.103021996122599e+17,城镇职工,开封市,2022-01-19,在保,2026-07-02
P202303575,蒋永强,男,27,4.105021997092146e+17,灵活就业,开封市,2023-09-03,退保,2026-07-02
P202303797,薛志强,男,47,4.103021977010151e+17,城乡居民,南阳市,2020-07-22,在保,2026-07-02
P202302466,韩萍,女,65,4.101041959050645e+17,灵活就业,漯河市,2021-04-29,在保,2026-07-02
P202300583,郑秀英,女,61,4.1010619630111386e+17,灵活就业,鹤壁市,2020-12-05,在保,2026-07-02
P202300204,唐诗涵,女,68,4.101041956050229e+17,城镇职工,焦作市,2022-06-24,在保,2026-07-02
P202304114,冯明,男,22,4.101032002020227e+17,城镇职工,鹤壁市,2021-11-10,在保,2026-07-02
P202303485,高文博,男,31,4.101061993090295e+17,城乡居民,郑州市,2021-08-16,在保,2026-07-02
P202302293,彭静,女,51,4.105021973072452e+17,城镇职工,周口市,2020-04-16,在保,2026-07-02
P202302223,于丽,女,63,4.101021961030317e+17,城镇职工,许昌市,2024-01-28,在保,2026-07-02
P202303476,唐勇,男,26,4.10102199808273e+17,城镇职工,安阳市,2021-06-23,在保,2026-07-02
P202302329,郭强,男,62,4.101031962021271e+17,城镇职工,鹤壁市,2021-11-10,在保,2026-07-02
P202304628,吕建国,男,36,4.1030219881102656e+17,城乡居民,鹤壁市,2022-12-06,在保,2026-07-02
P202303429,朱涛,男,57,4.105021967072373e+17,城镇职工,郑州市,2020-07-24,在保,2026-07-02
P202301996,林美琳,女,69,4.101061955080691e+17,城镇职工,商丘市,2020-04-27,在保,2026-07-02
P202303404,曹秀兰,女,48,4.101061976101969e+17,城乡居民,南阳市,2021-05-20,在保,2026-07-02
P202303419,许佳慧,女,26,4.104021998080361e+17,灵活就业,漯河市,2024-03-23,在保,2026-07-02
P202300518,董鹏,男,32,4.1050219920615e+17,城乡居民,南阳市,2024-02-11,在保,2026-07-02
P202302504,宋静,女,38,4.1010319860412397e+17,城乡,安阳市,2022-12-14,在保,2026-07-02
P202301376,冯思琪,女,46,4.10202197802011e+17,城乡,新乡市,2023-04-14,在保,2026-07-02
P202302058,宋慧,女,65,4.101041959030225e+17,城乡居民,郑州市,2021-09-10,在保,2026-07-02
P202300669,程天宇,男,2,4.1050220220515635e+17,城乡居民,平顶山市,2023-10-10,停保,2026-07-02
P202302465,马霞,女,65,4.1050219590311245e+17,城镇职工,鹤壁市,2022-03-19,停保,2026-07-02
P202301979,薛文博,男,36,4.1010319880214995e+17,城乡居民,周口市,2023-05-18,在保,2026-07-02
P202304962,曾晓红,女,31,4.1030219930209005e+17,城镇职工,新乡市,2020-01-01,在保,2026-07-02
P202300997,贾涛,男,82,4.103021942082255e+17,城乡居民,洛阳市,2020-12-04,在保,2026-07-02
P202302474,唐波,男,25,4.104021999012645e+17,灵活就业,新乡市,2023-02-17,在保,2026-07-02
P202302802,于慧,女,95,4.10402192908247e+17,城镇职工,许昌市,2024-03-26,在保,2026-07-02
P202303556,林嘉伟,男,49,4.1040219750720954e+17,城镇职工,焦作市,2021-12-22,在保,2026-07-02
P202304430,魏佳慧,女,41,4.107021983112284e+17,城镇职工,信阳市,2020-04-05,在保,2026-07-02
P202303411,徐子轩,男,37,4.1050219870809574e+17,城镇职工,周口市,2020-05-13,在保,2026-07-02
P202303461,谢文博,男,80,4.101041944012137e+17,城镇职工,焦作市,2021-02-11,在保,2026-07-02
P202304639,程淑珍,女,13,4.101032011111289e+17,城乡居民,新乡市,2023-06-29,在保,2026-07-02
P202300760,黄语嫣,女,62,4.1010419620212096e+17,城乡居民,鹤壁市,2021-08-04,在保,2026-07-02
P202304233,林晓红,女,39,4.101061985081528e+17,城镇职工,南阳市,2021-04-13,在保,2026-07-02
P202301398,朱思琪,女,32,4.105021992122231e+17,城乡居民,新乡市,2023-03-13,在保,2026-07-02
P202304968,孙欣怡,女,70,4.1020219541001395e+17,城镇职工,信阳市,2023-10-27,在保,2026-07-02
P202302253,何萍,女,23,4.102022001031226e+17,城乡居民,平顶山市,2020-12-18,在保,2026-07-02
P202302396,吴明,男,23,4.1010520010106566e+17,城乡居民,周口市,,在保,2026-07-02
P202304634,冯霞,女,65,4.1010319591009606e+17,城乡居民,鹤壁市,2022-11-02,停保,2026-07-02
P202300215,刘永强,男,44,4.10106198003137e+17,城镇职工,漯河市,2023-12-11,在保,2026-07-02
P202303399,邓婷,女,90,4.1010519340524986e+17,城镇职工,驻马店市,2023-02-12,在保,2026-07-02
P202301118,杨天宇,男,48,4.101051976071994e+17,城镇职工,安阳市,2021-03-24,在保,2026-07-02
P202300694,郭思琪,女,61,4.102021963021859e+17,城乡居民,鹤壁市,2020-10-21,在保,2026-07-02
P202301579,,男,36,4.104021988121538e+17,城乡居民,信阳市,2020-09-24,在保,2026-07-02
P202302672,郭俊杰,男,60,4.101061964121285e+17,城乡居民,郑州市,2021-09-20,在保,2026-07-02
P202302500,魏磊,男,56,4.1010519680707046e+17,城乡居民,安阳市,2021-07-02,在保,2026-07-02
P202301030,韩丽,女,31,4.10202199311142e+17,城镇职工,洛阳市,2020-08-01,在保,2026-07-02
P202301823,宋飞,男,45,4.101041979112166e+17,城镇职工,新乡市,2023-12-07,在保,2026-07-02
P202301943,苏语嫣,女,54,4.1010419700902336e+17,城镇职工,郑州市,2022-07-01,在保,2026-07-02
P202302582,唐玉兰,女,57,4.10702196702095e+17,城乡居民,开封市,2022-01-27,在保,2026-07-02
P202304992,刘永强,男,62,4.1010219620806714e+17,灵活就业,许昌市,2020-05-26,在保,2026-07-02
P202300197,宋思琪,女,34,4.1030219901010816e+17,城镇职工,周口市,2022-08-29,在保,2026-07-02
P202303933,郑国强,男,65,4.1010319590311e+17,城镇职工,许昌市,2021-01-26,在保,2026-07-02
P202303909,高玲,女,60,4.1010419640815674e+17,城乡居民,焦作市,2021-01-23,在保,2026-07-02
P202301925,刘佳慧,女,87,4.101061937122438e+17,城乡居民,漯河市,2020-09-27,在保,2026-07-02
P202300880,谢建国,男,71,4.102021953071316e+17,城镇职工,开封市,2023-01-03,在保,2026-07-02
P202303110,宋磊,男,16,4.103022008012355e+17,城镇职工,鹤壁市,2021-01-03,在保,2026-07-02
P202303694,黄晓红,女,69,4.101031955012042e+17,城乡居民,安阳市,2021-12-02,在保,2026-07-02
P202304974,宋明,男,12,4.1070220121124275e+17,城乡居民,驻马店市,2022-09-14,在保,2026-07-02
P202301748,冯芳,女,59,4.1070219650824026e+17,城镇职工,平顶山市,2023-12-10,在保,2026-07-02
P202300888,李秀英,女,43,4.1040219810711763e+17,城乡居民,鹤壁市,2021-02-02,在保,2026-07-02
P202304155,曹浩然,男,67,4.101051957012401e+17,灵活就业,鹤壁市,2020-02-07,在保,2026-07-02
P202300069,卢雨彤,女,56,4.101021968021023e+17,城乡居民,许昌市,2021-05-13,在保,2026-07-02
P202302729,唐丽,女,36,4.101021988092683e+17,城乡居民,开封市,2020-10-07,在保,2026-07-02
P202302101,唐玲,女,56,4.1010319681004544e+17,灵活就业,安阳市,2023-02-13,在保,2026-07-02
P202300569,林艳,女,16,4.104022008081445e+17,城乡居民,周口市,2023-05-14,在保,2026-07-02
P202302026,朱天宇,男,53,4.101041971032352e+17,灵活就业,商丘市,2020-08-05,在保,2026-07-02
P202300097,程宇航,男,55,4.1020219691023405e+17,灵活就业,鹤壁市,2021-11-03,停保,2026-07-02
P202301042,董超,男,41,4.107021983061208e+17,城乡居民,驻马店市,2022-07-10,在保,2026-07-02
P202301455,宋玉兰,女,60,4.103021964072335e+17,城乡居民,焦作市,2024-01-12,在保,2026-07-02
P202300140,宋浩然,男,27,4.1050219971104544e+17,城镇职工,新乡市,2024-05-08,在保,2026-07-02
P202302314,董子轩,男,58,4.1050219660710835e+17,城镇职工,南阳市,2024-03-12,在保,2026-07-02
P202302654,贾慧,女,68,4.1020219560620314e+17,城镇职工,许昌市,2022-07-09,在保,2026-07-02
P202301261,王慧,女,60,4.10103196408187e+17,城镇职工,许昌市,2021-03-11,停保,2026-07-02
P202301840,胡浩,男,46,4.101031978071362e+17,城乡居民,许昌市,2021-08-22,在保,2026-07-02
P202303929,薛志强,男,28,4.103021996031021e+17,城乡居民,鹤壁市,2023-07-25,在保,2026-07-02
P202301352,张雪,女,17,4.107022007121717e+17,城镇职工,洛阳市,2020-01-31,在保,2026-07-02
P202301967,宋紫薇,女,46,4.1070219780926554e+17,灵活就业,焦作市,2023-03-04,停保,2026-07-02
P202303796,魏晓红,女,44,4.1070219801120877e+17,城乡居民,鹤壁市,2024-01-14,在保,2026-07-02
P202304027,宋涛,男,35,4.101041989102618e+17,灵活就业,鹤壁市,2022-05-09,在保,2026-07-02
P202301026,卢雨彤,女,57,4.10103196703029e+17,城镇职工,周口市,2024-03-18,在保,2026-07-02
P202300464,韩海涛,男,53,4.102021971071211e+17,城镇职工,南阳市,2023-08-27,在保,2026-07-02
P202302375,叶雨彤,女,70,4.105021954072274e+17,城乡居民,郑州市,2022-04-13,在保,2026-07-02
P202301273,蔡玲,女,30,4.1010219940909184e+17,城乡居民,焦作市,2022-05-04,在保,2026-07-02
P202303938,何波,男,26,4.10402199804275e+17,城职,新乡市,2023-12-15,在保,2026-07-02
P202300595,吕辉,男,68,4.103021956032394e+17,灵活就业,平顶山市,2021-10-27,在保,2026-07-02
P202302216,张静,女,54,4.1070219701104326e+17,城镇职工,周口市,2020-07-05,在保,2026-07-02
P202304918,郑霞,女,43,4.1010619810628256e+17,城镇职工,安阳市,2022-06-29,在保,2026-07-02
P202300626,张伟,男,40,4.101021984102292e+17,城乡居民,周口市,2023-07-30,在保,2026-07-02
P202300451,谢莉,女,48,4.101031976090938e+17,城乡居民,驻马店市,2022-04-11,在保,2026-07-02
P202301551,许桂英,女,48,4.1070219760209126e+17,城镇职工,鹤壁市,2023-02-01,退保,2026-07-02
P202301413,韩秀英,女,58,4.104021966021158e+17,城乡居民,周口市,2022-03-07,在保,2026-07-02
P202301872,刘文博,男,46,4.104021978060872e+17,城乡居民,漯河市,,在保,2026-07-02
P202304486,曹斌,男,21,4.1040220030625984e+17,城镇职工,许昌市,2024-02-29,在保,2026-07-02
P202302471,刘晓红,女,69,4.1020219550719706e+17,灵活就业,周口市,2020-05-22,在保,2026-07-02
P202301336,郭凤英,女,43,4.101041981111107e+17,城乡居民,商丘市,2023-03-24,在保,2026-07-02
P202303847,徐嘉伟,男,69,4.1040219550723514e+17,灵活就业,焦作市,2020-11-17,在保,2026-07-02
P202304407,王莉,女,47,4.1010219770224403e+17,城乡居民,平顶山市,2021-10-09,在保,2026-07-02
P202304026,薛娟,女,44,4.101021980061799e+17,城乡居民,南阳市,2022-12-29,在保,2026-07-02
P202302985,邓军,男,20,4.105022004112878e+17,城乡居民,洛阳市,2021-03-13,在保,2026-07-02
P202304081,萧磊,男,61,4.1010219631115776e+17,城乡居民,周口市,2022-11-22,在保,2026-07-02
P202303300,吕文博,男,70,4.101041954051862e+17,城镇职工,焦作市,2022-12-30,在保,2026-07-02
P202304729,张军,男,78,4.1020219460817754e+17,城镇职工,南阳市,2022-02-03,停保,2026-07-02
P202301000,徐明,男,60,4.1010519640502656e+17,城镇职工,漯河市,2021-07-22,停保,2026-07-02
P202301537,胡永强,男,59,4.104021965040418e+17,城乡居民,驻马店市,2023-07-21,在保,2026-07-02
P202302019,林勇,男,61,4.104021963042363e+17,城镇职工,漯河市,2022-12-05,在保,2026-07-02
P202300193,袁凤英,女,53,4.1010619711022624e+17,城乡居民,开封市,2020-07-17,在保,2026-07-02
P202303817,宋婷,女,43,4.1020219810323296e+17,城乡居民,开封市,2023-03-12,在保,2026-07-02
P202304224,高天宇,男,71,4.101041953121833e+17,城镇职工,信阳市,2023-09-30,在保,2026-07-02
P202301375,贾秀兰,女,76,4.1010319480527744e+17,城镇职工,漯河市,2021-05-30,在保,2026-07-02
P202304275,李雨彤,女,13,4.102022011010204e+17,城镇职工,焦作市,2023-02-04,在保,2026-07-02
P202304480,曹佳慧,女,68,4.1050219560902714e+17,城乡居民,鹤壁市,2020-03-30,在保,2026-07-02
P202304969,张美琳,女,44,4.1010319800510074e+17,城乡居民,安阳市,2021-11-24,停保,2026-07-02
P202302606,刘涛,男,46,4.1010319780702714e+17,城镇职工,周口市,2023-10-06,在保,2026-07-02
P202303689,卢芳,女,72,4.102021952012457e+17,城乡居民,漯河市,2024-05-04,停保,2026-07-02
P202302842,胡浩,男,22,4.1010620021105306e+17,城镇职工,洛阳市,2023-11-02,在保,2026-07-02
P202303865,韩萍,女,43,4.105021981041495e+17,城镇职工,商丘市,2023-03-03,在保,2026-07-02
P202304237,李萍,女,75,4.107021949070661e+17,城乡居民,安阳市,2021-12-28,停保,2026-07-02
P202303856,丁明,男,47,4.1020219770306586e+17,城镇职工,许昌市,2021-07-11,在保,2026-07-02
P202302715,张欣怡,女,56,4.101021968021373e+17,城乡居民,南阳市,2020-01-19,在保,2026-07-02
P202303754,林思琪,女,41,4.105021983090997e+17,城乡居民,开封市,2022-07-30,在保,2026-07-02
P202302246,何明,男,51,4.103021973021642e+17,城镇职工,开封市,2020-11-30,停保,2026-07-02
P202301659,赵永强,男,31,4.1050219930823136e+17,灵活就业,许昌市,2021-03-15,在保,2026-07-02
P202302562,何嘉伟,男,51,4.103021973122471e+17,城镇职工,焦作市,2023-11-07,在保,2026-07-02
P202304967,徐建国,男,33,4.1010519910924806e+17,灵活就业,新乡市,2022-10-21,停保,2026-07-02
P202300192,叶淑珍,女,65,4.103021959011958e+17,城镇职工,焦作市,2023-02-07,在保,2026-07-02
P202304607,萧玉兰,女,43,4.103021981062447e+17,城镇职工,许昌市,2020-10-12,在保,2026-07-02
P202301744,林浩,男,70,4.1010619540213485e+17,城镇职工,洛阳市,2020-10-17,停保,2026-07-02
P202303086,李晓红,女,55,4.1010219691225606e+17,灵活就业,洛阳市,2020-03-31,在保,2026-07-02
P202304288,曹霞,女,150,4.105021971012158e+17,城镇职工,周口市,2022-07-13,在保,2026-07-02
P202301863,丁斌,男,64,4.1010519600824416e+17,城镇职工,焦作市,2021-01-17,退保,2026-07-02
P202301768,唐国强,男,46,4.1010519780617626e+17,城镇职工,洛阳市,2021-04-02,停保,2026-07-02
P202301895,何飞,男,48,4.1010519760113626e+17,城乡居民,焦作市,2024-01-12,在保,2026-07-02
P202304850,傅晓红,女,58,4.1010219660923526e+17,灵活就业,漯河市,2023-11-23,在保,2026-07-02
P202303718,彭艳,女,91,4.1070219330315085e+17,城乡居民,焦作市,2021-05-30,在保,2026-07-02
P202302523,徐淑珍,女,56,4.101051968090956e+17,城乡居民,信阳市,2022-04-21,在保,2026-07-02
P202303467,吕莉,女,42,4.1050219820217114e+17,灵活就业,郑州市,,在保,2026-07-02
P202304054,林嘉伟,男,53,4.1020219710707706e+17,城乡居民,鹤壁市,2021-02-27,在保,2026-07-02
P202303931,林欣怡,女,62,4.10106196210049e+17,城镇职工,平顶山市,2020-05-10,在保,2026-07-02
P202300167,张飞,男,64,4.105021960072756e+17,灵活就业,安阳市,2020-03-15,在保,2026-07-02
P202302219,何芳,女,87,4.1010519370827674e+17,城乡居民,洛阳市,2023-03-02,在保,2026-07-02
P202303679,吕嘉伟,男,71,4.107021953091665e+17,城乡居民,许昌市,2022-03-20,停保,2026-07-02
P202301025,吴紫薇,女,81,4.1010419431217715e+17,城镇职工,信阳市,2022-04-22,在保,2026-07-02
P202301362,阎雪,女,60,4.101031964112835e+17,城乡居民,安阳市,2020-05-09,在保,2026-07-02
P202302901,魏强,男,49,4.1050219750227264e+17,灵活就业,新乡市,2021-06-14,在保,2026-07-02
P202301893,卢梦瑶,女,42,4.101041982080603e+17,城乡居民,鹤壁市,2023-02-10,在保,2026-07-02
P202303567,郑玉兰,女,54,4.102021970061482e+17,城乡居民,洛阳市,2022-05-18,退保,2026-07-02
P202301097,叶玲,女,51,4.1010419730904934e+17,城乡居民,新乡市,2022-01-14,在保,2026-07-02
P202302099,丁文博,男,22,4.1010320020328154e+17,城镇职工,鹤壁市,2020-12-20,在保,2026-07-02
P202304920,谢娜,女,73,4.10302195104252e+17,城镇职工,郑州市,2022-05-25,在保,2026-07-02
P202300153,孙俊杰,男,37,4.107021987032445e+17,城乡居民,南阳市,2022-01-16,在保,2026-07-02
P202302584,徐玲,女,72,4.101061952071474e+17,灵活就业,商丘市,2021-04-22,在保,2026-07-02
P202304796,韩丽,女,27,4.105021997110287e+17,城镇职工,许昌市,2020-12-27,停保,2026-07-02
P202303950,蔡晓红,女,26,4.10202199808085e+17,城镇职工,驻马店市,2024-03-14,在保,2026-07-02
P202301520,陈辉,男,83,4.101031941071268e+17,城乡居民,郑州市,2023-11-30,在保,2026-07-02
P202304210,蒋志强,男,29,4.101051995112031e+17,城镇职工,鹤壁市,2022-03-01,在保,2026-07-02
P202301673,卢莉,女,42,4.1010419820117184e+17,城乡居民,漯河市,2021-04-19,在保,2026-07-02
P202302923,王晓红,女,46,4.107021978052277e+17,城镇职工,漯河市,2020-06-12,在保,2026-07-02
P202301434,苏凤英,女,39,4.10104198508189e+17,城乡居民,新乡市,2020-10-22,在保,2026-07-02
P202304872,吕浩,男,74,4.1010619500515437e+17,灵活就业,许昌市,2021-01-07,在保,2026-07-02
P202302032,沈俊杰,男,32,4.102021992070332e+17,城乡居民,平顶山市,2022-09-02,在保,2026-07-02
P202301624,郑宇航,男,37,4.1010419870726195e+17,城镇职工,安阳市,2024-01-25,在保,2026-07-02
P202300032,蒋俊杰,男,83,4.101031941030912e+17,城乡居民,许昌市,2023-02-07,在保,2026-07-02
P202300938,刘莉,女,62,4.103021962071179e+17,城乡居民,平顶山市,,停保,2026-07-02
P202301527,许梦瑶,女,83,4.1010619411004717e+17,城乡居民,信阳市,2020-12-22,停保,2026-07-02
P202302651,王丽,女,33,4.10302199102226e+17,城镇职工,洛阳市,2023-03-26,在保,2026-07-02
P202304565,胡雨彤,女,64,4.105021960092451e+17,城乡居民,焦作市,2023-05-12,在保,2026-07-02
P202300310,何天宇,男,46,4.1010319780815526e+17,灵活就业,郑州市,2022-10-20,停保,2026-07-02
P202303001,谢佳慧,女,15,4.1010220090328864e+17,城镇职工,新乡市,2021-02-11,在保,2026-07-02
P202301500,朱婷,女,60,4.101021964042719e+17,城镇职工,新乡市,2022-10-20,停保,2026-07-02
P202304158,宋海涛,男,41,4.103021983101904e+17,城乡居民,洛阳市,2024-05-12,在保,2026-07-02
P202304450,高国强,男,76,4.101021948062097e+17,城乡居民,南阳市,2023-10-24,在保,2026-07-02
P202300496,阎波,男,59,4.101031965020963e+17,城乡居民,洛阳市,2023-09-03,停保,2026-07-02
P202300206,林强,男,33,4.1050219910421235e+17,城乡居民,洛阳市,2022-04-26,在保,2026-07-02
P202302727,宋天宇,男,68,4.10103195606189e+17,灵活就业,平顶山市,2021-01-03,在保,2026-07-02
P202303426,蒋子轩,男,69,4.103021955020618e+17,灵活就业,平顶山市,2021-11-23,在保,2026-07-02
P202303905,许永强,男,79,4.10702194501041e+17,城乡居民,鹤壁市,2021-11-17,在保,2026-07-02
P202300306,吴建华,男,52,4.1070219721125856e+17,城镇职工,安阳市,2023-12-01,在保,2026-07-02
P202303867,徐莉,女,55,4.101041969071358e+17,城乡居民,新乡市,2024-05-12,在保,2026-07-02
P202302313,傅海涛,男,54,4.101051970101627e+17,城镇职工,许昌市,2023-07-07,在保,2026-07-02
P202301062,郭美琳,女,0,4.1010620240722246e+17,城乡居民,漯河市,2022-04-29,在保,2026-07-02
P202300844,叶敏,女,56,4.1070219680204e+17,城乡居民,漯河市,2020-03-09,在保,2026-07-02
P202302768,郑玲,女,58,4.101031966052177e+17,城镇职工,郑州市,2023-05-21,在保,2026-07-02
P202304674,苏丽,女,31,4.1050219931101075e+17,城镇职工,商丘市,2022-07-08,退保,2026-07-02
P202300212,薛飞,男,70,4.10702195411252e+17,城乡居民,周口市,2023-08-01,停保,2026-07-02
P202301109,叶勇,男,38,4.101031986052675e+17,城乡居民,信阳市,2022-10-01,在保,2026-07-02
P202303789,韩超,男,53,4.10502197108124e+17,城镇职工,开封市,2022-06-03,停保,2026-07-02
P202300680,魏志强,男,72,4.101041952111812e+17,灵活就业,郑州市,2022-04-02,在保,2026-07-02
P202300566,沈语嫣,女,42,4.101041982032815e+17,城乡居民,平顶山市,2023-12-29,在保,2026-07-02
P202304663,袁海涛,男,39,4.105021985111729e+17,城镇职工,平顶山市,2024-04-25,在保,2026-07-02
P202303652,沈紫薇,女,59,4.1070219651109274e+17,城镇职工,郑州市,2024-01-08,在保,2026-07-02
P202300681,董超,男,62,4.10102196210212e+17,城镇职工,驻马店市,2021-03-30,在保,2026-07-02
P202300181,萧思琪,女,61,4.10104196309216e+17,城乡居民,平顶山市,2020-09-21,在保,2026-07-02
P202303949,卢娟,女,44,4.104021980121934e+17,城乡居民,鹤壁市,2022-07-04,在保,2026-07-02
P202301770,李萍,女,59,4.104021965111084e+17,城镇职工,新乡市,2020-01-16,在保,2026-07-02
P202303144,韩勇,男,39,4.1030219851226605e+17,城镇职工,周口市,2021-01-19,停保,2026-07-02
P202304318,张国强,男,70,4.1040219541112186e+17,灵活就业,驻马店市,2022-03-21,在保,2026-07-02
P202300279,吕娜,女,51,4.10102197308052e+17,灵活就业,驻马店市,2022-11-01,在保,2026-07-02
P202301150,林志强,男,34,4.107021990102385e+17,城镇职工,焦作市,2020-05-24,停保,2026-07-02
P202301322,梁建国,男,59,4.107021965072574e+17,灵活就业,新乡市,2021-06-22,在保,2026-07-02
P202300433,何斌,男,45,4.1030219790711014e+17,城镇职工,商丘市,2020-08-30,在保,2026-07-02
P202300290,魏浩,男,38,4.102021986022655e+17,城乡居民,新乡市,2022-05-29,在保,2026-07-02
P202301028,于嘉伟,男,52,4.101031972091397e+17,城镇职工,许昌市,2021-03-09,在保,2026-07-02
P202300536,许莉,女,50,4.1050219741208154e+17,城镇职工,商丘市,2024-02-07,退保,2026-07-02
P202304630,彭辉,男,57,4.101021967072848e+17,城镇职工,驻马店市,2020-03-02,在保,2026-07-02
P202300189,林语嫣,女,34,4.102021990102432e+17,灵活就业,平顶山市,2020-11-22,在保,2026-07-02
P202304044,邓浩,男,55,4.104021969050237e+17,城镇职工,周口市,2024-03-20,停保,2026-07-02
P202303993,韩国强,男,14,4.1010420100325357e+17,灵活就业,许昌市,2020-06-09,在保,2026-07-02
P202304548,徐静,女,48,4.1030219760820275e+17,灵活就业,南阳市,2023-09-26,在保,2026-07-02
P202300271,卢敏,女,75,4.101041949120853e+17,城乡居民,驻马店市,2020-11-23,在保,2026-07-02
P202303292,高辉,男,5,4.102022019112338e+17,城乡居民,新乡市,2021-12-01,停保,2026-07-02
P202304127,贾飞,男,34,4.107021990122315e+17,城镇职工,商丘市,2024-01-02,在保,2026-07-02
P202304095,赵强,男,72,4.1040219520510266e+17,城乡居民,周口市,2023-11-15,在保,2026-07-02
P202303769,程文彬,男,61,4.101051963081587e+17,城镇职工,洛阳市,2020-09-23,在保,2026-07-02
P202300112,吕娟,女,49,4.104021975121066e+17,城乡居民,洛阳市,2020-10-13,在保,2026-07-02
P202301972,邓佳慧,女,0,4.1070220240824006e+17,城镇职工,周口市,2020-07-12,在保,2026-07-02
P202300221,唐辉,男,91,4.1010519331003046e+17,城乡居民,焦作市,2023-12-05,在保,2026-07-02
P202301428,萧艳,女,30,4.101021994071316e+17,灵活就业,驻马店市,2020-05-10,在保,2026-07-02
P202300628,何鹏,男,47,4.101031977111594e+17,城乡居民,平顶山市,2022-05-24,在保,2026-07-02
P202302656,卢梦瑶,女,65,4.105021959021034e+17,城乡居民,安阳市,2022-06-22,在保,2026-07-02
P202303425,罗国强,男,18,4.101052006081327e+17,城乡居民,安阳市,2022-07-30,在保,2026-07-02
P202303009,朱娟,女,69,4.1050219550504774e+17,城镇职工,信阳市,2024-04-13,在保,2026-07-02
P202300791,董宇航,男,57,4.1010319670226624e+17,城乡,平顶山市,2020-07-27,在保,2026-07-02
P202304836,韩雨彤,女,51,4.101051973011839e+17,城乡居民,平顶山市,2021-08-30,在保,2026-07-02
P202300462,郑莉,女,50,4.107021974021414e+17,城乡居民,信阳市,2024-04-17,在保,2026-07-02
P202304447,赵雪,女,34,4.1030219901119654e+17,城镇职工,漯河市,2023-06-04,在保,2026-07-02
P202300552,曾建华,男,47,4.101051977031071e+17,城乡居民,漯河市,2020-10-03,在保,2026-07-02
P202302403,薛强,男,40,4.1010419841017395e+17,灵活就业,开封市,2022-04-21,在保,2026-07-02
P202304182,吕紫薇,女,40,4.1010519840428954e+17,城镇职工,开封市,2020-09-29,在保,2026-07-02
P202300199,张国强,男,51,4.101031973040145e+17,灵活就业,南阳市,2020-11-06,在保,2026-07-02
P202302641,梁宇航,男,82,4.1010219420910694e+17,灵活就业,新乡市,2024-03-03,在保,2026-07-02
P202302835,朱涛,男,45,4.1040219790414464e+17,灵活就业,信阳市,2023-11-19,在保,2026-07-02
P202300403,刘婷,女,50,4.103021974072724e+17,城镇职工,信阳市,2022-06-28,在保,2026-07-02
P202303339,薛霞,女,59,4.101031965042079e+17,城镇职工,漯河市,2023-03-25,退保,2026-07-02
P202302178,贾佳慧,女,53,4.104021971041377e+17,城乡居民,开封市,2022-06-19,在保,2026-07-02
P202304813,阎霞,女,61,4.102021963020506e+17,城镇职工,周口市,2020-02-17,在保,2026-07-02
P202302074,杨晨曦,男,53,4.101051971121957e+17,城镇职工,鹤壁市,2022-09-25,在保,2026-07-02
P202301731,程浩然,男,45,4.1010219791128525e+17,城镇职工,周口市,2022-03-11,停保,2026-07-02
P202304508,许鹏,男,54,4.1010619700113165e+17,城镇职工,开封市,2022-10-23,在保,2026-07-02
P202300651,刘海涛,男,83,4.1010519410709344e+17,城镇职工,平顶山市,2024-04-02,在保,2026-07-02
P202300709,陈超,男,12,4.1020220120420864e+17,灵活就业,洛阳市,2021-04-21,在保,2026-07-02
P202304590,董语嫣,女,30,4.104021994021266e+17,城乡居民,许昌市,2021-04-03,在保,2026-07-02
P202304459,梁丽,女,22,4.1010620020224326e+17,城乡居民,新乡市,2020-06-01,在保,2026-07-02
P202303323,杨鹏,男,22,4.101062002090217e+17,城乡居民,驻马店市,2023-05-18,在保,2026-07-02
P202301898,孙霞,女,78,4.102021946050944e+17,城镇职工,鹤壁市,2022-12-24,在保,2026-07-02
P202301833,曹芳,女,67,4.1050219570111206e+17,城镇职工,周口市,2022-04-04,在保,2026-07-02
P202300315,梁秀英,女,73,4.1010219510607296e+17,城乡居民,平顶山市,2021-09-14,在保,2026-07-02
P202301243,陈涛,男,39,4.1050219850324275e+17,城乡居民,开封市,2022-06-27,在保,2026-07-02
P202304520,贾萍,女,33,4.1010619910614566e+17,灵活就业,焦作市,2020-03-05,在保,2026-07-02
P202300114,曾欣怡,女,94,4.103021930110485e+17,城乡居民,周口市,2022-04-15,停保,2026-07-02
P202300961,苏雨彤,女,61,4.102021963102266e+17,城乡居民,周口市,2020-12-01,在保,2026-07-02
P202303908,萧紫薇,女,24,4.101042000032221e+17,城乡居民,郑州市,2021-05-30,在保,2026-07-02
P202302743,许建华,男,50,4.101031974051744e+17,城镇职工,郑州市,2023-08-27,在保,2026-07-02
P202301685,谢思琪,女,28,4.101061996032659e+17,城镇职工,许昌市,2020-03-26,在保,2026-07-02
P202304102,程凤英,女,35,4.10302198907183e+17,城镇职工,漯河市,2020-04-15,在保,2026-07-02
P202302660,程雪,女,59,4.1010319651220064e+17,城镇职工,开封市,2021-05-18,在保,2026-07-02
P202301633,罗欣怡,女,38,4.1010219860110336e+17,城镇职工,许昌市,2020-07-09,停保,2026-07-02
P202303260,邓婷,女,75,4.101061949102004e+17,城镇职工,郑州市,2021-03-09,退保,2026-07-02
P202304708,苏桂英,女,41,4.1010319830508544e+17,城乡居民,焦作市,2023-10-31,在保,2026-07-02
P202303483,黄超,男,43,4.101041981082026e+17,城乡居民,信阳市,2022-06-14,退保,2026-07-02
P202304574,周敏,女,39,4.101041985071252e+17,城镇职工,周口市,2022-08-20,退保,2026-07-02
P202301880,苏杰,男,35,4.1020219891210054e+17,城乡居民,南阳市,2023-07-19,在保,2026-07-02
P202304122,刘子轩,男,47,4.101021977082562e+17,城镇职工,开封市,2023-04-11,在保,2026-07-02
P202302006,徐斌,男,53,4.101061971061022e+17,城乡居民,信阳市,2023-03-06,在保,2026-07-02
P202300327,蔡梦瑶,女,70,4.1010319541019264e+17,灵活就业,郑州市,2020-05-12,在保,2026-07-02
P202300605,李娟,女,57,4.1070219670721325e+17,城镇职工,南阳市,2022-02-20,在保,2026-07-02
P202304234,沈美琳,女,59,4.1010419651214944e+17,灵活就业,驻马店市,2020-08-22,在保,2026-07-02
P202303078,宋淑珍,女,59,4.101031965102016e+17,城镇职工,鹤壁市,2022-02-01,停保,2026-07-02
P202302631,傅秀兰,女,55,4.101061969122113e+17,城乡居民,郑州市,2020-12-24,在保,2026-07-02
P202304367,魏佳慧,女,40,4.102021984012036e+17,城乡居民,漯河市,2023-03-14,在保,2026-07-02
P202304692,王勇,男,54,4.101061970091608e+17,灵活就业,鹤壁市,2021-04-10,在保,2026-07-02
P202303249,程俊杰,男,54,4.1010619700408435e+17,城镇职工,周口市,2022-02-02,在保,2026-07-02
P202304973,朱天宇,男,31,4.105021993111937e+17,城乡居民,洛阳市,2024-02-06,停保,2026-07-02
P202303393,王霞,女,48,4.1010519760422125e+17,城镇职工,漯河市,2022-11-19,在保,2026-07-02
P202301472,曹波,男,39,4.105021985050819e+17,城镇职工,周口市,2024-01-22,在保,2026-07-02
P202301774,吕美琳,女,53,4.1030219710824864e+17,城镇职工,洛阳市,2021-05-02,在保,2026-07-02
P202302785,高诗涵,女,41,4.1010419830219565e+17,城乡居民,南阳市,2023-03-07,停保,2026-07-02
P202300790,阎娜,女,20,4.1050220040505875e+17,城乡居民,周口市,2023-10-03,在保,2026-07-02
P202302355,杨俊杰,男,71,4.1070219531019194e+17,城乡居民,安阳市,2023-11-29,在保,2026-07-02
P202302926,沈欣怡,女,54,4.102021970041045e+17,城镇职工,驻马店市,2021-05-05,在保,2026-07-02
P202301546,郭语嫣,女,58,4.105021966041195e+17,城镇职工,漯河市,2021-05-05,在保,2026-07-02
P202300872,唐明,男,35,4.101051989080853e+17,城镇职工,平顶山市,2023-02-05,在保,2026-07-02
P202304393,宋建国,男,55,4.102021969041507e+17,城乡居民,南阳市,2024-04-26,在保,2026-07-02
P202301372,高思琪,女,80,4.101031944092463e+17,城镇职工,开封市,2020-05-24,停保,2026-07-02
P202303079,梁明,男,54,4.101021970082553e+17,城乡居民,周口市,2020-07-05,在保,2026-07-02
P202300074,赵语嫣,女,78,4.1010619460816454e+17,城镇职工,开封市,2020-04-15,在保,2026-07-02
P202301816,吴文彬,男,33,4.101041991012784e+17,城镇职工,新乡市,2023-12-05,在保,2026-07-02
P202304404,沈文彬,男,56,4.103021968092882e+17,城乡居民,安阳市,2021-10-21,在保,2026-07-02
P202302265,邓桂英,女,62,4.101021962110408e+17,灵活就业,信阳市,2021-11-28,在保,2026-07-02
P202303995,曹波,男,12,4.1010320121003584e+17,城镇职工,鹤壁市,2022-05-20,在保,2026-07-02
P202302012,胡艳,女,36,4.101031988050266e+17,城乡居民,漯河市,2024-04-12,在保,2026-07-02
P202304621,郭伟,男,41,4.105021983031077e+17,城乡居民,安阳市,2023-06-01,在保,2026-07-02
P202303883,袁嘉伟,男,16,4.101032008060332e+17,城乡居民,许昌市,2022-10-06,在保,2026-07-02
P202302288,赵志强,男,45,4.101051979090179e+17,城镇职工,漯河市,2022-06-24,在保,2026-07-02
P202302944,薛娟,女,46,4.1050219780713766e+17,城镇职工,洛阳市,2021-12-09,在保,2026-07-02
P202303826,蔡宇航,男,71,4.102021953122469e+17,灵活就业,鹤壁市,2020-01-19,在保,2026-07-02
P202300495,薛雨彤,女,77,4.101051947031311e+17,城乡居民,洛阳市,2022-08-27,在保,2026-07-02
P202303195,周丽,女,22,4.1010520020623334e+17,城乡居民,商丘市,2024-02-05,在保,2026-07-02
P202302233,冯秀兰,女,14,4.102022010071962e+17,城镇职工,安阳市,2021-08-03,在保,2026-07-02
P202304911,马凤英,女,40,4.1010219841118214e+17,城镇职工,信阳市,2020-09-27,在保,2026-07-02
P202301165,许凤英,女,68,4.1070219560909165e+17,城镇职工,信阳市,2024-03-07,退保,2026-07-02
P202303293,胡海涛,男,72,4.104021952082173e+17,城镇职工,郑州市,2021-06-05,在保,2026-07-02
P202302365,唐建华,男,38,4.1010319860622304e+17,灵活就业,驻马店市,2022-02-02,在保,2026-07-02
P202303639,阎强,男,47,4.1070219770402714e+17,城乡居民,漯河市,2021-06-04,在保,2026-07-02
P202302222,郭凤英,女,38,4.101021986090612e+17,灵活就业,周口市,2022-12-16,在保,2026-07-02
P202304263,梁波,男,63,4.105021961082603e+17,城乡居民,信阳市,2022-12-02,停保,2026-07-02
P202300619,阎淑珍,女,58,4.104021966122117e+17,城镇职工,周口市,2024-02-12,在保,2026-07-02
P202304344,唐俊杰,男,68,4.101051956021699e+17,城乡居民,焦作市,2020-08-20,在保,2026-07-02
P202304471,张鹏,男,55,4.101031969062425e+17,城职,许昌市,2020-08-18,在保,2026-07-02
P202304822,邓晓红,女,46,4.105021978012287e+17,城镇职工,焦作市,2022-09-14,在保,2026-07-02
P202304521,赵晓红,女,41,4.1010519831104544e+17,城镇职工,周口市,2023-02-01,在保,2026-07-02
P202302115,阎敏,女,63,4.1010319610405677e+17,城镇职工,平顶山市,2020-11-17,在保,2026-07-02
P202303479,黄永强,男,70,4.101051954042725e+17,灵活就业,平顶山市,2023-04-04,停保,2026-07-02
P202300870,薛诗涵,女,86,4.1010619380423616e+17,城乡居民,鹤壁市,2024-03-20,在保,2026-07-02
P202303810,卢静,女,64,4.101061960061195e+17,城乡居民,洛阳市,2022-10-02,在保,2026-07-02
P202301043,吕海涛,男,69,4.101051955122757e+17,城镇职工,开封市,2020-08-03,在保,2026-07-02
P202301406,孙雪,女,36,4.10202198802287e+17,城镇职工,周口市,2022-02-05,在保,2026-07-02
P202300357,胡诗涵,女,49,4.107021975051193e+17,城乡居民,洛阳市,2022-03-05,在保,2026-07-02
P202301163,蒋鹏,男,24,4.1020220000120774e+17,城镇职工,漯河市,2021-06-21,在保,2026-07-02
P202302821,杨国强,男,44,4.1010519800928704e+17,城乡居民,商丘市,2023-04-04,停保,2026-07-02
P202301936,傅雨彤,女,22,4.101062002042666e+17,城镇职工,平顶山市,2023-03-08,在保,2026-07-02
P202304005,梁莉,女,25,4.1020219990107206e+17,城乡居民,周口市,2020-04-10,在保,2026-07-02
P202303889,赵斌,男,52,4.102021972121017e+17,城乡居民,漯河市,2024-03-05,在保,2026-07-02
P202303596,胡晓红,女,70,4.1010419541219514e+17,城镇职工,漯河市,2022-05-16,在保,2026-07-02
P202303617,黄淑珍,女,32,4.101061992041595e+17,城乡居民,郑州市,2023-08-03,在保,2026-07-02
P202303713,吕浩,男,55,4.101041969010952e+17,城乡居民,新乡市,2020-03-20,在保,2026-07-02
P202303803,孙秀兰,女,28,4.1010619961119174e+17,城镇职工,商丘市,2020-11-25,在保,2026-07-02
P202302908,吴斌,男,29,4.1070219950511155e+17,灵活就业,南阳市,2021-09-20,在保,2026-07-02
P202300333,彭娟,女,51,4.1010619730126483e+17,城镇职工,焦作市,2024-04-19,在保,2026-07-02
P202301341,朱浩然,男,52,4.101041972080486e+17,城镇职工,郑州市,2022-06-28,停保,2026-07-02
P202303063,邓辉,男,48,4.107021976040734e+17,城镇职工,驻马店市,2024-02-18,在保,2026-07-02
P202302930,邓晨曦,男,67,4.105021957012578e+17,城镇职工,驻马店市,2021-03-23,在保,2026-07-02
P202301259,刘秀英,女,37,4.1010419870615405e+17,城镇职工,信阳市,2020-01-02,在保,2026-07-02
P202303741,郭欣怡,女,37,4.101031987090987e+17,城镇职工,焦作市,2021-03-05,在保,2026-07-02
P202304307,卢婷,女,38,4.101041986010708e+17,城镇职工,洛阳市,2023-12-31,在保,2026-07-02
P202301117,罗芳,女,93,4.101021931010914e+17,城镇职工,漯河市,2021-08-03,在保,2026-07-02
P202301919,萧语嫣,女,46,4.104021978070171e+17,城镇职工,新乡市,2020-09-16,在保,2026-07-02
P202303625,萧芳,女,84,4.103021940060159e+17,城乡居民,南阳市,2021-01-03,停保,2026-07-02
P202303876,苏文彬,男,71,4.101021953022569e+17,城乡居民,开封市,2020-02-26,在保,2026-07-02
P202302601,马强,男,16,4.105022008120909e+17,城乡居民,洛阳市,2022-06-08,在保,2026-07-02
P202303332,杨海涛,男,22,4.1010220020625914e+17,灵活就业,鹤壁市,2020-03-04,退保,2026-07-02
P202301422,周思琪,女,69,4.1010319551104115e+17,城乡居民,漯河市,2022-09-27,在保,2026-07-02
P202300446,卢紫薇,女,62,4.1030219620425606e+17,城镇职工,开封市,2022-08-09,在保,2026-07-02
P202302289,罗建国,男,39,4.1040219851106394e+17,城乡居民,开封市,2023-02-26,在保,2026-07-02
P202300453,朱静,女,32,4.1020219921023834e+17,城镇职工,商丘市,2021-04-16,在保,2026-07-02
P202303868,薛诗涵,女,79,4.101051945111073e+17,城镇职工,漯河市,2023-01-11,在保,2026-07-02
P202304479,郭欣怡,女,24,4.101062000052414e+17,城镇职工,漯河市,2021-06-17,在保,2026-07-02
P202303015,程强,男,39,4.107021985062759e+17,城乡居民,平顶山市,2022-09-04,在保,2026-07-02
P202300015,许浩然,男,18,4.10102200610115e+17,灵活就业,洛阳市,2022-01-13,停保,2026-07-02
P202302999,黄飞,男,56,4.101031968100865e+17,灵活就业,许昌市,2020-10-10,在保,2026-07-02
P202300946,马美琳,女,30,4.101051994120775e+17,城镇职工,焦作市,2024-01-26,停保,2026-07-02
P202300248,高涛,男,38,4.107021986080905e+17,灵活就业,商丘市,2021-07-28,停保,2026-07-02
P202304335,高军,男,58,4.1010619660118976e+17,城镇职工,新乡市,2020-08-03,在保,2026-07-02
P202300361,张淑珍,女,59,4.102021965120805e+17,灵活就业,漯河市,2021-07-04,停保,2026-07-02
P202304704,曾斌,男,60,4.102021964070414e+17,城乡居民,平顶山市,2022-02-22,在保,2026-07-02
P202301596,唐莉,女,31,4.103021993041025e+17,城镇职工,平顶山市,2020-12-03,在保,2026-07-02
P202304581,唐鹏,男,53,4.101031971111708e+17,城乡居民,安阳市,2021-06-21,在保,2026-07-02
P202302348,蔡子轩,男,34,4.101021990081489e+17,城镇职工,南阳市,2021-07-30,在保,2026-07-02
P202304413,刘秀英,女,30,4.105021994012348e+17,灵活就业,焦作市,2024-02-21,在保,2026-07-02
P202303549,董紫薇,女,29,4.10702199508076e+17,城乡居民,许昌市,2020-11-03,在保,2026-07-02
P202302053,叶文彬,男,38,4.101061986051946e+17,城镇职工,新乡市,2023-03-23,停保,2026-07-02
P202303561,宋美琳,女,54,4.1010619700927315e+17,城镇职工,许昌市,2024-02-18,在保,2026-07-02
P202301384,梁俊杰,男,39,4.101031985111332e+17,城镇职工,信阳市,2023-08-02,在保,2026-07-02
P202304935,薛杰,男,41,4.1020219830803936e+17,城镇职工,平顶山市,2022-02-23,退保,2026-07-02
P202304852,程静,女,95,,城镇职工,驻马店市,2020-08-04,在保,2026-07-02
P202300491,蔡婷,女,49,4.1040219750213626e+17,城乡居民,信阳市,2023-07-17,退保,2026-07-02
P202300863,蒋萍,女,77,4.10502194707259e+17,城镇职工,焦作市,2022-10-18,在保,2026-07-02
P202301804,郑思琪,女,22,4.102022002111736e+17,城镇职工,新乡市,2023-07-29,在保,2026-07-02
P202303407,沈永强,男,62,4.101051962102026e+17,灵活就业,焦作市,2023-05-06,在保,2026-07-02
P202301946,魏芳,女,43,4.10702198102081e+17,城乡居民,洛阳市,2022-08-05,在保,2026-07-02
P202304648,冯浩,男,49,4.101021975020338e+17,城镇职工,鹤壁市,2020-10-04,在保,2026-07-02
P202303655,朱勇,男,52,4.107021972041246e+17,城乡居民,新乡市,2022-12-18,在保,2026-07-02
P202300507,朱桂英,女,39,4.104021985061571e+17,城镇职工,焦作市,2020-06-13,在保,2026-07-02
P202304163,王明,男,45,4.101061979121438e+17,城镇职工,商丘市,2021-12-25,在保,2026-07-02
P202300026,马涛,男,51,4.107021973121806e+17,灵活就业,郑州市,2020-04-12,在保,2026-07-02
P202302330,赵霞,女,65,4.1010419590219654e+17,城镇职工,安阳市,2021-05-01,在保,2026-07-02
P202301223,邓桂英,女,61,4.102021963102117e+17,城乡居民,安阳市,2022-12-07,在保,2026-07-02
P202301114,郭玲,女,58,4.1070219660923354e+17,城镇职工,洛阳市,2022-06-06,在保,2026-07-02
P202303423,孙敏,女,57,4.10103196711124e+17,城镇职工,鹤壁市,2021-04-26,在保,2026-07-02
P202303492,张美琳,女,46,4.1020219780404186e+17,城镇职工,安阳市,2023-08-31,停保,2026-07-02
P202304426,黄秀兰,女,29,4.1050219951015315e+17,城镇职工,南阳市,,在保,2026-07-02
P202304720,罗涛,男,52,4.104021972071767e+17,城镇职工,开封市,2023-03-28,在保,2026-07-02
P202300434,叶子轩,男,62,4.101031962061711e+17,城乡,平顶山市,2023-11-05,在保,2026-07-02
P202302108,沈雨彤,女,61,4.10104196309232e+17,城乡居民,许昌市,2023-01-30,在保,2026-07-02
P202303866,邓斌,男,36,4.102021988120154e+17,城乡居民,焦作市,2023-04-01,在保,2026-07-02
P202302894,薛文博,男,53,4.101051971091666e+17,城乡居民,鹤壁市,2022-01-01,退保,2026-07-02
P202302134,谢晓红,女,60,4.1010219640402694e+17,城职,许昌市,2022-03-10,在保,2026-07-02
P202304006,李诗涵,女,60,4.1020219640412646e+17,城镇职工,商丘市,2024-02-29,在保,2026-07-02
P202303228,吴强,男,72,4.102021952062202e+17,城乡居民,洛阳市,2022-07-26,在保,2026-07-02
P202302174,阎俊杰,男,52,4.1010519720322406e+17,城乡,许昌市,2024-03-04,在保,2026-07-02
P202303564,董霞,女,71,4.1010219530710125e+17,城乡居民,漯河市,2024-05-07,退保,2026-07-02
P202304756,程宇航,男,55,4.107021969062698e+17,城乡居民,驻马店市,2023-01-24,停保,2026-07-02
P202301103,黄强,男,87,4.107021937050807e+17,灵活就业,洛阳市,2021-07-18,在保,2026-07-02
P202302310,薛文彬,男,65,4.104021959120678e+17,城镇职工,开封市,2023-01-12,停保,2026-07-02
P202301505,黄嘉伟,男,46,4.1010219780806016e+17,城乡居民,洛阳市,2024-01-24,在保,2026-07-02
P202303149,黄永强,男,48,4.1010219760227334e+17,城乡居民,洛阳市,2022-04-30,在保,2026-07-02
P202303917,冯斌,男,48,4.101061976010427e+17,城镇职工,洛阳市,2022-02-05,在保,2026-07-02
P202300157,马磊,男,83,4.101061941081715e+17,城乡居民,洛阳市,2021-03-30,在保,2026-07-02
P202303040,吕静,女,46,4.101031978012891e+17,城乡居民,南阳市,2022-04-30,在保,2026-07-02
P202304195,周伟,男,7,4.101032017012603e+17,城镇职工,许昌市,2021-06-07,在保,2026-07-02
P202300616,曹秀英,女,52,4.101031972050913e+17,城镇职工,安阳市,2021-07-17,停保,2026-07-02
P202300644,叶强,男,22,4.102022002020428e+17,城乡居民,平顶山市,2022-04-30,在保,2026-07-02
P202304896,刘文彬,男,49,4.101051975041237e+17,城镇职工,驻马店市,2021-12-14,在保,2026-07-02
P202304279,曹强,男,48,4.1010519760412064e+17,城乡居民,鹤壁市,2023-08-09,在保,2026-07-02
P202301069,罗涛,男,41,4.1010519831225824e+17,城乡居民,平顶山市,2021-06-17,在保,2026-07-02
P202303351,王文博,男,40,4.107021984072114e+17,城镇职工,信阳市,2024-05-07,在保,2026-07-02
P202302698,曾海涛,男,26,4.1050219980310163e+17,城乡居民,南阳市,2023-09-12,在保,2026-07-02
P202304284,冯雪,女,150,4.1010319570401235e+17,灵活就业,安阳市,2022-02-16,在保,2026-07-02
P202301567,何磊,男,51,4.10106197308053e+17,城乡居民,鹤壁市,2022-06-11,在保,2026-07-02
P202300331,郭波,男,49,4.101051975112654e+17,城镇职工,商丘市,2023-01-18,在保,2026-07-02
P202301676,贾海涛,男,44,4.101041980101507e+17,城镇职工,许昌市,2023-07-22,在保,2026-07-02
P202302699,阎雨彤,女,61,4.10502196301037e+17,城乡居民,驻马店市,2021-07-02,停保,2026-07-02
P202303682,贾永强,男,42,4.1070219821228506e+17,城乡居民,安阳市,2022-08-04,在保,2026-07-02
P202300623,吕晓红,女,83,4.1010619410609274e+17,城乡居民,安阳市,2023-09-02,在保,2026-07-02
P202301655,胡丽,女,56,4.1010619681225434e+17,城镇职工,许昌市,2021-07-10,在保,2026-07-02
P202302370,傅嘉伟,男,72,4.101041952071491e+17,城镇职工,漯河市,2023-03-22,在保,2026-07-02
P202303726,邓斌,男,60,4.101061964031413e+17,城镇职工,安阳市,2022-10-16,在保,2026-07-02
P202302961,蒋辉,男,35,4.104021989030636e+17,城乡居民,信阳市,2022-10-21,在保,2026-07-02
P202302243,王慧,女,85,4.103021939060898e+17,城乡居民,安阳市,2022-02-20,在保,2026-07-02
P202301618,阎萍,女,36,4.1040219881007546e+17,城乡居民,安阳市,2024-05-15,在保,2026-07-02
P202302764,高美琳,女,38,4.104021986100979e+17,城镇职工,鹤壁市,2021-04-03,在保,2026-07-02
P202300756,黄桂英,女,95,4.1010419290829e+17,城镇职工,许昌市,2022-01-08,停保,2026-07-02
P202300519,吕文博,男,51,4.107021973041174e+17,城镇职工,商丘市,2023-01-08,在保,2026-07-02
P202304160,于凤英,女,51,4.101061973031712e+17,城乡居民,许昌市,2023-11-04,在保,2026-07-02
P202300033,彭艳,女,49,4.1010519751121875e+17,城乡居民,驻马店市,2022-09-27,在保,2026-07-02
P202303690,蒋莉,女,47,4.1030219770426355e+17,城乡居民,南阳市,2022-10-30,在保,2026-07-02
P202301158,高凤英,女,90,4.1020219340910886e+17,城乡居民,驻马店市,2021-07-01,在保,2026-07-02
P202300745,何杰,男,59,4.1020219650507085e+17,城乡居民,焦作市,2021-01-07,在保,2026-07-02
P202302037,魏永强,男,57,4.1010619670207584e+17,城镇职工,平顶山市,2024-01-07,在保,2026-07-02
P202302448,唐强,男,45,4.105021979070214e+17,城镇职工,焦作市,2022-10-06,停保,2026-07-02
P202301698,朱浩然,男,37,4.10105198709096e+17,城乡居民,漯河市,,在保,2026-07-02
P202302643,宋娟,女,34,4.103021990100433e+17,灵活就业,焦作市,2021-10-07,在保,2026-07-02
P202300784,董雨彤,女,60,4.10104196405242e+17,城镇职工,焦作市,2022-06-16,在保,2026-07-02
P202301836,苏莉,女,56,4.101031968020246e+17,城镇职工,信阳市,2023-09-27,在保,2026-07-02
P202302555,郭诗涵,女,34,4.101061990050163e+17,城镇职工,新乡市,2021-05-17,在保,2026-07-02
P202300230,苏永强,男,62,4.1040219620112966e+17,城镇职工,平顶山市,2022-12-10,在保,2026-07-02
P202300858,李杰,男,58,4.101031966012769e+17,城乡居民,南阳市,2023-09-03,在保,2026-07-02
P202302888,薛超,男,74,4.1020219500711616e+17,城乡居民,焦作市,2020-02-04,在保,2026-07-02
P202302407,谢嘉伟,男,26,4.101021998050425e+17,城乡居民,驻马店市,2020-12-19,在保,2026-07-02
P202300409,黄嘉伟,男,52,4.10105197208278e+17,灵活就业,许昌市,2021-11-23,在保,2026-07-02
P202300171,罗凤英,女,33,4.1030219910323456e+17,城乡居民,信阳市,2020-03-27,在保,2026-07-02
P202300541,胡桂英,女,65,4.101021959050636e+17,城镇职工,鹤壁市,2022-06-24,在保,2026-07-02
P202303382,周秀兰,女,71,4.1020219531109094e+17,城乡居民,驻马店市,2020-11-24,在保,2026-07-02
P202302349,王芳,女,62,4.10105196208062e+17,城乡居民,南阳市,2020-07-03,在保,2026-07-02
P202304564,曹美琳,女,53,4.1010619710203424e+17,城乡居民,开封市,2022-11-07,在保,2026-07-02
P202300614,冯玉兰,女,29,4.1010619950506035e+17,灵活就业,许昌市,2021-09-14,在保,2026-07-02
P202304271,梁婷,女,47,4.101051977061652e+17,城镇职工,平顶山市,2022-01-06,在保,2026-07-02
P202302858,邓辉,男,45,4.1040219790211405e+17,城乡居民,鹤壁市,2022-01-04,在保,2026-07-02
P202304670,叶芳,女,50,4.101051974031688e+17,城镇职工,驻马店市,2023-01-20,在保,2026-07-02
P202301162,曹芳,女,91,4.103021933080223e+17,灵活就业,南阳市,2021-01-12,在保,2026-07-02
P202302102,罗玲,女,33,4.10102199101264e+17,城乡居民,周口市,2022-10-26,停保,2026-07-02
P202302410,罗子轩,男,29,4.1010519950128294e+17,城乡居民,洛阳市,2021-03-21,在保,2026-07-02
P202302487,罗丽,女,43,4.1010419810613734e+17,城乡居民,许昌市,2022-10-29,在保,2026-07-02
P202301670,董丽,女,59,4.107021965092258e+17,城乡居民,信阳市,2022-05-20,在保,2026-07-02
P202304843,苏莉,女,62,4.101061962082008e+17,城乡居民,鹤壁市,2023-04-09,在保,2026-07-02
P202303318,马嘉伟,男,32,4.107021992050314e+17,城乡居民,漯河市,2020-11-11,在保,2026-07-02
P202300565,杨婷,女,71,4.105021953100639e+17,城乡居民,南阳市,2020-03-30,在保,2026-07-02
P202303802,陈霞,女,21,4.105022003060864e+17,城镇职工,安阳市,2020-08-10,在保,2026-07-02
P202304292,彭晨曦,男,42,4.107021982052438e+17,城乡居民,洛阳市,2023-09-13,在保,2026-07-02
P202301861,叶建国,男,47,4.107021977021402e+17,城镇职工,鹤壁市,2020-05-09,在保,2026-07-02
P202303782,唐静,女,44,4.10302198005222e+17,城镇职工,周口市,2021-02-16,停保,2026-07-02
P202301745,蒋婷,女,33,4.1010419910201856e+17,城镇职工,商丘市,2020-07-07,停保,2026-07-02
P202304819,蔡玉兰,女,61,4.102021963121296e+17,城乡居民,鹤壁市,2020-10-29,停保,2026-07-02
P202304979,萧文博,男,57,4.101021967120634e+17,灵活就业,商丘市,2023-10-31,在保,2026-07-02
P202303546,苏文彬,男,55,4.1010319690911e+17,城镇职工,安阳市,2020-09-19,在保,2026-07-02
P202301589,蒋浩,男,35,4.1020219891024384e+17,城乡居民,安阳市,2023-03-27,在保,2026-07-02
P202302438,马浩,男,64,4.101041960030132e+17,城乡居民,周口市,2022-08-21,在保,2026-07-02
P202302532,蔡文博,男,33,4.104021991110237e+17,城乡居民,商丘市,2020-07-10,在保,2026-07-02
P202302599,沈文彬,男,71,4.107021953012577e+17,城镇职工,新乡市,2021-04-08,在保,2026-07-02
P202301173,黄婷,女,51,4.101051973061938e+17,城镇职工,洛阳市,2023-08-07,在保,2026-07-02
P202304150,吕志强,男,54,4.101041970020796e+17,城镇职工,南阳市,2024-04-12,在保,2026-07-02
P202300326,赵佳慧,女,28,4.101031996010285e+17,城乡居民,开封市,2021-02-09,在保,2026-07-02
P202301052,梁永强,男,57,4.102021967010592e+17,灵活就业,漯河市,2020-10-29,在保,2026-07-02
P202303861,蒋艳,女,41,4.1010419831021376e+17,城乡居民,洛阳市,2024-01-06,退保,2026-07-02
P202303361,贾紫薇,女,29,4.101041995041169e+17,城镇职工,鹤壁市,2022-04-18,在保,2026-07-02
P202302945,冯美琳,女,55,4.1010519691005914e+17,城镇职工,郑州市,2023-06-13,停保,2026-07-02
P202304327,彭霞,女,39,4.101021985011683e+17,城乡居民,开封市,2024-02-17,退保,2026-07-02
P202304226,吴雪,女,59,4.105021965101611e+17,灵活就业,许昌市,2021-02-01,在保,2026-07-02
P202301197,胡诗涵,女,49,4.101021975112101e+17,城乡居民,开封市,2023-04-15,在保,2026-07-02
P202300621,韩永强,男,35,4.104021989050554e+17,城乡居民,郑州市,2021-08-14,停保,2026-07-02
P202302379,吕霞,女,42,4.107021982050603e+17,城镇职工,许昌市,2023-11-25,在保,2026-07-02
P202300066,梁语嫣,女,74,4.101031950051525e+17,城镇职工,周口市,2023-06-03,在保,2026-07-02
P202301190,吴强,男,32,4.1010519920717286e+17,城乡居民,漯河市,2023-06-14,在保,2026-07-02
P202300329,魏淑珍,女,61,4.1030219631114176e+17,城乡居民,新乡市,2021-01-18,在保,2026-07-02
P202300649,胡军,男,45,4.1010319791012883e+17,灵活就业,驻马店市,2021-03-25,在保,2026-07-02
P202300898,朱斌,男,52,4.107021972080473e+17,城镇职工,平顶山市,2023-03-11,在保,2026-07-02
P202303072,孙婷,女,80,4.10105194406152e+17,城乡居民,鹤壁市,2022-11-12,在保,2026-07-02
P202301124,刘紫薇,女,29,4.101041995072201e+17,城乡居民,平顶山市,2024-04-11,停保,2026-07-02
P202301962,梁霞,女,55,4.1030219690310106e+17,城镇职工,,2021-06-05,在保,2026-07-02
P202304691,胡欣怡,女,48,4.1030219760614554e+17,城乡居民,鹤壁市,2024-04-02,在保,2026-07-02
P202303979,叶慧,女,60,4.1020219640104915e+17,城乡居民,南阳市,2022-07-13,停保,2026-07-02
P202302005,郭杰,男,15,4.1010620090122976e+17,城镇职工,商丘市,2023-01-20,在保,2026-07-02
P202303254,蔡雨彤,女,69,4.102021955110889e+17,城乡居民,南阳市,2021-10-20,在保,2026-07-02
P202302498,罗霞,女,44,4.1050219801020486e+17,城镇职工,郑州市,2020-10-21,在保,2026-07-02
P202303379,叶佳慧,女,59,4.101051965030251e+17,灵活就业,周口市,2022-11-20,在保,2026-07-02
P202302305,董浩,男,85,4.101021939042608e+17,灵活就业,漯河市,2021-02-01,在保,2026-07-02
P202301601,赵霞,女,46,4.107021978090385e+17,城乡居民,安阳市,2020-10-10,在保,2026-07-02
P202303800,于丽,女,31,4.10202199308235e+17,灵活就业,鹤壁市,2020-01-13,在保,2026-07-02
P202301024,程俊杰,男,88,4.1010419360105376e+17,城乡居民,洛阳市,2021-05-16,在保,2026-07-02
P202302046,韩晨曦,男,70,4.101021954052834e+17,城镇职工,郑州市,2022-04-12,在保,2026-07-02
P202300229,林玲,女,37,4.105021987041431e+17,灵活就业,郑州市,2023-02-14,停保,2026-07-02
P202304644,阎桂英,女,75,4.101021949052653e+17,城乡居民,周口市,2021-08-22,在保,2026-07-02
P202302953,谢玉兰,女,58,4.1070219661123283e+17,城镇职工,洛阳市,2021-09-20,在保,2026-07-02
P202304988,董梦瑶,女,51,4.103021973051017e+17,城乡居民,南阳市,2023-07-08,停保,2026-07-02
P202300810,张欣怡,女,33,4.1050219910604614e+17,城镇职工,洛阳市,2020-09-04,在保,2026-07-02
P202303236,杨杰,男,53,4.1070219710902925e+17,城镇职工,安阳市,2022-05-01,在保,2026-07-02
P202300979,谢秀兰,女,21,4.105022003050445e+17,灵活就业,开封市,2020-10-13,在保,2026-07-02
P202303003,董娟,女,42,4.102021982021632e+17,灵活就业,漯河市,2021-06-03,在保,2026-07-02
P202302744,王天宇,男,60,4.1010619640520723e+17,城乡居民,驻马店市,2022-07-04,在保,2026-07-02
P202301747,高紫薇,女,67,4.1010519570908896e+17,城镇职工,鹤壁市,2022-11-21,在保,2026-07-02
P202304254,王佳慧,女,30,4.10102199411213e+17,灵活就业,焦作市,2023-09-17,在保,2026-07-02
P202301452,曹飞,男,80,4.1010219441108717e+17,灵活就业,安阳市,2022-07-08,退保,2026-07-02
P202303472,何飞,男,48,4.105021976121719e+17,城镇职工,信阳市,2020-11-21,在保,2026-07-02
P202304981,吴斌,男,28,4.1040219960721517e+17,城乡居民,平顶山市,2023-08-18,停保,2026-07-02
P202302823,曹玉兰,女,49,4.101041975021323e+17,城镇职工,南阳市,2020-09-03,在保,2026-07-02
P202303667,傅丽,女,63,4.1020219610324826e+17,城乡居民,周口市,2020-12-31,在保,2026-07-02
P202300175,梁梦瑶,女,54,4.101031970012419e+17,城镇职工,驻马店市,2022-03-03,停保,2026-07-02
P202301653,陈国强,男,53,4.101031971041026e+17,灵活就业,平顶山市,2023-09-30,停保,2026-07-02
P202303081,黄桂英,女,71,4.102021953061697e+17,城乡居民,漯河市,2022-03-14,在保,2026-07-02
P202301533,袁晓红,女,55,4.1010419690201165e+17,城镇职工,周口市,2021-01-17,在保,2026-07-02
P202304507,黄晨曦,男,62,4.102021962081131e+17,城乡居民,新乡市,2023-01-15,在保,2026-07-02
P202300218,邓浩,男,45,4.1020219790219117e+17,城乡居民,鹤壁市,2023-01-26,停保,2026-07-02
P202304823,彭浩,男,34,4.101021990112807e+17,城乡居民,周口市,2023-02-25,在保,2026-07-02
P202303794,曹佳慧,女,45,4.1030219791120045e+17,城乡居民,郑州市,2021-02-18,停保,2026-07-02
P202301445,程桂英,女,57,4.101061967050482e+17,城乡居民,开封市,2020-11-07,在保,2026-07-02
P202300691,谢建国,男,43,4.101021981050659e+17,城乡居民,开封市,2021-10-16,在保,2026-07-02
P202302629,周嘉伟,男,42,4.1010319820110106e+17,城乡居民,安阳市,2023-12-29,停保,2026-07-02
P202302277,徐玲,女,62,4.1010319621018886e+17,城乡居民,周口市,2020-10-07,在保,2026-07-02
P202302458,何欣怡,女,54,4.101051970022283e+17,城乡居民,许昌市,2022-08-15,在保,2026-07-02
P202301107,孙辉,男,61,4.1010419631125875e+17,灵活就业,周口市,2021-12-22,退保,2026-07-02
P202302158,袁娜,女,44,4.1070219800212435e+17,城镇职工,新乡市,2021-08-22,在保,2026-07-02
P202302112,刘浩,男,47,4.103021977032747e+17,城镇职工,漯河市,2021-05-14,停保,2026-07-02
P202301584,谢娜,女,51,4.1070219730215776e+17,城乡居民,南阳市,2024-04-12,在保,2026-07-02
P202300612,邓秀英,女,48,4.107021976020848e+17,城乡居民,商丘市,2023-07-21,在保,2026-07-02
P202303308,郑慧,女,56,4.102021968101938e+17,城镇职工,郑州市,2021-12-02,在保,2026-07-02
P202303785,刘波,男,58,4.103021966082115e+17,城乡居民,安阳市,2020-07-06,在保,2026-07-02
P202300577,曹佳慧,女,54,4.1070219700423296e+17,城镇职工,郑州市,2020-08-30,在保,2026-07-02
P202302105,吕勇,男,28,4.1030219960306074e+17,城乡居民,开封市,2020-02-05,在保,2026-07-02
P202304481,高浩,男,28,4.103021996031452e+17,城乡居民,漯河市,2023-06-18,停保,2026-07-02
P202301181,高莉,女,53,4.1010419710908794e+17,城乡居民,商丘市,2023-04-12,在保,2026-07-02
P202300889,何军,男,60,4.1010419640622765e+17,城乡居民,信阳市,2022-08-02,在保,2026-07-02
P202303193,唐强,男,91,4.10402193305186e+17,城镇职工,新乡市,2020-02-10,在保,2026-07-02
P202302433,周艳,女,49,4.101051975101531e+17,城镇职工,鹤壁市,2020-02-12,在保,2026-07-02
P202303075,胡雨彤,女,36,4.101041988010824e+17,城乡居民,郑州市,,停保,2026-07-02
P202300818,林俊杰,男,66,4.107021958080383e+17,城乡居民,周口市,2021-10-18,在保,2026-07-02
P202304678,贾永强,男,69,4.1020219550408986e+17,灵活就业,焦作市,2020-02-25,在保,2026-07-02
P202303319,王秀英,女,70,4.107021954022612e+17,城乡,平顶山市,2021-09-11,在保,2026-07-02
P202300209,孙斌,男,59,4.1010419650127405e+17,灵活就业,开封市,2024-03-13,退保,2026-07-02
P202300294,谢永强,男,65,4.101041959011364e+17,灵活就业,许昌市,,在保,2026-07-02
P202301120,孙莉,女,68,4.10202195610057e+17,城镇职工,安阳市,2020-10-04,在保,2026-07-02
P202304730,邓建国,男,50,4.10106197402177e+17,灵活就业,郑州市,2024-03-18,停保,2026-07-02
P202304395,朱紫薇,女,65,4.101031959021981e+17,灵活就业,许昌市,2022-06-01,在保,2026-07-02
P202301265,陈梦瑶,女,53,4.1040219710402214e+17,城镇职工,南阳市,2020-07-09,在保,2026-07-02
P202300991,谢桂英,女,53,4.10103197111017e+17,城镇职工,平顶山市,2020-09-23,在保,2026-07-02
P202302318,王杰,男,38,4.101031986010583e+17,城镇职工,漯河市,2023-08-28,在保,2026-07-02
P202304241,卢语嫣,女,16,4.101032008040482e+17,城镇职工,驻马店市,2021-06-02,退保,2026-07-02
P202303432,薛晓红,女,74,4.1010319501010624e+17,城乡居民,平顶山市,2023-03-30,在保,2026-07-02
P202300354,韩俊杰,男,47,4.105021977112896e+17,城乡居民,周口市,2021-04-27,在保,2026-07-02
P202301922,谢桂英,女,63,4.101031961081647e+17,城乡居民,许昌市,2020-07-03,在保,2026-07-02
P202301539,沈杰,男,28,4.103021996111296e+17,城镇职工,鹤壁市,2021-06-21,在保,2026-07-02
P202303459,曹静,女,50,4.101041974060528e+17,城镇职工,新乡市,2021-11-27,在保,2026-07-02
P202301490,郑桂英,女,72,4.102021952021641e+17,城镇职工,郑州市,2022-12-10,在保,2026-07-02
P202303834,李静,女,24,4.101022000052621e+17,城镇职工,郑州市,2023-06-23,在保,2026-07-02
P202303723,赵浩然,男,20,4.1010220040825146e+17,灵活就业,漯河市,2021-07-21,在保,2026-07-02
P202301229,沈敏,女,67,4.1050219571021786e+17,城镇职工,焦作市,2023-03-24,在保,2026-07-02
P202300260,卢萍,女,63,4.1020219611023206e+17,城镇职工,焦作市,2020-12-29,退保,2026-07-02
P202303538,马晨曦,男,35,4.101041989080653e+17,城镇职工,周口市,2020-01-21,在保,2026-07-02
P202304731,马鹏,男,28,4.10104199609178e+17,灵活就业,南阳市,2020-05-14,在保,2026-07-02
P202304789,赵涛,男,12,4.107022012042782e+17,城乡居民,商丘市,2020-12-21,退保,2026-07-02
P202301834,何诗涵,女,55,4.1030219690727155e+17,城镇职工,焦作市,2023-04-13,在保,2026-07-02
P202302592,程雪,女,41,4.1010219830905395e+17,灵活就业,周口市,2021-03-01,在保,2026-07-02
P202300053,林霞,女,37,4.105021987020515e+17,城镇职工,南阳市,2023-11-22,在保,2026-07-02
P202302618,朱玉兰,女,51,4.1050219730505875e+17,城镇职工,信阳市,2023-07-30,在保,2026-07-02
P202304509,董杰,男,61,4.1010519630301376e+17,城镇职工,驻马店市,2022-01-08,在保,2026-07-02
P202302237,周凤英,女,50,4.1020219741107424e+17,城镇职工,开封市,2021-03-31,在保,2026-07-02
P202303430,梁欣怡,女,69,4.101021955031935e+17,城镇职工,新乡市,2022-11-28,在保,2026-07-02
P202303117,袁国强,男,46,4.10103197802276e+17,城乡居民,开封市,2024-02-11,在保,2026-07-02
P202302389,罗诗涵,女,66,,城乡居民,开封市,2022-11-23,在保,2026-07-02
P202301480,彭美琳,女,42,4.10106198202154e+17,灵活就业,平顶山市,2024-04-25,在保,2026-07-02
P202301508,丁玲,女,67,4.101051957050169e+17,城乡居民,鹤壁市,2021-01-20,在保,2026-07-02
P202301034,魏玉兰,女,61,4.101031963061492e+17,灵活就业,洛阳市,2022-10-25,在保,2026-07-02
P202301098,吕婷,女,14,4.1030220100403283e+17,城镇职工,开封市,2023-11-06,在保,2026-07-02
P202301470,冯芳,女,58,4.1020219660728646e+17,灵活就业,南阳市,2022-01-18,在保,2026-07-02
P202300544,朱建华,男,75,4.101061949091664e+17,城乡居民,许昌市,2023-12-02,在保,2026-07-02
P202301047,苏涛,男,61,4.101021963102539e+17,城镇职工,漯河市,2022-01-10,在保,2026-07-02
P202304040,苏文彬,男,37,4.1040219871201184e+17,灵活就业,平顶山市,2022-02-21,在保,2026-07-02
P202301631,林玲,女,58,4.103021966050288e+17,城乡居民,郑州市,2021-09-06,在保,2026-07-02
P202300031,陈美琳,女,39,4.101061985031585e+17,城镇职工,许昌市,2021-09-11,在保,2026-07-02
P202300726,袁佳慧,女,46,4.1050219780607424e+17,城镇职工,安阳市,2023-07-03,在保,2026-07-02
P202300927,郑文博,男,39,4.101031985011589e+17,城镇职工,许昌市,2020-10-11,在保,2026-07-02
P202302139,何静,女,27,4.101021997071628e+17,城乡居民,南阳市,2023-02-18,停保,2026-07-02
P202303981,蒋秀英,女,74,4.101021950111625e+17,城乡居民,许昌市,2022-05-17,在保,2026-07-02
P202301427,阎涛,男,87,4.101021937100197e+17,城乡居民,焦作市,2021-05-28,停保,2026-07-02
P202303750,周军,男,23,4.101062001011516e+17,城镇职工,安阳市,2021-12-26,在保,2026-07-02
P202300437,傅文博,男,79,4.101031945010159e+17,城乡居民,南阳市,2023-01-05,在保,2026-07-02
P202302518,吴晨曦,男,10,4.1040220141127584e+17,城镇职工,郑州市,2023-12-21,在保,2026-07-02
P202300913,韩慧,女,54,4.1070219700214906e+17,城镇职工,漯河市,2020-09-11,在保,2026-07-02
P202304266,张斌,男,58,4.1050219660428435e+17,城乡居民,漯河市,2020-09-10,在保,2026-07-02
P202304328,朱淑珍,女,66,4.1070219580908486e+17,城镇职工,焦作市,2023-07-31,在保,2026-07-02
P202304558,王嘉伟,男,56,4.101041968120535e+17,城乡居民,周口市,2022-11-03,停保,2026-07-02
P202304861,吴明,男,41,4.1010619830816154e+17,城镇职工,许昌市,2023-04-25,在保,2026-07-02
P202302332,贾欣怡,女,48,4.1010419760303514e+17,城镇职工,新乡市,2023-12-21,在保,2026-07-02
P202304747,赵美琳,女,52,4.1010219720907776e+17,灵活就业,开封市,2021-08-06,在保,2026-07-02
P202301239,彭梦瑶,女,60,4.1010419640824896e+17,城乡居民,平顶山市,2020-07-31,在保,2026-07-02
P202300904,叶芳,女,73,4.102021951060821e+17,城镇职工,郑州市,2023-09-23,退保,2026-07-02
P202301838,沈芳,女,51,4.1010319730626176e+17,城镇职工,安阳市,2023-06-04,在保,2026-07-02
P202303209,贾波,男,66,4.10106195804116e+17,城镇职工,新乡市,2023-06-05,在保,2026-07-02
P202304255,彭波,男,54,4.107021970122576e+17,城镇职工,商丘市,2020-06-16,在保,2026-07-02
P202300508,刘辉,男,34,4.1010319900916186e+17,城乡居民,漯河市,2021-05-27,在保,2026-07-02
P202304351,于霞,女,13,4.101032011100368e+17,城镇职工,安阳市,2020-09-22,在保,2026-07-02
P202300184,曾国强,男,58,4.1070219661220346e+17,城镇职工,郑州市,2020-02-28,在保,2026-07-02
P202304152,周文博,男,70,4.101061954080276e+17,城乡居民,洛阳市,2020-01-05,在保,2026-07-02
P202301498,朱丽,女,71,4.1030219530224954e+17,城镇职工,新乡市,2024-04-04,在保,2026-07-02
P202303306,胡桂英,女,69,4.101021955032167e+17,城镇职工,信阳市,2020-12-05,在保,2026-07-02
P202300322,吴军,男,60,,城镇职工,焦作市,2024-04-26,在保,2026-07-02
P202301841,赵静,女,47,4.101061977011649e+17,城镇职工,安阳市,2021-05-23,在保,2026-07-02
P202302716,周波,男,12,,城镇职工,鹤壁市,2022-08-17,停保,2026-07-02
P202304664,周紫薇,女,41,4.101051983031488e+17,城镇职工,信阳市,2022-05-03,在保,2026-07-02
P202303709,沈玲,女,57,4.1040219670322694e+17,城镇职工,商丘市,2021-04-20,在保,2026-07-02
P202301845,刘诗涵,女,52,4.1010219721126675e+17,城职,洛阳市,2023-01-22,停保,2026-07-02
P202301910,卢娟,女,52,4.101031972101777e+17,城乡居民,平顶山市,2022-09-15,在保,2026-07-02
P202304557,赵志强,男,31,4.101061993070567e+17,灵活就业,许昌市,2021-09-02,停保,2026-07-02
P202301552,陈涛,男,46,4.1010619780815955e+17,城乡居民,周口市,2021-07-21,在保,2026-07-02
P202304483,董波,男,34,4.101031990082101e+17,城乡居民,南阳市,2022-12-31,在保,2026-07-02
P202301147,陈语嫣,女,30,4.101061994021859e+17,灵活就业,鹤壁市,2022-11-26,停保,2026-07-02
P202302111,傅天宇,男,40,4.102021984092317e+17,城镇职工,鹤壁市,2023-06-15,在保,2026-07-02
P202300045,唐雪,女,23,4.101062001050744e+17,城乡居民,周口市,2023-09-02,在保,2026-07-02
P202303939,陈雨彤,女,43,4.1070219810606534e+17,灵活就业,许昌市,2023-05-11,在保,2026-07-02
P202302493,刘俊杰,男,41,4.1070219830314086e+17,城乡居民,南阳市,2020-09-28,在保,2026-07-02
P202301892,蔡萍,女,50,4.101031974081592e+17,城乡居民,平顶山市,2021-02-26,在保,2026-07-02
P202301379,唐雨彤,女,39,4.102021985112645e+17,城乡居民,周口市,2022-12-06,在保,2026-07-02
P202302440,苏晨曦,男,21,4.10402200302104e+17,城镇职工,鹤壁市,2023-06-18,在保,2026-07-02
P202304994,杨静,女,60,4.104021964012287e+17,城镇职工,商丘市,2021-02-27,在保,2026-07-02
P202300414,冯文彬,男,72,4.105021952052772e+17,城乡居民,鹤壁市,2021-10-04,在保,2026-07-02
P202304812,李玉兰,女,15,4.1050220090322266e+17,城乡居民,平顶山市,2021-12-09,在保,2026-07-02
P202301408,罗嘉伟,男,77,4.1020219471106605e+17,城镇职工,开封市,2020-07-23,在保,2026-07-02
P202301721,吴飞,男,59,4.101061965012551e+17,城乡居民,周口市,2023-06-21,在保,2026-07-02
P202300802,李晨曦,男,40,4.107021984050885e+17,城乡居民,许昌市,2022-05-15,退保,2026-07-02
P202301289,苏敏,女,30,4.102021994091855e+17,城乡居民,新乡市,2022-04-07,在保,2026-07-02
P202301559,吕丽,女,76,4.1010519480504006e+17,灵活就业,商丘市,2021-09-23,在保,2026-07-02
P202302225,林佳慧,女,38,4.103021986080861e+17,城镇职工,周口市,2020-01-10,在保,2026-07-02
P202302488,袁浩然,男,49,4.101041975030746e+17,城乡居民,商丘市,2023-01-23,在保,2026-07-02
P202301667,蔡秀兰,女,32,4.1010319920316384e+17,城镇职工,开封市,2022-02-06,在保,2026-07-02
P202304319,刘雪,女,52,4.10502197202254e+17,城镇职工,漯河市,2023-10-11,停保,2026-07-02
P202300257,沈建国,男,72,4.1030219520305274e+17,城镇职工,安阳市,2022-10-06,在保,2026-07-02
P202301860,郭建华,男,54,4.1050219700420045e+17,城镇职工,开封市,2021-06-13,在保,2026-07-02
P202301752,许凤英,女,62,4.1010619620719155e+17,灵活就业,驻马店市,2023-08-26,在保,2026-07-02
P202301152,于慧,女,11,4.101052013010203e+17,城镇职工,驻马店市,2023-05-30,停保,2026-07-02
P202302940,叶子轩,男,42,4.104021982112116e+17,城镇职工,漯河市,2021-07-29,在保,2026-07-02
P202300648,丁志强,男,49,4.10103197511278e+17,城乡居民,焦作市,2022-05-07,在保,2026-07-02
P202304598,梁艳,女,73,4.1020219510322266e+17,城镇职工,驻马店市,2022-10-04,在保,2026-07-02
P202303665,于波,男,71,4.101021953031735e+17,城镇职工,平顶山市,2020-05-17,在保,2026-07-02
P202301766,唐诗涵,女,34,4.1010519900919955e+17,灵活就业,焦作市,2022-04-09,在保,2026-07-02
P202303527,于娜,女,46,4.105021978022289e+17,城乡居民,焦作市,2020-08-23,在保,2026-07-02
P202302510,谢萍,女,26,4.101031998111007e+17,城镇职工,漯河市,2022-05-21,在保,2026-07-02
P202303842,高浩,男,37,4.107021987020545e+17,灵活就业,周口市,2021-05-11,在保,2026-07-02
P202301316,曾宇航,男,26,4.104021998010977e+17,城乡居民,周口市,2021-07-08,在保,2026-07-02
P202301089,贾凤英,女,45,4.10103197906201e+17,城乡居民,新乡市,2020-04-07,在保,2026-07-02
P202304790,董诗涵,女,46,4.104021978122531e+17,城乡居民,鹤壁市,2021-05-16,在保,2026-07-02
P202302513,魏雪,女,59,4.107021965050647e+17,城镇职工,鹤壁市,2022-09-11,在保,2026-07-02
P202302993,马建华,男,51,4.105021973071805e+17,城乡居民,洛阳市,2022-10-23,在保,2026-07-02
P202301351,吕桂英,女,28,4.1010219960601914e+17,城镇职工,郑州市,2024-02-14,停保,2026-07-02
P202302548,傅艳,女,39,4.1040219850501754e+17,城乡居民,周口市,2024-01-12,停保,2026-07-02
P202300113,罗志强,男,51,4.1010519730905395e+17,城镇职工,焦作市,2023-10-05,停保,2026-07-02
P202303198,萧秀兰,女,16,4.104022008051178e+17,灵活就业,洛阳市,2022-03-07,在保,2026-07-02
P202300264,丁斌,男,31,4.101031993082049e+17,城乡居民,南阳市,2022-12-30,在保,2026-07-02
P202301394,袁天宇,男,52,4.102021972022685e+17,城乡居民,新乡市,2024-01-14,在保,2026-07-02
P202302624,孙杰,男,75,4.1010619490118285e+17,城乡居民,焦作市,2020-11-14,在保,2026-07-02
P202301187,贾静,女,32,4.1070219920903155e+17,城乡居民,周口市,2023-04-29,在保,2026-07-02
P202304120,曹俊杰,男,31,4.107021993050956e+17,城镇职工,安阳市,2024-03-15,在保,2026-07-02
P202300057,吕建华,男,34,4.103021990101968e+17,城镇职工,洛阳市,2023-08-09,在保,2026-07-02
P202301310,宋建国,男,58,4.105021966092876e+17,城镇职工,鹤壁市,2020-06-11,退保,2026-07-02
P202300696,冯浩,男,44,4.101031980030149e+17,灵活就业,安阳市,2023-11-16,在保,2026-07-02
P202304247,马娜,女,52,4.107021972021923e+17,城镇职工,安阳市,2021-01-13,在保,2026-07-02
P202303961,丁文彬,男,36,4.101031988070225e+17,城镇职工,鹤壁市,2024-02-20,在保,2026-07-02
P202301790,,女,74,4.104021950071772e+17,城乡居民,商丘市,2022-07-22,在保,2026-07-02
P202302347,冯伟,男,41,4.101041983081667e+17,灵活就业,焦作市,2022-03-30,在保,2026-07-02
P202304320,马强,男,43,4.101051981080705e+17,城镇职工,商丘市,2022-07-17,在保,2026-07-02
P202300320,陈莉,女,47,4.103021977110524e+17,城乡,安阳市,2021-10-07,停保,2026-07-02
P202302331,邓文博,男,44,4.1070219800821146e+17,城镇职工,信阳市,2023-05-24,退保,2026-07-02
P202301590,苏思琪,女,51,4.1010419731122854e+17,城镇职工,驻马店市,2023-10-29,在保,2026-07-02
P202300683,彭萍,女,40,4.101021984111241e+17,城乡居民,许昌市,2022-05-25,在保,2026-07-02
P202303738,卢莉,女,47,4.1010219770628134e+17,城镇职工,洛阳市,2023-10-14,在保,2026-07-02
P202303280,卢天宇,男,59,4.1040219650218426e+17,城乡居民,安阳市,2021-09-02,在保,2026-07-02
P202300480,吴紫薇,女,70,4.10103195411225e+17,城镇职工,郑州市,2024-04-14,停保,2026-07-02
P202303977,何紫薇,女,59,4.101051965100103e+17,城镇职工,洛阳市,2022-01-28,在保,2026-07-02
P202304194,郑玲,女,6,4.10702201810167e+17,城乡居民,周口市,2020-06-24,在保,2026-07-02
P202300287,郭文博,男,47,4.101041977040573e+17,城乡居民,鹤壁市,2021-05-21,在保,2026-07-02
P202301966,杨波,男,51,4.101051973032095e+17,城镇职工,安阳市,2023-10-21,在保,2026-07-02
P202303115,黄嘉伟,男,57,4.101041967072239e+17,城乡居民,平顶山市,2020-09-06,停保,2026-07-02
P202302460,丁淑珍,女,58,4.103021966061391e+17,城乡居民,驻马店市,2021-04-26,在保,2026-07-02
P202301783,陈明,男,22,4.1010320020628326e+17,城镇职工,新乡市,2020-01-12,在保,2026-07-02
P202303297,卢娜,女,80,4.101031944071699e+17,城镇职工,驻马店市,2020-05-21,在保,2026-07-02
P202303839,彭辉,男,32,4.1010219920303354e+17,城镇职工,漯河市,2023-08-07,在保,2026-07-02
P202301599,蔡思琪,女,50,4.102021974111909e+17,灵活就业,开封市,2021-09-26,在保,2026-07-02
P202304916,傅桂英,女,53,,灵活就业,平顶山市,2022-02-26,在保,2026-07-02
P202302125,陈紫薇,女,50,4.1070219740716026e+17,城镇职工,郑州市,2023-02-07,在保,2026-07-02
P202300737,程思琪,女,54,4.1010619700312486e+17,城镇职工,鹤壁市,2021-09-23,在保,2026-07-02
P202303210,萧宇航,男,58,4.107021966071252e+17,城乡居民,信阳市,2022-11-05,在保,2026-07-02
P202300337,曹强,男,35,4.101051989100802e+17,城镇职工,信阳市,2020-01-02,在保,2026-07-02
P202302705,傅文博,男,54,4.101041970082649e+17,城乡居民,信阳市,2024-03-09,退保,2026-07-02
P202302827,程文博,男,72,4.101051952102116e+17,城镇职工,漯河市,2021-10-21,在保,2026-07-02
P202304921,卢敏,女,79,4.1050219450219405e+17,灵活就业,新乡市,2022-12-31,在保,2026-07-02
P202304449,彭美琳,女,58,4.103021966061936e+17,城镇职工,洛阳市,2023-08-31,在保,2026-07-02
P202301072,李秀兰,女,58,4.101031966042243e+17,城镇职工,漯河市,2021-10-04,在保,2026-07-02
P202304537,刘丽,女,53,4.10103197111177e+17,城镇职工,南阳市,2023-12-11,在保,2026-07-02
P202304851,阎超,男,2,4.10106202205239e+17,城乡居民,郑州市,2022-03-25,退保,2026-07-02
P202302866,邓海涛,男,44,4.101051980121488e+17,城镇职工,鹤壁市,2020-04-16,在保,2026-07-02
P202302367,贾浩,男,40,4.10502198407013e+17,城乡居民,焦作市,2022-04-23,在保,2026-07-02
P202304156,宋文博,男,46,4.1050219780118125e+17,城乡居民,郑州市,2021-01-29,在保,2026-07-02
P202304003,袁浩然,男,50,4.104021974100183e+17,城镇职工,商丘市,2022-03-12,在保,2026-07-02
P202303435,卢鹏,男,90,4.101041934102821e+17,城乡居民,平顶山市,2023-02-17,停保,2026-07-02
P202301489,曹磊,男,22,4.101042002030454e+17,灵活就业,许昌市,2021-04-26,在保,2026-07-02
P202300499,苏欣怡,女,34,4.107021990071766e+17,城乡居民,安阳市,2021-12-12,在保,2026-07-02
P202304389,沈霞,女,52,4.1010619720611315e+17,城镇职工,信阳市,2022-09-26,停保,2026-07-02
P202303241,吴雪,女,50,4.1030219740902816e+17,城镇职工,开封市,2022-11-15,在保,2026-07-02
P202302928,王佳慧,女,53,4.1050219710913837e+17,城乡居民,许昌市,2024-04-26,在保,2026-07-02
P202302385,卢婷,女,50,4.1010219740213664e+17,城乡居民,漯河市,2024-04-30,在保,2026-07-02
P202302981,于莉,女,54,,城镇职工,平顶山市,2020-12-06,在保,2026-07-02
P202304957,周静,女,46,4.107021978030629e+17,城镇职工,郑州市,2020-10-31,在保,2026-07-02
P202302381,阎莉,女,32,4.103021992080139e+17,城乡居民,开封市,2020-05-10,在保,2026-07-02
P202301611,张紫薇,女,44,4.102021980121182e+17,城镇职工,焦作市,2021-11-21,在保,2026-07-02
P202303090,郑海涛,男,52,4.107021972071141e+17,城职,驻马店市,2024-04-02,在保,2026-07-02
P202303830,魏勇,男,58,4.1020219660422554e+17,城镇职工,安阳市,2020-01-30,在保,2026-07-02
P202304620,韩浩,男,48,4.1010319760227334e+17,灵活就业,信阳市,2024-04-15,在保,2026-07-02
P202301023,刘子轩,男,49,4.1010419750724026e+17,城镇职工,焦作市,2020-04-20,在保,2026-07-02
P202304587,胡淑珍,女,68,4.101031956091037e+17,城乡居民,安阳市,2020-08-08,停保,2026-07-02
P202304937,贾娜,女,50,4.101031974080965e+17,城镇职工,开封市,2022-12-10,在保,2026-07-02
P202304360,薛美琳,女,62,4.101031962110197e+17,城乡居民,驻马店市,2023-05-10,在保,2026-07-02
P202303127,李娟,女,15,4.104022009060896e+17,城镇职工,许昌市,2023-08-15,在保,2026-07-02
P202303231,黄波,男,42,4.1010319820921197e+17,城镇职工,平顶山市,2023-11-06,在保,2026-07-02
P202300666,萧萍,女,51,4.1020219730321574e+17,城镇职工,驻马店市,2023-12-23,在保,2026-07-02
P202304010,徐佳慧,女,61,4.1050219630417517e+17,城乡居民,漯河市,2020-01-09,停保,2026-07-02
P202304946,傅佳慧,女,68,4.101051956041137e+17,灵活就业,南阳市,2021-05-06,在保,2026-07-02
P202304213,何娟,女,64,4.1010219601011066e+17,城乡居民,鹤壁市,2021-11-20,在保,2026-07-02
P202304310,许诗涵,女,41,4.101051983070555e+17,城镇职工,鹤壁市,2020-09-01,停保,2026-07-02
P202302292,丁涛,男,67,4.101051957121899e+17,灵活就业,信阳市,2022-05-05,在保,2026-07-02
P202301018,魏霞,女,41,4.1020219830306784e+17,城镇职工,焦作市,2021-10-15,在保,2026-07-02
P202300558,高欣怡,女,42,4.101051982040318e+17,城乡居民,鹤壁市,2023-06-17,在保,2026-07-02
P202304295,孙诗涵,女,71,4.103021953012382e+17,城乡居民,安阳市,2023-09-13,在保,2026-07-02
P202301208,邓涛,男,38,4.1010519860327546e+17,城镇职工,鹤壁市,2024-01-10,在保,2026-07-02
P202304321,叶艳,女,49,4.101051975100162e+17,城乡居民,郑州市,2020-04-16,在保,2026-07-02
P202302893,徐霞,,63,4.101061961030119e+17,城乡居民,周口市,2021-06-21,在保,2026-07-02
P202302846,杨莉,女,30,4.101031994112755e+17,城镇职工,周口市,2023-10-18,在保,2026-07-02
P202301511,魏雪,女,29,4.1020219951221357e+17,城乡居民,开封市,2023-04-03,在保,2026-07-02
P202302087,徐伟,男,40,4.1010619840305114e+17,城镇职工,开封市,2022-02-10,在保,2026-07-02
P202300246,卢文博,男,43,4.101021981021339e+17,城乡居民,驻马店市,2022-09-01,在保,2026-07-02
P202301164,叶伟,男,20,4.1070220040728435e+17,城镇职工,平顶山市,2020-08-11,在保,2026-07-02
P202303728,高明,男,69,4.104021955012329e+17,城镇职工,新乡市,2024-03-25,在保,2026-07-02
P202300267,赵芳,女,79,4.101051945092453e+17,城镇职工,周口市,2023-11-09,在保,2026-07-02
P202304162,曾美琳,女,58,4.1020219661003866e+17,城乡居民,南阳市,2020-01-10,停保,2026-07-02
P202301115,马敏,女,52,4.104021972110548e+17,灵活就业,驻马店市,2021-08-16,在保,2026-07-02
P202300064,陈婷,女,28,4.10102199607275e+17,城乡居民,南阳市,2022-01-11,在保,2026-07-02
P202301913,陈桂英,女,61,4.1010219630714995e+17,城镇职工,南阳市,2021-07-04,在保,2026-07-02
P202302644,韩杰,男,38,,城乡居民,开封市,2022-01-25,在保,2026-07-02
P202302230,蔡娟,女,68,4.101031956022486e+17,城镇职工,信阳市,2020-06-17,停保,2026-07-02
P202302813,郭磊,男,81,4.101061943011376e+17,城镇职工,周口市,2020-07-11,在保,2026-07-02
P202303828,魏佳慧,女,58,4.101061966120943e+17,城镇职工,开封市,2020-03-14,在保,2026-07-02
P202303140,薛宇航,男,45,4.102021979091388e+17,城乡居民,商丘市,2021-05-13,在保,2026-07-02
P202303616,王飞,男,63,4.10202196112102e+17,城乡居民,许昌市,2020-04-18,在保,2026-07-02
P202304142,邓强,男,79,4.104021945040612e+17,灵活就业,南阳市,2024-05-07,在保,2026-07-02
P202302303,于国强,男,43,4.107021981030603e+17,城镇职工,许昌市,2022-04-26,退保,2026-07-02
P202302814,徐静,女,44,4.101061980080453e+17,城乡居民,郑州市,2020-06-28,在保,2026-07-02
P202301724,卢浩,男,61,4.101051963051896e+17,城镇职工,驻马店市,2023-05-27,在保,2026-07-02
P202304700,蒋永强,男,41,4.101061983120346e+17,城镇职工,开封市,2021-01-17,在保,2026-07-02
P202301238,唐娜,女,40,4.1010619840521056e+17,灵活就业,鹤壁市,2020-03-03,停保,2026-07-02
P202300104,林波,男,35,4.10702198905233e+17,城乡居民,鹤壁市,2023-09-10,在保,2026-07-02
P202302856,于凤英,女,40,4.1070219841009466e+17,城乡居民,南阳市,2023-12-06,在保,2026-07-02
P202300273,董国强,男,70,4.101021954120721e+17,城镇职工,平顶山市,2023-12-12,在保,2026-07-02
P202300509,黄浩然,男,50,4.1030219740808755e+17,城乡居民,新乡市,2022-08-01,在保,2026-07-02
P202302270,傅语嫣,女,48,4.101021976032629e+17,城镇职工,郑州市,2023-10-11,在保,2026-07-02
P202304984,周斌,男,47,4.1010619770410886e+17,城乡居民,许昌市,2023-09-25,停保,2026-07-02
P202302169,邓波,男,45,4.1010319790206746e+17,灵活就业,商丘市,2020-03-01,在保,2026-07-02
P202300866,何雪,女,43,4.101031981051553e+17,城镇职工,新乡市,2023-04-10,在保,2026-07-02
P202302479,苏语嫣,女,25,4.1030219990514746e+17,城乡居民,安阳市,2023-03-20,在保,2026-07-02
P202300909,程浩,男,61,4.107021963121478e+17,城镇职工,鹤壁市,2022-09-14,在保,2026-07-02
P202302481,薛莉,女,39,4.101061985102608e+17,城乡居民,周口市,2023-12-17,在保,2026-07-02
P202302917,马建华,男,46,4.101041978050143e+17,城镇职工,鹤壁市,2021-09-07,停保,2026-07-02
P202303974,袁萍,女,51,4.104021973020638e+17,城镇职工,开封市,2023-01-04,在保,2026-07-02
P202301628,卢玉兰,女,73,4.1010219510115194e+17,城镇职工,周口市,2021-12-28,在保,2026-07-02
P202302933,程辉,男,33,4.107021991062759e+17,城乡居民,焦作市,2020-10-27,在保,2026-07-02
P202301523,贾莉,女,45,4.1020219791116026e+17,城乡居民,郑州市,2022-09-25,在保,2026-07-02
P202300836,黄语嫣,女,54,4.1050219700806566e+17,城镇职工,商丘市,2024-02-22,在保,2026-07-02
P202300359,吴国强,男,55,4.1010319690219795e+17,城乡居民,平顶山市,2021-08-08,停保,2026-07-02
P202300139,于文博,男,64,4.1030219601013536e+17,城镇职工,南阳市,2021-09-27,在保,2026-07-02
P202300300,林辉,男,61,4.1010519630920614e+17,城乡,安阳市,2024-05-14,停保,2026-07-02
P202301557,吴伟,男,66,4.102021958040682e+17,城乡居民,新乡市,2023-01-14,在保,2026-07-02
P202301004,魏子轩,男,38,4.101061986112162e+17,城乡居民,新乡市,2022-06-24,在保,2026-07-02
P202300383,王娜,女,11,4.1020220130111776e+17,城乡居民,新乡市,2020-02-06,在保,2026-07-02
P202300942,宋勇,男,65,4.101051959122623e+17,城乡居民,漯河市,2024-05-08,在保,2026-07-02
P202304669,韩芳,女,34,4.101041990110711e+17,城镇职工,洛阳市,2022-09-29,在保,2026-07-02
P202303822,阎俊杰,男,54,4.103021970030988e+17,灵活就业,漯河市,2023-05-19,在保,2026-07-02
P202300762,冯嘉伟,男,52,4.104021972110491e+17,城镇职工,郑州市,2021-08-05,在保,2026-07-02
P202302751,贾宇航,男,81,4.1010319431125286e+17,城镇职工,南阳市,2023-09-20,退保,2026-07-02
P202301944,丁娜,女,43,4.104021981101136e+17,城镇职工,焦作市,2022-03-24,在保,2026-07-02
P202303959,朱辉,男,70,4.101031954021761e+17,灵活就业,驻马店市,2022-10-12,在保,2026-07-02
P202302128,邓梦瑶,女,70,4.103021954121955e+17,城镇职工,洛阳市,,在保,2026-07-02
P202302241,杨勇,男,51,4.1050219730315085e+17,城乡居民,洛阳市,2024-01-21,停保,2026-07-02
P202300899,彭飞,男,71,4.103021953112571e+17,灵活就业,焦作市,2020-12-25,在保,2026-07-02
P202304079,梁慧,女,43,4.1010519810303443e+17,灵活就业,郑州市,2020-12-29,停保,2026-07-02
P202304523,贾建国,男,58,4.1010519660222586e+17,城乡居民,郑州市,2024-04-22,在保,2026-07-02
P202301403,曹秀英,女,71,4.103021953040836e+17,城镇职工,,2022-07-14,在保,2026-07-02
P202302093,曹慧,女,61,4.101041963031258e+17,城镇职工,郑州市,2022-05-06,在保,2026-07-02
P202303859,于鹏,男,36,4.101041988102848e+17,城镇职工,驻马店市,2020-06-07,在保,2026-07-02
P202304431,董慧,女,17,4.101032007050236e+17,灵活就业,鹤壁市,2022-08-16,停保,2026-07-02
P202303016,赵军,男,68,4.107021956081331e+17,城镇职工,焦作市,2021-08-16,在保,2026-07-02
P202301513,宋嘉伟,男,37,4.1040219870825555e+17,城镇职工,漯河市,2020-03-28,在保,2026-07-02
P202301189,沈建国,男,59,4.1070219650928954e+17,灵活就业,安阳市,2021-10-23,在保,2026-07-02
P202303051,宋诗涵,女,25,4.1010619991228115e+17,灵活就业,漯河市,2021-01-10,在保,2026-07-02
P202302089,马鹏,男,41,4.101021983051786e+17,城镇职工,信阳市,2022-11-07,在保,2026-07-02
P202304585,彭婷,女,46,4.1040219780116525e+17,城镇职工,平顶山市,2024-02-29,在保,2026-07-02
P202303506,韩浩,男,25,4.107021999071568e+17,城乡居民,南阳市,2022-07-14,在保,2026-07-02
P202300109,马欣怡,女,54,4.101031970080314e+17,灵活就业,鹤壁市,2023-10-17,在保,2026-07-02
P202302789,傅志强,男,41,4.101021983042496e+17,城乡居民,商丘市,2021-12-10,停保,2026-07-02
P202303135,宋语嫣,女,50,4.104021974050824e+17,城乡居民,商丘市,2023-09-17,在保,2026-07-02
P202301927,周文博,男,4,4.104022020012359e+17,灵活就业,许昌市,2020-04-11,在保,2026-07-02
P202300059,何诗涵,女,55,4.1010219691218054e+17,城镇职工,新乡市,2023-08-24,在保,2026-07-02
P202300077,董玲,女,51,4.1030219730519635e+17,灵活就业,周口市,2024-02-24,在保,2026-07-02
P202300797,宋飞,男,49,4.10104197507024e+17,城镇职工,商丘市,2023-08-06,在保,2026-07-02
P202300369,高海涛,男,51,4.101051973052142e+17,城镇职工,郑州市,2024-05-17,退保,2026-07-02
P202304956,蔡语嫣,女,24,4.1010320000501734e+17,灵活就业,商丘市,2021-08-11,停保,2026-07-02
P202300786,冯诗涵,女,69,4.1020219550826995e+17,灵活就业,周口市,2021-02-28,在保,2026-07-02
P202303843,梁凤英,女,67,4.101031957052618e+17,城乡居民,平顶山市,2024-02-23,在保,2026-07-02
P202303529,于磊,男,17,4.1010520070615885e+17,城镇职工,安阳市,2023-12-16,停保,2026-07-02
P202302030,王志强,男,41,4.101051983091079e+17,城乡居民,商丘市,2023-02-24,在保,2026-07-02
P202304092,胡明,男,75,4.105021949072126e+17,灵活就业,安阳市,2023-02-13,在保,2026-07-02
P202303012,孙辉,男,73,4.103021951122774e+17,城乡居民,焦作市,2024-03-26,退保,2026-07-02
P202303604,杨文彬,男,50,4.1010619740426086e+17,城镇职工,南阳市,2022-05-20,在保,2026-07-02
P202301974,贾慧,女,53,4.101031971071853e+17,城镇职工,许昌市,2020-04-13,在保,2026-07-02
P202303269,董玲,女,54,4.101061970031925e+17,城镇职工,洛阳市,2022-09-13,在保,2026-07-02
P202300122,刘志强,男,33,4.1030219911104506e+17,城乡居民,洛阳市,2020-06-14,在保,2026-07-02
P202303636,胡玉兰,女,54,4.1050219700324115e+17,城乡居民,许昌市,2022-10-14,在保,2026-07-02
P202302414,吕辉,男,33,4.107021991070594e+17,城乡居民,鹤壁市,2024-05-09,在保,2026-07-02
P202304077,冯莉,女,43,4.1010319810809626e+17,城镇职工,新乡市,2022-11-12,在保,2026-07-02
P202300911,罗凤英,女,44,,城镇职工,开封市,2024-01-04,在保,2026-07-02
P202300125,唐秀兰,女,60,4.102021964071168e+17,城乡居民,焦作市,2020-11-08,在保,2026-07-02
P202302647,彭斌,男,43,4.1070219811003456e+17,城镇职工,洛阳市,2022-09-21,在保,2026-07-02
P202301587,冯宇航,男,53,4.101041971071858e+17,城乡居民,漯河市,2021-03-07,在保,2026-07-02
P202301258,袁杰,男,57,4.10702196712172e+17,灵活就业,平顶山市,2020-10-12,在保,2026-07-02
P202303510,萧芳,女,40,4.102021984052263e+17,城镇职工,鹤壁市,2022-08-13,在保,2026-07-02
P202303551,叶建国,男,40,4.1030219840528134e+17,灵活就业,焦作市,2020-07-20,在保,2026-07-02
P202303677,唐丽,女,51,4.104021973022125e+17,灵活就业,郑州市,2020-10-12,在保,2026-07-02
P202301179,宋明,男,32,4.102021992041532e+17,城乡居民,许昌市,2021-05-08,在保,2026-07-02
P202302925,魏娟,女,51,4.1070219730510074e+17,城乡居民,许昌市,2024-03-23,在保,2026-07-02
P202303540,曹欣怡,女,47,4.107021977092727e+17,城乡居民,安阳市,2020-03-26,在保,2026-07-02
P202302380,杨永强,男,54,4.1020219700522656e+17,城乡居民,许昌市,2020-02-09,在保,2026-07-02
P202302145,,男,45,4.107021979010176e+17,灵活就业,南阳市,2020-09-18,在保,2026-07-02
P202300443,郭诗涵,女,12,4.1020220120815456e+17,城镇职工,平顶山市,2021-09-17,在保,2026-07-02
P202302334,张秀兰,女,43,4.103021981100799e+17,城乡居民,漯河市,2021-04-25,在保,2026-07-02
P202303784,沈婷,女,28,4.1020219960911456e+17,城乡居民,周口市,2020-06-03,退保,2026-07-02
P202300926,彭秀兰,女,22,4.1020220020627245e+17,城镇职工,商丘市,2022-03-27,在保,2026-07-02
P202304309,胡涛,男,46,4.1020219781124096e+17,城镇职工,郑州市,2020-08-03,在保,2026-07-02
P202302187,冯艳,女,24,4.105022000020965e+17,城镇职工,商丘市,2021-07-08,在保,2026-07-02
P202304820,彭慧,女,44,4.102021980121556e+17,城镇职工,鹤壁市,2021-04-14,在保,2026-07-02
P202301412,叶雪,女,60,4.101061964060546e+17,城乡居民,安阳市,2023-07-06,在保,2026-07-02
P202303537,王明,男,62,4.1020219620807443e+17,城镇职工,商丘市,2021-08-06,在保,2026-07-02
P202301814,蒋杰,男,66,4.1010619580904154e+17,城乡居民,开封市,2020-07-24,在保,2026-07-02
P202301510,马超,男,76,4.102021948082748e+17,城镇职工,开封市,2022-02-03,在保,2026-07-02
P202301228,何雪,女,47,4.1010519770219155e+17,城乡居民,许昌市,2021-03-19,在保,2026-07-02
P202303674,冯鹏,男,64,4.1070219600211194e+17,灵活就业,许昌市,2020-08-20,在保,2026-07-02
P202302400,郑文博,男,51,4.104021973080853e+17,城乡居民,安阳市,2023-12-29,在保,2026-07-02
P202304866,邓娜,女,19,4.105022005081563e+17,城乡居民,安阳市,2022-09-24,在保,2026-07-02
P202303363,杨浩,男,17,4.10502200702057e+17,城镇职工,安阳市,2023-07-27,在保,2026-07-02
P202303347,胡晨曦,男,44,4.101031980092017e+17,城镇职工,许昌市,2024-03-12,在保,2026-07-02
P202300325,何诗涵,女,31,4.101021993072846e+17,灵活就业,许昌市,2023-01-31,在保,2026-07-02
P202303143,谢雪,女,48,4.104021976042733e+17,城乡居民,周口市,2020-09-13,在保,2026-07-02
P202304897,袁海涛,男,19,4.103022005110766e+17,城镇职工,鹤壁市,2023-06-01,在保,2026-07-02
P202301973,袁斌,男,61,4.102021963061856e+17,城镇职工,许昌市,2023-04-20,停保,2026-07-02
P202303365,孙梦瑶,女,37,4.101051987062336e+17,城乡居民,平顶山市,2023-01-14,在保,2026-07-02
P202303098,魏强,男,60,4.105021964061434e+17,城镇职工,新乡市,2024-04-27,在保,2026-07-02
P202301499,贾思琪,女,68,4.1070219560512474e+17,城镇职工,商丘市,2023-07-06,在保,2026-07-02
P202301503,魏莉,女,35,4.101031989011222e+17,灵活就业,南阳市,2024-02-28,停保,2026-07-02
P202301007,孙俊杰,男,66,4.107021958040315e+17,城镇职工,南阳市,2021-05-17,在保,2026-07-02
P202303762,张志强,男,49,4.1010619751121344e+17,城乡居民,焦作市,2020-12-13,在保,2026-07-02
P202302771,林浩,男,46,4.101031978032809e+17,城镇职工,鹤壁市,2022-09-01,在保,2026-07-02
P202303587,萧涛,男,37,4.1050219870502394e+17,城镇职工,新乡市,2022-11-20,在保,2026-07-02
P202301468,谢慧,女,57,4.1040219670618765e+17,城镇职工,新乡市,2023-04-17,在保,2026-07-02
P202301226,许浩,男,47,4.101021977101561e+17,城镇职工,洛阳市,2021-12-18,在保,2026-07-02
P202303200,韩天宇,男,57,4.103021967010194e+17,城乡居民,新乡市,2021-07-11,在保,2026-07-02
P202302690,陈思琪,女,61,4.102021963041765e+17,城镇职工,安阳市,2022-11-20,在保,2026-07-02
P202302227,林勇,男,75,4.101051949082485e+17,城乡居民,商丘市,2022-12-25,停保,2026-07-02
P202301217,赵建华,男,37,4.1040219871008083e+17,城镇职工,南阳市,2023-06-16,在保,2026-07-02
P202304055,林鹏,男,31,4.1020219930309786e+17,城乡居民,信阳市,2020-04-19,在保,2026-07-02
P202303569,叶芳,女,54,4.1070219700201517e+17,城镇职工,平顶山市,2024-01-09,在保,2026-07-02
P202300421,傅娜,女,87,4.101061937042089e+17,城镇职工,鹤壁市,2021-04-06,停保,2026-07-02
P202304258,董桂英,女,75,4.105021949122645e+17,城镇职工,安阳市,2023-07-29,在保,2026-07-02
P202300007,贾晓红,女,78,4.101031946102118e+17,城乡居民,许昌市,2021-05-16,在保,2026-07-02
P202300933,林涛,男,23,4.101032001021473e+17,城镇职工,开封市,2021-10-30,停保,2026-07-02
P202301692,朱敏,女,41,4.101061983021589e+17,城镇职工,鹤壁市,2022-03-10,在保,2026-07-02
P202300440,蒋秀英,女,49,4.10105197512195e+17,城镇职工,焦作市,2020-09-19,在保,2026-07-02
P202301314,梁宇航,男,60,4.1010519640804454e+17,城乡居民,信阳市,2021-02-08,在保,2026-07-02
P202300679,卢雨彤,女,66,4.101061958102215e+17,城镇职工,许昌市,2022-06-24,在保,2026-07-02
P202302016,阎嘉伟,男,46,4.103021978092664e+17,城镇职工,信阳市,2020-12-02,停保,2026-07-02
P202304657,张波,男,44,4.1050219800417734e+17,城乡居民,周口市,2020-10-15,在保,2026-07-02
P202301889,罗勇,男,41,4.105021983122524e+17,城镇职工,焦作市,2021-06-02,在保,2026-07-02
P202302312,周俊杰,男,82,4.1030219420813664e+17,城镇职工,鹤壁市,2020-12-17,在保,2026-07-02
P202304681,李国强,男,45,4.101051979012888e+17,城镇职工,鹤壁市,2020-11-02,在保,2026-07-02
P202303321,贾丽,女,53,4.1030219710914086e+17,灵活就业,信阳市,2021-05-04,在保,2026-07-02
P202304769,彭雨彤,女,68,4.103021956101339e+17,城乡居民,驻马店市,2023-12-13,在保,2026-07-02
P202302485,宋文彬,男,40,4.102021984040902e+17,城镇职工,许昌市,2020-05-29,在保,2026-07-02
P202301087,张美琳,女,68,4.105021956011166e+17,城乡居民,洛阳市,2022-08-20,在保,2026-07-02
P202303013,宋敏,女,26,4.101061998090992e+17,城乡居民,鹤壁市,2020-03-29,在保,2026-07-02
P202304289,卢明,男,77,4.1020219470804954e+17,城职,郑州市,2021-07-22,在保,2026-07-02
P202302834,贾军,男,45,4.101051979062197e+17,城乡居民,南阳市,2022-03-31,在保,2026-07-02
P202302693,吴晨曦,男,49,4.101031975072054e+17,城乡居民,商丘市,2023-12-11,在保,2026-07-02
P202300195,程婷,女,53,4.107021971090534e+17,城乡居民,焦作市,2020-11-28,在保,2026-07-02
P202301475,蔡萍,女,35,4.101031989100554e+17,城镇职工,焦作市,2024-01-24,在保,2026-07-02
P202303438,张思琪,女,27,4.101051997082869e+17,城镇职工,漯河市,2022-08-22,在保,2026-07-02
P202302183,萧伟,男,46,4.1050219781014784e+17,灵活就业,南阳市,2020-01-10,在保,2026-07-02
P202301212,李芳,女,37,4.10502198710051e+17,城乡居民,平顶山市,2022-03-12,在保,2026-07-02
P202304105,朱文彬,男,48,4.102021976042038e+17,城乡居民,许昌市,2023-11-30,停保,2026-07-02
P202301658,贾磊,男,73,4.1010419510414886e+17,城镇职工,新乡市,2022-08-14,在保,2026-07-02
P202302754,郑晓红,女,47,4.1010519771124896e+17,灵活就业,驻马店市,2021-02-10,在保,2026-07-02
P202303159,许勇,男,73,4.103021951080418e+17,灵活就业,漯河市,2023-05-18,在保,2026-07-02
P202302759,梁佳慧,女,29,4.101021995100655e+17,城镇职工,南阳市,2022-08-07,在保,2026-07-02
P202304106,张婷,女,54,4.102021970040662e+17,城乡居民,鹤壁市,2022-08-16,停保,2026-07-02
P202302214,卢梦瑶,女,41,4.101031983040548e+17,城镇职工,洛阳市,2023-08-27,在保,2026-07-02
P202304452,徐婷,女,41,4.1030219830416736e+17,城乡居民,新乡市,2021-09-19,在保,2026-07-02
P202301131,袁子轩,男,55,4.1010519690816294e+17,城乡居民,商丘市,2020-07-23,退保,2026-07-02
P202301462,董杰,男,27,4.101031997030727e+17,城乡居民,漯河市,2023-01-15,在保,2026-07-02
P202300277,孙超,男,53,4.105021971071461e+17,城乡居民,周口市,2022-02-24,在保,2026-07-02
P202304575,阎杰,男,36,4.107021988020135e+17,城镇职工,信阳市,2023-02-28,在保,2026-07-02
P202303651,沈军,男,57,4.1030219670801824e+17,城镇职工,驻马店市,2021-10-07,在保,2026-07-02
P202303373,苏勇,男,76,4.101041948060416e+17,城镇职工,平顶山市,2023-08-23,在保,2026-07-02
P202303188,吕莉,女,66,4.1030219580224736e+17,灵活就业,洛阳市,2021-11-06,在保,2026-07-02
P202301303,罗雨彤,女,46,4.101061978082345e+17,城镇职工,开封市,2024-03-03,在保,2026-07-02
P202302847,罗勇,男,39,4.101041985050139e+17,城镇职工,商丘市,2020-12-29,在保,2026-07-02
P202300223,谢美琳,女,62,4.10302196207037e+17,城镇职工,开封市,2023-08-31,停保,2026-07-02
P202304688,赵萍,女,32,4.107021992011376e+17,城乡居民,鹤壁市,2023-05-01,在保,2026-07-02
P202303657,冯鹏,男,50,4.101041974070631e+17,城乡居民,漯河市,2021-10-24,在保,2026-07-02
P202300574,周敏,女,46,4.101061978061742e+17,城乡居民,新乡市,2023-11-26,在保,2026-07-02
P202301237,赵晓红,女,80,4.101061944090162e+17,城镇职工,郑州市,2023-08-18,在保,2026-07-02
P202303615,刘文彬,男,62,4.1010619620725376e+17,城镇职工,新乡市,2022-05-03,在保,2026-07-02
P202302175,曾磊,男,34,4.105021990032859e+17,城镇职工,安阳市,2020-10-02,在保,2026-07-02
P202302324,徐秀英,女,80,4.1030219440320794e+17,灵活就业,商丘市,2020-07-09,在保,2026-07-02
P202301335,许杰,男,52,4.101031972101562e+17,城乡居民,平顶山市,2020-05-29,在保,2026-07-02
P202304542,黄俊杰,男,85,4.1020219390705274e+17,城乡居民,周口市,2023-05-18,在保,2026-07-02
P202304953,刘波,男,64,4.101031960100489e+17,城镇职工,鹤壁市,2022-05-29,停保,2026-07-02
P202300419,,女,71,4.1020219530804634e+17,城乡居民,鹤壁市,2021-04-04,在保,2026-07-02
P202300268,谢淑珍,女,24,4.107022000121715e+17,城乡居民,郑州市,2022-09-15,在保,2026-07-02
P202301105,魏芳,女,69,4.1050219551220486e+17,城镇职工,鹤壁市,2023-11-09,在保,2026-07-02
P202300258,于辉,男,37,4.1040219870212256e+17,城镇职工,许昌市,2023-07-04,在保,2026-07-02
P202300296,王芳,女,37,4.1010319870723136e+17,城乡居民,洛阳市,2021-04-13,在保,2026-07-02
P202302406,朱飞,男,74,4.104021950071853e+17,城乡居民,许昌市,2022-10-11,在保,2026-07-02
P202300387,曾建国,男,56,4.102021968122181e+17,城镇职工,南阳市,2023-08-04,在保,2026-07-02
P202304419,马玉兰,女,43,4.1050219811025184e+17,城乡,商丘市,2021-09-23,在保,2026-07-02
P202303154,梁欣怡,女,43,4.1070219810305075e+17,城镇职工,驻马店市,2020-10-05,停保,2026-07-02
P202302275,贾欣怡,女,30,4.101041994021106e+17,灵活就业,鹤壁市,2022-04-12,停保,2026-07-02
P202302291,张凤英,女,81,4.101061943030146e+17,城镇职工,商丘市,2021-02-27,在保,2026-07-02
P202304380,周国强,男,36,4.10105198806041e+17,城镇职工,新乡市,2023-09-04,在保,2026-07-02
P202303586,林永强,男,26,4.1010419980513574e+17,城乡居民,开封市,2021-01-15,停保,2026-07-02
P202304251,傅慧,女,69,4.102021955111652e+17,城乡居民,开封市,2024-05-12,在保,2026-07-02
P202304429,邓宇航,男,51,4.1040219730619117e+17,城镇职工,商丘市,2022-02-06,在保,2026-07-02
P202301564,卢天宇,男,65,4.1010219590719354e+17,城镇职工,南阳市,2020-02-11,在保,2026-07-02
P202301963,苏杰,男,59,4.107021965122515e+17,城乡居民,平顶山市,2021-03-29,在保,2026-07-02
P202301401,孙伟,男,31,4.104021993120434e+17,城乡居民,洛阳市,2022-04-06,在保,2026-07-02
P202300713,罗文彬,男,40,4.101031984112553e+17,城乡居民,平顶山市,2022-08-12,在保,2026-07-02
P202304372,朱明,男,40,4.10104198406135e+17,灵活就业,开封市,2021-12-10,在保,2026-07-02
P202302906,吕晨曦,男,63,4.102021961101831e+17,城乡居民,焦作市,2022-07-24,在保,2026-07-02
P202300210,张芳,女,95,4.107021929021129e+17,城镇职工,商丘市,2023-01-17,在保,2026-07-02
P202304021,陈杰,男,89,4.1070219351014406e+17,城镇职工,南阳市,2021-03-26,在保,2026-07-02
P202301290,马诗涵,女,11,4.101042013031329e+17,灵活就业,驻马店市,2021-11-15,在保,2026-07-02
P202304879,韩文博,男,37,4.101051987062625e+17,城镇职工,洛阳市,2022-09-24,在保,2026-07-02
P202301843,吕浩,男,40,4.101031984122793e+17,城乡居民,开封市,2022-06-01,在保,2026-07-02
P202300450,赵雨彤,女,30,4.1010619941209594e+17,灵活就业,周口市,2020-12-22,在保,2026-07-02
P202304525,韩秀兰,女,71,4.104021953012651e+17,城乡居民,南阳市,2020-03-28,在保,2026-07-02
P202303555,丁文博,男,16,4.101022008091914e+17,城镇职工,安阳市,2022-04-13,在保,2026-07-02
P202301821,程明,男,47,4.101061977010661e+17,城乡居民,郑州市,2022-06-26,在保,2026-07-02
P202300959,曾超,男,60,4.1070219640703565e+17,城镇职工,安阳市,2022-02-20,在保,2026-07-02
P202301794,蔡艳,女,62,4.1010519621021594e+17,城镇职工,鹤壁市,2020-02-29,在保,2026-07-02
P202302810,曾婷,女,-1,4.101021984041357e+17,灵活就业,平顶山市,2021-04-18,在保,2026-07-02
P202300655,吴艳,女,95,4.104021929031338e+17,灵活就业,信阳市,2024-01-14,在保,2026-07-02
P202302452,徐语嫣,女,35,4.1020219890304506e+17,城镇职工,信阳市,2020-04-17,在保,2026-07-02
P202303928,薛艳,女,58,4.1010219661217094e+17,灵活就业,安阳市,2022-04-08,退保,2026-07-02
P202300332,丁玉兰,女,33,4.1040219910619514e+17,城乡居民,南阳市,2021-07-07,在保,2026-07-02
P202301761,周飞,男,79,4.101051945082404e+17,城乡居民,焦作市,2023-10-27,在保,2026-07-02
P202304661,蔡建华,男,76,4.105021948072503e+17,灵活就业,洛阳市,2020-07-06,停保,2026-07-02
P202302797,薛婷,女,60,4.101061964111644e+17,城乡居民,开封市,2020-04-04,在保,2026-07-02
P202302155,于嘉伟,男,27,4.104021997091891e+17,城镇职工,平顶山市,2023-02-14,在保,2026-07-02
P202300412,贾国强,男,29,4.1010419950213677e+17,城镇职工,周口市,2021-10-21,在保,2026-07-02
P202301775,梁娜,女,36,4.1070219880528154e+17,城镇职工,安阳市,2024-04-25,在保,2026-07-02
P202304815,高军,男,55,4.1010619690710234e+17,城镇职工,平顶山市,2021-05-27,在保,2026-07-02
P202302229,傅斌,男,16,4.101062008070804e+17,城乡居民,郑州市,2023-05-07,在保,2026-07-02
P202302424,程海涛,男,49,4.1050219750603494e+17,城镇职工,商丘市,2020-12-06,停保,2026-07-02
P202302679,杨鹏,男,51,4.1010419730407456e+17,城乡居民,许昌市,2020-04-24,停保,2026-07-02
P202304356,高建国,男,62,4.107021962060464e+17,城乡居民,周口市,2020-10-31,在保,2026-07-02
P202304824,苏梦瑶,女,49,4.105021975051377e+17,城乡居民,鹤壁市,2022-07-12,在保,2026-07-02
P202304472,吕晓红,女,73,4.103021951012799e+17,灵活就业,信阳市,,在保,2026-07-02
P202303383,曾霞,女,53,4.107021971060188e+17,城乡居民,新乡市,2021-09-21,在保,2026-07-02
P202303533,何玉兰,女,48,4.107021976091098e+17,城乡居民,许昌市,2024-02-17,退保,2026-07-02
P202303629,沈芳,女,22,4.101032002111505e+17,城乡居民,鹤壁市,2021-02-06,退保,2026-07-02
P202302003,袁秀英,女,35,4.101041989072015e+17,城乡居民,平顶山市,2022-01-30,在保,2026-07-02
P202303436,李慧,女,66,4.1010319581014086e+17,灵活就业,周口市,2021-03-26,在保,2026-07-02
P202303448,张美琳,女,35,4.101031989122051e+17,城乡居民,安阳市,2020-03-19,在保,2026-07-02
P202303823,冯雨彤,女,49,4.1070219750413824e+17,灵活就业,安阳市,2020-10-08,在保,2026-07-02
P202300431,蔡斌,男,28,4.101051996092772e+17,城乡居民,商丘市,2020-05-27,在保,2026-07-02
P202304561,叶晓红,女,30,4.101031994080322e+17,城镇职工,郑州市,2023-08-02,在保,2026-07-02
P202302081,韩淑珍,女,50,4.101061974120994e+17,城乡居民,许昌市,2024-02-23,在保,2026-07-02
P202301367,叶天宇,男,49,4.1070219750728205e+17,城镇职工,郑州市,2022-03-31,在保,2026-07-02
P202300174,沈娜,女,56,4.1040219680612454e+17,城乡居民,周口市,2020-10-08,在保,2026-07-02
P202302911,蔡磊,男,40,4.1040219840621414e+17,城乡居民,商丘市,2022-02-19,在保,2026-07-02
P202301177,高国强,男,19,4.107022005111875e+17,城乡居民,驻马店市,2024-02-10,在保,2026-07-02
P202303400,高文彬,男,42,4.107021982082269e+17,城乡居民,鹤壁市,2021-03-21,在保,2026-07-02
P202301477,梁海涛,男,47,4.104021977051835e+17,灵活就业,平顶山市,2021-11-09,在保,2026-07-02
P202303940,萧桂英,女,36,4.103021988042592e+17,城乡居民,许昌市,2024-04-15,在保,2026-07-02
P202303566,郭军,男,50,4.101021974011129e+17,城乡居民,焦作市,2023-02-12,在保,2026-07-02
P202300103,曾玲,女,43,4.1030219811209466e+17,城乡居民,新乡市,2022-02-26,停保,2026-07-02
P202303413,薛浩,男,85,4.101041939071031e+17,城镇职工,平顶山市,2024-04-23,在保,2026-07-02
P202303265,黄婷,女,61,4.101021963111574e+17,城乡居民,商丘市,2021-07-17,在保,2026-07-02
P202301264,高晨曦,男,33,4.101051991061235e+17,城乡居民,鹤壁市,2020-01-04,在保,2026-07-02
P202302941,叶雪,女,67,4.1010519570525677e+17,城乡居民,开封市,2022-09-09,在保,2026-07-02
P202301074,郑慧,女,26,4.1070219980901165e+17,灵活就业,许昌市,2021-06-05,停保,2026-07-02
P202302573,赵文博,男,44,4.1010519800428755e+17,城镇职工,开封市,2020-09-20,在保,2026-07-02
P202304706,刘雪,女,47,4.10202197701247e+17,城镇职工,商丘市,2021-09-18,在保,2026-07-02
P202302795,蔡子轩,男,49,4.103021975090474e+17,城镇职工,新乡市,2022-04-30,在保,2026-07-02
P202303366,程杰,男,85,4.1040219391212883e+17,城乡居民,商丘市,2022-10-04,在保,2026-07-02
P202304546,袁思琪,女,60,4.1030219640621126e+17,城镇职工,漯河市,2021-12-04,在保,2026-07-02
P202303756,宋晓红,女,14,4.1070220101224915e+17,城乡居民,许昌市,2023-06-30,在保,2026-07-02
P202301644,高明,男,58,4.101031966111314e+17,城乡居民,安阳市,2020-08-18,在保,2026-07-02
P202304551,卢美琳,女,75,4.105021949121419e+17,城镇职工,南阳市,2022-06-01,退保,2026-07-02
P202300001,李子轩,男,58,4.10105196603241e+17,城镇职工,洛阳市,2023-04-24,在保,2026-07-02
P202301581,陈萍,女,53,4.1050219710916045e+17,城镇职工,洛阳市,2021-12-22,在保,2026-07-02
P202304467,杨俊杰,男,65,,灵活就业,周口市,2020-12-17,在保,2026-07-02
P202304454,陈波,男,55,4.1010219690612205e+17,城镇职工,南阳市,2022-06-27,在保,2026-07-02
P202301357,宋雨彤,女,40,4.1070219840917594e+17,灵活就业,平顶山市,2020-09-26,在保,2026-07-02
P202303460,张芳,女,150,4.105021996101062e+17,城乡居民,漯河市,2020-05-08,在保,2026-07-02
P202302124,曾文博,男,45,4.1040219790521485e+17,城乡居民,平顶山市,2023-06-18,在保,2026-07-02
P202302278,袁秀英,女,29,4.1010219950504755e+17,城镇职工,周口市,2020-06-01,在保,2026-07-02
P202302079,韩超,男,47,4.101051977092894e+17,城乡居民,开封市,2023-10-19,在保,2026-07-02
P202304366,吕淑珍,女,87,4.104021937052102e+17,城乡居民,焦作市,2020-12-12,在保,2026-07-02
P202300397,冯梦瑶,女,19,4.101042005020571e+17,灵活就业,鹤壁市,2020-11-22,在保,2026-07-02
P202303530,宋伟,男,31,4.1020219931125786e+17,灵活就业,南阳市,2020-03-05,在保,2026-07-02
P202301065,魏丽,女,43,4.1020219810906445e+17,城镇职工,洛阳市,2023-12-25,在保,2026-07-02
P202302405,吕莉,女,80,4.107021944112716e+17,灵活就业,漯河市,2024-02-18,在保,2026-07-02
P202304216,杨涛,男,60,4.1020219640428954e+17,城乡居民,许昌市,2023-07-17,退保,2026-07-02
P202302196,周玉兰,女,38,4.101041986010907e+17,城镇职工,鹤壁市,2021-04-21,停保,2026-07-02
P202300819,曹文博,男,51,4.1020219730706426e+17,灵活就业,鹤壁市,2022-12-17,在保,2026-07-02
P202301813,吕子轩,男,79,4.10102194505192e+17,城乡居民,南阳市,2021-11-21,在保,2026-07-02
P202302621,孙霞,女,62,4.1050219620825824e+17,城镇职工,漯河市,2020-01-11,在保,2026-07-02
P202301553,胡霞,女,34,4.103021990111661e+17,城镇职工,信阳市,2022-06-14,在保,2026-07-02
P202303185,唐霞,女,35,4.101021989012256e+17,城乡居民,安阳市,2024-02-13,在保,2026-07-02
P202300817,沈建国,男,54,4.1040219700901126e+17,城镇职工,开封市,2020-02-08,在保,2026-07-02
P202301573,萧娟,女,55,4.1010319691208166e+17,城乡居民,平顶山市,2020-03-27,在保,2026-07-02
P202303028,林慧,女,58,4.1010219660126394e+17,城乡居民,安阳市,2022-12-23,停保,2026-07-02
P202301801,叶婷,女,84,4.1010319400416723e+17,灵活就业,开封市,2023-04-01,退保,2026-07-02
P202304332,黄宇航,男,29,4.103021995101427e+17,城乡居民,洛阳市,2020-04-09,在保,2026-07-02
P202300382,沈浩然,男,39,4.101031985032044e+17,城镇职工,南阳市,2022-05-28,退保,2026-07-02
P202304533,于建华,男,59,4.104021965100516e+17,城乡居民,洛阳市,2023-09-25,在保,2026-07-02
P202303898,杨志强,男,62,4.1040219620315654e+17,灵活就业,信阳市,2021-05-11,停保,2026-07-02
P202302956,曾美琳,女,81,4.101021943061131e+17,城镇职工,安阳市,2023-08-21,在保,2026-07-02
P202303574,蔡永强,男,53,4.1010519711014246e+17,城乡居民,周口市,2020-03-28,在保,2026-07-02
P202302949,梁欣怡,女,46,4.1010519780908883e+17,灵活就业,商丘市,2022-10-15,在保,2026-07-02
P202304369,马磊,男,37,4.101031987022035e+17,城镇职工,郑州市,2023-11-14,在保,2026-07-02
P202301781,丁诗涵,女,24,4.101042000090531e+17,城乡居民,漯河市,2020-08-31,退保,2026-07-02
P202302781,卢鹏,男,65,4.1070219590608934e+17,城镇职工,漯河市,2020-03-19,在保,2026-07-02
P202302482,曾子轩,男,80,4.102021944060189e+17,城乡居民,周口市,2023-12-09,在保,2026-07-02
P202302378,冯天宇,男,26,4.101051998041509e+17,城镇职工,许昌市,2020-01-13,在保,2026-07-02
P202300865,朱明,男,38,4.104021986041322e+17,灵活就业,南阳市,2022-02-11,在保,2026-07-02
P202303083,周语嫣,女,14,4.1050220101112915e+17,灵活就业,新乡市,,在保,2026-07-02
P202303971,梁海涛,男,42,4.101061982052752e+17,灵活就业,南阳市,2020-11-17,在保,2026-07-02
P202300555,孙伟,男,56,4.107021968100962e+17,城乡居民,周口市,2021-04-17,在保,2026-07-02
P202301160,罗子轩,男,44,4.101031980062483e+17,城乡居民,郑州市,2021-04-26,在保,2026-07-02
P202301214,韩玲,女,66,4.1010519580718285e+17,城镇职工,安阳市,2023-12-10,在保,2026-07-02
P202302604,冯晓红,女,28,4.1050219960124986e+17,城镇职工,漯河市,2023-06-25,在保,2026-07-02
P202303672,吕婷,女,65,4.1050219590713376e+17,城乡居民,安阳市,2023-01-18,在保,2026-07-02
P202300049,林静,女,56,4.1010219680225434e+17,城乡居民,开封市,2023-11-26,在保,2026-07-02
P202302986,胡婷,女,-3,4.1020219920302214e+17,灵活就业,鹤壁市,2023-08-20,在保,2026-07-02
P202300701,吴文博,男,40,4.101061984101236e+17,城乡居民,鹤壁市,2022-10-22,在保,2026-07-02
P202300653,魏浩,男,45,4.102021979070776e+17,城乡居民,新乡市,2024-05-14,在保,2026-07-02
P202303222,冯飞,男,63,4.103021961020517e+17,城镇职工,漯河市,2023-01-13,在保,2026-07-02
P202303132,萧宇航,男,49,4.101031975081697e+17,城乡居民,商丘市,2022-09-11,在保,2026-07-02
P202303378,曹建国,男,32,,城乡居民,漯河市,2024-01-01,在保,2026-07-02
P202300749,丁涛,男,38,4.1010619860524506e+17,城镇职工,开封市,2022-06-02,停保,2026-07-02
P202301456,曹鹏,男,18,4.104022006110383e+17,城镇职工,鹤壁市,2022-11-08,停保,2026-07-02
P202304239,彭建华,男,76,4.1010619480824237e+17,城镇职工,南阳市,2022-01-17,在保,2026-07-02
P202302252,刘玲,女,77,4.103021947090597e+17,城乡居民,开封市,2020-06-26,在保,2026-07-02
P202302060,赵静,女,53,4.1010519711228474e+17,城乡居民,鹤壁市,2022-03-16,停保,2026-07-02
P202300867,于凤英,女,55,4.103021969062651e+17,城乡居民,安阳市,2022-02-22,在保,2026-07-02
P202300753,刘飞,男,32,4.104021992062096e+17,灵活就业,许昌市,2024-03-12,在保,2026-07-02
P202301645,丁军,男,30,4.101021994070435e+17,城乡居民,信阳市,2020-10-22,在保,2026-07-02
P202300093,曾莉,女,37,4.104021987031555e+17,灵活就业,焦作市,2021-11-11,在保,2026-07-02
P202302882,胡文博,男,11,4.103022013070264e+17,城乡居民,鹤壁市,2020-03-16,在保,2026-07-02
P202303165,徐嘉伟,男,29,4.101031995120502e+17,城镇职工,南阳市,2021-04-27,在保,2026-07-02
P202302477,程佳慧,女,45,4.1050219790314464e+17,城乡居民,开封市,2022-01-30,在保,2026-07-02
P202303904,刘凤英,女,33,4.107021991011065e+17,城乡居民,驻马店市,2023-11-03,在保,2026-07-02
P202301491,贾静,女,40,4.101031984041516e+17,城乡居民,平顶山市,2021-06-18,在保,2026-07-02
P202302955,邓浩然,男,32,4.107021992080945e+17,城乡居民,南阳市,2021-12-18,在保,2026-07-02
P202304270,贾诗涵,女,66,4.1050219581120755e+17,城乡居民,驻马店市,2020-05-12,在保,2026-07-02
P202300730,蔡萍,女,35,4.10105198902052e+17,城镇职工,新乡市,2021-09-27,在保,2026-07-02
P202302772,魏欣怡,女,36,4.101041988070991e+17,城乡居民,开封市,2024-03-22,在保,2026-07-02
P202302519,梁诗涵,女,45,4.105021979112146e+17,城镇职工,商丘市,2023-02-04,在保,2026-07-02
P202303806,程秀英,女,59,4.101061965022497e+17,城镇职工,商丘市,2023-11-25,在保,2026-07-02
P202301937,曾雪,女,54,4.1030219700605606e+17,城乡居民,安阳市,2022-08-25,在保,2026-07-02
P202301746,赵海涛,男,54,4.1050219700706586e+17,城镇职工,焦作市,2024-02-13,在保,2026-07-02
P202303568,朱超,男,69,4.104021955122878e+17,城乡居民,南阳市,2022-11-08,在保,2026-07-02
P202303380,彭静,女,36,4.1030219880824314e+17,城乡居民,信阳市,2022-04-18,停保,2026-07-02
P202303632,赵国强,男,38,4.1070219860710445e+17,城镇职工,信阳市,2022-07-09,在保,2026-07-02
P202301958,卢伟,,95,4.1030219290902074e+17,城镇职工,南阳市,2024-01-08,在保,2026-07-02
P202301111,黄霞,女,46,4.1010219780314874e+17,城乡居民,商丘市,2020-10-17,在保,2026-07-02
P202303406,徐静,女,4,4.102022020102541e+17,城镇职工,漯河市,2023-10-18,在保,2026-07-02
P202304110,高萍,女,54,4.101021970110779e+17,城镇职工,郑州市,2021-12-03,在保,2026-07-02
P202304517,董磊,男,42,4.101031982041621e+17,城镇职工,鹤壁市,2021-08-31,在保,2026-07-02
P202304818,张明,男,34,4.101051990032464e+17,城乡居民,漯河市,2022-03-06,在保,2026-07-02
P202300347,徐欣怡,女,23,4.101032001062063e+17,城镇职工,许昌市,2020-03-04,在保,2026-07-02
P202301186,魏强,男,66,4.102021958081464e+17,城镇职工,许昌市,2022-06-11,在保,2026-07-02
P202304067,刘婷,女,53,4.105021971071832e+17,城镇职工,安阳市,,在保,2026-07-02
P202304086,刘建国,男,45,4.1020219790304864e+17,城乡居民,鹤壁市,2022-03-14,在保,2026-07-02
P202301516,薛明,男,47,4.102021977080433e+17,城乡居民,驻马店市,2022-03-19,在保,2026-07-02
P202304717,吕丽,女,92,4.1010419321214234e+17,城乡居民,许昌市,2022-09-01,在保,2026-07-02
P202300579,王海涛,男,23,4.101062001052607e+17,城镇职工,安阳市,2022-11-03,在保,2026-07-02
P202301965,王海涛,男,60,4.105021964091452e+17,城乡居民,新乡市,2020-01-29,在保,2026-07-02
P202300076,杨娟,女,64,4.103021960102081e+17,城镇职工,新乡市,2024-05-07,在保,2026-07-02
P202301430,吴建华,男,45,4.101021979022207e+17,灵活就业,驻马店市,2022-12-30,在保,2026-07-02
P202304394,林艳,女,40,4.104021984011342e+17,城乡居民,商丘市,2022-10-07,在保,2026-07-02
P202304960,宋明,男,59,4.107021965061312e+17,城乡居民,南阳市,2021-01-11,在保,2026-07-02
P202304053,曾明,男,58,4.102021966120218e+17,城镇职工,焦作市,2022-11-08,退保,2026-07-02
P202302654,贾慧,女,68,4.1020219560620314e+17,城镇职工,许昌市,2022-07-09,在保,2026-07-02
P202301847,黄磊,男,72,4.101021952122755e+17,灵活就业,商丘市,2023-04-18,退保,2026-07-02
P202300132,谢鹏,男,51,4.1070219731003904e+17,城乡居民,开封市,2020-11-18,在保,2026-07-02
P202300179,李玉兰,女,45,4.1020219790826566e+17,城乡居民,周口市,2020-06-25,在保,2026-07-02
P202304512,邓海涛,男,69,4.105021955011277e+17,城镇职工,鹤壁市,2021-08-15,在保,2026-07-02
P202302749,王宇航,男,56,4.101051968010583e+17,灵活就业,平顶山市,2020-12-19,停保,2026-07-02
P202302570,王波,男,45,4.101041979040219e+17,城镇职工,南阳市,2021-11-17,退保,2026-07-02
P202302418,程永强,男,56,4.1030219680201056e+17,城乡居民,信阳市,2022-10-12,在保,2026-07-02
P202304623,蒋军,男,34,4.107021990072124e+17,城镇职工,驻马店市,2020-06-24,在保,2026-07-02
P202300659,林飞,男,53,4.101051971100593e+17,城镇职工,漯河市,2020-01-11,在保,2026-07-02
P202301897,袁磊,男,45,4.103021979081652e+17,城乡居民,驻马店市,2020-05-17,在保,2026-07-02
P202303385,蒋美琳,女,69,4.1010419550615226e+17,城镇职工,郑州市,2023-06-06,停保,2026-07-02
P202303164,彭思琪,女,37,4.1010219871113715e+17,城乡居民,平顶山市,2022-09-13,在保,2026-07-02
P202300343,林超,男,54,4.101041970110384e+17,灵活就业,信阳市,2020-01-24,在保,2026-07-02
P202304499,刘文彬,男,10,4.1020220140512045e+17,城镇职工,漯河市,2020-02-10,在保,2026-07-02
P202300728,沈欣怡,女,56,4.1050219680412474e+17,城乡居民,新乡市,2020-11-04,在保,2026-07-02
P202303857,杨伟,男,24,4.101042000031109e+17,城乡居民,焦作市,2021-12-24,在保,2026-07-02
P202300977,王超,男,41,4.1010419830712006e+17,灵活就业,南阳市,2022-10-04,在保,2026-07-02
P202302419,陈志强,男,57,4.102021967010843e+17,灵活就业,平顶山市,2023-03-24,在保,2026-07-02
P202304422,沈秀英,女,30,4.101061994051793e+17,城乡居民,安阳市,2020-02-10,停保,2026-07-02
P202301929,郭文博,男,69,4.1010419550906944e+17,灵活就业,周口市,2021-11-02,停保,2026-07-02
P202302665,沈浩然,男,58,4.101041966042371e+17,城乡居民,新乡市,2020-10-20,在保,2026-07-02
P202304913,苏紫薇,女,64,4.105021960012727e+17,城乡居民,郑州市,2023-10-20,在保,2026-07-02
P202301300,冯思琪,女,55,4.101051969080727e+17,城镇职工,焦作市,2023-08-07,在保,2026-07-02
P202304705,魏秀兰,女,60,4.104021964070947e+17,城乡居民,鹤壁市,2021-12-29,在保,2026-07-02
P202304646,李紫薇,女,79,4.101041945112137e+17,城镇职工,信阳市,2024-01-22,在保,2026-07-02
P202300661,曹娟,女,39,4.1010219851224416e+17,城镇职工,开封市,2022-01-04,在保,2026-07-02
P202304048,郑浩,男,95,4.101061929112697e+17,城乡居民,驻马店市,2020-10-26,退保,2026-07-02
P202302439,程霞,女,42,4.101061982051674e+17,城镇职工,鹤壁市,2022-12-25,在保,2026-07-02
P202303707,罗鹏,男,40,4.1010219840712064e+17,城镇职工,平顶山市,2020-02-12,在保,2026-07-02
P202303037,许建华,男,43,4.104021981010133e+17,城乡居民,许昌市,2020-03-25,在保,2026-07-02
P202302234,唐秀兰,女,66,4.101021958020256e+17,城镇职工,安阳市,2023-08-11,在保,2026-07-02
P202303114,魏磊,男,28,4.104021996041508e+17,城镇职工,焦作市,,在保,2026-07-02
P202303999,罗浩然,男,79,4.104021945052871e+17,城乡居民,新乡市,2024-03-12,在保,2026-07-02
P202303669,马伟,男,47,4.101051977091271e+17,城乡居民,漯河市,2023-03-28,在保,2026-07-02
P202303257,杨美琳,女,34,4.101051990041596e+17,灵活就业,平顶山市,2021-04-15,停保,2026-07-02
P202301279,贾宇航,男,53,4.1070219710807776e+17,城镇职工,安阳市,2024-03-09,在保,2026-07-02
P202303134,刘娜,女,76,4.1010219480303277e+17,城镇职工,安阳市,2020-06-25,停保,2026-07-02
P202301622,黄文博,男,24,4.1010520000225786e+17,灵活就业,开封市,2020-08-20,在保,2026-07-02
P202303076,刘静,女,82,4.101041942060484e+17,城镇职工,信阳市,2023-12-22,在保,2026-07-02
P202300916,何文彬,男,55,4.1010419690508614e+17,城乡居民,商丘市,2020-11-26,在保,2026-07-02
P202300068,傅芳,女,68,4.1010519560208736e+17,城乡居民,信阳市,2023-02-11,在保,2026-07-02
P202304741,冯志强,男,59,4.101041965091768e+17,城乡居民,信阳市,2023-06-02,在保,2026-07-02
P202302168,叶莉,女,27,4.10106199706261e+17,城乡居民,平顶山市,2021-02-26,在保,2026-07-02
P202304746,韩慧,女,44,4.101031980052308e+17,城镇职工,驻马店市,2020-01-02,在保,2026-07-02
P202300821,冯思琪,女,40,4.107021984060603e+17,城镇职工,安阳市,2022-03-09,在保,2026-07-02
P202301227,郑海涛,男,50,4.101051974051084e+17,城镇职工,周口市,2024-02-02,在保,2026-07-02
P202303186,赵飞,男,73,4.1010319510814304e+17,城乡居民,周口市,2022-04-25,在保,2026-07-02
P202304891,叶斌,男,35,4.10104198903079e+17,城乡居民,信阳市,2022-02-14,停保,2026-07-02
P202302958,吴子轩,男,45,4.1070219790525626e+17,城职,信阳市,2022-04-09,停保,2026-07-02
P202304503,于娜,女,21,4.1020220031123424e+17,城镇职工,许昌市,2022-12-28,在保,2026-07-02
P202304314,马波,男,56,4.101041968072118e+17,城镇职工,安阳市,2022-10-09,在保,2026-07-02
P202304146,卢丽,女,2,4.102022022091361e+17,灵活就业,鹤壁市,2022-03-28,在保,2026-07-02
P202301144,胡诗涵,女,52,4.1040219720912365e+17,城镇职工,漯河市,2023-02-18,停保,2026-07-02
P202300398,沈思琪,女,74,4.107021950072537e+17,城镇职工,郑州市,2023-11-02,停保,2026-07-02
P202304244,董玉兰,女,62,4.101031962100395e+17,城镇职工,平顶山市,2023-02-26,在保,2026-07-02
P202304346,董艳,女,50,4.101051974080395e+17,城镇职工,漯河市,2024-01-02,在保,2026-07-02
P202304420,孙建国,男,10,4.101032014022882e+17,灵活就业,鹤壁市,2022-06-28,在保,2026-07-02
P202301399,吴紫薇,女,71,4.1070219530628006e+17,城乡居民,郑州市,2023-12-29,在保,2026-07-02
P202301660,张辉,男,70,4.107021954070429e+17,城镇职工,漯河市,2022-07-10,停保,2026-07-02
P202300980,王玉兰,女,63,4.101051961020729e+17,灵活就业,开封市,2022-03-19,在保,2026-07-02
P202301299,于佳慧,女,54,4.1010419700525843e+17,城镇职工,平顶山市,2020-08-16,在保,2026-07-02
P202303661,冯强,男,43,4.1010519811017875e+17,城乡居民,郑州市,2022-06-23,在保,2026-07-02
P202300083,薛桂英,女,76,4.1010219480208986e+17,城乡居民,周口市,2020-02-12,退保,2026-07-02
P202302226,黄辉,男,73,4.1010219510119974e+17,城镇职工,南阳市,2023-03-08,在保,2026-07-02
P202302506,沈辉,男,35,4.102021989102764e+17,城乡居民,郑州市,2020-10-14,在保,2026-07-02
P202304317,张秀英,女,29,4.104021995101951e+17,城镇职工,南阳市,2020-10-05,在保,2026-07-02
P202304709,林杰,男,67,4.105021957071185e+17,灵活就业,洛阳市,2023-01-04,在保,2026-07-02
P202304099,韩欣怡,女,47,4.101061977080911e+17,城镇职工,郑州市,2023-02-17,在保,2026-07-02
P202300424,王桂英,女,67,4.101041957010595e+17,城乡居民,周口市,2020-04-14,在保,2026-07-02
P202304384,朱莉,女,53,4.101031971041601e+17,城乡居民,焦作市,2023-02-24,停保,2026-07-02
P202301905,吴军,男,48,4.10502197608014e+17,灵活就业,漯河市,2023-03-06,在保,2026-07-02
P202304679,丁丽,女,65,4.102021959020232e+17,城镇职工,安阳市,2022-02-12,停保,2026-07-02
P202304057,徐辉,男,76,4.1010419480803386e+17,灵活就业,商丘市,2022-12-11,在保,2026-07-02
P202303166,冯杰,男,18,4.1030220060724026e+17,灵活就业,开封市,2021-01-24,在保,2026-07-02
P202301566,张波,男,44,4.1010519800223936e+17,城镇职工,洛阳市,2023-06-14,在保,2026-07-02
P202303424,王建国,男,57,4.101051967062832e+17,城乡居民,周口市,2021-08-18,在保,2026-07-02
P202300840,曹玉兰,女,46,4.101021978120805e+17,城乡居民,漯河市,2022-05-10,在保,2026-07-02
P202300501,郑鹏,男,66,4.101021958121697e+17,城乡居民,安阳市,2020-01-19,在保,2026-07-02
P202300142,叶莉,女,73,4.104021951111966e+17,城乡居民,焦作市,2023-07-08,在保,2026-07-02
P202301378,张萍,女,68,4.101031956100412e+17,城镇职工,焦作市,2023-04-03,在保,2026-07-02
P202303771,彭梦瑶,女,68,4.101021956090542e+17,城乡居民,许昌市,2020-02-07,在保,2026-07-02
P202302571,贾芳,女,50,4.101041974031076e+17,城乡居民,洛阳市,2021-08-15,在保,2026-07-02
P202301139,阎宇航,男,60,4.1010519640206746e+17,灵活就业,平顶山市,,停保,2026-07-02
P202302595,彭军,男,65,4.107021959102192e+17,城乡居民,郑州市,2021-03-16,在保,2026-07-02
P202301788,薛勇,男,36,4.101031988030762e+17,城镇职工,漯河市,2023-08-14,在保,2026-07-02
P202302616,邓婷,女,62,4.102021962071362e+17,灵活就业,驻马店市,2023-03-13,退保,2026-07-02
P202300551,冯明,男,51,4.103021973052034e+17,城乡居民,驻马店市,2020-09-26,在保,2026-07-02
P202303163,彭天宇,男,41,4.102021983091649e+17,城乡居民,鹤壁市,2021-11-14,在保,2026-07-02
P202302020,王鹏,男,27,4.1040219971223846e+17,城镇职工,平顶山市,2021-12-26,在保,2026-07-02
P202300949,张军,男,49,4.104021975052361e+17,城镇职工,商丘市,2024-03-06,在保,2026-07-02
P202302304,赵晨曦,男,54,4.103021970051685e+17,城镇职工,郑州市,2022-05-14,在保,2026-07-02
P202300533,程丽,女,48,4.107021976022066e+17,城乡居民,郑州市,2024-02-05,在保,2026-07-02
P202301830,胡建国,男,50,4.104021974020806e+17,城镇职工,许昌市,2021-04-14,在保,2026-07-02
P202304848,杨敏,女,40,4.101041984110705e+17,城乡居民,鹤壁市,2021-12-15,在保,2026-07-02
P202304463,谢涛,男,65,4.1010319590104736e+17,灵活就业,驻马店市,2021-09-10,在保,2026-07-02
P202303948,刘婷,女,57,4.1070219671108326e+17,城镇职工,焦作市,2021-05-07,在保,2026-07-02
P202301603,蒋丽,女,38,4.104021986061731e+17,城乡居民,商丘市,2023-12-16,在保,2026-07-02
P202300640,薛国强,男,26,4.101031998012415e+17,城镇职工,商丘市,2020-02-09,在保,2026-07-02
P202304882,梁建国,男,74,4.105021950120169e+17,城镇职工,开封市,2022-07-28,在保,2026-07-02
P202300968,丁紫薇,女,82,4.107021942072347e+17,城镇职工,信阳市,2021-12-25,在保,2026-07-02
P202304282,曹梦瑶,女,22,4.102022002021001e+17,城镇职工,南阳市,2020-08-12,在保,2026-07-02
P202302678,周玉兰,女,21,4.1050220030523674e+17,城镇职工,信阳市,2020-02-19,在保,2026-07-02
P202301684,邓静,女,55,4.107021969020842e+17,城镇职工,平顶山市,2021-07-05,在保,2026-07-02
P202304516,蔡超,男,33,4.101051991100238e+17,城镇职工,焦作市,,在保,2026-07-02
P202304545,何美琳,女,56,4.101031968061546e+17,城镇职工,南阳市,2022-03-01,在保,2026-07-02
P202300156,胡宇航,男,37,4.101061987012149e+17,城乡居民,驻马店市,2020-07-29,在保,2026-07-02
P202302535,刘艳,女,42,4.104021982021164e+17,城镇职工,鹤壁市,2024-05-09,在保,2026-07-02
P202303705,许凤英,女,47,4.101051977032506e+17,城乡居民,周口市,2023-05-27,在保,2026-07-02
P202301090,赵飞,男,46,4.103021978040609e+17,灵活就业,许昌市,2022-01-25,在保,2026-07-02
P202302708,吴艳,女,50,4.101061974080791e+17,城镇职工,焦作市,2024-02-22,在保,2026-07-02
P202304285,傅军,男,35,4.101031989070933e+17,城镇职工,漯河市,2022-04-17,在保,2026-07-02
P202300289,唐建国,男,55,4.102021969081633e+17,城乡居民,郑州市,2024-05-04,在保,2026-07-02
P202300931,马萍,女,40,4.10104198409198e+17,城镇职工,郑州市,2020-09-18,在保,2026-07-02
P202302585,周紫薇,女,69,4.1070219550911763e+17,城乡居民,开封市,2021-08-16,在保,2026-07-02
P202302306,宋永强,男,95,4.1010219290519206e+17,城镇职工,开封市,2022-04-26,在保,2026-07-02
P202303440,冯宇航,男,55,4.101041969120266e+17,灵活就业,漯河市,2020-05-01,退保,2026-07-02
P202304134,董强,男,72,4.102021952050897e+17,城镇职工,南阳市,2023-08-04,退保,2026-07-02
P202303358,彭超,男,11,4.107022013121344e+17,城镇职工,焦作市,2021-08-24,在保,2026-07-02
P202300943,魏淑珍,女,61,4.10104196301184e+17,城镇职工,南阳市,2023-10-20,在保,2026-07-02
P202303935,苏勇,,51,4.10104197301184e+17,城镇职工,安阳市,2024-03-10,在保,2026-07-02
P202304710,沈宇航,男,49,4.101021975060654e+17,灵活就业,平顶山市,2023-05-23,在保,2026-07-02
P202301699,吴宇航,男,59,4.101031965122047e+17,城镇职工,信阳市,2024-01-17,停保,2026-07-02
P202304757,叶敏,女,23,4.101052001082442e+17,城乡居民,平顶山市,2020-11-27,在保,2026-07-02
P202303017,冯桂英,女,22,4.1050220021026464e+17,城乡居民,开封市,2022-03-04,在保,2026-07-02
P202303648,罗海涛,男,53,4.1020219710417946e+17,城镇职工,洛阳市,2023-11-13,在保,2026-07-02
P202303913,沈建国,男,68,4.103021956042362e+17,城镇职工,安阳市,2024-04-17,在保,2026-07-02
P202300986,贾子轩,男,29,,城乡居民,新乡市,2020-09-03,在保,2026-07-02
P202302828,赵凤英,女,48,4.101031976102376e+17,城乡居民,焦作市,2023-02-16,停保,2026-07-02
P202302232,吴芳,女,64,4.101061960110107e+17,城镇职工,新乡市,2021-10-25,在保,2026-07-02
P202302268,阎文彬,男,55,4.101041969030769e+17,城乡居民,漯河市,2024-04-01,在保,2026-07-02
P202304827,曹飞,男,51,4.101041973010941e+17,灵活就业,漯河市,2020-04-06,停保,2026-07-02
P202300982,梁浩然,男,57,4.103021967092495e+17,城乡居民,开封市,2020-08-12,退保,2026-07-02
P202303408,傅国强,男,52,4.101061972071245e+17,城镇职工,新乡市,2020-06-01,在保,2026-07-02
P202304528,杨文彬,男,63,4.1070219610906304e+17,城乡居民,信阳市,2020-04-13,在保,2026-07-02
P202303226,曹斌,男,32,4.1010519921024614e+17,灵活就业,安阳市,2023-10-21,在保,2026-07-02
P202303002,许娟,女,34,4.101061990042286e+17,城乡居民,商丘市,2020-06-18,在保,2026-07-02
P202304588,袁嘉伟,男,66,4.107021958031717e+17,城镇职工,平顶山市,2020-10-27,在保,2026-07-02
P202303920,薛嘉伟,男,48,4.1010619760409894e+17,灵活就业,漯河市,2020-10-28,在保,2026-07-02
P202301458,陈伟,男,56,4.102021968100316e+17,城乡居民,商丘市,2022-08-01,在保,2026-07-02
P202301396,李建华,男,53,4.101021971061689e+17,城镇职工,洛阳市,2023-10-28,在保,2026-07-02
P202300265,许娜,女,45,4.102021979122655e+17,城乡居民,商丘市,2020-06-23,在保,2026-07-02
P202302441,沈辉,男,81,4.104021943071414e+17,城镇职工,开封市,2021-05-23,在保,2026-07-02
P202300930,唐欣怡,女,48,4.101031976061496e+17,城乡居民,商丘市,2023-12-03,停保,2026-07-02
P202303124,蒋慧,女,43,4.1010219810824275e+17,城乡居民,新乡市,2021-03-15,停保,2026-07-02
P202302179,袁欣怡,女,86,4.107021938040736e+17,城乡居民,平顶山市,2023-06-21,在保,2026-07-02
P202303571,曾娟,女,44,4.10502198007028e+17,城镇职工,商丘市,2021-05-11,停保,2026-07-02
P202300247,贾杰,男,41,4.103021983112634e+17,城镇职工,鹤壁市,2020-07-14,停保,2026-07-02
P202303663,徐鹏,男,56,4.104021968061307e+17,城乡居民,驻马店市,2020-03-26,停保,2026-07-02
P202301759,李嘉伟,男,79,4.101061945072508e+17,城乡居民,洛阳市,2024-01-13,在保,2026-07-02
P202304915,袁文博,男,27,4.102021997081274e+17,城乡居民,焦作市,2020-10-11,在保,2026-07-02
P202302868,董建华,男,34,4.1070219900603994e+17,城乡居民,商丘市,2021-03-02,在保,2026-07-02
P202300924,曹思琪,女,37,4.1010219870109766e+17,城乡居民,商丘市,2023-04-07,在保,2026-07-02
P202302390,沈丽,女,68,4.104021956110909e+17,城乡居民,南阳市,2023-01-10,在保,2026-07-02
P202300269,杨敏,女,42,4.101041982061035e+17,城乡居民,平顶山市,2021-02-27,在保,2026-07-02
P202300670,胡晨曦,男,69,4.101031955021392e+17,灵活就业,安阳市,2020-06-06,在保,2026-07-02
P202304936,郭紫薇,女,59,4.101031965052013e+17,城镇职工,鹤壁市,2022-04-23,在保,2026-07-02
P202301911,胡飞,男,81,4.107021943062769e+17,城镇职工,郑州市,2020-01-08,在保,2026-07-02
P202303047,郑磊,男,70,4.1010219540228576e+17,城乡居民,驻马店市,2024-01-22,在保,2026-07-02
P202301153,傅志强,男,38,4.103021986120544e+17,城镇职工,驻马店市,2020-10-09,在保,2026-07-02
P202304867,赵雨彤,女,53,4.103021971030482e+17,城镇职工,信阳市,2024-03-06,在保,2026-07-02
P202303524,萧霞,女,79,4.1010619451226976e+17,城乡,鹤壁市,2022-06-03,在保,2026-07-02
P202304513,丁嘉伟,男,39,4.1040219850521946e+17,城乡居民,安阳市,2024-02-14,退保,2026-07-02
P202303964,魏杰,男,63,4.1010319610119245e+17,城乡居民,信阳市,2024-01-24,退保,2026-07-02
P202304529,谢敏,女,49,4.1030219750304006e+17,城乡,驻马店市,,在保,2026-07-02
P202303044,于强,男,54,4.101061970061561e+17,城乡居民,新乡市,2020-10-02,在保,2026-07-02
P202301916,阎雪,女,40,4.103021984071821e+17,城乡居民,驻马店市,2020-10-15,在保,2026-07-02
P202300613,吕娜,女,55,4.105021969011647e+17,灵活就业,漯河市,2022-08-18,在保,2026-07-02
P202302451,郑梦瑶,女,33,4.1010519910527866e+17,城镇职工,平顶山市,2021-11-07,在保,2026-07-02
P202304125,贾艳,女,55,4.10302196911279e+17,城乡居民,安阳市,2022-07-01,在保,2026-07-02
P202301899,贾秀英,女,60,4.1070219640415725e+17,城乡居民,洛阳市,2020-02-01,在保,2026-07-02
P202301650,卢娟,女,95,4.1010619290813274e+17,城镇职工,信阳市,2021-03-27,在保,2026-07-02
P202302499,胡建国,男,64,4.1050219600701523e+17,城镇职工,鹤壁市,2021-10-13,在保,2026-07-02
P202300259,萧军,男,57,4.101021967071186e+17,城镇职工,南阳市,,在保,2026-07-02
P202300848,邓桂英,女,94,4.1010319300201606e+17,城乡居民,周口市,2021-01-31,停保,2026-07-02
P202304296,于霞,女,22,4.1010620020126176e+17,城乡居民,许昌市,2020-09-10,在保,2026-07-02
P202301234,丁静,女,95,4.105021929081671e+17,城乡居民,商丘市,2020-09-03,在保,2026-07-02
P202301128,黄磊,男,36,4.10702198802171e+17,城镇职工,新乡市,2020-07-31,在保,2026-07-02
P202301968,徐国强,男,47,4.1030219770506406e+17,城乡居民,新乡市,2021-05-07,在保,2026-07-02
P202300559,萧美琳,女,57,4.1030219670120755e+17,城镇职工,许昌市,2021-10-02,在保,2026-07-02
P202303983,韩晨曦,男,95,4.104021929062718e+17,城镇职工,焦作市,2021-08-14,在保,2026-07-02
P202300485,程萍,女,36,4.1010419880814214e+17,城镇职工,,2024-03-20,在保,2026-07-02
P202302212,王静,女,60,4.101051964100977e+17,城镇职工,开封市,2024-02-09,停保,2026-07-02
P202301321,沈永强,男,51,4.101041973042541e+17,城镇职工,鹤壁市,2020-11-19,在保,2026-07-02
P202302575,韩静,女,95,4.101031929112463e+17,城乡居民,鹤壁市,2020-06-03,在保,2026-07-02
P202300008,郭晓红,女,63,4.105021961042233e+17,城乡居民,新乡市,2020-03-06,在保,2026-07-02
P202304408,张嘉伟,男,43,4.101031981040988e+17,灵活就业,安阳市,2020-03-09,在保,2026-07-02
P202303255,薛玲,女,56,4.1010419680605395e+17,城职,平顶山市,2024-02-28,在保,2026-07-02
P202301451,李萍,女,55,4.103021969031287e+17,灵活就业,新乡市,2022-11-17,在保,2026-07-02
P202304059,朱海涛,男,67,4.1010519571118355e+17,城乡居民,信阳市,2023-02-21,在保,2026-07-02
P202301815,傅永强,男,45,4.105021979031188e+17,城镇职工,周口市,2023-09-23,在保,2026-07-02
P202300774,杨斌,男,67,4.1010619570619744e+17,灵活就业,平顶山市,2023-10-04,在保,2026-07-02
P202301012,许鹏,男,53,4.103021971030193e+17,城镇职工,郑州市,2021-04-09,在保,2026-07-02
P202303146,马永强,男,58,4.1020219660616006e+17,灵活就业,周口市,2024-01-09,在保,2026-07-02
P202302816,沈慧,女,64,4.107021960101564e+17,灵活就业,郑州市,2021-10-08,在保,2026-07-02
P202301992,韩勇,男,63,4.101031961021099e+17,城镇职工,安阳市,2021-03-19,在保,2026-07-02
P202301278,魏梦瑶,女,57,4.101031967070481e+17,城乡居民,,2021-06-18,退保,2026-07-02
P202301784,张婷,女,63,4.1030219610924186e+17,城镇职工,安阳市,2021-09-13,在保,2026-07-02
P202303169,陈莉,女,48,4.101041976052446e+17,灵活就业,商丘市,2020-06-23,在保,2026-07-02
P202300447,唐超,男,56,4.101051968102217e+17,城乡居民,开封市,2022-07-02,在保,2026-07-02
P202300881,韩晨曦,男,95,4.1010419290410445e+17,灵活就业,开封市,2023-05-21,在保,2026-07-02
P202304505,苏俊杰,男,46,4.105021978040227e+17,灵活就业,郑州市,2020-09-16,在保,2026-07-02
P202300782,张慧,女,25,4.105021999102463e+17,城镇职工,新乡市,2024-01-02,在保,2026-07-02
P202301750,邓紫薇,女,68,4.1010219560625005e+17,城乡居民,驻马店市,2020-10-21,在保,2026-07-02
P202303457,罗文彬,男,69,4.101061955071861e+17,城乡居民,信阳市,2023-08-25,在保,2026-07-02
P202304932,谢莉,女,10,4.1010320141106426e+17,灵活就业,洛阳市,2021-04-10,在保,2026-07-02
P202300884,郑雨彤,女,68,4.1010619560720845e+17,城乡居民,南阳市,2021-05-25,在保,2026-07-02
P202303775,郑敏,女,18,4.10402200610012e+17,城乡居民,新乡市,2020-01-29,在保,2026-07-02
P202301092,郭雨彤,女,49,4.1010419751015123e+17,城镇职工,焦作市,2020-10-30,在保,2026-07-02
P202302998,傅莉,女,27,4.1030219970905594e+17,城镇职工,信阳市,2020-01-23,在保,2026-07-02
P202300532,曾娟,女,20,4.101062004021941e+17,城镇职工,漯河市,2021-03-21,在保,2026-07-02
P202304101,王玲,女,22,4.101052002060441e+17,城镇职工,开封市,2022-03-21,在保,2026-07-02
P202304245,宋玉兰,女,50,4.105021974040575e+17,城乡居民,鹤壁市,2023-05-02,在保,2026-07-02
P202304140,徐梦瑶,女,50,4.101031974122842e+17,灵活就业,安阳市,2021-03-29,在保,2026-07-02
P202301728,郑秀兰,女,64,4.1010519600118496e+17,城乡居民,洛阳市,2023-10-08,在保,2026-07-02
P202300611,黄莉,女,61,4.101031963032475e+17,城乡居民,鹤壁市,2024-03-17,在保,2026-07-02
P202300571,蒋国强,男,50,4.101061974060305e+17,城乡居民,南阳市,2020-12-31,在保,2026-07-02
P202304441,赵秀兰,女,25,4.10402199908288e+17,城镇职工,商丘市,2022-12-12,在保,2026-07-02
P202304093,周国强,男,47,4.105021977062602e+17,城乡居民,郑州市,2024-03-24,在保,2026-07-02
P202300344,贾磊,男,40,4.101031984120105e+17,城镇职工,信阳市,2024-02-09,在保,2026-07-02
P202303270,蔡慧,女,61,4.101041963020944e+17,灵活就业,信阳市,2021-01-10,在保,2026-07-02
P202303204,薛雪,女,73,4.1020219510317376e+17,灵活就业,鹤壁市,2023-06-13,在保,2026-07-02
P202300435,马浩然,男,77,4.1030219470727674e+17,灵活就业,信阳市,2020-11-16,在保,2026-07-02
P202301904,朱俊杰,男,56,4.101051968101517e+17,城乡居民,新乡市,2021-05-02,在保,2026-07-02
P202303878,朱磊,男,54,4.101051970072178e+17,灵活就业,商丘市,2020-05-16,在保,2026-07-02
P202303286,孙雪,女,77,4.1010419471227546e+17,城乡居民,信阳市,2020-03-14,在保,2026-07-02
P202302070,胡涛,男,66,4.101041958102624e+17,城镇职工,开封市,2020-02-03,在保,2026-07-02
P202301538,吴永强,男,40,4.105021984032878e+17,城镇职工,信阳市,2022-11-17,退保,2026-07-02
P202302296,薛秀英,女,59,4.102021965102846e+17,灵活就业,安阳市,2024-05-09,在保,2026-07-02
P202302989,林飞,男,29,4.101021995020419e+17,城镇职工,开封市,2023-01-14,在保,2026-07-02
P202301518,丁伟,男,61,4.105021963021615e+17,灵活就业,许昌市,2021-09-19,在保,2026-07-02
P202300966,孙玉兰,女,75,4.10502194909209e+17,城乡居民,信阳市,2023-04-28,在保,2026-07-02
P202304451,吴艳,女,41,4.1010619830418694e+17,城乡居民,许昌市,2022-09-13,在保,2026-07-02
P202300529,沈建华,男,54,4.105021970120937e+17,城镇职工,信阳市,2022-03-24,在保,2026-07-02
P202300177,董杰,男,50,4.10402197402267e+17,灵活就业,商丘市,2021-12-12,在保,2026-07-02
P202303553,刘嘉伟,男,56,4.107021968072474e+17,城乡居民,焦作市,2021-09-13,在保,2026-07-02
P202302593,马波,男,49,4.107021975052679e+17,城乡居民,南阳市,2021-01-11,在保,2026-07-02
P202304734,罗飞,男,58,4.101051966012592e+17,城镇职工,平顶山市,2024-02-21,在保,2026-07-02
P202300573,杨浩然,男,55,4.102021969072707e+17,城镇职工,鹤壁市,2023-02-01,在保,2026-07-02
P202303850,苏勇,男,24,4.1030220001116954e+17,城镇职工,漯河市,2021-11-08,在保,2026-07-02
P202303860,吴丽,女,46,4.101041978020163e+17,城乡居民,焦作市,2023-07-31,在保,2026-07-02
P202302874,蔡斌,男,39,4.103021985041345e+17,灵活就业,焦作市,2023-11-27,在保,2026-07-02
P202303278,李思琪,女,52,4.107021972051703e+17,城镇职工,新乡市,2020-07-28,在保,2026-07-02
P202302634,彭莉,女,55,4.102021969091198e+17,城镇职工,漯河市,2022-10-06,在保,2026-07-02
P202302209,吴丽,女,44,4.101061980062895e+17,城镇职工,许昌市,2022-04-14,在保,2026-07-02
P202302615,陈芳,女,60,4.1020219640516736e+17,城镇职工,漯河市,2023-12-20,在保,2026-07-02
P202302811,许娟,女,47,4.107021977110841e+17,城乡居民,许昌市,2020-06-10,在保,2026-07-02
P202300384,高天宇,男,40,4.101061984030439e+17,灵活就业,周口市,2021-09-18,在保,2026-07-02
P202300853,宋涛,男,38,,城乡居民,周口市,2021-11-18,在保,2026-07-02
P202301881,高晓红,女,67,4.103021957032819e+17,城镇职工,开封市,2020-11-07,在保,2026-07-02
P202300371,丁雨彤,女,50,4.103021974072836e+17,城乡居民,安阳市,2021-03-22,在保,2026-07-02
P202302423,阎明,男,45,4.101031979012386e+17,城镇职工,南阳市,2021-10-20,在保,2026-07-02
P202304368,邓辉,男,50,4.1010419740713517e+17,城职,南阳市,2021-02-24,在保,2026-07-02
P202301106,蔡秀英,女,31,4.1020219930805984e+17,城镇职工,商丘市,2022-08-29,在保,2026-07-02
P202304236,梁杰,男,28,4.101061996011193e+17,城镇职工,安阳市,2022-08-27,在保,2026-07-02
P202304024,曾斌,男,64,4.10102196006094e+17,城乡居民,新乡市,2023-05-15,在保,2026-07-02
P202301337,李淑珍,女,38,4.10102198610274e+17,城乡居民,郑州市,2021-04-06,在保,2026-07-02
P202302190,黄语嫣,女,60,4.1020219640924915e+17,城乡居民,开封市,2022-10-02,在保,2026-07-02
P202304640,谢佳慧,女,0,4.101042024041637e+17,灵活就业,驻马店市,2024-04-01,在保,2026-07-02
P202301601,赵霞,女,46,4.107021978090385e+17,城乡居民,安阳市,2020-10-10,在保,2026-07-02
P202303611,邓玲,女,50,4.102021974022889e+17,城乡居民,焦作市,2022-08-26,在保,2026-07-02
P202303007,杨语嫣,女,58,4.1010219660402355e+17,城乡居民,驻马店市,2022-07-14,停保,2026-07-02
P202304898,杨思琪,女,29,4.10202199506185e+17,城乡居民,新乡市,2020-02-07,在保,2026-07-02
P202301172,何芳,女,55,4.1020219690923046e+17,城乡居民,新乡市,2021-12-17,在保,2026-07-02
P202302645,叶涛,男,30,4.101041994102635e+17,城镇职工,安阳市,2022-01-04,在保,2026-07-02
P202304004,高淑珍,女,58,4.107021966051618e+17,城乡居民,洛阳市,2023-08-24,在保,2026-07-02
P202301423,徐欣怡,女,43,4.103021981051829e+17,城镇职工,鹤壁市,2023-03-13,在保,2026-07-02
P202302648,彭勇,男,24,4.101022000050342e+17,城乡居民,驻马店市,,在保,2026-07-02
P202304488,赵婷,女,39,4.104021985082605e+17,城乡居民,南阳市,2022-09-26,在保,2026-07-02
P202304198,蒋建国,男,21,4.1010620031112525e+17,城镇职工,漯河市,2021-01-10,在保,2026-07-02
P202301465,马紫薇,女,39,4.101021985021635e+17,城镇职工,周口市,2024-03-27,在保,2026-07-02
P202300875,高秀兰,女,49,4.1030219751218304e+17,城镇职工,周口市,2020-02-17,在保,2026-07-02
P202302298,丁桂英,女,75,4.101041949072808e+17,城镇职工,许昌市,2020-02-26,在保,2026-07-02
P202303594,谢勇,男,23,4.102022001022159e+17,城镇职工,周口市,2022-12-16,在保,2026-07-02
P202304385,程文彬,男,39,4.1010519850214835e+17,城镇职工,开封市,2020-10-14,在保,2026-07-02
P202301252,袁浩然,男,65,4.101051959080903e+17,城镇职工,驻马店市,2023-09-10,在保,2026-07-02
P202302707,王浩然,男,52,4.101021972080315e+17,城乡居民,郑州市,2020-10-16,在保,2026-07-02
P202300841,王淑珍,女,49,4.101031975102602e+17,城镇职工,许昌市,2022-05-17,退保,2026-07-02
P202303133,彭艳,女,18,4.101022006081711e+17,城乡居民,漯河市,2020-05-31,在保,2026-07-02
P202300582,萧佳慧,女,42,4.101021982091058e+17,城乡居民,驻马店市,2023-01-02,在保,2026-07-02
P202300205,朱艳,女,25,4.101061999092328e+17,城乡居民,洛阳市,2023-06-14,在保,2026-07-02
P202301642,郭娟,女,75,4.101031949121426e+17,城乡居民,信阳市,2020-01-03,退保,2026-07-02
P202302015,蒋语嫣,女,64,4.101031960070162e+17,灵活就业,新乡市,2023-03-20,在保,2026-07-02
P202300906,刘海涛,男,50,4.101051974030318e+17,灵活就业,驻马店市,2021-02-22,在保,2026-07-02
P202300632,阎凤英,女,77,4.104021947032166e+17,城镇职工,漯河市,2020-03-18,在保,2026-07-02
P202304011,梁军,男,50,4.104021974081642e+17,城镇职工,周口市,2020-07-01,在保,2026-07-02
P202301975,林慧,女,49,4.107021975040356e+17,城乡居民,周口市,2020-11-12,在保,2026-07-02
P202300163,林莉,女,70,4.101031954091207e+17,城镇职工,驻马店市,2022-11-05,在保,2026-07-02
P202303317,谢天宇,男,49,4.101041975061658e+17,城乡居民,周口市,2023-03-09,在保,2026-07-02
P202304530,胡淑珍,女,40,4.1010419840921664e+17,城乡居民,漯河市,2022-05-17,在保,2026-07-02
P202304541,曹雪,女,31,4.1010319930421754e+17,灵活就业,新乡市,2024-01-03,在保,2026-07-02
P202300618,曹杰,男,63,4.101021961060399e+17,城乡居民,周口市,2020-11-11,在保,2026-07-02
P202300876,周勇,男,82,4.102021942102182e+17,灵活就业,漯河市,2023-05-29,在保,2026-07-02
P202301432,韩浩然,男,64,4.101051960110258e+17,城乡居民,洛阳市,2020-02-10,在保,2026-07-02
P202300548,傅晓红,,46,4.101021978041731e+17,城乡居民,信阳市,2022-03-16,在保,2026-07-02
P202303403,于美琳,女,53,4.105021971072169e+17,灵活就业,南阳市,2023-08-16,在保,2026-07-02
P202304592,韩美琳,女,53,4.103021971120488e+17,城镇职工,南阳市,2022-01-08,在保,2026-07-02
P202304267,胡建华,男,55,4.102021969111405e+17,城镇职工,信阳市,2022-09-11,在保,2026-07-02
P202303932,彭雨彤,女,77,4.1030219470601434e+17,城乡居民,鹤壁市,2024-05-01,在保,2026-07-02
P202302719,苏淑珍,女,39,4.1010519850301894e+17,灵活就业,洛阳市,2022-10-10,在保,2026-07-02
P202304772,吕娜,女,32,4.1010419921124915e+17,灵活就业,新乡市,2020-02-15,在保,2026-07-02
P202304123,孙子轩,男,67,4.102021957122631e+17,城乡居民,信阳市,2021-02-26,在保,2026-07-02
P202301862,朱俊杰,男,200,4.101051960062277e+17,城镇职工,商丘市,2020-11-30,退保,2026-07-02
P202300641,林天宇,男,43,4.101021981032105e+17,城乡居民,鹤壁市,2020-07-18,在保,2026-07-02
P202303049,曾桂英,女,57,4.1070219670211546e+17,城乡居民,漯河市,2021-10-22,在保,2026-07-02
P202300638,曹波,男,51,4.105021973111051e+17,城镇职工,鹤壁市,2022-07-09,退保,2026-07-02
P202304904,曹永强,男,43,4.1010219810118656e+17,城镇职工,焦作市,2022-07-24,在保,2026-07-02
P202304800,黄晓红,女,63,4.104021961061771e+17,城镇职工,许昌市,2020-10-24,在保,2026-07-02
P202303048,林明,男,43,4.1070219810827e+17,城乡居民,周口市,2023-08-18,停保,2026-07-02
P202302097,张斌,男,62,,城镇职工,郑州市,2023-08-16,在保,2026-07-02
P202302527,韩雨彤,女,57,4.107021967012812e+17,城乡居民,信阳市,2023-04-15,在保,2026-07-02
P202303139,沈文博,男,58,4.103021966120528e+17,城镇职工,信阳市,2024-01-09,在保,2026-07-02
P202303748,韩鹏,男,53,4.101041971122247e+17,城乡居民,平顶山市,2022-01-17,在保,2026-07-02
P202302900,朱建华,男,55,4.101031969100832e+17,城镇职工,平顶山市,2023-03-17,在保,2026-07-02
P202300922,孙涛,男,31,4.1010419930409926e+17,城镇职工,信阳市,2023-07-07,停保,2026-07-02
P202300547,高淑珍,女,60,4.101031964061689e+17,城乡居民,驻马店市,2020-06-29,在保,2026-07-02
P202303740,梁浩然,男,25,4.1010319990704986e+17,城职,商丘市,2024-04-14,在保,2026-07-02
P202301901,吕莉,女,62,4.10702196209178e+17,城乡居民,漯河市,2024-04-14,在保,2026-07-02
P202302029,林秀英,女,53,4.101031971090228e+17,灵活就业,商丘市,,在保,2026-07-02
P202302302,黄玲,女,32,4.1050219920719565e+17,城镇职工,郑州市,2022-02-06,在保,2026-07-02
P202301886,董静,女,55,4.1030219690528166e+17,灵活就业,洛阳市,2020-10-28,在保,2026-07-02
P202301643,曾艳,女,48,4.1010419761006835e+17,城乡居民,洛阳市,2023-10-06,在保,2026-07-02
P202304399,马嘉伟,男,69,4.101041955011615e+17,城镇职工,南阳市,2021-01-08,在保,2026-07-02
P202304859,蒋志强,男,52,4.101021972020969e+17,城乡居民,漯河市,2023-06-13,在保,2026-07-02
P202302098,赵艳,女,30,4.101031994042155e+17,城镇职工,郑州市,2021-07-12,在保,2026-07-02
P202304402,韩宇航,男,69,4.104021955102112e+17,灵活就业,郑州市,2022-07-11,退保,2026-07-02
P202303634,朱超,男,63,4.107021961122247e+17,城镇职工,许昌市,2022-12-22,在保,2026-07-02
P202304540,冯子轩,男,63,4.1050219610916026e+17,灵活就业,漯河市,2020-06-13,在保,2026-07-02
P202303352,邓波,男,43,4.104021981052213e+17,城乡居民,商丘市,2024-01-28,退保,2026-07-02
P202300837,陈国强,男,77,,城镇职工,鹤壁市,2021-04-11,停保,2026-07-02
P202300602,叶勇,男,33,4.10402199109104e+17,城乡居民,周口市,2022-07-04,在保,2026-07-02
P202302185,梁梦瑶,女,10,4.102022014092884e+17,灵活就业,南阳市,2021-06-27,在保,2026-07-02
P202303942,韩浩,男,72,4.104021952052464e+17,城职,郑州市,2022-01-25,在保,2026-07-02
P202302529,蒋玲,女,87,4.104021937010873e+17,城乡居民,郑州市,2022-05-11,在保,2026-07-02
P202304352,丁晨曦,男,50,4.1050219740328294e+17,灵活就业,洛阳市,2022-05-12,停保,2026-07-02
P202301583,苏建国,男,31,4.104021993071182e+17,城镇职工,信阳市,2021-12-11,在保,2026-07-02
P202304311,袁建国,男,50,4.107021974112837e+17,城乡居民,洛阳市,2020-08-13,在保,2026-07-02
P202303536,张凤英,女,78,4.1050219461121306e+17,城乡居民,驻马店市,2024-02-05,在保,2026-07-02
P202303227,李建国,男,34,4.1010519900719386e+17,城镇职工,南阳市,2023-02-26,在保,2026-07-02
P202301071,赵勇,男,49,4.101041975020351e+17,城镇职工,漯河市,2021-03-01,在保,2026-07-02
P202301776,阎超,男,26,4.103021998101797e+17,城镇职工,许昌市,2023-04-26,在保,2026-07-02
P202304858,蔡俊杰,男,67,4.101031957072192e+17,城乡,郑州市,2021-04-04,在保,2026-07-02
P202301284,何淑珍,女,67,4.10702195702215e+17,城镇职工,焦作市,2020-06-19,在保,2026-07-02
P202303113,王勇,男,44,4.101061980121815e+17,城镇职工,驻马店市,2023-01-19,在保,2026-07-02
P202304803,董淑珍,女,24,4.1010320000728845e+17,灵活就业,漯河市,2023-03-24,在保,2026-07-02
P202301837,张芳,女,29,4.1010619951008557e+17,城乡居民,洛阳市,2024-01-04,在保,2026-07-02
P202304287,唐丽,女,41,4.1010419831012954e+17,城乡居民,平顶山市,2024-03-07,在保,2026-07-02
P202301020,许雪,女,57,4.103021967021973e+17,城乡居民,驻马店市,2023-03-29,在保,2026-07-02
P202303272,曾雪,女,34,4.1040219900610285e+17,城乡居民,驻马店市,2021-06-12,停保,2026-07-02
P202301327,张紫薇,女,33,4.104021991040962e+17,城乡居民,南阳市,2020-05-01,在保,2026-07-02
P202300476,程军,男,45,4.103021979112623e+17,城镇职工,平顶山市,2021-10-08,在保,2026-07-02
P202303517,董志强,男,35,4.101021989092428e+17,城镇职工,周口市,2022-03-26,在保,2026-07-02
P202301652,郭子轩,男,55,4.101061969120428e+17,城镇职工,平顶山市,2021-09-27,在保,2026-07-02
P202304078,魏波,男,13,4.1010420110509075e+17,灵活就业,南阳市,2022-03-07,在保,2026-07-02
P202304330,薛凤英,女,42,4.107021982100275e+17,灵活就业,洛阳市,2022-06-27,在保,2026-07-02
P202304484,高秀兰,女,59,4.104021965032296e+17,城镇职工,周口市,2024-03-12,在保,2026-07-02
P202302524,吴伟,男,44,4.103021980020524e+17,城乡居民,南阳市,2023-10-27,在保,2026-07-02
P202302635,贾紫薇,女,80,4.1010619440319917e+17,城镇职工,鹤壁市,2022-05-08,在保,2026-07-02
P202301374,叶玲,女,20,4.101032004022462e+17,城镇职工,鹤壁市,2022-01-12,在保,2026-07-02
P202300740,罗涛,男,68,4.1010419560821325e+17,灵活就业,平顶山市,2020-03-10,在保,2026-07-02
P202303692,傅霞,女,65,4.101061959120617e+17,城乡居民,周口市,2021-11-12,在保,2026-07-02
P202304785,程建华,男,95,4.101021929101126e+17,城镇职工,鹤壁市,2023-08-22,在保,2026-07-02
P202300868,高霞,女,56,4.102021968021086e+17,城乡居民,驻马店市,2023-01-24,在保,2026-07-02
P202301141,赵雨彤,女,44,4.101041980111957e+17,城镇职工,新乡市,2021-06-01,在保,2026-07-02
P202300998,傅紫薇,女,61,4.107021963050719e+17,城镇职工,开封市,2023-03-17,在保,2026-07-02
P202301338,何文博,男,44,4.102021980091567e+17,城镇职工,平顶山市,2023-03-22,停保,2026-07-02
P202300542,张晓红,女,29,4.101051995111216e+17,城乡居民,洛阳市,2024-02-23,在保,2026-07-02
P202301100,郑霞,女,56,4.105021968021244e+17,城镇职工,开封市,2022-03-23,在保,2026-07-02
P202301133,萧敏,女,79,4.1010219451010035e+17,城乡居民,信阳市,2020-03-28,停保,2026-07-02
P202304902,袁辉,男,31,,城镇职工,安阳市,2023-04-16,在保,2026-07-02
P202304899,曾斌,男,62,4.107021962102278e+17,城镇职工,平顶山市,2023-10-17,停保,2026-07-02
P202302259,黄天宇,男,3,4.101062021102497e+17,城镇职工,南阳市,2020-01-09,在保,2026-07-02
P202304066,谢凤英,女,38,4.105021986102345e+17,城镇职工,洛阳市,2021-02-02,在保,2026-07-02
P202300060,叶伟,男,67,4.1010519570120154e+17,灵活就业,开封市,2022-08-27,在保,2026-07-02
P202302943,郭伟,男,61,4.1010519630518e+17,城乡居民,鹤壁市,2021-11-14,停保,2026-07-02
P202301939,张辉,男,69,4.1010419550625574e+17,城镇职工,南阳市,2021-03-30,在保,2026-07-02
P202302628,于鹏,男,62,4.102021962081804e+17,城镇职工,平顶山市,2022-08-09,在保,2026-07-02
P202304987,徐超,男,46,4.1030219780519456e+17,城镇职工,信阳市,2023-01-29,在保,2026-07-02
P202301079,于美琳,女,77,4.1070219471209837e+17,城镇职工,周口市,2020-08-08,在保,2026-07-02
P202302978,胡天宇,男,34,4.101021990110294e+17,城乡居民,商丘市,2024-01-16,在保,2026-07-02
P202304881,马永强,男,67,4.1010519571021677e+17,城乡居民,商丘市,2020-12-12,在保,2026-07-02
P202302536,薛强,男,44,4.104021980082046e+17,城乡居民,郑州市,2020-10-18,在保,2026-07-02
P202300941,郭文博,男,26,4.104021998112722e+17,城乡居民,安阳市,2023-12-13,退保,2026-07-02
P202301081,彭诗涵,女,43,4.105021981061303e+17,灵活就业,开封市,2021-10-22,在保,2026-07-02
P202300188,梁明,男,48,4.101061976080815e+17,城乡居民,郑州市,2021-08-17,停保,2026-07-02
P202302687,谢强,男,58,4.101021966020492e+17,城乡居民,安阳市,2022-03-12,在保,2026-07-02
P202302086,曹军,男,28,4.1010419960813766e+17,城镇职工,新乡市,2021-03-27,在保,2026-07-02
P202302250,杨思琪,女,66,4.101021958110737e+17,城镇职工,郑州市,2022-04-25,退保,2026-07-02
P202304941,郭永强,男,60,4.1010519640628896e+17,城乡居民,信阳市,2020-09-24,在保,2026-07-02
P202302024,傅永强,男,26,4.101041998120399e+17,城乡居民,商丘市,2023-07-14,在保,2026-07-02
P202303783,赵秀兰,女,31,4.103021993080999e+17,城乡居民,信阳市,2023-02-12,停保,2026-07-02
P202301493,吴文博,男,39,4.102021985061377e+17,城镇职工,郑州市,2022-11-10,在保,2026-07-02
P202303680,刘雪,女,48,4.1040219760828134e+17,城乡居民,郑州市,2022-07-08,在保,2026-07-02
P202300227,董文彬,男,51,4.1010219730424045e+17,城乡居民,信阳市,2021-04-24,在保,2026-07-02
P202303371,,男,48,4.102021976050675e+17,城乡居民,鹤壁市,2022-09-29,在保,2026-07-02
P202301930,王娜,女,85,4.1050219391127526e+17,城镇职工,开封市,2023-11-11,在保,2026-07-02
P202303642,邓静,女,46,4.104021978060824e+17,城乡居民,鹤壁市,2021-11-09,在保,2026-07-02
P202304535,吕建华,男,63,4.102021961120926e+17,灵活就业,信阳市,2023-02-02,在保,2026-07-02
P202301405,王飞,男,67,4.1010219571019386e+17,城镇职工,开封市,2021-01-21,在保,2026-07-02
P202302180,苏飞,男,50,4.1030219740212646e+17,城乡居民,信阳市,2023-09-25,在保,2026-07-02
P202300698,贾明,男,27,4.101051997030344e+17,城镇职工,洛阳市,2020-02-08,在保,2026-07-02
P202301125,刘秀英,女,79,4.10103194506201e+17,城镇职工,周口市,2022-09-13,在保,2026-07-02
P202302891,陈辉,男,52,4.1010319720403546e+17,城镇职工,南阳市,2020-03-07,在保,2026-07-02
P202302979,阎梦瑶,女,59,4.1020219650927155e+17,城镇职工,鹤壁市,2020-02-21,在保,2026-07-02
P202301779,叶凤英,女,42,4.101061982052817e+17,城乡居民,信阳市,2023-12-17,在保,2026-07-02
P202302918,董佳慧,女,62,4.107021962060273e+17,城镇职工,郑州市,2021-06-10,停保,2026-07-02
P202301038,林艳,女,23,4.107022001020558e+17,灵活就业,洛阳市,2020-01-31,在保,2026-07-02
P202304218,董凤英,女,41,4.101021983061231e+17,城乡居民,周口市,2023-04-12,在保,2026-07-02
P202302257,曾佳慧,女,65,4.101021959071327e+17,城镇职工,焦作市,2020-07-20,在保,2026-07-02
P202300314,孙明,男,64,4.10102196007039e+17,城乡居民,鹤壁市,2021-08-01,在保,2026-07-02
P202302282,黄桂英,女,37,4.105021987061176e+17,城乡居民,开封市,2023-01-23,在保,2026-07-02
P202301417,赵浩,男,51,4.101051973121107e+17,灵活就业,信阳市,2021-02-27,在保,2026-07-02
P202301037,董佳慧,女,27,,城职,郑州市,2023-12-30,在保,2026-07-02
P202302160,罗明,男,60,4.103021964031962e+17,城镇职工,安阳市,2022-02-09,在保,2026-07-02
P202304206,唐美琳,女,38,4.103021986102551e+17,城乡居民,信阳市,2020-11-06,在保,2026-07-02
P202301755,宋宇航,男,59,4.1070219651224237e+17,城镇职工,南阳市,2024-01-12,在保,2026-07-02
P202303177,吕雨彤,女,23,4.101052001111333e+17,城镇职工,开封市,2023-07-03,在保,2026-07-02
P202304304,叶淑珍,女,62,4.104021962112347e+17,城乡居民,周口市,2023-11-05,在保,2026-07-02
P202302752,冯思琪,女,78,4.104021946050274e+17,城乡居民,驻马店市,2022-10-06,在保,2026-07-02
P202303274,贾飞,男,62,4.103021962032346e+17,灵活就业,商丘市,2020-05-11,退保,2026-07-02
P202303414,蒋志强,男,35,4.107021989062196e+17,城乡居民,洛阳市,2022-09-18,退保,2026-07-02
P202303500,杨慧,女,43,4.1070219810219354e+17,城镇职工,平顶山市,2023-02-11,在保,2026-07-02
P202301507,李娜,女,62,4.1040219620706995e+17,城乡居民,周口市,2020-03-31,在保,2026-07-02
P202301924,周秀兰,女,54,4.1010419700320966e+17,城镇职工,焦作市,2022-11-15,在保,2026-07-02
P202300449,张永强,男,40,4.102021984071694e+17,城镇职工,漯河市,2020-04-05,在保,2026-07-02
P202302489,宋永强,男,50,4.1010619740213536e+17,城乡居民,南阳市,2023-11-29,在保,2026-07-02
P202302577,黄佳慧,女,76,4.101051948122026e+17,城镇职工,鹤壁市,2022-04-23,在保,2026-07-02
P202301085,胡艳,女,56,4.104021968080228e+17,城镇职工,洛阳市,2020-09-11,在保,2026-07-02
P202304991,赵军,男,12,4.10402201205236e+17,城乡居民,郑州市,2021-07-26,在保,2026-07-02
P202300362,宋俊杰,男,77,4.10106194705275e+17,城乡居民,鹤壁市,2021-04-11,在保,2026-07-02
P202302184,马杰,男,74,4.103021950050907e+17,城乡居民,洛阳市,2020-03-12,停保,2026-07-02
P202301135,袁秀英,女,45,4.1010419790621734e+17,城镇职工,焦作市,2022-07-30,在保,2026-07-02
P202303957,蔡文彬,男,48,4.103021976120834e+17,灵活就业,周口市,2021-08-05,在保,2026-07-02
P202302156,程建华,男,38,4.101021986052757e+17,城乡居民,开封市,2021-10-09,在保,2026-07-02
P202301831,马超,男,62,4.10106196208102e+17,灵活就业,开封市,2020-08-21,在保,2026-07-02
P202301054,张涛,男,54,4.101051970072356e+17,城乡居民,周口市,2022-02-12,在保,2026-07-02
P202302461,丁萍,女,51,4.105021973081356e+17,城乡居民,焦作市,2023-11-07,在保,2026-07-02
P202300023,萧娟,女,51,4.101031973082688e+17,灵活就业,洛阳市,2020-04-13,在保,2026-07-02
P202302067,吴晨曦,男,6,4.1010320181122995e+17,城乡居民,信阳市,2021-08-08,在保,2026-07-02
P202301654,苏志强,男,43,4.101021981030134e+17,灵活就业,南阳市,2023-03-09,在保,2026-07-02
P202302639,曾美琳,女,31,4.101041993060865e+17,城乡居民,驻马店市,2021-07-28,在保,2026-07-02
P202303277,谢斌,男,71,4.1030219530323136e+17,城乡居民,鹤壁市,2020-05-07,退保,2026-07-02
P202303882,萧波,男,53,4.1010519710310874e+17,灵活就业,驻马店市,2021-05-03,在保,2026-07-02
P202304111,许美琳,女,70,4.107021954020253e+17,城乡居民,安阳市,2020-08-12,在保,2026-07-02
P202302469,周艳,女,62,4.104021962110362e+17,灵活就业,驻马店市,2020-11-01,停保,2026-07-02
P202302326,程超,男,62,4.1030219620314874e+17,城镇职工,信阳市,2021-10-14,在保,2026-07-02
P202300461,邓秀兰,女,85,4.101021939121744e+17,城镇职工,平顶山市,2022-09-14,在保,2026-07-02
P202301068,薛子轩,男,70,4.10402195411218e+17,城镇职工,开封市,2021-05-05,在保,2026-07-02
P202300088,吕紫薇,女,55,4.104021969010728e+17,城乡居民,开封市,2021-08-12,在保,2026-07-02
P202301431,魏嘉伟,男,55,4.10102196903047e+17,城镇职工,郑州市,2022-02-19,在保,2026-07-02
P202302700,傅慧,女,73,4.10105195101279e+17,城乡居民,郑州市,2020-11-06,在保,2026-07-02
P202300283,于军,男,78,4.101051946052803e+17,城乡居民,安阳市,2021-12-14,停保,2026-07-02
P202302484,韩敏,女,36,4.10104198812186e+17,城镇职工,平顶山市,2023-08-26,在保,2026-07-02
P202300463,马文彬,男,37,4.103021987050701e+17,灵活就业,周口市,2022-12-06,在保,2026-07-02
P202300213,袁桂英,女,67,4.101031957030549e+17,城镇职工,漯河市,2021-05-23,在保,2026-07-02
P202303871,袁淑珍,女,24,4.105022000072576e+17,城镇职工,许昌市,2022-12-04,退保,2026-07-02
P202301369,刘浩然,男,42,4.101041982082716e+17,城镇职工,南阳市,2020-11-22,在保,2026-07-02
P202300235,罗晓红,女,88,4.101051936120476e+17,城镇职工,漯河市,2021-05-11,在保,2026-07-02
P202302826,宋天宇,男,80,4.101051944112094e+17,城镇职工,驻马店市,2024-04-02,在保,2026-07-02
P202300598,曾秀兰,女,32,4.1010519920906995e+17,城镇职工,南阳市,2020-05-15,在保,2026-07-02
P202304465,郭莉,女,39,4.1040219850614976e+17,城镇职工,平顶山市,2022-10-20,退保,2026-07-02
P202302251,袁鹏,男,47,4.1040219770505126e+17,城乡居民,焦作市,2021-07-10,在保,2026-07-02
P202304109,萧雪,女,46,4.101061978062781e+17,城镇职工,鹤壁市,2021-11-19,在保,2026-07-02
P202302284,何静,女,32,4.101021992112661e+17,城镇职工,开封市,2021-04-10,在保,2026-07-02
P202300663,萧紫薇,女,49,4.103021975032689e+17,城镇职工,商丘市,2022-08-08,在保,2026-07-02
P202300795,谢梦瑶,女,30,4.10104199409148e+17,城乡居民,开封市,2022-05-28,在保,2026-07-02
P202302286,张超,男,58,4.1010319660115206e+17,城镇职工,鹤壁市,2022-10-21,在保,2026-07-02
P202304765,韩诗涵,女,32,4.10103199211112e+17,城镇职工,信阳市,2022-02-14,在保,2026-07-02
P202303259,邓飞,男,71,4.101031953081061e+17,城镇职工,平顶山市,2022-01-13,在保,2026-07-02
P202302551,韩凤英,女,21,4.107022003121343e+17,城乡居民,南阳市,2020-06-08,在保,2026-07-02
P202303700,曾秀兰,女,45,4.104021979040309e+17,城镇职工,周口市,2021-02-25,在保,2026-07-02
P202300780,徐晨曦,男,61,4.104021963081602e+17,城镇职工,周口市,2021-05-11,在保,2026-07-02
P202304770,袁浩,男,64,4.10502196009023e+17,城乡居民,安阳市,2023-08-02,在保,2026-07-02
P202303495,程浩然,男,59,4.1010619650923744e+17,城乡居民,平顶山市,2022-02-09,在保,2026-07-02
P202303354,蔡梦瑶,女,51,4.107021973040903e+17,城乡居民,周口市,2020-06-23,在保,2026-07-02
P202303263,杨天宇,男,33,4.105021991062671e+17,灵活就业,驻马店市,2021-05-27,在保,2026-07-02
P202304885,徐国强,男,61,4.10302196305271e+17,城乡居民,周口市,2024-04-13,在保,2026-07-02
P202300686,程语嫣,女,62,4.1020219620219776e+17,城乡居民,洛阳市,2020-01-14,在保,2026-07-02
P202303415,吕永强,男,40,4.101051984080494e+17,城镇职工,安阳市,2024-04-28,在保,2026-07-02
P202302803,叶静,女,56,4.101051968101241e+17,城乡居民,开封市,2024-02-28,在保,2026-07-02
P202304473,贾文博,男,73,4.104021951082045e+17,城镇职工,郑州市,2021-11-01,在保,2026-07-02
P202302172,萧莉,女,48,4.102021976031888e+17,城镇职工,漯河市,2022-05-16,在保,2026-07-02
P202303751,张秀英,女,39,4.101021985102763e+17,城乡居民,开封市,2023-07-18,在保,2026-07-02
P202301851,胡波,男,38,4.1010619861013094e+17,城乡居民,漯河市,2020-11-19,在保,2026-07-02
P202300488,曹玲,女,30,4.10702199401131e+17,城镇职工,郑州市,2021-03-17,在保,2026-07-02
P202301689,傅志强,男,55,4.1010519690907386e+17,城乡居民,驻马店市,2023-08-19,在保,2026-07-02
P202302231,梁磊,男,37,4.105021987111271e+17,城乡居民,焦作市,2022-10-23,在保,2026-07-02
P202304940,苏丽,女,24,4.105022000111604e+17,城乡居民,焦作市,2020-11-04,在保,2026-07-02
P202302321,曾斌,男,57,4.1050219670112576e+17,城镇职工,商丘市,2021-04-17,在保,2026-07-02
P202300783,于国强,男,56,4.101031968052143e+17,城镇职工,洛阳市,2022-10-10,在保,2026-07-02
P202300522,沈海涛,男,59,4.104021965092072e+17,城乡居民,安阳市,2020-04-10,在保,2026-07-02
P202300523,王嘉伟,男,38,4.104021986021582e+17,灵活就业,焦作市,2023-02-16,在保,2026-07-02
P202302896,袁永强,男,95,4.101041929061738e+17,城镇职工,安阳市,2022-05-06,在保,2026-07-02
P202304031,魏慧,女,65,4.103021959100884e+17,城镇职工,商丘市,2020-03-07,在保,2026-07-02
P202302399,阎霞,女,53,4.101051971072772e+17,城乡居民,鹤壁市,2022-11-10,在保,2026-07-02
P202302208,赵涛,男,56,4.1030219681002765e+17,城乡居民,信阳市,2020-06-03,在保,2026-07-02
P202303906,贾淑珍,女,44,4.103021980021988e+17,城乡居民,开封市,2021-07-02,在保,2026-07-02
P202303623,马梦瑶,女,14,4.1050220101023834e+17,城乡居民,许昌市,2021-09-06,在保,2026-07-02
P202303811,沈萍,女,32,4.1040219920905606e+17,城乡居民,驻马店市,2022-09-25,退保,2026-07-02
P202302880,沈文博,男,46,4.101021978071241e+17,城镇职工,许昌市,2022-11-02,在保,2026-07-02
P202301512,郑紫薇,女,46,4.104021978111842e+17,城镇职工,南阳市,2020-06-26,在保,2026-07-02
P202301883,杨杰,男,27,4.1010319970212934e+17,城镇职工,鹤壁市,2021-05-29,在保,2026-07-02
P202300652,薛强,男,70,4.101041954032603e+17,灵活就业,驻马店市,2020-08-25,在保,2026-07-02
P202302844,梁萍,女,28,4.1070219961006035e+17,城镇职工,新乡市,2022-09-10,在保,2026-07-02
P202303814,张娜,女,51,4.1040219730310426e+17,城镇职工,新乡市,2023-04-11,在保,2026-07-02
P202300370,程嘉伟,男,36,4.101041988102601e+17,城镇职工,安阳市,2023-05-30,在保,2026-07-02
P202304386,邓伟,男,42,4.107021982041507e+17,城乡居民,洛阳市,2023-07-03,在保,2026-07-02
P202300119,黄永强,男,70,4.1010419540112806e+17,灵活就业,周口市,2021-10-25,在保,2026-07-02
P202303886,马海涛,男,59,4.1010319650327206e+17,城乡居民,洛阳市,2022-02-18,在保,2026-07-02
P202303097,唐艳,女,68,4.101051956021705e+17,灵活就业,新乡市,2023-04-20,停保,2026-07-02
P202302217,许美琳,女,42,4.101061982122082e+17,城镇职工,漯河市,2022-04-27,在保,2026-07-02
P202303613,冯欣怡,女,46,4.1020219781122336e+17,城乡居民,周口市,2020-02-20,在保,2026-07-02
P202301614,张玲,女,48,4.103021976102199e+17,城镇职工,信阳市,2022-05-04,停保,2026-07-02
P202304074,邓辉,男,47,4.1020219770503296e+17,城镇职工,驻马店市,2023-07-25,在保,2026-07-02
P202300963,陈桂英,女,53,4.102021971062528e+17,城乡居民,鹤壁市,2021-04-07,在保,2026-07-02
P202302511,胡伟,男,58,4.101041966101181e+17,城乡居民,鹤壁市,2022-03-22,在保,2026-07-02
P202303618,萧伟,男,44,4.101061980080211e+17,城乡,焦作市,2023-12-12,在保,2026-07-02
P202302881,魏霞,女,9,4.105022015062167e+17,城镇职工,焦作市,2021-05-18,在保,2026-07-02
P202303514,曹波,男,18,4.10302200606204e+17,城乡居民,许昌市,2021-11-16,在保,2026-07-02
P202303095,何莉,女,34,4.103021990071753e+17,城镇职工,信阳市,2022-02-02,在保,2026-07-02
P202302416,董文彬,男,54,4.1010319700914586e+17,城镇职工,信阳市,2020-11-09,在保,2026-07-02
P202304702,吕娜,女,23,4.105022001051817e+17,城镇职工,洛阳市,2022-07-01,在保,2026-07-02
P202304281,阎强,男,87,4.10106193706076e+17,城乡居民,郑州市,2021-07-13,在保,2026-07-02
P202302186,黄娜,女,77,4.105021947090114e+17,城镇职工,新乡市,2020-01-17,在保,2026-07-02
P202304363,林娟,女,54,4.101051970062185e+17,城镇职工,信阳市,2021-05-24,在保,2026-07-02
P202302568,苏婷,女,61,4.101061963031178e+17,城镇职工,鹤壁市,2020-04-18,在保,2026-07-02
P202302038,萧雪,女,40,4.104021984070258e+17,城乡居民,信阳市,2021-03-17,在保,2026-07-02
P202304306,冯婷,女,21,4.1070220030122336e+17,城镇职工,南阳市,2023-08-22,在保,2026-07-02
P202300773,郑霞,女,61,4.105021963010476e+17,城乡居民,开封市,2021-01-08,在保,2026-07-02
P202301285,罗玲,女,35,4.104021989111503e+17,城乡居民,周口市,2023-04-12,在保,2026-07-02
P202304650,叶淑珍,女,45,4.105021979092369e+17,灵活就业,新乡市,2024-02-16,在保,2026-07-02
P202304786,郭美琳,女,44,4.102021980022863e+17,城镇职工,周口市,2020-09-10,停保,2026-07-02
P202304622,卢明,男,81,4.103021943060258e+17,城镇职工,商丘市,2023-08-03,在保,2026-07-02
P202301415,卢飞,男,38,4.105021986010299e+17,城乡居民,南阳市,2021-01-20,在保,2026-07-02
P202301235,卢玉兰,女,35,4.102021989082569e+17,城镇职工,许昌市,2022-05-18,在保,2026-07-02
P202303478,郑雨彤,女,12,4.101062012040707e+17,城乡居民,平顶山市,2023-06-08,停保,2026-07-02
P202300436,薛波,男,51,4.1050219730521146e+17,城乡居民,商丘市,2024-02-02,在保,2026-07-02
P202301675,何辉,男,79,4.101041945030244e+17,城镇职工,鹤壁市,2021-02-24,在保,2026-07-02
P202300366,刘晓红,女,42,4.1010519820512845e+17,城镇职工,驻马店市,2022-03-23,在保,2026-07-02
P202304906,宋超,男,66,4.102021958111451e+17,灵活就业,许昌市,2023-11-09,在保,2026-07-02
P202300232,刘雪,女,53,4.103021971091714e+17,城镇职工,新乡市,2021-06-06,在保,2026-07-02
P202304312,沈志强,男,18,4.101032006061625e+17,城乡居民,平顶山市,2020-06-26,停保,2026-07-02
P202300148,苏海涛,男,26,4.1020219980218694e+17,城镇职工,安阳市,2021-05-31,在保,2026-07-02
P202304444,郑斌,男,62,4.105021962011664e+17,城乡居民,开封市,2021-03-02,在保,2026-07-02
P202300408,张晨曦,男,47,4.1010419771224736e+17,城镇职工,洛阳市,2021-06-04,在保,2026-07-02
P202302091,陈萍,女,55,4.10202196904267e+17,城乡居民,信阳市,2021-06-11,在保,2026-07-02
P202300087,梁敏,女,66,4.1030219580927e+17,灵活就业,信阳市,2022-04-26,在保,2026-07-02
P202300845,周强,男,52,4.1040219720110624e+17,灵活就业,洛阳市,2020-07-27,在保,2026-07-02
P202301032,傅涛,男,19,4.101022005040909e+17,城乡居民,周口市,2020-04-01,在保,2026-07-02
P202302684,贾建华,男,63,4.104021961122465e+17,城乡居民,许昌市,2021-02-27,在保,2026-07-02
P202304609,林明,男,62,4.101061962072572e+17,城镇职工,洛阳市,2021-09-28,在保,2026-07-02
P202302779,魏明,男,48,4.101061976031637e+17,城镇职工,信阳市,2022-02-14,在保,2026-07-02
P202303296,宋飞,男,30,4.103021994092074e+17,城镇职工,周口市,2022-07-10,停保,2026-07-02
P202302907,林欣怡,女,42,4.10202198205048e+17,城乡居民,许昌市,2021-01-11,在保,2026-07-02
P202300856,郑伟,男,39,4.10104198505152e+17,城乡居民,漯河市,2024-04-16,在保,2026-07-02
P202300079,贾萍,女,51,4.1010219730410726e+17,城乡居民,许昌市,2022-07-18,在保,2026-07-02
P202302248,丁佳慧,女,26,4.1020219981226406e+17,城镇职工,鹤壁市,2020-09-23,在保,2026-07-02
P202304616,李建国,男,44,4.104021980091732e+17,城乡居民,信阳市,2023-02-27,在保,2026-07-02
P202303730,叶涛,男,8,4.101022016052698e+17,城乡居民,驻马店市,2020-07-26,在保,2026-07-02
P202304088,丁勇,男,51,4.107021973020891e+17,城镇职工,安阳市,2021-05-03,在保,2026-07-02
P202302969,黄浩,男,17,4.107022007070402e+17,城镇职工,信阳市,2021-12-13,在保,2026-07-02
P202302280,贾玲,女,58,4.1010519660422886e+17,城镇职工,鹤壁市,2021-11-06,在保,2026-07-02
P202302650,郑浩然,男,66,4.101051958022724e+17,城镇职工,开封市,2022-10-21,在保,2026-07-02
P202304202,谢思琪,女,30,4.104021994081522e+17,城镇职工,漯河市,2024-01-19,在保,2026-07-02
P202303947,蒋勇,男,59,4.1010619650217024e+17,城镇职工,鹤壁市,2021-07-22,在保,2026-07-02
P202303497,沈晓红,女,64,4.101031960100851e+17,城镇职工,平顶山市,2021-02-08,停保,2026-07-02
P202302177,张鹏,男,21,4.101042003050773e+17,城镇职工,新乡市,2022-03-31,在保,2026-07-02
P202300425,曹佳慧,女,61,4.1020219630226726e+17,城乡居民,驻马店市,2021-03-26,退保,2026-07-02
P202300393,吴秀英,女,26,4.10103199812241e+17,城乡居民,商丘市,2021-04-18,在保,2026-07-02
P202304775,周娟,女,8,4.101052016071246e+17,城镇职工,新乡市,2022-06-24,在保,2026-07-02
P202303484,袁勇,男,48,4.1010619761028045e+17,城乡居民,新乡市,2020-08-28,在保,2026-07-02
P202300105,沈文博,男,47,4.1010219771024506e+17,城乡居民,平顶山市,2021-04-16,在保,2026-07-02
P202303033,程强,男,58,4.101031966102392e+17,灵活就业,驻马店市,2022-04-01,退保,2026-07-02
P202302623,胡建国,男,51,4.101031973062881e+17,城乡居民,开封市,2021-04-14,在保,2026-07-02
P202303201,周永强,男,53,4.1070219710919635e+17,城乡居民,郑州市,2023-11-07,退保,2026-07-02
P202303896,袁霞,女,68,4.107021956080275e+17,城镇职工,驻马店市,2023-09-03,在保,2026-07-02
P202301949,贾秀英,女,70,4.101021954022214e+17,城乡居民,信阳市,2021-10-04,在保,2026-07-02
P202301460,,男,62,4.101051962040273e+17,城乡居民,南阳市,2021-10-18,在保,2026-07-02
P202303324,曾波,男,54,4.1010619700606195e+17,城乡居民,鹤壁市,2023-03-18,在保,2026-07-02
P202302861,沈婷,女,40,4.101061984062593e+17,城镇职工,商丘市,2021-11-17,在保,2026-07-02
P202302760,刘浩,男,61,4.10104196310252e+17,城镇职工,郑州市,2023-11-28,在保,2026-07-02
P202304839,邓雪,女,74,4.1010419500209126e+17,灵活就业,洛阳市,2020-03-21,在保,2026-07-02
P202301588,徐文博,男,43,4.104021981020848e+17,城镇职工,漯河市,2023-10-09,在保,2026-07-02
P202303733,林静,女,13,4.1010620110623386e+17,城镇职工,洛阳市,2022-11-10,在保,2026-07-02
P202301732,陈娜,女,43,4.103021981090708e+17,城镇职工,商丘市,2021-01-30,在保,2026-07-02
P202304814,赵敏,女,35,4.1020219891015226e+17,城乡居民,开封市,2021-11-03,在保,2026-07-02
P202303787,沈艳,女,55,4.1010319690724275e+17,灵活就业,商丘市,2023-10-04,在保,2026-07-02
P202303755,吴思琪,女,37,4.1030219870226874e+17,灵活就业,周口市,2021-06-25,在保,2026-07-02
P202301792,梁勇,男,52,4.105021972112447e+17,城乡居民,漯河市,2023-09-08,在保,2026-07-02
P202302356,马建华,男,54,4.1010619700525274e+17,城镇职工,平顶山市,2022-10-13,在保,2026-07-02
P202301941,唐文博,男,55,4.1050219690702765e+17,城镇职工,信阳市,2021-01-31,在保,2026-07-02
P202300703,魏军,男,37,4.105021987121638e+17,灵活就业,开封市,2022-06-19,在保,2026-07-02
P202302443,谢志强,男,26,4.104021998010793e+17,城乡居民,驻马店市,2022-04-01,在保,2026-07-02
P202304461,彭浩然,男,71,4.101051953120847e+17,城乡居民,漯河市,2021-01-03,在保,2026-07-02
P202300497,罗娟,女,31,4.1010619930821126e+17,城镇职工,驻马店市,2020-12-15,在保,2026-07-02
P202300465,许秀兰,女,47,4.1070219770522406e+17,城乡居民,南阳市,2023-02-04,在保,2026-07-02
P202303102,袁子轩,男,65,4.107021959101886e+17,城乡居民,周口市,2022-10-12,在保,2026-07-02
P202304378,阎国强,男,86,4.105021938081662e+17,城镇职工,新乡市,2022-03-20,在保,2026-07-02
P202300173,李勇,男,48,4.104021976010507e+17,城乡居民,平顶山市,2023-08-14,在保,2026-07-02
P202304457,彭秀英,女,29,4.105021995071517e+17,城乡居民,信阳市,2022-09-10,在保,2026-07-02
P202304846,李宇航,男,59,4.101021965010116e+17,城乡居民,平顶山市,2022-08-17,在保,2026-07-02
P202302541,傅紫薇,女,37,4.1010219870319846e+17,城乡居民,焦作市,2023-02-19,在保,2026-07-02
P202304810,薛梦瑶,女,42,4.1050219820227776e+17,城镇职工,平顶山市,2022-11-03,在保,2026-07-02
P202303011,蔡梦瑶,女,48,4.101051976022178e+17,城乡居民,平顶山市,2021-04-29,在保,2026-07-02
P202302261,赵文彬,男,57,4.1070219671020934e+17,城镇职工,洛阳市,2020-07-02,在保,2026-07-02
P202302113,傅晨曦,男,50,4.105021974101369e+17,城镇职工,新乡市,2022-09-17,在保,2026-07-02
P202300901,高伟,男,56,4.1010319680508755e+17,城乡居民,平顶山市,2021-05-13,在保,2026-07-02
P202301447,黄永强,男,40,4.1040219840225043e+17,灵活就业,漯河市,2022-02-19,在保,2026-07-02
P202304951,郑佳慧,女,54,4.107021970102199e+17,城镇职工,商丘市,2022-03-25,在保,2026-07-02
P202300742,郑斌,男,26,4.105021998121146e+17,城乡居民,平顶山市,2020-04-16,在保,2026-07-02
P202302294,何建国,男,35,4.105021989071969e+17,灵活就业,开封市,2020-04-27,在保,2026-07-02
P202302453,韩芳,女,48,4.103021976022643e+17,城镇职工,安阳市,2023-01-14,在保,2026-07-02
P202302806,蒋淑珍,女,18,4.10106200605264e+17,灵活就业,开封市,2022-10-09,在保,2026-07-02
P202304129,马晓红,女,36,4.101021988050299e+17,城镇职工,焦作市,2022-02-11,退保,2026-07-02
P202301207,魏伟,男,37,4.1010319871211936e+17,城乡居民,平顶山市,2024-04-17,在保,2026-07-02
P202300510,邓永强,男,35,4.104021989072298e+17,灵活就业,漯河市,2021-10-23,在保,2026-07-02
P202304197,何文博,男,69,4.1010219551023405e+17,城乡居民,洛阳市,2023-07-19,在保,2026-07-02
P202302673,梁伟,男,54,4.107021970031943e+17,灵活就业,南阳市,2022-12-29,停保,2026-07-02
P202302860,何莉,女,53,4.101041971041071e+17,灵活就业,焦作市,2023-06-04,停保,2026-07-02
P202303401,贾超,男,58,4.1010419660220525e+17,城镇职工,平顶山市,2023-04-06,在保,2026-07-02
P202301550,孙美琳,女,72,4.1040219520608403e+17,城乡居民,许昌市,2021-07-08,停保,2026-07-02
P202303334,唐思琪,女,60,4.1010419640407706e+17,城乡居民,郑州市,2020-02-29,在保,2026-07-02
P202302203,罗波,男,62,4.101031962121322e+17,城乡居民,信阳市,2020-01-25,在保,2026-07-02
P202302567,徐梦瑶,女,32,4.101021992082656e+17,城镇职工,驻马店市,2022-07-23,在保,2026-07-02
P202302733,傅国强,男,60,4.101061964032243e+17,灵活就业,新乡市,2022-08-29,退保,2026-07-02
P202302045,曹淑珍,女,35,4.104021989101594e+17,城镇职工,漯河市,2020-07-01,在保,2026-07-02
P202300768,郑永强,男,81,4.10202194309075e+17,城镇职工,漯河市,2022-03-05,在保,2026-07-02
P202304923,卢勇,男,60,4.1070219641120474e+17,城镇职工,许昌市,2020-06-27,在保,2026-07-02
P202303812,谢玲,女,57,4.101041967030144e+17,城乡居民,商丘市,2023-12-04,在保,2026-07-02
P202300422,叶莉,女,81,4.107021943042574e+17,城乡居民,安阳市,2022-07-08,在保,2026-07-02
P202300124,赵佳慧,女,24,4.105022000122822e+17,城乡居民,信阳市,2021-04-12,在保,2026-07-02
P202304205,袁伟,男,51,4.103021973022259e+17,灵活就业,郑州市,2022-09-12,在保,2026-07-02
P202302681,蒋勇,男,62,,城乡居民,洛阳市,2020-10-10,停保,2026-07-02
P202300820,杨敏,女,69,4.1050219550310144e+17,灵活就业,安阳市,2024-04-22,在保,2026-07-02
P202301404,李美琳,女,62,4.105021962012238e+17,城乡居民,开封市,2020-01-04,退保,2026-07-02
P202301383,阎诗涵,女,88,4.104021936021136e+17,城镇职工,驻马店市,2024-02-24,在保,2026-07-02
P202302149,唐军,男,48,4.102021976081263e+17,灵活就业,信阳市,2020-05-16,在保,2026-07-02
P202301576,徐婷,女,49,4.101041975010708e+17,灵活就业,焦作市,2021-09-03,在保,2026-07-02
P202301639,苏宇航,男,87,4.101051937122313e+17,城镇职工,许昌市,2023-10-29,在保,2026-07-02
P202301796,蒋语嫣,女,36,4.101061988041856e+17,城乡居民,新乡市,2020-12-07,在保,2026-07-02
P202304865,杨梦瑶,女,48,4.1010619760409837e+17,城乡居民,新乡市,2022-04-14,在保,2026-07-02
P202300400,蒋文博,男,72,4.1050219521223635e+17,城镇职工,南阳市,2023-09-17,在保,2026-07-02
P202302311,沈军,男,44,4.101051980062105e+17,城乡居民,平顶山市,2023-02-27,在保,2026-07-02
P202300883,邓飞,男,41,4.104021983081559e+17,灵活就业,许昌市,2020-07-05,在保,2026-07-02
P202300643,宋佳慧,女,45,4.1030219790605e+17,城乡居民,驻马店市,2020-10-08,在保,2026-07-02
P202304627,傅莉,女,37,4.1010319871022163e+17,灵活就业,平顶山市,2022-12-31,在保,2026-07-02
P202301353,杨斌,男,59,4.1010319650815424e+17,灵活就业,信阳市,2020-10-02,停保,2026-07-02
P202304347,蔡斌,男,49,4.102021975051167e+17,城镇职工,驻马店市,2021-12-21,在保,2026-07-02
P202304596,朱美琳,女,52,4.1030219721007174e+17,城乡居民,信阳市,2023-07-21,在保,2026-07-02
P202302131,李俊杰,男,57,4.101061967092726e+17,城乡居民,驻马店市,2020-08-01,在保,2026-07-02
P202300983,周勇,男,32,4.101021992110805e+17,城镇职工,南阳市,2023-05-07,在保,2026-07-02
P202300457,程丽,女,48,4.103021976100581e+17,城镇职工,鹤壁市,2024-04-20,在保,2026-07-02
P202303602,黄娟,女,37,4.101031987012077e+17,城镇职工,漯河市,2020-10-13,在保,2026-07-02
P202301080,胡莉,女,65,4.101031959080691e+17,城镇职工,驻马店市,2021-06-02,在保,2026-07-02
P202301951,郑宇航,男,18,4.107022006051565e+17,城乡居民,焦作市,2020-03-06,在保,2026-07-02
P202304359,赵敏,女,60,4.101051964082111e+17,城乡居民,商丘市,2023-10-12,在保,2026-07-02
P202300690,陈萍,女,57,4.107021967081944e+17,城乡居民,商丘市,2023-11-05,在保,2026-07-02
P202302430,唐紫薇,女,43,4.101021981041738e+17,城镇职工,驻马店市,2022-03-28,在保,2026-07-02
P202300642,曾磊,男,80,4.101031944021661e+17,城乡居民,新乡市,2020-05-09,在保,2026-07-02
P202302393,胡思琪,女,23,4.101062001050922e+17,灵活就业,平顶山市,2023-05-03,在保,2026-07-02
P202301954,阎欣怡,女,38,4.1070219860201286e+17,城镇职工,开封市,2020-03-05,停保,2026-07-02
P202302804,阎凤英,女,31,4.1010219930612506e+17,城乡居民,信阳市,2020-07-20,在保,2026-07-02
P202303299,罗辉,男,29,4.1010619951222445e+17,城乡居民,许昌市,2021-04-12,在保,2026-07-02
P202303504,杨伟,男,50,4.105021974070482e+17,灵活就业,平顶山市,2021-05-27,在保,2026-07-02
P202302711,邓语嫣,女,35,4.101061989050102e+17,城镇职工,许昌市,2022-01-20,在保,2026-07-02
P202303405,魏萍,女,57,4.1010219670417344e+17,城镇职工,安阳市,2020-10-27,停保,2026-07-02
P202304816,傅伟,男,45,4.101061979110106e+17,城乡居民,开封市,2024-05-15,停保,2026-07-02
P202302991,蒋思琪,女,77,4.1010319470908794e+17,城乡居民,南阳市,2020-10-22,在保,2026-07-02
P202301885,傅静,女,49,4.101031975031961e+17,城镇职工,信阳市,2020-01-28,停保,2026-07-02
P202300390,冯俊杰,男,39,4.105021985122012e+17,灵活就业,洛阳市,2020-08-05,在保,2026-07-02
P202302495,梁桂英,女,27,4.10202199708121e+17,城乡居民,安阳市,2022-08-21,在保,2026-07-02
P202303182,沈军,男,59,,灵活就业,郑州市,2023-05-26,在保,2026-07-02
P202304728,唐波,男,41,4.101021983011889e+17,城镇职工,漯河市,2023-05-22,在保,2026-07-02
P202300846,马文博,男,58,4.101031966102542e+17,城镇职工,鹤壁市,2023-05-12,在保,2026-07-02
P202300543,马伟,男,59,4.101031965051548e+17,城镇职工,焦作市,2021-03-04,在保,2026-07-02
P202300092,陈辉,男,67,4.103021957062652e+17,城乡居民,鹤壁市,2020-01-06,在保,2026-07-02
P202303967,胡玉兰,女,55,4.1010319690202144e+17,城乡居民,周口市,2021-02-22,在保,2026-07-02
P202301980,蔡勇,男,57,4.101021967030265e+17,城乡居民,郑州市,2021-07-21,停保,2026-07-02
P202304808,彭俊杰,男,61,4.107021963032352e+17,城乡居民,洛阳市,2021-09-06,在保,2026-07-02
P202304727,罗凤英,女,53,4.10105197102211e+17,灵活就业,驻马店市,2022-12-29,在保,2026-07-02
P202303253,杨伟,男,61,4.101041963101637e+17,灵活就业,平顶山市,2023-05-20,在保,2026-07-02
P202302530,袁萍,女,29,4.105021995122823e+17,城镇职工,焦作市,2021-12-26,在保,2026-07-02
P202301677,萧丽,女,71,4.1020219530102784e+17,城乡居民,平顶山市,2020-02-25,在保,2026-07-02
P202301049,郭波,男,76,4.104021948071722e+17,城镇职工,开封市,2020-04-20,在保,2026-07-02
P202301961,宋飞,男,49,4.1010419751112845e+17,城镇职工,洛阳市,2022-10-07,在保,2026-07-02
P202302531,曹浩,男,58,4.101031966032783e+17,城镇职工,洛阳市,2021-10-23,在保,2026-07-02
P202304689,阎玉兰,女,24,4.1020220000224595e+17,城镇职工,南阳市,2022-08-03,在保,2026-07-02
P202300238,张莉,女,53,4.101041971010957e+17,灵活就业,周口市,2024-01-14,在保,2026-07-02
P202303027,胡飞,男,53,4.1030219710625146e+17,城镇职工,安阳市,2020-07-04,在保,2026-07-02
P202303559,谢莉,女,47,4.102021977052312e+17,灵活就业,新乡市,2022-11-19,在保,2026-07-02
P202301134,周凤英,女,58,4.1040219660501165e+17,灵活就业,驻马店市,2022-10-27,在保,2026-07-02
P202301806,黄凤英,女,21,4.101042003042875e+17,城镇职工,漯河市,2020-07-10,在保,2026-07-02
P202304478,郑晓红,女,63,4.1050219610313504e+17,城乡居民,南阳市,2021-10-29,停保,2026-07-02
P202300164,韩文博,男,35,4.1030219890609766e+17,城乡居民,焦作市,2020-05-18,在保,2026-07-02
P202303862,沈淑珍,女,35,4.105021989050147e+17,灵活就业,商丘市,2023-08-16,在保,2026-07-02
P202304758,高俊杰,男,73,4.10102195105075e+17,城乡居民,洛阳市,2023-07-04,在保,2026-07-02
P202303412,王佳慧,女,42,4.101031982012001e+17,城镇职工,驻马店市,2022-11-29,在保,2026-07-02
P202304715,曾敏,女,51,4.1010519730915814e+17,灵活就业,信阳市,2021-02-28,在保,2026-07-02
P202303266,叶强,男,84,4.101041940112843e+17,灵活就业,开封市,2021-12-09,在保,2026-07-02
P202303708,王秀英,女,74,4.1010619500207123e+17,城镇职工,焦作市,2022-01-20,在保,2026-07-02
P202304017,薛凤英,女,41,4.101041983041971e+17,城乡居民,漯河市,2024-03-29,在保,2026-07-02
P202301812,黄文彬,男,52,4.104021972032435e+17,城乡居民,平顶山市,2022-06-15,停保,2026-07-02
P202303174,程永强,男,63,4.1050219610403174e+17,城乡居民,新乡市,2024-01-06,在保,2026-07-02
P202303214,曾丽,女,77,4.1010519471223514e+17,城镇职工,安阳市,2020-01-28,在保,2026-07-02
P202301429,宋永强,男,46,4.1010219780803866e+17,城乡居民,周口市,2022-12-18,在保,2026-07-02
P202303687,杨建国,男,94,4.102021930100807e+17,城乡居民,许昌市,2022-05-23,在保,2026-07-02
P202302857,于国强,男,37,4.101061987101593e+17,城镇职工,洛阳市,2020-02-23,退保,2026-07-02
P202303465,袁娟,女,53,4.101051971112765e+17,城镇职工,漯河市,2022-09-13,在保,2026-07-02
P202304506,徐文博,男,56,4.101061968060419e+17,城乡居民,商丘市,2024-04-21,在保,2026-07-02
P202304697,冯海涛,男,-1,4.107021965011953e+17,城镇职工,安阳市,2021-10-24,在保,2026-07-02
P202302878,冯凤英,女,37,4.101061987101536e+17,城镇职工,安阳市,2020-06-29,在保,2026-07-02
P202301453,张霞,女,54,4.104021970110334e+17,城乡居民,郑州市,2020-09-24,停保,2026-07-02
P202300594,杨俊杰,男,56,4.1040219680215315e+17,城乡居民,信阳市,2021-04-19,停保,2026-07-02
P202302726,傅浩,男,50,4.1010219740528845e+17,城乡居民,郑州市,2020-12-21,在保,2026-07-02
P202300042,于萍,女,53,4.1010319710719194e+17,灵活就业,郑州市,2023-12-22,在保,2026-07-02
P202300561,胡鹏,男,55,4.101061969051517e+17,城镇职工,安阳市,2023-06-09,停保,2026-07-02
P202302996,韩宇航,男,51,4.107021973011974e+17,灵活就业,商丘市,2020-02-01,在保,2026-07-02
P202303104,林婷,女,69,4.1010219550101594e+17,城镇职工,安阳市,2021-04-02,在保,2026-07-02
P202300244,李婷,女,65,4.103021959030494e+17,城乡居民,驻马店市,2020-10-31,在保,2026-07-02
P202301340,陈桂英,女,53,4.1010519711107206e+17,灵活就业,开封市,2022-05-18,退保,2026-07-02
P202302837,赵雨彤,女,84,4.101051940011469e+17,城乡居民,开封市,2024-02-11,在保,2026-07-02
P202303022,吴淑珍,女,41,4.10402198310069e+17,城镇职工,洛阳市,2023-10-04,在保,2026-07-02
P202303873,吕雨彤,女,30,4.1010319940422304e+17,城镇职工,郑州市,2023-02-23,退保,2026-07-02
P202301443,蔡军,男,53,4.101031971010194e+17,城乡居民,焦作市,2020-07-03,在保,2026-07-02
P202300262,谢敏,女,48,4.101051976101818e+17,灵活就业,郑州市,2024-01-29,在保,2026-07-02
P202302820,郑凤英,女,15,4.103022009021461e+17,城乡居民,周口市,2022-04-20,在保,2026-07-02
P202301690,林静,女,45,4.101041979121363e+17,城乡居民,许昌市,2020-12-15,在保,2026-07-02
P202301726,王美琳,女,69,4.103021955110415e+17,城镇职工,周口市,2022-06-08,在保,2026-07-02
P202301204,李鹏,男,59,4.101051965070257e+17,城镇职工,安阳市,2023-10-14,在保,2026-07-02
P202300835,高志强,男,49,4.101021975051693e+17,灵活就业,新乡市,2020-01-15,在保,2026-07-02
P202301867,阎建国,男,68,4.1010619561018586e+17,城镇职工,商丘市,,在保,2026-07-02
P202302497,蔡娜,女,44,4.103021980071226e+17,城镇职工,洛阳市,2020-11-11,在保,2026-07-02
P202302011,薛诗涵,女,21,4.1040220030815136e+17,城镇职工,南阳市,2022-03-30,在保,2026-07-02
P202300341,韩鹏,男,35,4.1010619890306746e+17,城乡居民,许昌市,2023-03-19,在保,2026-07-02
P202303050,于俊杰,男,71,4.1070219531115085e+17,城镇职工,周口市,2020-12-03,退保,2026-07-02
P202301602,徐梦瑶,女,74,4.105021950021662e+17,城乡居民,许昌市,2021-08-04,在保,2026-07-02
P202303065,程佳慧,女,22,4.102022002042861e+17,灵活就业,平顶山市,2020-12-11,在保,2026-07-02
P202304742,苏莉,女,58,4.101021966090599e+17,城镇职工,平顶山市,2022-07-06,在保,2026-07-02
P202300481,程超,男,47,4.104021977102828e+17,城乡居民,开封市,2024-04-14,停保,2026-07-02
P202302883,沈子轩,男,39,4.101021985120883e+17,城镇职工,周口市,2024-03-23,在保,2026-07-02
P202303606,何浩,男,35,4.102021989031447e+17,城镇职工,漯河市,2020-04-20,在保,2026-07-02
P202303978,薛建国,男,76,4.1050219480611264e+17,城镇职工,漯河市,2020-01-20,在保,2026-07-02
P202304843,苏莉,女,62,4.101061962082008e+17,城乡居民,鹤壁市,2023-04-09,在保,2026-07-02
P202304686,高国强,男,61,4.1020219630617734e+17,城镇职工,南阳市,2024-03-01,在保,2026-07-02
P202304833,贾莉,女,60,4.101041964081143e+17,城镇职工,开封市,2023-12-06,在保,2026-07-02
P202304070,林伟,男,68,4.1010619560702106e+17,灵活就业,开封市,2024-03-04,在保,2026-07-02
P202301767,蔡永强,男,89,4.1010419350925344e+17,灵活就业,开封市,2021-12-04,在保,2026-07-02
P202304519,于鹏,男,56,4.103021968062271e+17,城镇职工,洛阳市,2023-09-09,在保,2026-07-02
P202302454,王玲,女,37,4.101041987071302e+17,城镇职工,新乡市,2021-12-24,在保,2026-07-02
P202303340,朱嘉伟,男,82,4.101041942041451e+17,城镇职工,驻马店市,2021-02-26,在保,2026-07-02
P202303890,曹思琪,女,65,4.101031959071552e+17,城镇职工,洛阳市,2022-06-05,退保,2026-07-02
P202304096,贾磊,男,31,4.104021993052873e+17,城乡居民,郑州市,2021-02-14,在保,2026-07-02
P202304725,冯军,男,48,4.1010619760813946e+17,城镇职工,郑州市,2022-06-30,在保,2026-07-02
P202303753,蔡波,男,72,4.101051952031206e+17,城乡居民,许昌市,2023-10-25,退保,2026-07-02
P202301272,马娜,女,60,4.104021964081205e+17,城镇职工,商丘市,2022-01-26,在保,2026-07-02
P202304570,贾梦瑶,女,50,4.101021974052892e+17,城乡居民,信阳市,2020-09-22,在保,2026-07-02
P202304547,吴霞,女,48,4.103021976071518e+17,城镇职工,开封市,2023-03-18,在保,2026-07-02
P202303791,吴超,男,60,4.1040219640303155e+17,城镇职工,郑州市,2020-02-25,在保,2026-07-02
P202304185,马建国,男,41,4.1010219830423386e+17,城镇职工,驻马店市,2021-04-16,在保,2026-07-02
P202300348,彭晨曦,男,24,4.101022000021121e+17,城镇职工,南阳市,2023-11-28,在保,2026-07-02
P202303958,周欣怡,女,45,4.101041979010906e+17,城镇职工,焦作市,2020-10-15,在保,2026-07-02
P202304671,许飞,男,61,4.101041963011422e+17,城乡居民,鹤壁市,2021-06-19,在保,2026-07-02
P202302563,吴超,男,33,4.1010619911226605e+17,城镇职工,驻马店市,2022-11-24,在保,2026-07-02
P202304636,吴浩,男,0,4.1040220241225485e+17,灵活就业,驻马店市,2021-11-01,在保,2026-07-02
P202301424,唐俊杰,男,34,4.101051990021887e+17,灵活就业,新乡市,2020-09-17,在保,2026-07-02
P202300657,冯丽,女,50,4.101051974052016e+17,城乡居民,漯河市,2020-12-14,在保,2026-07-02
P202302103,董梦瑶,女,34,4.101051990061734e+17,城乡居民,商丘市,2022-04-02,在保,2026-07-02
P202300633,吴雨彤,女,47,4.103021977100153e+17,城镇职工,信阳市,2022-06-12,在保,2026-07-02
P202302952,杨思琪,女,63,4.107021961121996e+17,城乡居民,周口市,2022-10-30,在保,2026-07-02
P202302494,梁玉兰,女,75,4.1040219491117414e+17,灵活就业,焦作市,2022-10-19,在保,2026-07-02
P202302666,彭思琪,女,25,4.103021999072021e+17,城乡居民,信阳市,2024-03-26,退保,2026-07-02
P202304128,贾佳慧,女,82,4.10103194209112e+17,城乡居民,郑州市,2024-04-21,在保,2026-07-02
P202304305,郭萍,女,26,4.10103199804145e+17,城乡居民,商丘市,2022-10-10,在保,2026-07-02
P202304624,卢俊杰,男,63,4.102021961021775e+17,城乡居民,许昌市,2021-05-09,在保,2026-07-02
P202303160,彭语嫣,女,55,4.1020219690306323e+17,城乡居民,漯河市,2023-06-13,在保,2026-07-02
P202303668,卢永强,男,60,4.1010619640319597e+17,城镇职工,安阳市,2022-10-28,在保,2026-07-02
P202302501,袁海涛,男,60,4.1010419640126714e+17,城镇职工,许昌市,2020-04-09,在保,2026-07-02
P202301466,蔡浩然,男,60,4.104021964012469e+17,灵活就业,焦作市,2023-04-19,在保,2026-07-02
P202303152,沈萍,女,43,4.105021981071613e+17,城镇职工,商丘市,2021-03-22,在保,2026-07-02
P202300116,刘淑珍,女,55,4.101031969080368e+17,城镇职工,商丘市,2023-08-02,在保,2026-07-02
P202301822,于斌,男,51,4.1010219730708134e+17,灵活就业,鹤壁市,2021-07-30,在保,2026-07-02
P202301495,王玉兰,女,77,4.107021947061792e+17,城乡居民,南阳市,2021-03-11,在保,2026-07-02
P202302402,马莉,女,53,4.102021971101058e+17,城镇职工,漯河市,2023-09-27,停保,2026-07-02
P202301233,郑玲,女,48,4.1020219760903904e+17,城乡居民,鹤壁市,2021-03-14,退保,2026-07-02
P202302662,周勇,男,33,4.104021991021837e+17,城镇职工,开封市,2020-05-26,停保,2026-07-02
P202302818,傅文彬,男,56,4.101031968011408e+17,城乡居民,新乡市,2023-07-18,在保,2026-07-02
P202303439,韩静,女,26,4.1010619980901395e+17,城乡居民,洛阳市,2020-05-19,在保,2026-07-02
P202304619,何慧,女,49,4.107021975060112e+17,城乡居民,鹤壁市,2024-04-07,在保,2026-07-02
P202301154,吕晨曦,男,26,4.101051998061494e+17,城镇职工,新乡市,2021-04-20,在保,2026-07-02
P202304817,赵国强,男,73,4.101021951081851e+17,城镇职工,郑州市,2021-12-01,在保,2026-07-02
P202300058,孙娜,女,44,4.1020219800415334e+17,城镇职工,平顶山市,2022-02-15,在保,2026-07-02
P202303464,薛娟,女,68,4.101061956122182e+17,城乡居民,安阳市,2020-03-04,在保,2026-07-02
P202304333,李秀英,女,63,4.101051961041119e+17,灵活就业,鹤壁市,2022-06-09,在保,2026-07-02
P202304996,冯芳,女,49,4.104021975062112e+17,城乡居民,洛阳市,2021-06-26,在保,2026-07-02
P202301736,唐丽,女,20,4.104022004032441e+17,城镇职工,商丘市,2020-09-23,在保,2026-07-02
P202302824,陈志强,男,24,4.1050220000609594e+17,城乡居民,平顶山市,2020-04-02,在保,2026-07-02
P202302197,魏海涛,男,57,4.1040219670301274e+17,城镇职工,洛阳市,2020-02-10,在保,2026-07-02
P202303624,丁雨彤,女,50,4.1010619740627155e+17,城乡居民,周口市,2021-02-18,停保,2026-07-02
P202302476,杨欣怡,女,62,4.1040219621210746e+17,城乡居民,开封市,2022-10-12,在保,2026-07-02
P202302565,于敏,女,33,4.1010219911217824e+17,城乡居民,驻马店市,,在保,2026-07-02
P202303765,彭斌,男,54,4.1070219700303846e+17,城乡居民,洛阳市,2020-03-25,在保,2026-07-02
P202302609,徐嘉伟,男,66,4.1010319580503123e+17,城乡居民,鹤壁市,2022-12-28,在保,2026-07-02
P202303729,周鹏,男,28,4.103021996091963e+17,城乡居民,商丘市,2021-06-09,在保,2026-07-02
P202300708,董婷,女,81,4.10103194302054e+17,城乡居民,许昌市,2023-04-24,退保,2026-07-02
P202304325,何娜,女,36,4.107021988112869e+17,城镇职工,驻马店市,2023-11-01,退保,2026-07-02
P202301094,阎欣怡,女,50,4.1010319740525306e+17,城乡居民,焦作市,2023-02-17,在保,2026-07-02
P202303633,彭玉兰,女,45,4.107021979110461e+17,城镇职工,开封市,2020-03-16,在保,2026-07-02
P202301377,蒋霞,女,37,4.104021987092086e+17,城镇职工,南阳市,2023-05-27,在保,2026-07-02
P202304964,于慧,女,55,4.10104196907035e+17,城乡居民,南阳市,2021-01-18,在保,2026-07-02
P202300073,王雨彤,女,49,4.1010619750102566e+17,城乡居民,许昌市,2020-09-15,在保,2026-07-02
P202301923,曹鹏,男,30,4.101041994020456e+17,城镇职工,开封市,2021-07-28,在保,2026-07-02
P202303239,程慧,女,53,4.105021971050145e+17,城乡居民,平顶山市,2023-11-28,在保,2026-07-02
P202301765,胡静,女,45,4.1070219790506656e+17,城镇职工,商丘市,2020-09-29,在保,2026-07-02
P202300744,林建国,男,50,4.101041974102242e+17,城乡居民,信阳市,2022-09-06,停保,2026-07-02
P202302938,吕波,男,45,4.107021979070896e+17,城镇职工,漯河市,2020-04-12,在保,2026-07-02
P202301006,曹杰,男,57,4.10104196704195e+17,城乡居民,商丘市,2021-07-31,在保,2026-07-02
P202302669,徐雨彤,女,59,4.101061965031446e+17,城镇职工,鹤壁市,2022-01-25,在保,2026-07-02
P202301191,马丽,女,51,4.101061973081523e+17,城镇职工,安阳市,2021-06-15,退保,2026-07-02
P202304875,卢凤英,女,39,4.1020219850121024e+17,城镇职工,平顶山市,2022-06-19,在保,2026-07-02
P202302602,张磊,男,61,4.105021963020441e+17,灵活就业,安阳市,2023-03-30,在保,2026-07-02
P202301126,黄子轩,男,29,4.105021995122305e+17,城乡居民,驻马店市,2020-10-22,在保,2026-07-02
P202301242,丁丽,女,46,4.107021978121253e+17,灵活就业,商丘市,2022-04-05,在保,2026-07-02
P202302909,李斌,男,41,4.103021983111371e+17,灵活就业,洛阳市,2020-02-05,在保,2026-07-02
P202304173,林斌,男,41,4.1010319830316346e+17,城乡居民,漯河市,2021-06-04,在保,2026-07-02
P202304877,许永强,男,25,4.101041999081405e+17,城镇职工,驻马店市,2024-05-02,在保,2026-07-02
P202300999,袁浩,男,39,4.1050219850510874e+17,城乡居民,安阳市,2023-12-21,在保,2026-07-02
P202303455,黄慧,女,0,4.1030220240911597e+17,灵活就业,开封市,2023-11-06,在保,2026-07-02
P202302685,苏思琪,女,56,4.1010619680720134e+17,城镇职工,驻马店市,2022-01-28,停保,2026-07-02
P202301578,董文博,男,70,4.101041954112631e+17,城乡居民,新乡市,2020-10-18,在保,2026-07-02
P202304840,彭伟,男,38,4.101061986082083e+17,城乡居民,许昌市,2020-04-05,在保,2026-07-02
P202301827,黄强,男,30,4.101031994090404e+17,城乡居民,郑州市,2024-02-17,在保,2026-07-02
P202303921,萧飞,男,83,4.107021941051058e+17,城镇职工,信阳市,2023-08-06,在保,2026-07-02
P202302100,薛玲,女,64,,城乡居民,鹤壁市,2022-06-10,在保,2026-07-02
P202303607,苏美琳,女,35,4.1010219890315744e+17,城乡居民,洛阳市,2020-01-16,在保,2026-07-02
P202300441,赵鹏,男,56,4.101051968061646e+17,城乡居民,周口市,2023-09-12,在保,2026-07-02
P202302587,胡欣怡,女,26,4.1010519980609216e+17,城乡居民,南阳市,2023-01-28,在保,2026-07-02
P202301101,刘凤英,女,67,4.101031957012139e+17,城镇职工,新乡市,2021-08-25,在保,2026-07-02
P202304090,傅明,男,43,4.101061981050278e+17,城乡居民,信阳市,2023-08-08,在保,2026-07-02
P202303122,刘佳慧,女,38,4.10302198608043e+17,灵活就业,信阳市,2022-12-14,在保,2026-07-02
P202300650,郭强,男,62,,城镇职工,信阳市,2020-12-27,在保,2026-07-02
P202301547,罗艳,女,32,4.1050219921114285e+17,城乡居民,周口市,2022-05-18,在保,2026-07-02
P202303807,马飞,男,50,4.1070219740419085e+17,城镇职工,南阳市,2023-11-05,在保,2026-07-02
P202303631,刘秀英,女,60,4.1070219640805715e+17,城镇职工,驻马店市,2020-09-22,停保,2026-07-02
P202304190,卢凤英,女,48,4.101031976092558e+17,城乡居民,平顶山市,2022-06-08,在保,2026-07-02
P202304652,孙天宇,男,61,4.101051963112863e+17,城镇职工,平顶山市,2021-11-07,在保,2026-07-02
P202303815,杨辉,男,27,4.1010519970218714e+17,城镇职工,周口市,2021-05-04,在保,2026-07-02
P202300631,朱萍,女,19,4.104022005120911e+17,城乡居民,洛阳市,2020-05-24,在保,2026-07-02
P202300673,冯莉,女,43,4.102021981081968e+17,城镇职工,鹤壁市,2023-01-28,在保,2026-07-02
P202301250,苏思琪,女,21,4.101022003101316e+17,城乡居民,周口市,2021-03-07,退保,2026-07-02
P202300483,唐语嫣,女,21,4.1010420030804717e+17,城乡居民,信阳市,2021-10-08,在保,2026-07-02
P202301585,吴嘉伟,男,57,4.102021967112345e+17,城乡居民,开封市,2020-10-18,在保,2026-07-02
P202303138,郑艳,女,31,4.101031993122049e+17,城乡居民,新乡市,2020-07-31,退保,2026-07-02
P202304675,李文博,男,64,4.105021960022761e+17,城乡居民,郑州市,2020-06-02,停保,2026-07-02
P202303101,周超,男,37,4.101061987061102e+17,灵活就业,焦作市,2021-08-28,在保,2026-07-02
P202301463,贾军,男,46,4.101031978040687e+17,城乡居民,平顶山市,2021-04-11,在保,2026-07-02
P202304007,吴天宇,男,1,4.1020220230328704e+17,城镇职工,许昌市,2021-11-06,在保,2026-07-02
P202303695,于明,男,65,4.102021959122001e+17,城镇职工,许昌市,2020-03-03,在保,2026-07-02
P202300394,何凤英,女,82,4.1010419420128294e+17,城镇职工,平顶山市,2023-10-18,在保,2026-07-02
P202302579,孙辉,男,55,4.103021969070728e+17,城乡居民,许昌市,2020-04-21,在保,2026-07-02
P202304035,沈鹏,男,35,4.1070219890503846e+17,城镇职工,焦作市,2023-03-02,在保,2026-07-02
P202300050,傅明,男,18,4.101032006080582e+17,灵活就业,商丘市,2022-12-23,退保,2026-07-02
P202304334,韩强,男,53,4.101051971021376e+17,城乡居民,开封市,2024-04-06,在保,2026-07-02
P202303120,罗伟,男,79,4.102021945022372e+17,灵活就业,开封市,2021-10-06,在保,2026-07-02
P202300859,宋嘉伟,男,40,4.1040219840412826e+17,城镇职工,商丘市,2020-12-16,停保,2026-07-02
P202301073,徐丽,女,51,4.101041973111965e+17,城镇职工,鹤壁市,2020-03-05,在保,2026-07-02
P202300720,贾磊,男,48,4.101031976060602e+17,灵活就业,焦作市,2020-03-17,在保,2026-07-02
P202304791,阎慧,女,45,4.103021979031442e+17,城镇职工,许昌市,2024-04-16,停保,2026-07-02
P202302632,李波,男,58,4.1020219660818656e+17,城镇职工,商丘市,2021-04-10,在保,2026-07-02
P202304924,赵天宇,男,75,4.104021949122647e+17,城乡居民,鹤壁市,2021-01-31,在保,2026-07-02
P202301661,宋嘉伟,男,73,4.101031951022626e+17,城镇职工,驻马店市,2024-03-08,在保,2026-07-02
P202301657,梁强,男,53,4.102021971082525e+17,灵活就业,焦作市,2022-10-06,在保,2026-07-02
P202302426,郑雪,女,59,4.101031965062746e+17,城乡居民,安阳市,2024-01-11,在保,2026-07-02
P202303997,郑斌,男,12,4.1020220120815386e+17,城乡居民,周口市,2024-02-06,在保,2026-07-02
P202304273,薛晓红,女,25,4.1070219990404416e+17,城乡居民,郑州市,2022-12-07,在保,2026-07-02
P202304768,韩建华,男,45,4.101041979070138e+17,城镇职工,新乡市,2022-12-10,在保,2026-07-02
P202303376,萧秀英,女,31,4.103021993111714e+17,城镇职工,平顶山市,2024-01-08,在保,2026-07-02
P202304522,阎娟,女,69,4.101021955030701e+17,城镇职工,开封市,2021-03-06,在保,2026-07-02
P202303372,丁丽,女,28,4.104021996051869e+17,城镇职工,信阳市,2020-01-10,在保,2026-07-02
P202304801,杨梦瑶,女,59,4.104021965082794e+17,城乡居民,许昌市,2021-02-08,在保,2026-07-02
P202304169,梁雪,女,67,4.10502195712017e+17,城镇职工,鹤壁市,2022-10-29,在保,2026-07-02
P202302607,朱嘉伟,男,39,4.101021985021181e+17,城乡居民,洛阳市,2023-12-08,停保,2026-07-02
P202301386,梁伟,男,55,4.1070219690517715e+17,城镇职工,安阳市,2024-03-29,在保,2026-07-02
P202303910,吕嘉伟,男,36,4.107021988112319e+17,城镇职工,安阳市,2022-12-09,在保,2026-07-02
P202301400,阎磊,男,38,4.1050219860724166e+17,城乡居民,新乡市,2023-05-16,在保,2026-07-02
P202301196,郭凤英,女,57,4.1050219671125075e+17,城乡居民,漯河市,2020-03-19,在保,2026-07-02
P202301409,吕嘉伟,男,44,4.1040219801118854e+17,城镇职工,平顶山市,2022-07-06,停保,2026-07-02
P202303899,傅杰,男,57,4.101031967121893e+17,城乡居民,开封市,2020-01-23,在保,2026-07-02
P202301799,何莉,女,69,4.1040219551023744e+17,城乡居民,开封市,2022-07-04,在保,2026-07-02
P202301476,谢国强,男,61,4.101031963011538e+17,灵活就业,新乡市,2021-03-04,停保,2026-07-02
P202303283,袁淑珍,女,11,4.1020220130711725e+17,城镇职工,洛阳市,2022-12-06,停保,2026-07-02
P202300036,于勇,男,28,4.102021996011222e+17,城镇职工,商丘市,2020-07-29,在保,2026-07-02
P202303612,曾玲,女,52,4.101031972121723e+17,城镇职工,开封市,2021-07-09,在保,2026-07-02
P202302346,周杰,男,69,4.1040219550203974e+17,城镇职工,新乡市,2022-02-21,停保,2026-07-02
P202304931,苏宇航,男,69,4.101061955062038e+17,城乡居民,平顶山市,2022-06-23,在保,2026-07-02
P202302360,彭飞,男,57,4.1020219671111494e+17,城镇职工,开封市,2020-07-06,在保,2026-07-02
P202302207,李宇航,男,76,4.1070219480803194e+17,城乡居民,商丘市,2022-07-13,在保,2026-07-02
P202304945,程超,男,81,4.101041943040905e+17,城乡居民,信阳市,2020-03-14,在保,2026-07-02
P202301287,韩文彬,男,16,4.101032008021322e+17,灵活就业,洛阳市,2023-03-14,在保,2026-07-02
P202300350,王秀兰,女,46,4.10702197808071e+17,城镇职工,新乡市,2020-12-15,在保,2026-07-02
P202302138,黄海涛,男,77,4.1030219470623123e+17,城乡居民,新乡市,2021-07-09,停保,2026-07-02
P202302692,邓晓红,女,45,4.10106197908045e+17,城镇职工,驻马店市,2021-06-21,在保,2026-07-02
P202303041,梁梦瑶,女,60,4.101031964060641e+17,城乡居民,信阳市,2021-06-01,在保,2026-07-02
P202303190,萧海涛,男,82,4.101061942041294e+17,城镇职工,许昌市,2020-04-27,退保,2026-07-02
P202301682,袁萍,女,49,4.1020219750716045e+17,城乡居民,南阳市,2022-08-15,在保,2026-07-02
P202304100,胡斌,男,51,4.101051973092116e+17,城乡居民,鹤壁市,2020-09-28,在保,2026-07-02
P202301444,胡欣怡,女,26,4.1010519980527066e+17,城镇职工,周口市,2021-10-08,在保,2026-07-02
P202303310,陈雪,女,49,4.102021975032332e+17,城镇职工,许昌市,2023-09-19,停保,2026-07-02
P202301672,杨语嫣,女,43,4.1010419810108755e+17,城乡居民,鹤壁市,2020-08-19,在保,2026-07-02
P202303014,魏佳慧,女,24,4.1010320000903354e+17,城镇职工,郑州市,2021-11-29,在保,2026-07-02
P202301180,谢秀英,女,30,4.105021994021267e+17,城镇职工,周口市,2021-04-16,在保,2026-07-02
P202302799,傅玉兰,女,43,4.101021981112255e+17,灵活就业,焦作市,2020-08-01,在保,2026-07-02
P202301693,徐玉兰,女,65,4.1020219590528896e+17,灵活就业,开封市,2022-04-05,在保,2026-07-02
P202303951,魏晓红,女,59,4.1020219650206176e+17,城乡居民,鹤壁市,2024-03-04,在保,2026-07-02
P202300373,陈桂英,女,76,4.102021948050967e+17,灵活就业,新乡市,2020-11-03,在保,2026-07-02
P202303684,曹文博,男,72,4.1010519521018323e+17,城镇职工,新乡市,2023-02-11,在保,2026-07-02
P202301917,徐淑珍,女,35,4.101021989090855e+17,城乡居民,驻马店市,2023-02-11,在保,2026-07-02
P202301358,蒋静,女,57,4.1010219671226394e+17,城乡居民,平顶山市,2021-02-09,退保,2026-07-02
P202301826,谢玲,女,57,4.101041967040949e+17,城镇职工,开封市,2021-05-29,在保,2026-07-02
P202300787,蒋志强,男,65,4.1010519590320506e+17,城镇职工,平顶山市,2022-05-01,停保,2026-07-02
P202300470,阎俊杰,男,39,4.104021985080121e+17,城职,安阳市,2021-02-02,在保,2026-07-02
P202300141,林军,男,54,4.1010519700320154e+17,城镇职工,开封市,2024-05-01,在保,2026-07-02
P202300789,陈飞,男,48,4.1070219760404576e+17,城镇职工,信阳市,2021-06-12,退保,2026-07-02
P202300324,朱俊杰,男,87,4.101041937022326e+17,灵活就业,南阳市,2022-11-17,在保,2026-07-02
P202300051,叶美琳,女,55,4.105021969072793e+17,城镇职工,信阳市,2020-11-21,在保,2026-07-02
P202300715,韩凤英,女,49,4.1010219750318675e+17,城乡居民,漯河市,2023-12-17,在保,2026-07-02
P202304534,彭凤英,女,34,4.101031990011806e+17,城镇职工,新乡市,2021-06-25,在保,2026-07-02
P202302841,冯霞,女,55,4.1070219690504314e+17,城镇职工,焦作市,2021-01-29,在保,2026-07-02
P202302447,徐雨彤,女,55,4.104021969061948e+17,城镇职工,焦作市,2021-04-18,停保,2026-07-02
P202304863,杨淑珍,女,37,4.107021987112502e+17,城镇职工,开封市,2023-01-26,在保,2026-07-02
P202304464,高美琳,女,70,4.1010519540802714e+17,城镇职工,许昌市,2023-11-29,在保,2026-07-02
P202304642,赵子轩,男,52,4.102021972121681e+17,城镇职工,漯河市,2022-06-04,在保,2026-07-02
P202303077,梁雪,女,63,4.101021961100965e+17,灵活就业,安阳市,2020-11-07,在保,2026-07-02
P202302667,赵慧,女,65,4.101051959111642e+17,城乡居民,周口市,2020-05-26,停保,2026-07-02
P202300407,丁凤英,女,30,4.1010519940111366e+17,城镇职工,驻马店市,2022-12-05,在保,2026-07-02
P202303428,苏国强,男,74,4.101021950012685e+17,灵活就业,洛阳市,2021-10-04,在保,2026-07-02
P202301005,朱莉,女,62,4.103021962031524e+17,城乡居民,焦作市,2020-10-30,停保,2026-07-02
P202303067,沈强,男,81,4.101021943071086e+17,城乡居民,南阳市,2020-05-18,停保,2026-07-02
P202300891,许子轩,男,64,4.101031960112501e+17,城镇职工,开封市,2022-06-21,在保,2026-07-02
P202302412,卢桂英,女,77,4.103021947050676e+17,城乡居民,安阳市,2020-01-24,在保,2026-07-02
P202302546,宋伟,男,57,4.1010419670217683e+17,灵活就业,南阳市,2023-03-02,在保,2026-07-02
P202303505,罗俊杰,男,40,4.1070219841003354e+17,城乡居民,新乡市,2022-12-22,在保,2026-07-02
P202302391,魏文彬,男,-1,4.103022008020682e+17,灵活就业,南阳市,2022-03-13,在保,2026-07-02
P202304018,韩宇航,男,62,4.101031962102529e+17,城镇职工,开封市,2023-07-28,在保,2026-07-02
P202300043,谢斌,男,47,4.102021977101168e+17,城镇职工,许昌市,2021-09-07,在保,2026-07-02
P202302831,何敏,女,19,4.105022005051124e+17,城乡居民,焦作市,2022-03-08,在保,2026-07-02
P202304884,蔡浩,男,58,4.104021966100902e+17,城镇职工,郑州市,2023-09-07,在保,2026-07-02
P202300304,李国强,男,60,4.1010619640402944e+17,城镇职工,平顶山市,2022-03-26,在保,2026-07-02
P202304559,蔡晓红,女,40,4.1010219840825984e+17,城乡居民,开封市,2020-08-11,在保,2026-07-02
P202303821,蒋霞,女,42,4.105021982031197e+17,城镇职工,漯河市,2020-04-04,在保,2026-07-02
P202300665,蔡磊,男,37,4.102021987120253e+17,城乡居民,漯河市,2020-04-15,在保,2026-07-02
P202301178,彭志强,男,48,4.105021976081128e+17,城乡居民,鹤壁市,2023-03-24,在保,2026-07-02
P202302677,马晨曦,男,56,4.1050219681228717e+17,城乡居民,安阳市,2021-12-07,退保,2026-07-02
P202301948,蔡天宇,男,49,4.1010219750723635e+17,城镇职工,漯河市,2021-04-23,在保,2026-07-02
P202302502,李文彬,男,67,4.101061957120322e+17,城乡居民,商丘市,2023-03-30,在保,2026-07-02
P202301474,林建国,男,50,4.101051974071601e+17,灵活就业,商丘市,2020-11-20,在保,2026-07-02
P202303554,韩敏,女,95,4.1020219290127725e+17,城乡居民,驻马店市,2023-02-09,在保,2026-07-02
P202303786,卢国强,男,40,4.107021984060747e+17,城乡居民,郑州市,2020-05-28,退保,2026-07-02
P202302133,吕文彬,男,62,4.101061962120457e+17,城乡居民,南阳市,2021-04-29,在保,2026-07-02
P202301027,王波,男,50,4.1040219740923846e+17,城乡居民,漯河市,2023-03-17,在保,2026-07-02
P202302990,王艳,女,93,4.104021931071048e+17,城镇职工,郑州市,2024-02-08,在保,2026-07-02
P202300962,梁宇航,男,73,4.101021951100808e+17,城镇职工,洛阳市,2022-12-24,在保,2026-07-02
P202302890,马语嫣,女,56,4.1010619680822246e+17,城镇职工,驻马店市,2022-05-14,在保,2026-07-02
P202303276,马慧,女,74,4.103021950122669e+17,城乡居民,南阳市,2020-08-31,停保,2026-07-02
P202302010,刘敏,女,66,4.101041958112769e+17,城乡居民,许昌市,2022-12-19,在保,2026-07-02
P202302150,邓文博,男,20,4.1020220040520096e+17,城乡居民,信阳市,2022-07-19,在保,2026-07-02
P202304680,林娜,女,54,4.102021970110383e+17,灵活就业,洛阳市,2021-02-27,在保,2026-07-02
P202302339,薛玉兰,女,50,4.1070219740706566e+17,城镇职工,开封市,2021-01-10,停保,2026-07-02
P202303966,郑玲,女,56,4.101021968040992e+17,城镇职工,洛阳市,2023-06-10,在保,2026-07-02
P202300305,于雨彤,女,49,4.1050219750920154e+17,城职,洛阳市,2021-09-26,在保,2026-07-02
P202301441,郭子轩,男,61,4.101041963111359e+17,城乡居民,开封市,2022-04-22,在保,2026-07-02
P202301497,宋艳,女,87,,城镇职工,信阳市,2020-02-29,在保,2026-07-02
P202302653,孙天宇,男,59,4.1020219650704384e+17,城乡居民,开封市,2021-11-28,在保,2026-07-02
P202302876,周莉,女,33,4.1010519910824474e+17,城镇职工,漯河市,2020-02-26,退保,2026-07-02
P202300917,卢天宇,男,60,4.103021964122e+17,灵活就业,驻马店市,2021-01-21,停保,2026-07-02
P202304225,胡芳,女,25,4.10104199903188e+17,城乡居民,周口市,2021-04-01,在保,2026-07-02
P202303795,陈诗涵,女,50,4.1010519741113344e+17,灵活就业,开封市,2023-04-19,在保,2026-07-02
P202302773,邓敏,女,46,4.1040219780706016e+17,城乡居民,,2020-05-01,在保,2026-07-02
P202301625,陈杰,男,83,4.1010419410927706e+17,城镇职工,新乡市,2022-09-07,退保,2026-07-02
P202303912,朱海涛,男,53,4.104021971112102e+17,城乡居民,许昌市,2021-06-06,在保,2026-07-02
P202300822,冯晨曦,男,75,4.103021949020221e+17,城镇职工,平顶山市,2023-05-07,在保,2026-07-02
P202303367,蒋涛,男,40,4.1010419840711386e+17,城镇职工,商丘市,2022-07-23,退保,2026-07-02
P202301355,程志强,男,39,4.107021985040522e+17,城乡居民,开封市,2020-10-19,在保,2026-07-02
P202304543,林艳,女,17,4.104022007090646e+17,城乡居民,许昌市,2020-03-20,在保,2026-07-02
P202300851,吴志强,男,38,4.102021986051299e+17,城镇职工,驻马店市,2023-04-16,在保,2026-07-02
P202301001,刘梦瑶,女,75,,灵活就业,商丘市,2023-05-24,退保,2026-07-02
P202304388,卢凤英,女,24,4.1010520000904096e+17,灵活就业,平顶山市,2021-03-03,在保,2026-07-02
P202300019,曾建华,男,33,4.1010519910103725e+17,城镇职工,新乡市,2020-05-18,停保,2026-07-02
P202301638,许敏,女,57,4.107021967092625e+17,城镇职工,焦作市,2020-12-10,在保,2026-07-02
P202301668,蔡俊杰,男,40,4.101031984022516e+17,灵活就业,洛阳市,2020-11-10,在保,2026-07-02
P202300494,薛莉,女,34,4.104021990070619e+17,城乡居民,开封市,2024-01-30,在保,2026-07-02
P202301348,周天宇,男,66,4.101021958012082e+17,城乡居民,鹤壁市,2024-02-24,在保,2026-07-02
P202303019,邓语嫣,女,41,4.1030219830127443e+17,城镇职工,许昌市,2023-04-23,在保,2026-07-02
P202303801,谢诗涵,女,25,4.103021999021715e+17,城乡居民,平顶山市,2023-01-09,在保,2026-07-02
P202303322,黄浩然,男,33,4.101021991032009e+17,城镇职工,驻马店市,2020-06-20,退保,2026-07-02
P202304217,彭斌,男,83,4.101041941082191e+17,城镇职工,平顶山市,2023-05-04,在保,2026-07-02
P202303552,谢超,男,21,4.103022003092654e+17,城乡居民,焦作市,2021-11-24,在保,2026-07-02
P202300688,曾玲,女,43,4.104021981040181e+17,城乡居民,开封市,2021-06-21,在保,2026-07-02
P202303805,朱文博,男,33,4.101021991052328e+17,灵活就业,安阳市,2024-05-17,在保,2026-07-02
P202301609,蒋桂英,女,55,4.107021969120601e+17,灵活就业,安阳市,2022-05-01,在保,2026-07-02
P202304591,陈海涛,男,38,4.101051986022668e+17,城镇职工,商丘市,2021-09-03,在保,2026-07-02
P202303471,胡桂英,女,48,4.104021976092257e+17,城镇职工,驻马店市,2020-02-21,在保,2026-07-02
P202301010,许子轩,男,40,4.101031984040549e+17,城乡居民,漯河市,2022-06-28,在保,2026-07-02
P202302409,唐伟,男,64,4.101031960051005e+17,城镇职工,漯河市,2022-03-27,在保,2026-07-02
P202301093,苏凤英,女,63,4.105021961090859e+17,城乡居民,商丘市,2022-09-30,退保,2026-07-02
P202301328,郭雪,女,47,4.1010619770216134e+17,城镇职工,焦作市,2024-05-06,在保,2026-07-02
P202301678,魏伟,男,77,4.1010419471226656e+17,城镇职工,洛阳市,2020-06-18,在保,2026-07-02
P202302000,魏紫薇,女,36,4.102021988041299e+17,灵活就业,南阳市,2022-01-29,在保,2026-07-02
P202301311,董国强,男,49,4.101051975052676e+17,城乡居民,许昌市,2023-08-25,停保,2026-07-02
P202304699,曹强,男,52,4.101021972030637e+17,城乡居民,焦作市,2021-10-23,停保,2026-07-02
P202301988,冯诗涵,女,59,4.10302196508259e+17,灵活就业,南阳市,2021-04-23,在保,2026-07-02
P202303722,萧凤英,女,80,4.1050219440918995e+17,城乡居民,漯河市,2020-12-03,在保,2026-07-02
P202300345,冯志强,男,41,4.10202198309131e+17,灵活就业,平顶山市,2023-03-29,在保,2026-07-02
P202304229,魏思琪,女,54,4.105021970011849e+17,城镇职工,南阳市,2024-02-24,在保,2026-07-02
P202300987,郭涛,男,77,4.1030219470120205e+17,灵活就业,鹤壁市,2020-04-14,在保,2026-07-02
P202303927,程美琳,女,67,4.101051957011198e+17,城乡居民,鹤壁市,2023-02-16,在保,2026-07-02
P202303881,曹梦瑶,女,55,4.1070219691223014e+17,城镇职工,许昌市,2020-01-12,在保,2026-07-02
P202304357,唐桂英,女,54,4.1040219700514266e+17,城镇职工,新乡市,2024-04-08,停保,2026-07-02
P202304082,林永强,男,37,4.102021987112403e+17,城乡居民,南阳市,2022-06-29,在保,2026-07-02
P202303155,冯涛,男,31,4.1050219931213843e+17,城乡居民,洛阳市,2022-09-11,在保,2026-07-02
P202304636,吴浩,男,0,4.1040220241225485e+17,灵活就业,驻马店市,2021-11-01,在保,2026-07-02
P202301143,朱强,男,47,4.101021977062542e+17,城乡居民,驻马店市,2020-05-27,在保,2026-07-02
P202302359,郭天宇,男,18,4.101052006091475e+17,城乡,洛阳市,2023-08-30,在保,2026-07-02
P202301199,邓文博,男,54,4.101051970011407e+17,城乡居民,驻马店市,2023-06-05,在保,2026-07-02
P202300086,宋斌,男,40,4.1010619841113837e+17,城乡居民,郑州市,2022-07-20,在保,2026-07-02
P202301519,罗诗涵,女,31,4.101031993040102e+17,城镇职工,安阳市,2020-09-04,在保,2026-07-02
P202300517,沈杰,男,59,4.102021965121528e+17,城乡居民,漯河市,2023-02-09,在保,2026-07-02
P202301382,梁浩,男,41,4.101061983030757e+17,城乡居民,商丘市,2021-10-21,在保,2026-07-02
P202302717,傅晓红,女,61,4.101051963061052e+17,灵活就业,许昌市,2021-02-27,在保,2026-07-02
P202304673,赵嘉伟,男,58,4.101031966082067e+17,城镇职工,,2021-10-25,在保,2026-07-02
P202301015,于建国,男,81,4.101041943111415e+17,城镇职工,周口市,2021-08-10,在保,2026-07-02
P202300129,于文博,男,51,4.1070219731022656e+17,城乡居民,郑州市,2023-06-01,停保,2026-07-02
P202301365,吴俊杰,男,71,4.101021953042476e+17,城乡居民,驻马店市,2023-05-15,在保,2026-07-02
P202304889,王天宇,男,54,4.101021970060747e+17,城镇职工,开封市,2023-01-23,退保,2026-07-02
P202304056,宋欣怡,女,53,4.1050219711105414e+17,城乡居民,驻马店市,2023-01-18,在保,2026-07-02
P202303627,冯伟,男,34,4.103021990122798e+17,城乡居民,洛阳市,,在保,2026-07-02
P202300892,丁强,男,59,4.105021965041571e+17,灵活就业,鹤壁市,2023-07-24,在保,2026-07-02
P202302794,吴伟,男,33,4.1050219911118176e+17,城镇职工,平顶山市,2021-04-28,在保,2026-07-02
P202304252,胡凤英,女,53,4.1030219710402605e+17,灵活就业,信阳市,2021-03-25,在保,2026-07-02
P202301360,胡梦瑶,女,53,4.107021971071522e+17,灵活就业,周口市,2021-06-22,在保,2026-07-02
P202300308,黄伟,男,39,4.101021985031697e+17,城乡,驻马店市,2022-11-25,在保,2026-07-02
P202301662,张志强,男,47,4.105021977032278e+17,城乡居民,漯河市,2022-09-29,在保,2026-07-02
P202302432,杨美琳,女,31,4.103021993122021e+17,城镇职工,许昌市,2021-04-29,在保,2026-07-02
P202304012,冯文博,男,24,4.1030220000605523e+17,城镇职工,开封市,2023-12-11,停保,2026-07-02
P202301318,苏凤英,女,44,4.1010419800801325e+17,城镇职工,信阳市,2022-10-12,在保,2026-07-02
P202304348,胡辉,男,21,4.101032003112609e+17,城镇职工,南阳市,2020-07-01,在保,2026-07-02
P202302475,韩宇航,男,55,4.1070219690606637e+17,城镇职工,平顶山市,2021-09-15,在保,2026-07-02
P202302543,苏欣怡,女,46,4.1010519781014816e+17,城镇职工,郑州市,2022-08-13,停保,2026-07-02
P202301247,,女,50,4.1010519741225754e+17,灵活就业,安阳市,2020-04-19,在保,2026-07-02
P202301209,谢飞,男,24,4.105022000120896e+17,城镇职工,郑州市,2020-02-11,在保,2026-07-02
P202300217,冯雨彤,女,36,4.104021988092668e+17,城乡居民,平顶山市,2021-05-21,在保,2026-07-02
P202304337,叶敏,女,20,4.107022004060157e+17,城乡居民,周口市,2023-12-24,在保,2026-07-02
P202304667,黄建华,男,-3,4.101021986022654e+17,城镇职工,安阳市,2022-08-05,在保,2026-07-02
P202301240,吕晨曦,男,79,4.101041945030343e+17,城乡居民,郑州市,2022-06-27,在保,2026-07-02
P202302290,阎紫薇,女,75,4.1050219490705914e+17,城镇职工,开封市,2023-02-10,在保,2026-07-02
P202302741,梁伟,男,57,4.101061967022545e+17,灵活就业,漯河市,2024-05-17,在保,2026-07-02
P202300276,蔡天宇,男,58,4.1070219661003686e+17,城乡居民,焦作市,2020-08-29,在保,2026-07-02
P202300490,黄玉兰,女,65,4.107021959041959e+17,灵活就业,开封市,2024-05-17,在保,2026-07-02
P202301036,杨美琳,女,78,4.1010519460426694e+17,城乡居民,平顶山市,2024-01-11,在保,2026-07-02
P202301230,薛语嫣,女,89,4.1040219350406e+17,城乡居民,新乡市,2020-07-06,停保,2026-07-02
P202304631,傅静,女,22,4.1010220020520666e+17,城镇职工,信阳市,2023-12-28,在保,2026-07-02
P202301009,周明,男,68,4.101061956032161e+17,城乡居民,平顶山市,2020-01-20,退保,2026-07-02
P202304778,萧磊,男,71,4.10402195306118e+17,城乡居民,周口市,2020-08-30,在保,2026-07-02
P202304428,周桂英,女,34,4.107021990040446e+17,城乡居民,鹤壁市,2023-04-01,在保,2026-07-02
P202303248,曹语嫣,女,36,4.102021988030249e+17,灵活就业,商丘市,2020-07-30,在保,2026-07-02
P202302533,邓辉,男,59,4.1010619650502317e+17,城乡居民,驻马店市,2023-01-05,在保,2026-07-02
P202304212,蒋波,男,40,4.101051984022559e+17,城乡居民,开封市,2022-06-22,在保,2026-07-02
P202301059,吕嘉伟,男,59,4.104021965122564e+17,城镇职工,洛阳市,2023-07-21,在保,2026-07-02
P202302167,周鹏,男,35,4.101051989112093e+17,城乡居民,漯河市,2020-06-16,在保,2026-07-02
P202304141,袁子轩,男,61,4.101031963081868e+17,城镇职工,焦作市,2023-02-08,停保,2026-07-02
P202303442,许磊,男,38,4.101041986112366e+17,灵活,鹤壁市,2023-10-23,在保,2026-07-02
P202300282,郭浩然,男,61,4.1020219630927776e+17,城乡,平顶山市,2024-01-12,在保,2026-07-02
P202304442,曹敏,女,54,4.1010619701003603e+17,城镇职工,南阳市,2021-01-30,停保,2026-07-02
P202301317,宋建国,男,30,4.101061994111027e+17,城乡居民,新乡市,2021-11-29,在保,2026-07-02
P202304685,张秀英,女,31,4.1030219930908666e+17,城乡居民,安阳市,2022-03-12,在保,2026-07-02
P202300969,郭秀兰,女,49,4.1010519750521875e+17,城乡居民,安阳市,2022-04-12,在保,2026-07-02
P202303991,曾慧,女,19,4.105022005081977e+17,城乡居民,商丘市,2023-05-27,退保,2026-07-02
P202303998,陈芳,女,44,4.101021980120222e+17,城乡居民,信阳市,2021-02-20,在保,2026-07-02
P202303232,薛文彬,男,13,4.103022011112015e+17,城镇职工,郑州市,2021-11-21,在保,2026-07-02
P202303590,萧婷,女,42,4.1010219820112346e+17,城镇职工,鹤壁市,2024-02-13,在保,2026-07-02
P202300620,卢辉,男,54,4.1010319700106477e+17,城乡居民,信阳市,2021-09-09,在保,2026-07-02
P202304391,傅欣怡,女,59,4.101031965090168e+17,城镇职工,平顶山市,2021-01-01,在保,2026-07-02
P202301743,曾飞,男,51,4.103021973051704e+17,城镇职工,南阳市,2021-07-18,在保,2026-07-02
P202301391,吕志强,男,58,4.103021966091858e+17,城乡居民,南阳市,2021-01-16,在保,2026-07-02
P202304867,赵雨彤,女,53,4.103021971030482e+17,城镇职工,信阳市,2024-03-06,在保,2026-07-02
P202301848,陈建华,男,34,4.1010619900518144e+17,灵活就业,平顶山市,2020-09-03,在保,2026-07-02
P202301580,林勇,男,35,4.101031989051206e+17,灵活就业,信阳市,2022-03-02,停保,2026-07-02
P202301656,蒋诗涵,女,44,4.1070219801012096e+17,灵活就业,信阳市,2023-07-03,在保,2026-07-02
P202302353,冯美琳,女,62,4.101021962072871e+17,灵活就业,平顶山市,2021-05-29,在保,2026-07-02
P202302213,曾辉,男,65,4.104021959080639e+17,城镇职工,郑州市,2021-03-02,在保,2026-07-02
P202302021,于斌,男,51,4.10202197301164e+17,城镇职工,漯河市,2020-04-10,在保,2026-07-02
P202301118,杨天宇,男,48,4.101051976071994e+17,城镇职工,安阳市,2021-03-24,在保,2026-07-02
P202301957,蔡莉,女,11,4.101022013061307e+17,城镇职工,郑州市,2022-04-14,退保,2026-07-02
P202301308,彭紫薇,女,49,4.1010319751107366e+17,城乡居民,信阳市,2023-03-12,停保,2026-07-02
P202302004,罗语嫣,女,44,4.1010319800401466e+17,城镇职工,开封市,2021-05-05,在保,2026-07-02
P202304501,苏晨曦,男,32,4.1010319920102656e+17,城镇职工,南阳市,2022-03-08,在保,2026-07-02
P202300576,何婷,女,10,4.107022014060563e+17,城乡居民,信阳市,2022-11-30,在保,2026-07-02
P202302361,林桂英,女,31,4.1070219930127814e+17,城乡居民,周口市,2024-05-18,在保,2026-07-02
P202304246,刘飞,男,22,4.1020220020512755e+17,城乡居民,信阳市,2021-04-16,在保,2026-07-02
P202304482,张玲,女,55,4.1010319690724576e+17,城镇职工,洛阳市,2021-08-26,在保,2026-07-02
P202301707,赵雪,女,62,4.101051962071749e+17,城镇职工,鹤壁市,2020-02-24,在保,2026-07-02
P202303816,杨军,男,17,4.105022007052202e+17,灵活就业,焦作市,2021-05-30,在保,2026-07-02
P202303541,薛莉,女,55,4.101051969032104e+17,城镇职工,商丘市,2022-01-31,在保,2026-07-02
P202301281,冯永强,男,52,4.1010619720820806e+17,城镇职工,洛阳市,2021-03-29,在保,2026-07-02
P202300862,苏宇航,男,22,4.101042002091991e+17,城镇职工,新乡市,2024-01-29,在保,2026-07-02
P202304188,刘美琳,女,37,4.101051987111918e+17,城镇职工,焦作市,2021-05-09,在保,2026-07-02
P202301802,周勇,男,48,4.1010319760326374e+17,城镇职工,许昌市,2024-01-27,停保,2026-07-02
P202301629,卢桂英,女,51,4.1010219730628474e+17,城镇职工,开封市,2020-07-15,在保,2026-07-02
P202301994,许子轩,男,62,4.10702196211201e+17,城乡居民,漯河市,2022-04-14,在保,2026-07-02
P202302640,吕萍,女,57,4.107021967071028e+17,城镇职工,信阳市,2024-05-03,在保,2026-07-02
P202300270,程敏,女,52,4.104021972060331e+17,城镇职工,平顶山市,2023-12-26,在保,2026-07-02
P202300630,孙凤英,女,69,4.1010519551013184e+17,城镇职工,洛阳市,2020-10-21,在保,2026-07-02
P202303082,孙建国,男,52,4.101041972051425e+17,城乡居民,鹤壁市,2022-05-31,在保,2026-07-02
P202302335,郑敏,女,66,4.107021958010635e+17,城镇职工,许昌市,2023-01-16,在保,2026-07-02
P202302967,魏慧,女,56,4.104021968122682e+17,城乡居民,安阳市,2020-09-11,在保,2026-07-02
P202300301,蒋晨曦,男,35,4.105021989101719e+17,城镇职工,安阳市,2023-08-16,在保,2026-07-02
P202300460,许建国,男,28,4.101031996082213e+17,城乡居民,驻马店市,2020-01-03,停保,2026-07-02
P202301448,徐紫薇,女,60,4.1020219640819584e+17,城镇职工,信阳市,2020-02-10,退保,2026-07-02
P202301473,徐慧,女,47,4.101021977060407e+17,灵活就业,许昌市,2022-09-03,在保,2026-07-02
P202302047,贾娟,女,50,4.10102197410244e+17,城乡居民,周口市,2022-05-23,在保,2026-07-02
P202304272,张建国,男,40,4.101061984020181e+17,城镇职工,洛阳市,2022-01-27,在保,2026-07-02
P202303838,孙嘉伟,男,56,4.103021968021191e+17,城镇职工,周口市,2021-03-20,在保,2026-07-02
P202302114,袁飞,男,31,4.1050219930706406e+17,城乡居民,洛阳市,2021-05-22,在保,2026-07-02
P202300028,曾文彬,男,56,4.10103196807226e+17,城镇职工,驻马店市,2021-10-09,停保,2026-07-02
P202304629,罗语嫣,女,69,4.10302195512131e+17,城镇职工,信阳市,2024-04-03,在保,2026-07-02
P202304568,蒋明,男,-3,4.101041997101647e+17,城乡居民,安阳市,2023-08-10,在保,2026-07-02
P202300838,胡语嫣,女,32,4.1050219921009696e+17,城乡居民,漯河市,2022-07-18,在保,2026-07-02
P202304374,杨艳,女,52,4.101041972082173e+17,城镇职工,新乡市,2020-10-21,在保,2026-07-02
P202303434,沈斌,男,48,4.1010319760914816e+17,城乡居民,洛阳市,2022-09-16,在保,2026-07-02
P202302009,朱超,男,61,4.1010619631206445e+17,城乡居民,平顶山市,2022-08-01,在保,2026-07-02
P202304958,阎天宇,男,69,4.101021955020713e+17,城镇职工,驻马店市,2023-05-21,在保,2026-07-02
P202300504,卢欣怡,女,60,4.101061964070787e+17,城乡居民,开封市,2020-10-06,在保,2026-07-02
P202303955,郭娜,女,39,4.101021985090978e+17,城镇职工,焦作市,2023-03-14,在保,2026-07-02
P202304349,赵艳,女,33,4.101021991020469e+17,城乡居民,信阳市,2021-03-12,在保,2026-07-02
P202300381,阎磊,男,34,4.1010419900621056e+17,城乡,信阳市,2021-07-14,在保,2026-07-02
P202301852,蔡诗涵,女,81,4.101041943102243e+17,城乡居民,漯河市,2022-10-30,在保,2026-07-02
P202301526,蔡勇,男,69,4.101021955091507e+17,城乡居民,开封市,2022-08-06,在保,2026-07-02
P202302366,刘勇,男,77,4.101041947102711e+17,城乡居民,平顶山市,2022-11-24,在保,2026-07-02
P202304723,董辉,男,50,4.1010519740808544e+17,城乡居民,洛阳市,2021-03-22,退保,2026-07-02
P202303053,孙鹏,男,44,4.1040219801215245e+17,城乡居民,许昌市,2022-08-02,在保,2026-07-02
P202302885,傅军,男,0,4.102022024090777e+17,城乡居民,平顶山市,2021-07-20,在保,2026-07-02
P202302341,董丽,女,62,4.1010519621025254e+17,城乡居民,商丘市,2020-01-27,在保,2026-07-02
P202300375,何晓红,女,88,4.10302193612026e+17,城镇职工,鹤壁市,2021-01-23,在保,2026-07-02
P202303327,贾建华,男,49,,灵活就业,平顶山市,2024-04-11,在保,2026-07-02
P202302382,胡芳,女,32,4.107021992090698e+17,城镇职工,新乡市,2023-02-23,停保,2026-07-02
P202304354,梁美琳,女,19,4.103022005070528e+17,城镇职工,开封市,2020-09-16,在保,2026-07-02
P202300940,高慧,女,39,4.101041985101015e+17,城乡居民,周口市,2021-10-17,在保,2026-07-02
P202304655,周莉,女,62,4.103021962020753e+17,城乡居民,信阳市,2020-06-02,在保,2026-07-02
P202304208,薛强,男,0,4.102022024041395e+17,城镇职工,焦作市,2024-01-04,在保,2026-07-02
P202302800,王婷,女,55,4.101031969102508e+17,城镇职工,安阳市,2023-08-09,在保,2026-07-02
P202302148,傅桂英,女,35,4.1070219891110176e+17,城镇职工,开封市,2023-12-30,停保,2026-07-02
P202303892,何紫薇,女,60,4.104021964042502e+17,城镇职工,开封市,2020-03-24,在保,2026-07-02
P202304586,董文彬,男,71,4.1040219530822336e+17,灵活就业,许昌市,2023-08-27,在保,2026-07-02
P202304260,宋雨彤,女,34,4.101051990121882e+17,城镇职工,焦作市,2021-02-04,在保,2026-07-02
P202302069,徐俊杰,男,75,4.1010619490713344e+17,城乡居民,信阳市,2024-03-19,在保,2026-07-02
P202300530,马文彬,男,33,4.1010419910501306e+17,城镇职工,新乡市,2021-10-06,在保,2026-07-02
P202303804,沈文博,男,52,4.105021972030432e+17,城乡居民,平顶山市,2020-02-18,在保,2026-07-02
P202300637,曹秀英,女,64,4.104021960120714e+17,灵活就业,新乡市,2020-02-21,在保,2026-07-02
P202301270,丁桂英,女,72,4.102021952022618e+17,城乡居民,驻马店市,2024-04-04,在保,2026-07-02
P202300186,程娟,女,62,4.103021962051507e+17,城乡居民,开封市,2022-06-19,在保,2026-07-02
P202303893,杨慧,女,35,4.1020219890421875e+17,城乡居民,安阳市,2023-10-11,在保,2026-07-02
P202303245,萧国强,男,46,4.101031978032578e+17,城乡居民,开封市,2023-02-14,在保,2026-07-02
P202304524,吕子轩,男,87,4.101041937080127e+17,城乡居民,郑州市,2024-05-12,在保,2026-07-02
P202301798,薛欣怡,女,35,4.10105198903264e+17,灵活就业,新乡市,2020-02-10,在保,2026-07-02
P202302980,孙思琪,女,53,4.104021971100972e+17,城镇职工,开封市,2022-11-03,停保,2026-07-02
P202301442,薛勇,男,71,4.1040219530620954e+17,城乡居民,驻马店市,2024-02-14,在保,2026-07-02
P202304094,蒋敏,女,53,,城镇职工,漯河市,2021-03-08,在保,2026-07-02
P202304925,许萍,女,58,4.1070219660911616e+17,灵活就业,信阳市,2020-07-22,退保,2026-07-02
P202301536,黄建国,男,21,4.107022003090131e+17,城乡居民,焦作市,2021-05-14,停保,2026-07-02
P202303712,,男,26,4.101031998032622e+17,城乡居民,驻马店市,2020-06-21,在保,2026-07-02
P202303189,谢丽,女,66,4.1010419580322816e+17,城乡居民,漯河市,2020-04-08,在保,2026-07-02
P202301274,罗梦瑶,女,44,4.101031980062404e+17,城镇职工,许昌市,2022-03-22,在保,2026-07-02
P202302468,何天宇,男,50,4.101031974072019e+17,灵活就业,平顶山市,2020-12-24,在保,2026-07-02
P202300608,杨勇,男,27,4.1030219970826714e+17,城乡居民,漯河市,2022-05-21,在保,2026-07-02
P202303456,韩秀英,女,86,4.1030219380705786e+17,城镇职工,南阳市,2022-06-10,在保,2026-07-02
P202301713,梁子轩,男,10,4.101042014040992e+17,城镇职工,焦作市,2020-04-16,在保,2026-07-02
P202302200,叶辉,男,58,4.104021966011975e+17,城乡居民,信阳市,2020-11-05,在保,2026-07-02
P202300956,袁鹏,男,70,4.105021954031497e+17,城镇职工,新乡市,2021-09-07,在保,2026-07-02
P202302580,林秀兰,女,81,4.104021943112884e+17,城乡居民,安阳市,2023-09-17,在保,2026-07-02
P202304610,冯俊杰,男,34,4.103021990060887e+17,城镇职工,新乡市,2020-01-26,在保,2026-07-02
P202304470,郭明,男,56,4.101021968052748e+17,城镇职工,洛阳市,2023-02-14,在保,2026-07-02
P202304316,卢敏,女,68,4.1010519560602976e+17,灵活就业,开封市,2020-05-13,在保,2026-07-02
P202303759,唐文博,男,54,4.101041970081311e+17,城乡居民,南阳市,2021-07-08,在保,2026-07-02
P202300404,杨语嫣,女,50,4.102021974021676e+17,城乡居民,洛阳市,2022-04-06,在保,2026-07-02
P202302072,魏天宇,男,72,4.1030219520812954e+17,城镇职工,信阳市,2022-05-24,在保,2026-07-02
P202304805,林思琪,女,45,4.103021979062714e+17,城镇职工,安阳市,2023-07-23,退保,2026-07-02
P202301978,周永强,男,67,4.101021957050328e+17,灵活就业,信阳市,2021-07-24,在保,2026-07-02
P202300159,丁海涛,男,28,4.101041996030229e+17,城镇职工,许昌市,2020-10-11,在保,2026-07-02
P202301749,唐思琪,女,53,4.101031971081672e+17,灵活就业,南阳市,2022-10-13,在保,2026-07-02
P202302910,徐永强,男,72,4.1010319520718144e+17,城镇职工,鹤壁市,2022-10-28,停保,2026-07-02
P202303605,张丽,女,64,4.103021960021499e+17,城镇职工,焦作市,2022-11-10,在保,2026-07-02
P202300903,薛美琳,女,50,4.1010619740621805e+17,城镇职工,驻马店市,2022-04-29,在保,2026-07-02
P202300353,沈娜,女,65,4.1010319590222355e+17,城镇职工,南阳市,2024-03-29,在保,2026-07-02
P202301231,吴杰,男,39,4.101021985060392e+17,城乡居民,开封市,2022-11-13,在保,2026-07-02
P202304718,高慧,女,71,4.101051953112865e+17,城乡居民,洛阳市,2023-03-15,在保,2026-07-02
P202302141,程静,女,52,4.1030219720306963e+17,城镇职工,洛阳市,2023-06-01,在保,2026-07-02
P202300445,李文博,男,26,4.101021998101942e+17,城乡居民,新乡市,2020-03-16,在保,2026-07-02
P202304999,孙语嫣,女,64,4.101031960050777e+17,城乡居民,周口市,2021-01-29,在保,2026-07-02
P202300755,何杰,男,32,4.1020219920805094e+17,城乡居民,许昌市,2022-12-22,在保,2026-07-02
P202301738,沈天宇,男,30,4.101031994050141e+17,灵活就业,商丘市,2022-12-28,在保,2026-07-02
P202302972,丁静,女,48,4.1020219761026797e+17,城镇职工,商丘市,2023-01-30,在保,2026-07-02
P202300487,韩艳,女,38,4.101041986082601e+17,城镇职工,南阳市,2022-10-20,在保,2026-07-02
P202302921,于雨彤,女,37,4.1070219871027245e+17,灵活就业,新乡市,2022-03-08,在保,2026-07-02
P202300312,王明,男,69,4.1020219550705184e+17,城镇职工,驻马店市,2024-01-02,在保,2026-07-02
P202300549,郑永强,男,56,4.101061968041728e+17,城镇职工,商丘市,2021-06-11,停保,2026-07-02
P202300662,李志强,男,40,4.101041984121588e+17,城乡居民,许昌市,2023-04-10,在保,2026-07-02
P202304811,宋语嫣,女,63,4.1010619610115686e+17,城镇职工,周口市,2020-06-29,在保,2026-07-02
P202301990,罗梦瑶,女,57,4.10302196707077e+17,城镇职工,周口市,2024-04-26,在保,2026-07-02
P202300307,刘明,男,72,4.103021952021563e+17,城镇职工,郑州市,2021-09-25,在保,2026-07-02
P202302336,郭娜,女,60,4.1020219641117805e+17,灵活就业,许昌市,2022-12-15,在保,2026-07-02
P202300695,谢紫薇,女,60,4.1020219640304224e+17,城乡居民,驻马店市,2021-03-28,在保,2026-07-02
P202302357,郑秀兰,女,43,4.10105198109274e+17,城乡,安阳市,2022-07-07,在保,2026-07-02
P202301928,高晓红,女,44,4.102021980070997e+17,城乡居民,信阳市,2020-12-17,在保,2026-07-02
P202300685,董玲,女,28,4.1030219961214144e+17,城镇职工,周口市,2020-06-25,在保,2026-07-02
P202300750,马子轩,男,24,4.103022000031481e+17,城乡居民,郑州市,2021-08-17,退保,2026-07-02
P202303560,薛莉,女,26,4.101051998082048e+17,城乡居民,郑州市,2020-02-04,在保,2026-07-02
P202303313,吴娜,女,87,4.1010219371105485e+17,城乡居民,平顶山市,2023-06-29,停保,2026-07-02
P202301267,蔡婷,女,47,4.1040219770212704e+17,城乡居民,商丘市,2022-04-08,在保,2026-07-02
P202303352,邓波,男,43,4.104021981052213e+17,城乡居民,商丘市,2024-01-28,退保,2026-07-02
P202303600,宋文博,男,45,4.101021979120636e+17,城镇职工,周口市,2022-05-29,在保,2026-07-02
P202304468,傅文彬,男,57,4.101041967122292e+17,灵活就业,郑州市,2020-01-01,在保,2026-07-02
P202304063,谢霞,女,32,4.105021992100632e+17,城镇职工,漯河市,2022-12-21,停保,2026-07-02
P202303084,萧斌,男,29,4.102021995011016e+17,灵活就业,焦作市,2023-05-28,在保,2026-07-02
P202303062,唐鹏,男,44,4.101061980082834e+17,灵活就业,周口市,2020-01-27,停保,2026-07-02
P202303026,韩国强,男,43,4.10106198112087e+17,灵活就业,南阳市,2023-06-07,在保,2026-07-02
P202300971,王秀兰,女,52,4.1010419720816525e+17,城乡居民,许昌市,2020-09-12,在保,2026-07-02
P202300014,袁紫薇,女,15,4.101032009111086e+17,城镇职工,周口市,2021-02-11,在保,2026-07-02
P202300874,谢勇,男,36,4.101041988052401e+17,城乡居民,平顶山市,2023-09-11,在保,2026-07-02
P202300809,袁勇,男,72,4.1040219520323526e+17,城乡居民,洛阳市,2023-11-23,在保,2026-07-02
P202303199,邓莉,女,43,4.101021981021267e+17,城乡居民,开封市,2020-08-26,在保,2026-07-02
P202300515,曹明,男,39,4.1050219851125357e+17,城镇职工,许昌市,2021-01-30,在保,2026-07-02
P202304518,卢飞,男,56,4.1010319681008915e+17,城乡居民,南阳市,,在保,2026-07-02
P202300410,张晓红,女,59,4.1070219650225914e+17,城乡居民,信阳市,2023-09-10,在保,2026-07-02
P202304154,林凤英,女,36,4.1010619880922784e+17,城乡居民,平顶山市,2020-10-05,停保,2026-07-02
P202304387,许玲,女,37,4.1070219870918803e+17,城镇职工,驻马店市,2020-01-07,在保,2026-07-02
P202300208,梁玲,女,59,4.101031965111924e+17,城乡居民,许昌市,2024-01-20,停保,2026-07-02
P202303290,孙慧,女,44,4.104021980121303e+17,城镇职工,开封市,2020-01-13,在保,2026-07-02
P202300459,胡建国,男,40,4.105021984111485e+17,灵活就业,周口市,2020-07-16,在保,2026-07-02
P202303542,吴秀兰,女,76,4.101021948022437e+17,城乡居民,新乡市,2023-08-22,在保,2026-07-02
P202302431,苏雨彤,女,60,4.104021964091801e+17,城乡居民,南阳市,2021-10-20,在保,2026-07-02
P202304651,董国强,男,45,4.104021979011703e+17,城乡居民,新乡市,2022-11-02,在保,2026-07-02
P202300111,曾淑珍,女,15,4.102022009022224e+17,城乡居民,郑州市,2023-06-22,停保,2026-07-02
P202303820,于晓红,女,28,4.101051996110783e+17,城乡居民,许昌市,2023-03-23,在保,2026-07-02
P202301108,曹文博,男,31,4.101031993012702e+17,城镇职工,商丘市,2021-08-18,在保,2026-07-02
P202301884,刘芳,女,39,4.1050219850104486e+17,城乡居民,驻马店市,2022-03-22,在保,2026-07-02
P202301714,于国强,男,65,4.1040219590725574e+17,城镇职工,周口市,2021-03-07,退保,2026-07-02
P202304037,于娜,女,59,4.1030219650327744e+17,灵活就业,周口市,2021-10-17,停保,2026-07-02
P202303468,罗杰,男,52,4.102021972081779e+17,灵活就业,平顶山市,2022-06-10,在保,2026-07-02
P202300553,卢嘉伟,男,71,4.101041953060357e+17,城乡居民,许昌市,2020-08-30,在保,2026-07-02
P202301440,傅美琳,女,63,4.103021961091418e+17,城镇职工,郑州市,2023-11-22,在保,2026-07-02
P202302271,郑凤英,女,56,4.105021968010117e+17,灵活就业,商丘市,2021-08-23,在保,2026-07-02
P202303145,叶霞,女,57,4.103021967042761e+17,城镇职工,许昌市,2023-05-05,在保,2026-07-02
P202302822,唐建国,男,65,4.101041959120212e+17,灵活就业,商丘市,2020-01-27,在保,2026-07-02
P202304831,叶波,男,65,4.1010419591022995e+17,城乡居民,许昌市,2022-03-19,在保,2026-07-02
P202301926,蔡玲,女,33,4.10102199106148e+17,城镇职工,开封市,2020-01-06,在保,2026-07-02
P202300635,苏海涛,男,31,4.105021993060386e+17,城镇职工,平顶山市,2024-04-18,在保,2026-07-02
P202304855,邓梦瑶,女,71,4.1030219531227315e+17,城镇职工,安阳市,2022-08-26,停保,2026-07-02
P202300317,李娟,女,62,4.101021962060178e+17,城乡居民,鹤壁市,2024-02-20,在保,2026-07-02
P202304261,吕梦瑶,女,67,4.103021957090789e+17,城乡居民,焦作市,2020-03-09,在保,2026-07-02
P202304748,袁桂英,女,30,4.101051994081866e+17,城镇职工,南阳市,2023-12-09,在保,2026-07-02
P202301329,吴国强,男,28,4.101051996090345e+17,城镇职工,焦作市,2023-03-18,在保,2026-07-02
P202300428,卢文彬,男,62,4.1010519620122906e+17,灵活就业,南阳市,2020-08-20,在保,2026-07-02
P202303443,胡强,男,52,4.102021972102876e+17,城镇职工,平顶山市,2022-10-11,在保,2026-07-02
P202300106,高梦瑶,女,57,4.101061967112574e+17,城镇职工,商丘市,2020-07-17,停保,2026-07-02
P202303042,高文博,男,52,4.101021972081893e+17,城乡居民,安阳市,2024-02-14,在保,2026-07-02
P202300143,陈慧,女,21,4.101062003051906e+17,城镇职工,驻马店市,2020-05-31,在保,2026-07-02
P202302170,叶秀兰,女,58,4.101031966021925e+17,城乡居民,信阳市,2023-01-08,在保,2026-07-02
P202303397,罗玲,女,59,4.10104196502125e+17,城乡居民,平顶山市,2021-03-31,在保,2026-07-02
P202300090,高俊杰,男,59,4.104021965022185e+17,灵活就业,信阳市,2024-01-07,在保,2026-07-02
P202302919,于淑珍,女,51,4.10106197304021e+17,灵活就业,焦作市,2023-07-08,在保,2026-07-02
P202303238,何凤英,女,27,4.101061997060637e+17,城镇职工,新乡市,2022-07-16,在保,2026-07-02
P202302242,胡晨曦,男,60,4.103021964021209e+17,城镇职工,郑州市,2023-09-03,停保,2026-07-02
P202303175,叶晓红,女,31,4.1020219930306003e+17,城镇职工,开封市,2020-01-14,在保,2026-07-02
P202303481,高玲,女,44,4.1070219800812755e+17,城镇职工,许昌市,2021-12-29,在保,2026-07-02
P202302164,吕紫薇,女,70,4.1070219541215597e+17,灵活就业,信阳市,2020-12-15,在保,2026-07-02
P202302637,陈欣怡,女,53,4.1020219710715245e+17,城镇职工,信阳市,2024-03-28,在保,2026-07-02
P202301950,刘芳,女,49,4.103021975120208e+17,城镇职工,洛阳市,2021-11-21,在保,2026-07-02
P202301769,傅天宇,男,52,4.1020219720121504e+17,城镇职工,安阳市,2022-03-02,停保,2026-07-02
P202303350,苏思琪,女,47,4.102021977101269e+17,城镇职工,平顶山市,2022-05-18,在保,2026-07-02
P202302273,彭思琪,女,37,4.105021987062847e+17,城乡居民,南阳市,2023-09-26,在保,2026-07-02
P202300002,杨涛,男,47,4.10702197701182e+17,城镇职工,南阳市,2021-03-27,在保,2026-07-02
P202304603,郑磊,男,79,4.101031945010709e+17,城乡居民,南阳市,2022-07-16,在保,2026-07-02
P202302469,周艳,女,62,4.104021962110362e+17,灵活就业,驻马店市,2020-11-01,停保,2026-07-02
P202301952,曹军,男,72,4.101051952031561e+17,城乡居民,郑州市,2021-12-25,在保,2026-07-02
P202300936,卢梦瑶,女,40,4.103021984040826e+17,城乡居民,安阳市,2020-06-28,在保,2026-07-02
P202304341,马国强,男,66,4.101051958061545e+17,城镇职工,安阳市,2020-06-15,在保,2026-07-02
P202302721,魏志强,男,85,4.101061939010283e+17,城乡居民,许昌市,2024-02-13,在保,2026-07-02
P202303544,唐玉兰,女,30,4.101021994040145e+17,城镇职工,商丘市,,在保,2026-07-02
P202301110,蒋慧,女,84,4.104021940012736e+17,城镇职工,许昌市,2021-11-14,停保,2026-07-02
P202303660,高霞,女,89,4.101021935101185e+17,城镇职工,信阳市,2023-11-04,在保,2026-07-02
P202300592,刘静,女,41,4.1010219830213056e+17,城镇职工,南阳市,2022-03-13,在保,2026-07-02
P202301696,谢明,男,84,4.105021940090685e+17,城乡居民,焦作市,2024-01-25,退保,2026-07-02
P202303519,阎志强,男,73,4.102021951041822e+17,城乡居民,许昌市,2022-12-28,在保,2026-07-02
P202302937,高霞,女,39,4.102021985060378e+17,城乡居民,平顶山市,,在保,2026-07-02
P202304248,蒋子轩,男,89,4.101031935030762e+17,灵活就业,新乡市,2020-04-23,在保,2026-07-02
P202303480,吕斌,男,74,4.104021950010303e+17,城乡居民,许昌市,2021-02-25,在保,2026-07-02
P202301577,韩淑珍,女,20,4.1010220040616205e+17,城镇职工,新乡市,2022-06-10,在保,2026-07-02
P202304033,胡伟,男,29,,城镇职工,商丘市,2023-12-24,在保,2026-07-02
P202300214,林凤英,女,61,4.1020219630519744e+17,城乡居民,郑州市,2021-06-19,在保,2026-07-02
P202300779,于俊杰,男,48,4.105021976040331e+17,城乡居民,开封市,2022-08-28,在保,2026-07-02
P202301416,蔡文博,男,66,4.1050219580928186e+17,城镇职工,焦作市,2023-10-26,在保,2026-07-02
P202303833,叶子轩,男,68,4.1010519560317056e+17,城乡居民,商丘市,2023-03-03,在保,2026-07-02
P202302044,马慧,女,52,4.1010219720105434e+17,城镇职工,信阳市,2022-03-21,在保,2026-07-02
P202302849,谢敏,女,39,4.1050219850714925e+17,灵活就业,安阳市,2024-02-07,在保,2026-07-02
P202304583,卢欣怡,女,49,4.1030219750313683e+17,城镇职工,开封市,2022-06-27,在保,2026-07-02
P202303576,傅建华,男,55,4.1050219690510976e+17,城乡居民,驻马店市,2020-07-22,在保,2026-07-02
P202303887,李超,男,10,4.1010520140309715e+17,灵活就业,驻马店市,2021-04-23,在保,2026-07-02
P202301568,高斌,男,59,4.105021965020889e+17,城镇职工,周口市,2020-04-16,在保,2026-07-02
P202300166,贾慧,女,57,4.1010419670223795e+17,城乡居民,郑州市,2021-08-23,在保,2026-07-02
P202304763,王永强,男,62,4.1040219621124774e+17,灵活就业,平顶山市,2021-11-29,在保,2026-07-02
P202303656,赵磊,男,56,4.104021968012819e+17,城镇职工,信阳市,2022-01-26,在保,2026-07-02
P202304977,袁诗涵,女,74,4.104021950051574e+17,城镇职工,开封市,2024-03-01,在保,2026-07-02
P202301344,薛桂英,女,71,4.101051953022652e+17,城镇职工,信阳市,2021-06-06,在保,2026-07-02
P202302014,张伟,男,33,4.1040219911106746e+17,灵活就业,洛阳市,2021-09-25,在保,2026-07-02
P202300274,沈军,男,50,4.105021974031233e+17,城乡居民,信阳市,2020-08-21,在保,2026-07-02
P202300072,魏莉,女,77,4.10502194710101e+17,灵活就业,安阳市,2021-04-10,在保,2026-07-02
P202303965,曹凤英,女,39,4.104021985042843e+17,城乡,平顶山市,2022-07-23,在保,2026-07-02
P202301088,魏玲,女,54,4.102021970070357e+17,城镇职工,信阳市,2023-06-08,在保,2026-07-02
P202300395,赵文博,男,71,4.101021953012814e+17,城乡居民,焦作市,2022-01-02,停保,2026-07-02
P202300584,孙萍,女,90,4.101061934122832e+17,城镇职工,安阳市,2022-04-27,在保,2026-07-02
P202301368,程凤英,女,33,4.101061991010326e+17,城镇职工,商丘市,2021-09-30,在保,2026-07-02
P202304316,卢敏,女,68,4.1010519560602976e+17,灵活就业,开封市,2020-05-13,在保,2026-07-02
P202304690,李霞,女,41,4.1030219831106675e+17,城镇职工,商丘市,2023-07-29,停保,2026-07-02
P202302549,马思琪,女,68,4.101051956042596e+17,城乡居民,平顶山市,2020-11-06,在保,2026-07-02
P202301014,赵鹏,男,37,4.107021987060437e+17,城镇职工,漯河市,2020-03-29,在保,2026-07-02
P202304948,张文博,男,25,4.102021999082398e+17,城镇职工,鹤壁市,2021-02-18,停保,2026-07-02
P202303004,阎天宇,男,83,4.101031941010675e+17,城乡居民,安阳市,2020-04-06,停保,2026-07-02
P202304838,程敏,女,36,4.101021988070244e+17,城职,商丘市,2021-04-30,在保,2026-07-02
P202304595,高婷,女,49,4.101021975112643e+17,灵活就业,洛阳市,2023-06-11,在保,2026-07-02
P202304526,梁慧,女,70,4.107021954071421e+17,城乡居民,,2020-02-29,在保,2026-07-02
P202301764,郭晨曦,男,21,4.1020220030609254e+17,城乡居民,漯河市,2022-12-08,在保,2026-07-02
P202301876,孙娜,女,75,4.1030219490722886e+17,城镇职工,平顶山市,2024-02-25,停保,2026-07-02
P202301260,孙鹏,男,48,4.101041976042821e+17,城镇职工,洛阳市,2024-01-23,在保,2026-07-02
P202303345,薛浩然,男,32,4.101031992061518e+17,城镇职工,洛阳市,2023-12-18,在保,2026-07-02
P202304576,谢浩然,男,46,4.1050219781209235e+17,城乡居民,商丘市,2021-12-19,停保,2026-07-02
P202302254,蒋雨彤,女,49,4.101061975112709e+17,城镇职工,洛阳市,2023-10-05,在保,2026-07-02
P202302782,蒋国强,男,38,4.101031986112111e+17,城乡居民,郑州市,2022-04-15,在保,2026-07-02
P202303666,贾紫薇,女,27,4.105021997021566e+17,灵活就业,洛阳市,2023-09-27,在保,2026-07-02
P202300527,徐宇航,男,20,4.1030220040911674e+17,城镇职工,驻马店市,2023-05-13,在保,2026-07-02
P202304036,魏永强,男,67,4.1010419570418554e+17,城镇职工,商丘市,2022-05-07,退保,2026-07-02
P202302947,唐嘉伟,男,51,4.1010619731019066e+17,城乡居民,周口市,2023-11-15,在保,2026-07-02
P202300378,郑明,男,53,4.1010619710726906e+17,城乡居民,焦作市,2021-06-17,在保,2026-07-02
P202301560,董艳,女,45,4.1010319790723456e+17,城镇职工,开封市,2024-02-22,停保,2026-07-02
P202303895,邓辉,男,42,4.1010419820910426e+17,城乡居民,信阳市,2020-05-07,在保,2026-07-02
P202301964,陈伟,男,61,4.1010219631002656e+17,城乡居民,鹤壁市,2023-10-18,在保,2026-07-02
P202304782,彭语嫣,女,55,4.104021969091424e+17,城镇职工,漯河市,2020-06-10,退保,2026-07-02
P202300349,蒋玲,女,37,4.101031987011359e+17,城镇职工,鹤壁市,2022-10-02,在保,2026-07-02
P202302435,彭杰,男,54,4.101031970102363e+17,城镇职工,驻马店市,2024-01-20,在保,2026-07-02
P202302247,薛永强,男,33,4.1040219911106406e+17,城镇职工,郑州市,2022-11-09,在保,2026-07-02
P202304862,谢海涛,男,35,4.1070219891212704e+17,灵活就业,新乡市,2024-05-11,在保,2026-07-02
P202301710,谢海涛,男,32,4.102021992041696e+17,城镇职工,南阳市,,退保,2026-07-02
P202301051,郑晓红,女,38,4.1030219860118803e+17,城乡居民,新乡市,2020-06-08,在保,2026-07-02
P202300591,傅桂英,女,51,4.101061973100817e+17,城镇职工,安阳市,2023-06-09,停保,2026-07-02
P202300520,邓永强,男,63,4.105021961032029e+17,城乡居民,南阳市,2023-08-05,在保,2026-07-02
P202303381,吕斌,男,88,4.1040219360522886e+17,城镇职工,平顶山市,2021-11-27,在保,2026-07-02
P202304539,魏雪,女,46,4.101051978081718e+17,城镇职工,许昌市,2021-05-08,在保,2026-07-02
P202304166,郑娜,女,64,4.1010419601223955e+17,城乡居民,漯河市,2021-10-23,在保,2026-07-02
P202302478,于俊杰,男,76,4.101021948042341e+17,城镇职工,平顶山市,2022-11-07,在保,2026-07-02
P202301084,赵建华,男,87,4.107021937110359e+17,城镇职工,商丘市,2024-03-28,在保,2026-07-02
P202303662,赵淑珍,女,36,4.1010419880209645e+17,城镇职工,许昌市,2020-12-29,在保,2026-07-02
P202304828,朱莉,女,64,4.103021960051826e+17,城镇职工,信阳市,2021-01-24,在保,2026-07-02
P202304555,曾宇航,男,48,4.1010619761026035e+17,城镇职工,漯河市,2020-06-20,在保,2026-07-02
P202301295,朱国强,男,51,4.1010519731120454e+17,城乡居民,平顶山市,2020-12-28,退保,2026-07-02
P202301810,魏勇,男,130,4.1010419580228704e+17,城镇职工,南阳市,2022-08-13,在保,2026-07-02
P202300792,袁军,男,53,4.101031971041216e+17,城镇职工,许昌市,2022-06-23,在保,2026-07-02
P202300793,魏语嫣,女,54,4.102021970062714e+17,城镇职工,鹤壁市,2021-02-17,在保,2026-07-02
P202304376,孙娜,女,61,4.1010519630809114e+17,城镇职工,商丘市,2022-11-06,在保,2026-07-02
P202301856,曾佳慧,女,37,4.1030219870310656e+17,灵活就业,漯河市,2023-05-23,停保,2026-07-02
P202304807,叶浩然,男,36,4.1030219880822176e+17,城乡居民,安阳市,2021-09-11,在保,2026-07-02
P202301981,高文博,男,32,4.104021992081287e+17,城镇职工,许昌市,2020-07-30,在保,2026-07-02
P202303234,董欣怡,女,84,4.1040219400111296e+17,城镇职工,驻马店市,2021-10-25,在保,2026-07-02
P202303986,谢诗涵,女,12,4.103022012022843e+17,城镇职工,驻马店市,2023-04-07,停保,2026-07-02
P202303454,彭秀英,女,39,4.10202198504021e+17,灵活就业,鹤壁市,2021-08-08,在保,2026-07-02
P202303329,郭宇航,男,30,4.1020219940701984e+17,城镇职工,洛阳市,2021-06-08,停保,2026-07-02
P202301531,曹玉兰,女,52,4.103021972012354e+17,城乡居民,商丘市,2023-01-18,在保,2026-07-02
P202301411,蒋雨彤,女,73,4.107021951022853e+17,城乡居民,商丘市,2023-09-03,在保,2026-07-02
P202304339,程宇航,男,12,4.1020220120309114e+17,城镇职工,商丘市,2020-02-27,在保,2026-07-02
P202304696,,女,46,4.102021978070914e+17,城镇职工,许昌市,2020-10-11,在保,2026-07-02
P202300084,沈娜,女,40,4.101041984081767e+17,城乡居民,漯河市,2021-07-23,在保,2026-07-02
P202300869,高敏,女,61,4.102021963011821e+17,城镇职工,新乡市,,在保,2026-07-02
P202302351,马雨彤,女,69,4.103021955050596e+17,城镇职工,许昌市,2020-07-22,在保,2026-07-02
P202300021,冯艳,女,76,4.103021948061442e+17,城镇职工,鹤壁市,2024-02-02,在保,2026-07-02
P202303493,宋建国,男,58,4.101061966101809e+17,城乡居民,驻马店市,2023-09-09,在保,2026-07-02
P202302796,许国强,男,34,4.101031990112349e+17,城乡居民,许昌市,2022-02-18,在保,2026-07-02
P202304618,董辉,男,0,4.101042024120801e+17,灵活就业,周口市,2023-12-31,在保,2026-07-02
P202301563,郑淑珍,女,6,4.101062018041361e+17,城镇职工,郑州市,2023-11-06,停保,2026-07-02
P202303094,赵梦瑶,女,57,4.101061967101821e+17,城镇职工,信阳市,2020-06-11,在保,2026-07-02
P202303156,李勇,男,20,4.101062004022364e+17,城镇职工,周口市,2021-05-03,在保,2026-07-02
P202300974,于志强,男,38,4.1020219860211936e+17,城镇职工,鹤壁市,2023-01-09,停保,2026-07-02
P202301711,邓天宇,男,69,4.101041955072587e+17,城镇职工,郑州市,2021-01-30,停保,2026-07-02
P202303202,郭淑珍,女,57,4.101031967120875e+17,灵活就业,周口市,2024-03-26,在保,2026-07-02
P202304060,冯建国,男,45,4.1010519790226624e+17,城镇职工,开封市,2024-01-22,在保,2026-07-02
P202304869,邓慧,女,52,4.1010419721028346e+17,城镇职工,南阳市,2023-10-08,在保,2026-07-02
P202301099,吴浩,男,66,4.1010319580401914e+17,灵活就业,开封市,2021-06-30,在保,2026-07-02
P202304204,罗天宇,男,32,4.1040219921003264e+17,城乡居民,信阳市,2022-09-04,在保,2026-07-02
P202302845,于莉,女,53,4.103021971100679e+17,城乡居民,周口市,2021-12-11,在保,2026-07-02
P202300887,谢磊,男,60,4.1050219640614464e+17,城乡居民,安阳市,2021-02-28,在保,2026-07-02
P202304982,刘欣怡,女,65,4.103021959051604e+17,城镇职工,新乡市,2022-05-18,在保,2026-07-02
P202303752,李凤英,女,55,4.1030219690312685e+17,城乡居民,许昌市,2022-09-03,在保,2026-07-02
P202304626,蔡佳慧,女,72,4.102021952022078e+17,城乡,周口市,2021-06-06,停保,2026-07-02
P202304490,苏国强,男,50,4.1010319740606464e+17,城乡居民,许昌市,2022-01-14,在保,2026-07-02
P202304446,罗娟,女,36,4.1030219881028736e+17,城镇职工,平顶山市,2024-05-16,在保,2026-07-02
P202300516,郑欣怡,女,63,4.101021961082345e+17,城镇职工,安阳市,2023-01-16,在保,2026-07-02
P202304668,丁天宇,男,79,4.101031945020699e+17,灵活就业,焦作市,2023-06-21,在保,2026-07-02
P202300738,薛永强,男,67,4.101021957122669e+17,城乡居民,安阳市,2023-02-05,在保,2026-07-02
P202301454,薛国强,男,95,4.103021929041639e+17,城镇职工,郑州市,2023-11-24,在保,2026-07-02
P202304050,叶嘉伟,男,57,4.101031967062444e+17,城镇职工,漯河市,2021-05-26,在保,2026-07-02
P202304749,周宇航,男,200,4.1030219900123424e+17,城乡居民,周口市,2023-08-24,在保,2026-07-02
P202302507,王丽,女,95,4.1010619290505664e+17,城乡居民,平顶山市,2021-04-22,退保,2026-07-02
P202302995,萧玲,女,32,4.1070219920213037e+17,城镇职工,许昌市,2023-11-03,在保,2026-07-02
P202302127,陈婷,女,28,4.107021996092831e+17,城镇职工,南阳市,2022-08-04,在保,2026-07-02
P202302927,薛斌,男,47,4.1010219771011744e+17,城乡居民,开封市,2023-09-08,在保,2026-07-02
P202304795,郭佳慧,女,47,4.1010619771021344e+17,城镇职工,洛阳市,2020-09-27,在保,2026-07-02
P202300907,于子轩,男,25,4.101041999120725e+17,城乡居民,开封市,2023-05-25,在保,2026-07-02
P202303721,魏桂英,女,67,4.1020219570510957e+17,城乡居民,信阳市,2024-04-03,停保,2026-07-02
P202301031,李娟,女,45,4.105021979020322e+17,城职,郑州市,2024-03-29,停保,2026-07-02
P202302508,邓萍,女,72,4.1010419520617286e+17,灵活就业,鹤壁市,2020-02-05,在保,2026-07-02
P202302429,叶明,男,70,4.1050219540306086e+17,城乡居民,郑州市,2023-10-26,在保,2026-07-02
P202300948,孙娜,女,37,4.105021987111161e+17,城镇职工,开封市,2023-07-08,在保,2026-07-02
P202303880,程丽,女,46,4.101031978032036e+17,城镇职工,郑州市,2021-05-16,在保,2026-07-02
P202300763,唐超,男,95,4.101031929060503e+17,城乡居民,信阳市,2023-12-20,在保,2026-07-02
P202300716,周玲,女,69,4.104021955021969e+17,城乡居民,商丘市,2023-02-08,在保,2026-07-02
P202300285,徐萍,女,88,4.101051936042606e+17,城镇职工,焦作市,2022-12-26,在保,2026-07-02
P202300687,冯丽,女,45,4.1070219790307194e+17,城乡居民,安阳市,2023-02-08,在保,2026-07-02
P202300704,孙俊杰,男,24,4.1030220000707526e+17,城镇职工,南阳市,2020-08-19,在保,2026-07-02
P202303342,何凤英,女,45,4.101061979071492e+17,城镇职工,驻马店市,2022-06-01,在保,2026-07-02
P202302354,吕强,男,25,4.103021999021633e+17,城乡居民,洛阳市,2022-11-13,在保,2026-07-02
P202302258,孙磊,男,42,4.1020219820507674e+17,城镇职工,洛阳市,2024-01-27,在保,2026-07-02
P202303622,阎波,男,56,4.1050219680408736e+17,城乡居民,信阳市,2023-04-20,在保,2026-07-02
P202300474,袁敏,女,74,4.105021950051197e+17,城乡居民,平顶山市,2022-11-17,退保,2026-07-02
P202300022,刘波,男,45,4.1010319790407194e+17,城乡居民,信阳市,2020-10-14,在保,2026-07-02
P202302753,卢玲,女,41,4.102021983040934e+17,城镇职工,安阳市,2022-02-18,在保,2026-07-02
P202300886,郭晨曦,男,83,4.101061941110371e+17,城乡居民,漯河市,2022-10-07,在保,2026-07-02
P202302449,何佳慧,女,35,4.107021989030232e+17,城镇职工,许昌市,2023-02-14,退保,2026-07-02
P202300918,于辉,男,53,4.1050219710922906e+17,城乡居民,周口市,2021-09-22,在保,2026-07-02
P202303831,梁桂英,女,46,4.107021978092729e+17,灵活就业,商丘市,2021-07-14,停保,2026-07-02
P202303825,杨俊杰,男,37,4.101041987112787e+17,灵活就业,鹤壁市,,在保,2026-07-02
P202302240,黄美琳,女,62,4.104021962100622e+17,城镇职工,安阳市,2022-05-23,在保,2026-07-02
P202303919,孙美琳,女,67,4.102021957080229e+17,城镇职工,安阳市,2022-01-15,在保,2026-07-02
P202303396,冯莉,女,25,4.1050219990121645e+17,城乡居民,安阳市,2022-01-26,在保,2026-07-02
P202301266,于勇,男,24,4.1030220001127494e+17,城镇职工,安阳市,2022-05-13,在保,2026-07-02
P202300484,蔡涛,男,53,4.101031971061263e+17,城镇职工,开封市,2023-01-28,在保,2026-07-02
P202304382,丁欣怡,女,53,4.1010419710405843e+17,灵活就业,开封市,2021-04-12,停保,2026-07-02
P202302964,曹欣怡,女,30,4.10402199406171e+17,城乡居民,南阳市,2020-03-31,在保,2026-07-02
P202301220,袁雪,女,88,4.1010319360214714e+17,灵活就业,南阳市,2020-09-17,在保,2026-07-02
P202300278,苏雪,女,39,4.10104198509065e+17,城乡居民,开封市,2021-01-18,在保,2026-07-02
P202300989,黄霞,女,46,4.102021978121425e+17,城镇职工,漯河市,2020-04-07,在保,2026-07-02
P202302085,彭勇,男,40,4.1070219841020256e+17,城镇职工,开封市,2023-05-10,在保,2026-07-02
P202301246,阎杰,男,27,4.1010519971112474e+17,城乡居民,漯河市,2024-01-23,停保,2026-07-02
P202302383,蒋佳慧,女,56,4.10102196812058e+17,城镇职工,信阳市,2024-01-24,在保,2026-07-02
P202300572,吕思琪,女,80,4.107021944102657e+17,城乡居民,信阳市,2024-03-14,在保,2026-07-02
P202301436,唐勇,男,55,4.1020219690413434e+17,城乡居民,信阳市,2024-02-11,在保,2026-07-02
P202300994,陈建华,男,37,4.101061987121678e+17,城乡居民,驻马店市,2024-01-16,在保,2026-07-02
P202303521,贾嘉伟,男,59,,城镇职工,郑州市,2021-07-16,在保,2026-07-02
P202303516,郭文博,男,58,4.1010619660621037e+17,城镇职工,安阳市,2020-02-18,在保,2026-07-02
P202300586,杨浩,男,54,4.1040219700905197e+17,城乡居民,漯河市,2022-09-17,在保,2026-07-02
P202303732,李玲,女,35,4.1010319890222195e+17,灵活就业,洛阳市,2022-11-13,在保,2026-07-02
P202302515,谢磊,男,47,4.105021977021555e+17,灵活就业,开封市,2021-08-26,在保,2026-07-02
P202301350,谢晨曦,男,45,4.101041979011621e+17,灵活就业,南阳市,2023-07-04,在保,2026-07-02
P202301008,赵欣怡,女,61,4.1010219631004384e+17,城乡居民,郑州市,2020-08-13,在保,2026-07-02
P202300675,吴超,男,24,4.1010420001006726e+17,城镇职工,安阳市,2021-01-08,退保,2026-07-02
P202302413,刘建国,男,29,4.102021995040158e+17,城镇职工,南阳市,2022-05-26,在保,2026-07-02
P202302904,胡明,男,55,4.102021969060787e+17,城镇职工,洛阳市,2021-10-18,在保,2026-07-02
P202300448,薛子轩,男,33,4.102021991010878e+17,城乡居民,新乡市,2020-05-08,在保,2026-07-02
P202303543,彭文彬,男,65,4.1030219590707226e+17,城乡居民,周口市,2020-12-04,停保,2026-07-02
P202303832,吴晨曦,男,40,4.101061984042597e+17,城镇职工,郑州市,2022-09-26,在保,2026-07-02
P202303922,苏建华,男,54,4.101061970032864e+17,城乡居民,南阳市,2021-05-01,在保,2026-07-02
P202300360,冯霞,女,35,4.1040219891020486e+17,城镇职工,开封市,2021-07-18,在保,2026-07-02
P202302065,罗明,男,54,4.107021970071776e+17,城乡居民,平顶山市,2023-01-11,在保,2026-07-02
P202304495,蒋娜,女,65,4.103021959110673e+17,城乡居民,许昌市,2023-08-31,在保,2026-07-02
P202303884,黄浩,男,33,4.1010219911223565e+17,灵活就业,郑州市,2020-09-30,在保,2026-07-02
P202301691,冯玲,女,60,4.1010519640725734e+17,城镇职工,焦作市,2024-01-19,在保,2026-07-02
P202304371,叶军,男,18,4.101032006081934e+17,城镇职工,开封市,2023-02-09,在保,2026-07-02
P202301549,萧国强,男,63,4.1010319611224896e+17,城乡居民,商丘市,2021-05-20,在保,2026-07-02
P202301248,孙霞,女,36,4.102021988070886e+17,城镇职工,安阳市,2021-02-12,在保,2026-07-02
P202301986,黄宇航,男,59,4.101051965121884e+17,城镇职工,洛阳市,2023-06-23,在保,2026-07-02
P202300295,卢秀英,女,150,4.101021968041608e+17,城乡居民,周口市,2021-04-08,在保,2026-07-02
P202301548,阎文彬,男,55,4.1010419691210195e+17,灵活就业,许昌市,2023-01-16,在保,2026-07-02
P202302013,吴诗涵,女,36,4.105021988020195e+17,城镇职工,焦作市,2023-08-22,在保,2026-07-02
P202300589,李莉,女,64,4.10105196006072e+17,城乡居民,安阳市,2022-12-26,在保,2026-07-02
P202303330,阎淑珍,女,65,4.104021959081277e+17,城镇职工,焦作市,2023-12-19,停保,2026-07-02
P202302404,王波,男,45,4.10103197908196e+17,城镇职工,开封市,2021-01-22,停保,2026-07-02
P202302130,徐敏,女,62,4.1010219620313146e+17,城乡居民,郑州市,2022-03-23,在保,2026-07-02
P202304433,苏俊杰,男,54,4.107021970091147e+17,城乡居民,开封市,2022-01-28,在保,2026-07-02
P202303509,赵思琪,女,59,4.102021965062246e+17,城乡居民,,2020-11-17,在保,2026-07-02
P202302411,朱建国,男,64,,城乡居民,信阳市,2020-09-28,在保,2026-07-02
P202302720,于玉兰,女,52,4.10502197203104e+17,城镇职工,焦作市,2021-06-24,停保,2026-07-02
P202304600,曾天宇,男,73,4.1010619510622586e+17,城乡居民,开封市,2023-07-20,在保,2026-07-02
P202300426,袁杰,男,74,4.105021950070336e+17,城镇职工,漯河市,2021-03-12,在保,2026-07-02
P202302583,吕嘉伟,男,49,4.1010619750209485e+17,城镇职工,新乡市,2021-05-25,在保,2026-07-02
P202301055,胡永强,男,40,4.101021984062737e+17,城乡居民,安阳市,2021-09-20,在保,2026-07-02
P202304045,蔡俊杰,男,66,4.1030219580113446e+17,城镇职工,驻马店市,2022-09-14,在保,2026-07-02
P202304608,程玲,女,58,4.1010219660601446e+17,城镇职工,焦作市,2023-06-12,在保,2026-07-02
P202300557,韩志强,男,41,,城乡居民,平顶山市,2020-01-31,停保,2026-07-02
P202304403,吕超,男,34,4.1070219900128237e+17,城乡居民,许昌市,2023-12-08,在保,2026-07-02
P202304016,宋梦瑶,女,39,4.101021985121987e+17,城镇职工,许昌市,2022-01-22,在保,2026-07-02
P202304761,张丽,女,27,4.102021997101018e+17,城乡居民,漯河市,2020-03-28,在保,2026-07-02
P202302470,蔡志强,男,46,4.1020219780211866e+17,城镇职工,许昌市,2021-12-01,在保,2026-07-02
P202304759,袁子轩,男,38,4.1020219860201536e+17,城镇职工,平顶山市,2020-07-27,在保,2026-07-02
P202300356,黄浩然,男,31,4.1010419930426195e+17,城镇职工,郑州市,2022-05-17,在保,2026-07-02
P202301194,魏凤英,女,55,4.1040219690504736e+17,城乡居民,信阳市,2022-06-04,在保,2026-07-02
P202301717,吕欣怡,女,55,4.101031969111246e+17,城镇职工,周口市,2020-04-07,在保,2026-07-02
P202303417,何晓红,女,65,4.101051959120855e+17,城乡居民,平顶山市,2023-01-29,停保,2026-07-02
P202302605,马勇,男,38,4.1010519860517914e+17,城镇职工,安阳市,2023-02-07,在保,2026-07-02
P202304578,贾芳,女,82,4.1010219420728666e+17,城乡居民,洛阳市,2024-02-11,在保,2026-07-02
P202302829,苏子轩,男,67,4.101061957082843e+17,城乡居民,漯河市,2020-08-05,在保,2026-07-02
P202301705,彭敏,女,57,4.10302196701207e+17,灵活就业,南阳市,2022-01-23,在保,2026-07-02
P202302864,黄玲,女,62,4.101041962060288e+17,灵活就业,驻马店市,2021-10-24,停保,2026-07-02
P202302619,吴淑珍,女,58,4.1020219660712026e+17,城镇职工,南阳市,2020-01-17,在保,2026-07-02
P202302401,胡勇,男,37,4.1010219870713824e+17,城镇职工,周口市,2024-05-07,在保,2026-07-02
P202302140,谢丽,女,23,4.1010220010705805e+17,城镇职工,洛阳市,2021-10-24,停保,2026-07-02
P202303240,冯桂英,女,66,4.1040219580114086e+17,城乡居民,漯河市,2023-06-13,在保,2026-07-02
P202302384,程婷,女,49,4.101021975072138e+17,灵活就业,商丘市,2021-03-30,在保,2026-07-02
P202303219,贾凤英,女,36,4.101021988030204e+17,灵活就业,洛阳市,2022-08-21,在保,2026-07-02
P202303818,陈霞,女,47,4.107021977080936e+17,城职,许昌市,2022-12-07,在保,2026-07-02
P202301286,沈秀兰,女,26,4.1010219980518765e+17,城镇职工,新乡市,2022-02-07,停保,2026-07-02
P202303870,冯淑珍,女,67,4.102021957021061e+17,城镇职工,洛阳市,2023-01-24,在保,2026-07-02
P202303915,周雨彤,女,23,4.101032001092457e+17,城镇职工,商丘市,2022-07-18,在保,2026-07-02
P202304514,宋斌,男,33,4.101051991042679e+17,城乡居民,信阳市,2022-04-13,在保,2026-07-02
P202302088,曾美琳,女,47,4.1010519770424755e+17,城乡居民,许昌市,2023-01-10,在保,2026-07-02
P202301890,刘娜,女,49,4.103021975051067e+17,城乡居民,安阳市,2023-08-28,在保,2026-07-02
P202303577,阎凤英,女,35,4.10105198912099e+17,城镇职工,许昌市,2020-01-17,在保,2026-07-02
P202301592,刘莉,女,0,4.101062024022715e+17,城镇职工,新乡市,2021-03-24,停保,2026-07-02
P202301347,魏梦瑶,女,4,4.1010220200328256e+17,灵活就业,周口市,2020-01-19,在保,2026-07-02
P202304476,宋语嫣,女,59,4.1010319651217165e+17,城镇职工,平顶山市,2022-10-18,在保,2026-07-02
P202302163,蒋婷,女,58,4.10106196603213e+17,城镇职工,安阳市,2024-02-16,停保,2026-07-02
P202302397,林文彬,男,33,4.104021991010594e+17,城镇职工,新乡市,2022-02-07,在保,2026-07-02
P202303717,阎建华,男,95,4.1010519291113734e+17,城乡居民,郑州市,2022-01-10,停保,2026-07-02
P202302272,朱晨曦,男,41,4.1010419830327123e+17,城镇职工,周口市,2020-03-18,在保,2026-07-02
P202304536,许娟,女,38,4.103021986061839e+17,城镇职工,漯河市,2024-02-16,在保,2026-07-02
P202303112,冯磊,男,44,4.104021980072033e+17,城镇职工,平顶山市,2021-07-31,在保,2026-07-02
P202301138,陈娜,女,27,4.101041997040468e+17,城镇职工,信阳市,2023-10-23,在保,2026-07-02
P202303973,刘秀兰,女,56,4.104021968031217e+17,城乡居民,开封市,2021-04-13,在保,2026-07-02
P202300973,徐思琪,女,65,,灵活就业,鹤壁市,2020-09-30,在保,2026-07-02
P202300796,萧语嫣,女,68,4.102021956011515e+17,城乡居民,许昌市,2022-11-25,停保,2026-07-02
P202303021,董美琳,女,71,4.107021953061504e+17,城乡居民,周口市,2023-03-03,停保,2026-07-02
P202301712,邓晨曦,男,47,4.103021977072009e+17,城镇职工,南阳市,2020-11-11,在保,2026-07-02
P202303388,程浩然,男,51,4.107021973010274e+17,城乡居民,鹤壁市,2021-03-05,在保,2026-07-02
P202300037,吕欣怡,女,53,4.101051971032683e+17,城镇职工,漯河市,2022-04-24,在保,2026-07-02
P202300454,魏敏,女,59,4.10402196508076e+17,城乡居民,商丘市,2022-04-21,在保,2026-07-02
P202300914,胡浩然,男,78,4.1010619461212525e+17,城镇职工,商丘市,2023-11-11,在保,2026-07-02
P202304131,董军,男,45,4.104021979102375e+17,灵活就业,洛阳市,2022-06-18,在保,2026-07-02
P202301200,张斌,男,74,4.10702195007216e+17,城乡居民,商丘市,2021-12-15,在保,2026-07-02
P202301275,许军,男,71,4.101041953111644e+17,城镇职工,焦作市,2022-07-27,在保,2026-07-02
P202302376,刘浩然,男,76,4.101041948102292e+17,城镇职工,信阳市,2021-01-27,停保,2026-07-02
P202300038,冯佳慧,女,14,4.10105201005068e+17,城乡居民,南阳市,2020-03-20,停保,2026-07-02
P202300975,马鹏,男,41,4.1010619830401754e+17,城乡居民,南阳市,2021-03-21,停保,2026-07-02
P202303196,张飞,男,16,4.102022008101445e+17,城乡居民,信阳市,2022-10-12,在保,2026-07-02
P202300984,程玲,女,49,4.1010319750708634e+17,城镇职工,许昌市,2022-11-13,在保,2026-07-02
P202304416,陈梦瑶,女,60,4.1010619640826496e+17,城镇职工,漯河市,2021-01-21,在保,2026-07-02
P202304353,郭浩然,男,45,4.101061979112386e+17,城乡居民,鹤壁市,2020-09-07,在保,2026-07-02
P202301419,高玉兰,女,77,4.1030219470105146e+17,灵活就业,新乡市,2023-06-27,在保,2026-07-02
P202303333,阎艳,女,78,4.103021946080101e+17,城镇职工,周口市,2023-05-29,在保,2026-07-02
P202301561,李雪,女,49,4.101051975111645e+17,城乡居民,焦作市,2021-10-21,在保,2026-07-02
P202300040,宋霞,女,53,4.1010619710621523e+17,灵活就业,商丘市,2023-01-03,在保,2026-07-02
P202301487,谢静,女,24,4.1030220000901645e+17,城镇职工,商丘市,2021-10-25,在保,2026-07-02
P202303960,邓杰,男,53,4.1020219711027194e+17,城乡居民,许昌市,2022-11-05,在保,2026-07-02
P202300170,魏斌,男,36,4.10702198803183e+17,城镇职工,洛阳市,2020-06-12,在保,2026-07-02
P202301356,薛军,男,3,4.1010620211004256e+17,城乡,安阳市,2021-01-13,在保,2026-07-02
P202302786,董艳,女,43,4.1030219810804794e+17,城乡居民,焦作市,2020-10-07,在保,2026-07-02
P202303706,朱永强,男,55,4.101021969050766e+17,城镇职工,商丘市,2022-10-11,在保,2026-07-02
P202304798,梁芳,女,14,4.102022010071744e+17,城镇职工,南阳市,2023-05-11,在保,2026-07-02
P202304084,郑霞,女,15,4.101032009031994e+17,城乡居民,许昌市,2020-12-05,在保,2026-07-02
P202302683,阎语嫣,女,44,4.101051980041487e+17,城乡居民,商丘市,2023-03-26,在保,2026-07-02
P202304753,邓玉兰,女,45,4.107021979051152e+17,城乡居民,南阳市,2020-05-30,在保,2026-07-02
P202304104,宋明,男,65,4.101061959032085e+17,城乡居民,新乡市,2024-03-28,在保,2026-07-02
P202301641,朱萍,女,50,4.1010519740910355e+17,城乡居民,南阳市,2023-04-24,在保,2026-07-02
P202301291,蔡嘉伟,男,56,4.1070219681114995e+17,城镇职工,南阳市,2021-01-21,在保,2026-07-02
P202301381,李欣怡,女,62,4.10106196206277e+17,城乡居民,焦作市,2021-05-24,在保,2026-07-02
P202301934,薛超,男,48,4.1040219760127584e+17,城镇职工,新乡市,2020-03-30,在保,2026-07-02
P202300580,黄永强,男,70,4.103021954121963e+17,城镇职工,鹤壁市,2020-12-25,在保,2026-07-02
P202304264,董国强,男,44,4.1050219800304294e+17,灵活就业,开封市,2021-09-27,在保,2026-07-02
P202303161,何玲,女,39,4.1010619850426944e+17,城乡居民,平顶山市,2023-12-11,在保,2026-07-02
P202302031,蒋磊,男,64,4.103021960031368e+17,城镇职工,驻马店市,2021-08-10,在保,2026-07-02
P202300893,韩天宇,男,69,4.101021955100105e+17,城镇职工,平顶山市,2021-02-17,停保,2026-07-02
P202304910,阎秀兰,女,35,4.1020219890823494e+17,城镇职工,鹤壁市,2021-08-11,在保,2026-07-02
P202300781,刘桂英,女,53,4.1030219710728506e+17,城镇职工,周口市,2024-02-06,在保,2026-07-02
P202300160,董萍,女,61,4.101031963010922e+17,城镇职工,驻马店市,2024-01-29,在保,2026-07-02
P202300003,王紫薇,女,61,4.103021963060916e+17,城乡居民,平顶山市,2021-11-20,在保,2026-07-02
P202302264,蔡雨彤,女,30,4.101021994121727e+17,城乡居民,周口市,2023-08-20,在保,2026-07-02
P202303217,马文彬,男,20,4.101062004102305e+17,城乡居民,开封市,2020-09-19,在保,2026-07-02
P202302110,胡雪,女,60,4.101031964011165e+17,城镇职工,焦作市,2021-01-02,在保,2026-07-02
P202300850,刘勇,男,40,4.103021984092177e+17,城镇职工,安阳市,2023-04-10,停保,2026-07-02
P202302738,梁丽,女,56,4.107021968112355e+17,城镇职工,郑州市,,在保,2026-07-02
P202302467,高子轩,男,36,4.102021988110505e+17,城乡居民,新乡市,2023-11-05,在保,2026-07-02
P202304714,赵莉,女,56,4.10702196806163e+17,城乡居民,焦作市,2023-12-18,在保,2026-07-02
P202304835,孙磊,男,15,4.107022009010286e+17,城镇职工,安阳市,2020-05-22,在保,2026-07-02
P202301597,曾淑珍,女,61,4.1010319630203814e+17,灵活就业,开封市,2023-01-11,在保,2026-07-02
P202301777,彭子轩,男,38,4.104021986010937e+17,城乡居民,新乡市,2022-11-19,在保,2026-07-02
P202301914,卢波,男,59,4.101061965022309e+17,灵活就业,安阳市,2020-01-04,在保,2026-07-02
P202301044,沈波,男,49,4.1010519750728474e+17,灵活就业,焦作市,2022-08-12,在保,2026-07-02
P202304762,谢凤英,女,62,4.1020219620810534e+17,城镇职工,新乡市,2023-07-23,在保,2026-07-02
P202301545,程飞,男,39,4.104021985061853e+17,城镇职工,商丘市,2020-05-08,在保,2026-07-02
P202302737,于秀兰,女,43,4.105021981011972e+17,城镇职工,信阳市,2023-08-11,在保,2026-07-02
P202303780,董杰,男,48,4.102021976021893e+17,城乡居民,安阳市,2024-04-20,在保,2026-07-02
P202304665,阎磊,男,62,4.1010319621117056e+17,城乡居民,新乡市,2022-11-15,停保,2026-07-02
P202300054,陈斌,男,61,4.105021963081406e+17,城镇职工,鹤壁市,2022-05-10,在保,2026-07-02
P202301797,贾娟,女,44,4.105021980041157e+17,城乡居民,安阳市,2022-05-05,在保,2026-07-02
P202303589,曾淑珍,女,72,4.102021952112546e+17,城乡居民,商丘市,2023-09-26,停保,2026-07-02
P202301912,萧俊杰,男,90,4.101041934011284e+17,城乡居民,焦作市,2024-02-29,在保,2026-07-02
P202302307,何嘉伟,男,60,4.1070219640428115e+17,城镇职工,开封市,2023-02-27,在保,2026-07-02
P202302554,曹玉兰,女,57,4.101021967021688e+17,城乡居民,周口市,2020-05-27,在保,2026-07-02
P202302801,谢秀兰,女,53,4.101041971101335e+17,城乡居民,南阳市,2020-08-23,在保,2026-07-02
P202300937,薛莉,女,31,4.101031993101213e+17,灵活就业,南阳市,2023-03-27,在保,2026-07-02
P202304170,罗晨曦,男,37,4.1050219870412275e+17,灵活就业,鹤壁市,2020-10-15,在保,2026-07-02
P202300825,罗国强,男,41,4.101031983111721e+17,城镇职工,焦作市,2023-01-11,退保,2026-07-02
P202304783,黄雪,女,19,4.1020220051002765e+17,城乡居民,安阳市,2023-06-03,在保,2026-07-02
P202303179,贾雪,女,67,4.10104195703149e+17,城乡居民,新乡市,2023-11-14,在保,2026-07-02
P202303402,郑佳慧,女,60,4.1010319641122746e+17,城镇职工,开封市,2021-11-10,在保,2026-07-02
P202301390,李慧,女,36,4.101051988040845e+17,城镇职工,开封市,2020-01-26,在保,2026-07-02
P202303565,吴思琪,女,67,4.102021957042607e+17,城乡居民,鹤壁市,2022-01-23,停保,2026-07-02
P202304927,贾婷,女,41,4.101051983121743e+17,城乡居民,南阳市,2023-07-18,在保,2026-07-02
P202300885,萧淑珍,女,62,4.10104196212191e+17,灵活就业,许昌市,2020-03-30,在保,2026-07-02
P202303879,曾建华,男,22,4.101042002080219e+17,城镇职工,洛阳市,2023-01-29,在保,2026-07-02
P202303647,魏慧,女,54,4.107021970021531e+17,城乡居民,洛阳市,2020-09-14,在保,2026-07-02
P202301608,韩丽,女,79,4.1040219451113805e+17,城乡居民,信阳市,2020-09-29,在保,2026-07-02
P202301595,吴秀兰,女,7,4.101022017061212e+17,城乡居民,新乡市,2022-09-23,停保,2026-07-02
P202300772,傅磊,男,39,4.1050219850217434e+17,灵活就业,洛阳市,2022-08-09,在保,2026-07-02
P202302612,蒋波,男,29,4.107021995050625e+17,城镇职工,洛阳市,2021-12-14,在保,2026-07-02
P202303930,苏秀兰,女,53,4.10302197112246e+17,城镇职工,洛阳市,2024-01-25,在保,2026-07-02
P202302274,董思琪,女,50,4.1010319740720704e+17,城乡居民,新乡市,2023-03-29,在保,2026-07-02
P202301869,高俊杰,男,30,4.101041994072138e+17,城镇职工,驻马店市,2022-05-14,在保,2026-07-02
P202301086,曾淑珍,女,57,4.101021967050166e+17,城镇职工,郑州市,2022-08-03,在保,2026-07-02
P202300011,周建国,男,41,4.1010219830205645e+17,城乡居民,平顶山市,2023-10-25,在保,2026-07-02
P202303685,袁国强,男,60,4.1030219641107994e+17,城镇职工,平顶山市,2022-07-29,在保,2026-07-02
P202301326,朱文彬,男,14,4.101062010020325e+17,城乡居民,焦作市,2024-01-20,在保,2026-07-02
P202303391,叶莉,女,21,4.1010220030426234e+17,城镇职工,鹤壁市,2024-04-19,在保,2026-07-02
P202301464,彭秀兰,女,34,4.101061990041426e+17,城乡居民,许昌市,2021-05-08,在保,2026-07-02
P202300807,于晨曦,男,53,4.101051971080338e+17,城镇职工,南阳市,2023-04-19,在保,2026-07-02
P202303809,韩淑珍,女,61,4.104021963070257e+17,灵活就业,开封市,2020-01-18,在保,2026-07-02
P202304064,杨辉,男,55,4.101021969041241e+17,城乡居民,郑州市,2021-02-19,停保,2026-07-02
P202303845,何艳,女,78,4.10105194607093e+17,城镇职工,新乡市,2020-11-24,在保,2026-07-02
P202302109,于斌,男,44,4.101041980120106e+17,城镇职工,焦作市,2021-02-06,在保,2026-07-02
P202304280,郭梦瑶,女,56,4.1070219681127725e+17,城乡居民,南阳市,2023-12-09,在保,2026-07-02
P202300590,蒋敏,女,34,4.101041990050401e+17,城镇职工,驻马店市,2022-11-18,在保,2026-07-02
P202302235,丁浩然,男,28,4.101031996121715e+17,城乡居民,商丘市,2021-03-31,在保,2026-07-02
P202303212,曹俊杰,男,28,4.101051996011567e+17,灵活就业,平顶山市,2023-11-07,在保,2026-07-02
P202300964,韩明,男,62,4.101031962020654e+17,城镇职工,周口市,2022-09-29,在保,2026-07-02
P202303416,苏雪,女,47,4.1010619770625504e+17,城镇职工,许昌市,2021-07-10,在保,2026-07-02
P202303827,徐敏,女,28,4.1010319960621075e+17,灵活就业,郑州市,2023-07-22,在保,2026-07-02
P202300399,程嘉伟,男,47,4.103021977080207e+17,城乡居民,商丘市,2021-10-05,在保,2026-07-02
P202302633,蒋勇,男,53,4.1070219711223456e+17,城镇职工,漯河市,2021-05-05,在保,2026-07-02
P202304901,郭飞,男,42,4.1050219820226074e+17,灵活就业,周口市,2020-09-04,在保,2026-07-02
P202302997,宋俊杰,男,54,4.101031970122046e+17,城乡居民,洛阳市,2023-02-05,在保,2026-07-02
P202300705,黄凤英,女,21,4.101042003082537e+17,城镇职工,驻马店市,2024-01-18,在保,2026-07-02
P202300432,李浩,男,13,4.101022011020305e+17,城乡居民,平顶山市,2021-05-30,在保,2026-07-02
P202300293,胡雨彤,女,39,4.1010619850328954e+17,灵活就业,洛阳市,2023-09-02,在保,2026-07-02
P202304917,邓丽,女,69,4.1010619550916115e+17,城乡居民,郑州市,2020-04-15,在保,2026-07-02
P202300146,刘浩,男,64,4.1020219601203514e+17,城镇职工,郑州市,2021-05-22,在保,2026-07-02
P202304379,曹涛,,55,4.102021969080523e+17,城乡居民,许昌市,2023-07-07,在保,2026-07-02
P202302034,陈秀英,女,59,4.102021965061428e+17,城乡居民,周口市,2023-10-05,在保,2026-07-02
P202304672,周语嫣,女,20,4.103022004021891e+17,城乡居民,洛阳市,2020-01-20,在保,2026-07-02
P202301166,周嘉伟,男,93,4.101061931020879e+17,城镇职工,安阳市,2021-11-22,在保,2026-07-02
P202303501,孙秀兰,女,71,4.101041953040762e+17,城乡居民,郑州市,2023-10-23,在保,2026-07-02
P202302051,吕淑珍,女,64,4.1010619600722445e+17,城镇职工,安阳市,2021-11-07,在保,2026-07-02
P202302625,彭莉,女,57,4.1010219670109094e+17,城乡居民,许昌市,2024-03-18,在保,2026-07-02
P202304423,韩桂英,女,72,4.105021952051324e+17,灵活就业,开封市,2023-08-12,在保,2026-07-02
P202300340,苏慧,女,39,4.1010419851218714e+17,城乡居民,平顶山市,2021-12-31,在保,2026-07-02
P202303956,马勇,男,38,4.1020219860811226e+17,城镇职工,焦作市,2020-05-21,在保,2026-07-02
P202303746,周玉兰,女,46,4.104021978081649e+17,城镇职工,安阳市,2024-05-13,停保,2026-07-02
P202302974,丁婷,女,85,4.1010219390802464e+17,城乡居民,开封市,2022-12-29,在保,2026-07-02
P202300266,蒋永强,男,27,4.107021997011966e+17,城镇职工,平顶山市,2021-11-10,退保,2026-07-02
P202302425,杨霞,女,22,4.101052002050262e+17,城镇职工,驻马店市,2021-12-26,在保,2026-07-02
P202301263,蔡欣怡,女,59,4.1070219650718074e+17,灵活就业,信阳市,2023-10-03,在保,2026-07-02
P202301772,邓俊杰,男,80,4.107021944040981e+17,城乡居民,洛阳市,2022-01-15,在保,2026-07-02
P202303512,叶秀英,女,34,4.105021990062262e+17,城镇职工,新乡市,2021-12-11,在保,2026-07-02
P202300272,萧娟,女,24,4.101042000032168e+17,城乡居民,南阳市,2020-02-29,在保,2026-07-02
P202300697,彭婷,女,55,4.102021969032331e+17,城乡居民,许昌市,2020-08-30,在保,2026-07-02
P202300748,徐莉,女,36,4.1050219880725946e+17,城镇职工,鹤壁市,2023-10-11,在保,2026-07-02
P202300245,郑霞,女,28,4.101031996061347e+17,城乡居民,新乡市,2023-11-28,在保,2026-07-02
P202300318,朱建国,男,44,4.1030219800802995e+17,灵活就业,许昌市,2021-07-27,在保,2026-07-02
P202300477,邓雪,女,60,4.101061964041009e+17,城镇职工,商丘市,2024-03-13,在保,2026-07-02
P202302033,何莉,女,58,4.101041966112207e+17,城镇职工,洛阳市,2022-05-26,退保,2026-07-02
P202300958,贾军,男,58,4.1010219660402195e+17,城乡居民,安阳市,2021-03-16,退保,2026-07-02
P202303022,吴淑珍,女,41,4.10402198310069e+17,城镇职工,洛阳市,2023-10-04,在保,2026-07-02
P202300814,叶勇,男,53,4.104021971082246e+17,城乡居民,鹤壁市,2024-01-30,在保,2026-07-02
P202304214,朱芳,女,16,4.1030220080413146e+17,城镇职工,平顶山市,2020-04-20,在保,2026-07-02
P202301915,赵淑珍,女,17,4.107022007052563e+17,城乡,郑州市,2022-12-06,在保,2026-07-02
P202304649,薛芳,女,20,4.1010520040525094e+17,灵活就业,漯河市,2022-06-27,在保,2026-07-02
P202303488,韩雨彤,女,61,4.105021963030488e+17,城镇职工,平顶山市,2023-11-08,在保,2026-07-02
P202301298,董志强,男,44,4.1010219800526406e+17,城乡居民,焦作市,2022-03-29,在保,2026-07-02
P202304625,李辉,男,56,4.1070219680110445e+17,灵活就业,安阳市,2023-05-10,在保,2026-07-02
P202301805,叶宇航,男,17,4.1010220070401286e+17,灵活就业,新乡市,2022-03-05,在保,2026-07-02
P202300759,徐雨彤,女,34,4.101031990080245e+17,城乡居民,许昌市,2023-02-22,在保,2026-07-02
P202300251,刘敏,女,27,4.101031997062079e+17,城镇职工,周口市,2022-03-23,退保,2026-07-02
P202302462,林子轩,男,63,4.104021961120356e+17,城乡居民,新乡市,2020-01-13,在保,2026-07-02
P202300546,萧海涛,男,35,4.101031989072228e+17,灵活就业,鹤壁市,2020-08-08,在保,2026-07-02
P202303242,唐永强,男,95,4.103021929050445e+17,城乡居民,郑州市,2021-11-30,在保,2026-07-02
P202300739,蔡敏,女,79,4.101051945081301e+17,城乡居民,漯河市,2021-06-07,在保,2026-07-02
P202300311,谢杰,男,46,4.101031978102274e+17,城镇职工,新乡市,2024-02-26,在保,2026-07-02
P202303854,梁慧,女,30,4.101031994091211e+17,城镇职工,南阳市,2023-03-11,在保,2026-07-02
P202302942,沈海涛,男,41,4.101061983072171e+17,城乡居民,洛阳市,2023-07-21,停保,2026-07-02
P202301132,谢思琪,女,57,4.103021967122611e+17,城镇职工,南阳市,2022-05-20,在保,2026-07-02
P202301450,蒋涛,男,50,4.102021974052381e+17,灵活就业,焦作市,2023-05-19,退保,2026-07-02
P202304970,曾勇,男,76,4.102021948071569e+17,城镇职工,驻马店市,2023-09-24,在保,2026-07-02
P202300016,林娜,女,39,4.107021985020375e+17,城镇职工,鹤壁市,2020-05-21,退保,2026-07-02
P202303233,杨丽,女,30,4.103021994012806e+17,城镇职工,开封市,2020-10-24,在保,2026-07-02
P202302770,贾浩,男,46,4.103021978031619e+17,城乡居民,鹤壁市,2020-08-08,在保,2026-07-02
P202303469,谢婷,女,41,4.101061983062813e+17,城乡居民,新乡市,2024-04-20,在保,2026-07-02
P202300921,徐丽,女,69,4.1010419550416186e+17,城镇职工,洛阳市,2022-07-11,在保,2026-07-02
P202303030,何杰,男,50,4.1010619740317824e+17,城镇职工,焦作市,2021-05-22,退保,2026-07-02
P202301373,郭娜,女,25,4.101061999022148e+17,城镇职工,周口市,2020-12-10,停保,2026-07-02
P202303588,丁美琳,女,33,4.102021991081725e+17,灵活就业,漯河市,2021-06-27,在保,2026-07-02
P202302545,许玲,女,93,,城乡居民,洛阳市,2022-05-19,在保,2026-07-02
P202303599,彭磊,男,56,4.1020219680827674e+17,城乡居民,周口市,,在保,2026-07-02
P202300039,胡俊杰,男,26,4.1020219980527814e+17,灵活就业,新乡市,2020-02-18,在保,2026-07-02
P202300364,薛慧,女,57,4.102021967011781e+17,城乡居民,洛阳市,2021-09-29,在保,2026-07-02
P202304701,罗晓红,女,32,4.1020219920522035e+17,城镇职工,南阳市,2021-05-21,退保,2026-07-02
P202300183,何涛,男,30,4.105021994050564e+17,城乡居民,周口市,2022-12-28,在保,2026-07-02
P202303034,曾浩然,男,32,4.1010419920926483e+17,城乡居民,驻马店市,2024-05-09,在保,2026-07-02
P202302984,韩晓红,女,55,4.1010519690312704e+17,城镇职工,安阳市,2021-08-09,停保,2026-07-02
P202301195,周辉,男,21,4.101032003062608e+17,城乡居民,许昌市,2020-06-01,在保,2026-07-02
P202302853,马桂英,女,30,4.1070219940227885e+17,城镇职工,南阳市,2021-11-03,在保,2026-07-02
P202303840,高梦瑶,女,44,4.101021980070648e+17,城镇职工,鹤壁市,2024-02-26,在保,2026-07-02
P202301122,贾桂英,女,71,4.1020219530812435e+17,城乡居民,南阳市,2022-04-20,在保,2026-07-02
P202302236,王静,女,63,4.103021961030254e+17,灵活就业,驻马店市,2020-05-23,在保,2026-07-02
P202302668,朱晓红,女,27,4.10102199702048e+17,城乡居民,商丘市,2020-03-03,在保,2026-07-02
P202303162,袁敏,女,58,4.10103196602108e+17,灵活就业,新乡市,2020-04-04,在保,2026-07-02
P202303224,谢桂英,女,62,4.102021962101105e+17,城乡居民,南阳市,2021-03-10,在保,2026-07-02
P202301183,孙晨曦,男,66,4.101041958021427e+17,城乡居民,许昌市,2022-08-20,在保,2026-07-02
P202304227,罗慧,女,83,4.103021941092232e+17,灵活就业,安阳市,2022-04-24,在保,2026-07-02
P202304338,冯紫薇,女,59,4.101051965111216e+17,城镇职工,新乡市,2022-01-17,在保,2026-07-02
P202300615,刘梦瑶,女,94,4.1010419301002675e+17,城乡居民,平顶山市,,在保,2026-07-02
P202304959,何永强,男,49,4.101021975111986e+17,城镇职工,周口市,,在保,2026-07-02
P202301467,贾思琪,女,80,4.101031944100975e+17,城乡居民,信阳市,2022-01-03,在保,2026-07-02
P202300402,,男,39,4.104021985030377e+17,城乡居民,焦作市,2021-05-08,在保,2026-07-02
P202303043,胡伟,男,39,4.102021985091615e+17,城乡居民,许昌市,2023-02-11,在保,2026-07-02
P202300935,杨佳慧,女,57,4.1010519671025946e+17,城乡居民,洛阳市,2023-08-11,在保,2026-07-02
P202302420,张勇,男,26,4.10702199812276e+17,城乡居民,许昌市,2020-05-25,在保,2026-07-02
P202304180,叶强,男,43,4.101031981022289e+17,城乡居民,安阳市,2020-01-04,在保,2026-07-02
P202304560,谢诗涵,女,61,4.1030219631004045e+17,城乡居民,郑州市,2023-07-08,在保,2026-07-02
P202302642,孙艳,女,46,4.101021978010908e+17,城镇职工,许昌市,2020-09-15,在保,2026-07-02
P202304097,唐婷,女,60,4.105021964120994e+17,城乡居民,南阳市,2021-11-05,在保,2026-07-02
P202300727,李海涛,男,50,4.101041974101622e+17,城乡居民,安阳市,2023-07-30,在保,2026-07-02
P202300827,王强,男,78,4.1040219460520256e+17,灵活就业,焦作市,2023-07-18,在保,2026-07-02
P202301522,张慧,女,60,4.101021964052348e+17,城镇职工,平顶山市,2023-01-08,在保,2026-07-02
P202304794,唐淑珍,女,54,4.101061970101646e+17,城镇职工,平顶山市,2021-10-02,在保,2026-07-02
P202302931,朱娜,女,65,4.105021959091144e+17,城镇职工,许昌市,2021-09-02,在保,2026-07-02
P202300137,于伟,男,35,4.1010319890619437e+17,城乡居民,南阳市,2023-12-24,在保,2026-07-02
P202303591,苏欣怡,女,69,4.103021955052126e+17,城乡居民,安阳市,2021-03-15,退保,2026-07-02
P202300629,何丽,女,51,4.1010619730113395e+17,城乡居民,郑州市,2021-06-12,退保,2026-07-02
P202300335,郑晓红,女,67,4.101041957030861e+17,城乡居民,平顶山市,,在保,2026-07-02
P202300391,阎辉,男,33,4.101051991062342e+17,城乡居民,开封市,2020-03-21,在保,2026-07-02
P202304432,周超,男,9,4.1010220151203366e+17,灵活就业,安阳市,2021-06-08,在保,2026-07-02
P202304926,蔡斌,男,40,4.101061984080962e+17,城乡居民,商丘市,2021-09-18,在保,2026-07-02
P202303907,赵志强,男,73,4.101041951021543e+17,城镇职工,焦作市,2020-06-02,停保,2026-07-02
P202301818,周紫薇,女,37,4.10402198701251e+17,城乡居民,信阳市,2020-08-30,在保,2026-07-02
P202300401,郑思琪,女,21,4.1030220030327846e+17,城乡居民,漯河市,2023-06-09,在保,2026-07-02
P202300711,曹婷,女,53,4.1040219710204256e+17,城镇职工,信阳市,2021-04-17,在保,2026-07-02
P202301040,沈玉兰,女,68,4.101031956032379e+17,城镇职工,安阳市,2022-08-27,退保,2026-07-02
P202304069,孙婷,女,28,4.1010619960715955e+17,城乡居民,南阳市,2021-03-04,在保,2026-07-02
P202303360,黄斌,男,32,4.1010319921115206e+17,灵活就业,安阳市,2022-08-02,在保,2026-07-02
P202300047,杨诗涵,女,41,4.101051983111023e+17,灵活就业,开封市,2020-02-20,在保,2026-07-02
P202301562,董萍,女,36,4.1010419881203616e+17,城镇职工,开封市,2022-04-07,在保,2026-07-02
P202304849,程宇航,男,39,4.103021985042225e+17,灵活就业,驻马店市,2024-04-19,停保,2026-07-02
P202303643,刘勇,男,32,4.101061992091626e+17,城乡居民,驻马店市,2020-09-10,在保,2026-07-02
P202303727,沈雪,女,58,4.1010319660226016e+17,城镇职工,驻马店市,2022-08-06,在保,2026-07-02
P202304893,阎永强,男,39,4.104021985120563e+17,灵活就业,鹤壁市,2023-11-23,在保,2026-07-02
P202301113,苏思琪,女,65,4.104021959090627e+17,城乡居民,漯河市,,在保,2026-07-02
P202302514,赵文博,男,45,4.1010519791201395e+17,灵活就业,开封市,2023-04-24,在保,2026-07-02
P202303609,阎磊,男,25,4.1010319991217094e+17,灵活就业,信阳市,2023-11-10,在保,2026-07-02
P202301224,邓萍,女,57,4.104021967041195e+17,城镇职工,开封市,2022-12-09,在保,2026-07-02
P202304907,彭欣怡,女,41,,城镇职工,洛阳市,,在保,2026-07-02
P202303024,冯建华,男,70,4.101041954050717e+17,灵活,新乡市,2023-11-02,停保,2026-07-02
P202302422,马雪,女,71,4.101061953081403e+17,城乡居民,许昌市,2022-12-30,在保,2026-07-02
P202301509,王梦瑶,女,51,4.1070219730718976e+17,城镇职工,平顶山市,2021-04-19,在保,2026-07-02
P202301751,孙明,男,1,4.1020220231106086e+17,城乡居民,商丘市,2023-09-12,在保,2026-07-02
P202304887,周婷,女,36,4.10104198804189e+17,城镇职工,焦作市,2022-05-09,在保,2026-07-02
P202304138,贾文彬,男,56,4.1040219680403885e+17,灵活就业,开封市,2024-04-27,在保,2026-07-02
P202301800,王丽,女,50,4.1040219740206054e+17,城乡居民,新乡市,2023-09-27,停保,2026-07-02
P202300339,陈玉兰,女,57,4.1030219671004346e+17,城乡居民,焦作市,2020-10-06,退保,2026-07-02
P202300216,苏嘉伟,男,63,4.1020219611008224e+17,灵活就业,信阳市,2020-11-09,在保,2026-07-02
P202303664,于霞,女,55,4.101031969092498e+17,城乡居民,安阳市,2020-09-06,在保,2026-07-02
P202301342,韩强,男,50,4.103021974040779e+17,城镇职工,周口市,2020-09-12,在保,2026-07-02
P202300012,韩波,男,41,4.1040219830909997e+17,城乡居民,鹤壁市,2020-01-24,在保,2026-07-02
P202301521,韩玉兰,女,71,4.103021953101994e+17,城镇职工,商丘市,2023-06-13,在保,2026-07-02
P202303641,林思琪,女,41,4.101031983042557e+17,城镇职工,驻马店市,2021-03-19,在保,2026-07-02
P202304744,阎杰,男,57,4.1010419671110835e+17,城镇职工,南阳市,2020-07-22,停保,2026-07-02
P202303849,胡建华,男,47,4.101051977010104e+17,城乡居民,郑州市,2020-05-02,在保,2026-07-02
P202303005,吴嘉伟,男,-1,4.101051964021934e+17,城乡居民,驻马店市,2023-07-24,在保,2026-07-02
P202302865,于欣怡,女,57,4.103021967051781e+17,城镇职工,商丘市,2022-04-22,在保,2026-07-02
P202303116,彭浩然,男,54,4.1070219700701395e+17,城镇职工,郑州市,2021-06-24,在保,2026-07-02
P202304890,苏丽,女,61,4.10104196301252e+17,城乡居民,信阳市,2020-05-24,在保,2026-07-02
P202302323,刘军,男,58,4.104021966070708e+17,城镇职工,信阳市,2021-09-24,在保,2026-07-02
P202302572,唐斌,男,23,4.1010320010603264e+17,城乡居民,许昌市,2023-04-20,在保,2026-07-02
P202302914,徐勇,男,63,4.104021961051835e+17,城镇职工,信阳市,2024-02-14,在保,2026-07-02
P202300102,苏霞,女,42,4.1010219820810694e+17,城乡居民,开封市,2020-05-31,在保,2026-07-02
P202303550,苏思琪,女,49,4.105021975021288e+17,城镇职工,驻马店市,2020-11-17,在保,2026-07-02
P202301459,蒋敏,女,73,4.1010219511205203e+17,城乡居民,开封市,2020-07-06,在保,2026-07-02
P202300172,吕秀兰,女,35,4.101021989022265e+17,城镇职工,焦作市,2022-11-16,在保,2026-07-02
P202300108,孙艳,女,53,4.105021971061751e+17,城镇职工,鹤壁市,2020-12-02,在保,2026-07-02
P202304240,卢婷,女,48,4.1050219760826304e+17,城乡居民,许昌市,2023-05-04,在保,2026-07-02
P202303570,杨志强,男,66,4.102021958111657e+17,城镇职工,平顶山市,2020-11-20,在保,2026-07-02
P202304122,刘子轩,男,47,4.101021977082562e+17,城镇职工,开封市,2023-04-11,在保,2026-07-02
P202304340,邓宇航,男,44,4.1040219800202406e+17,城乡居民,焦作市,2024-02-29,在保,2026-07-02
P202300025,韩伟,男,40,4.101061984081043e+17,灵活就业,商丘市,2024-01-11,在保,2026-07-02
P202303937,袁美琳,女,72,4.101021952012107e+17,城镇职工,洛阳市,2021-07-23,在保,2026-07-02
P202304397,何永强,男,33,4.1040219910820077e+17,城镇职工,郑州市,2024-05-04,停保,2026-07-02
P202300939,邓永强,男,54,4.101051970021301e+17,城乡居民,鹤壁市,2022-08-01,在保,2026-07-02
P202300061,萧天宇,男,41,4.102021983032062e+17,城镇职工,平顶山市,2020-12-01,退保,2026-07-02
P202301241,梁军,男,43,4.1010619810421626e+17,灵活就业,焦作市,2023-10-08,在保,2026-07-02
P202304685,张秀英,女,31,4.1030219930908666e+17,城乡居民,安阳市,2022-03-12,在保,2026-07-02
P202301041,卢晓红,女,80,4.101031944101604e+17,城镇职工,鹤壁市,2021-08-10,在保,2026-07-02
P202304230,叶芳,女,50,4.1020219740904666e+17,城乡居民,焦作市,2022-12-20,在保,2026-07-02
P202302761,薛志强,男,61,4.107021963060965e+17,灵活就业,商丘市,2023-07-11,退保,2026-07-02
P202302121,丁俊杰,男,93,4.103021931071271e+17,城乡居民,驻马店市,2022-02-26,在保,2026-07-02
P202301525,彭志强,男,43,4.101061981092572e+17,城镇职工,新乡市,2023-06-10,在保,2026-07-02
P202303522,魏晨曦,男,5,4.1010420191209856e+17,城镇职工,焦作市,2020-07-30,在保,2026-07-02
P202300154,董文彬,男,54,4.1040219700418246e+17,城镇职工,平顶山市,2022-08-18,停保,2026-07-02
P202302249,吕晨曦,男,46,4.103021978091552e+17,城镇职工,平顶山市,2023-07-01,在保,2026-07-02
P202300482,唐娟,女,32,4.101041992011782e+17,城乡居民,信阳市,2023-01-12,在保,2026-07-02
P202304764,梁慧,女,56,4.1010619680202586e+17,城镇职工,郑州市,2024-05-14,在保,2026-07-02
P202304350,蒋建国,男,39,4.101031985080603e+17,城乡居民,焦作市,2022-08-20,在保,2026-07-02
P202303579,魏俊杰,男,35,4.101061989010947e+17,城镇职工,新乡市,2024-04-18,在保,2026-07-02
P202304168,孙斌,男,45,4.101051979112858e+17,城镇职工,鹤壁市,2024-05-14,在保,2026-07-02
P202303563,黄静,女,10,4.1070220140411923e+17,城镇职工,漯河市,2020-12-11,在保,2026-07-02
P202303316,阎斌,男,57,4.1010219671009094e+17,城镇职工,平顶山市,2024-01-07,在保,2026-07-02
P202301763,叶淑珍,女,51,4.107021973062247e+17,城镇职工,郑州市,2020-03-03,在保,2026-07-02
P202303539,傅语嫣,女,49,4.10105197511264e+17,城乡居民,新乡市,2024-02-23,停保,2026-07-02
P202304853,蒋文博,男,59,4.1030219650708934e+17,城乡居民,开封市,2020-06-23,在保,2026-07-02
P202300751,吕浩,男,33,4.102021991102266e+17,灵活就业,洛阳市,2020-01-22,在保,2026-07-02
P202303620,韩婷,女,66,4.1030219581015386e+17,城镇职工,焦作市,2023-05-22,在保,2026-07-02
P202301786,魏玲,女,23,4.101042001120113e+17,城乡居民,鹤壁市,2022-11-21,退保,2026-07-02
P202304315,吴嘉伟,男,42,4.10202198202218e+17,灵活就业,许昌市,2020-10-26,停保,2026-07-02
P202303384,叶勇,男,68,4.1030219560313626e+17,城镇职工,郑州市,2021-03-19,在保,2026-07-02
P202304181,林欣怡,女,55,4.105021969031302e+17,城乡居民,商丘市,2023-01-23,在保,2026-07-02
P202300406,宋玉兰,女,61,4.101051963081157e+17,城乡居民,周口市,,在保,2026-07-02
P202300758,傅文博,男,53,4.104021971010715e+17,灵活就业,新乡市,2021-01-10,在保,2026-07-02
P202302712,周思琪,女,77,4.102021947042547e+17,城镇职工,新乡市,2023-11-23,在保,2026-07-02
P202302671,叶淑珍,女,37,4.103021987051745e+17,城乡居民,安阳市,2023-04-20,在保,2026-07-02
P202304842,萧紫薇,女,51,4.1070219730108826e+17,城镇职工,南阳市,2023-07-11,在保,2026-07-02
P202300098,梁梦瑶,女,54,4.104021970090263e+17,城乡居民,新乡市,2023-07-16,在保,2026-07-02
P202301334,许慧,女,76,4.102021948110375e+17,城镇职工,周口市,2020-07-07,退保,2026-07-02
P202304797,何嘉伟,男,58,4.105021966010181e+17,城乡居民,开封市,2020-02-08,在保,2026-07-02
P202302792,于建华,男,39,4.101021985020885e+17,城乡居民,商丘市,2020-09-27,在保,2026-07-02
P202302855,傅建国,男,71,4.101051953051076e+17,灵活就业,商丘市,2022-04-03,在保,2026-07-02
P202300187,朱桂英,女,58,4.102021966121175e+17,城乡居民,南阳市,2020-09-24,在保,2026-07-02
P202304083,高晓红,女,80,4.101051944021678e+17,城镇职工,安阳市,2022-07-21,在保,2026-07-02
P202302724,卢天宇,男,76,4.101051948061487e+17,城乡居民,南阳市,2023-05-10,在保,2026-07-02
P202303584,苏波,男,27,4.107021997012857e+17,城乡居民,平顶山市,2022-02-07,在保,2026-07-02
P202302059,罗淑珍,女,54,4.101041970122023e+17,灵活就业,郑州市,2020-02-26,在保,2026-07-02
P202301320,叶明,男,46,4.105021978051178e+17,城镇职工,信阳市,2020-07-29,在保,2026-07-02
P202304242,魏萍,女,66,4.1010319580708864e+17,灵活就业,焦作市,,在保,2026-07-02
P202300149,宋磊,男,59,4.101041965061099e+17,城乡居民,开封市,2023-05-03,在保,2026-07-02
P202300029,蒋天宇,男,39,4.101061985070569e+17,城镇职工,信阳市,2021-10-09,停保,2026-07-02
P202304183,吕勇,男,34,4.1010419900625504e+17,城镇职工,信阳市,2024-04-25,在保,2026-07-02
P202304089,谢强,男,70,4.101041954080961e+17,城乡居民,鹤壁市,2020-11-07,在保,2026-07-02
P202303364,唐秀英,女,25,4.1010519990128275e+17,城乡居民,安阳市,2023-02-19,在保,2026-07-02
P202300693,袁涛,男,30,4.101041994022077e+17,城乡居民,驻马店市,2021-10-22,停保,2026-07-02
P202302867,梁建国,男,34,4.1010219901227085e+17,城镇职工,平顶山市,2020-06-11,停保,2026-07-02
P202303777,黄娟,女,17,4.101022007081764e+17,灵活就业,南阳市,2022-10-07,在保,2026-07-02
P202301387,唐文彬,男,73,4.101051951020373e+17,城乡居民,漯河市,2023-09-20,在保,2026-07-02
P202301846,林超,男,31,4.107021993101761e+17,城乡居民,漯河市,2024-05-16,在保,2026-07-02
P202304903,沈文博,男,31,4.101041993092553e+17,城镇职工,焦作市,2024-02-14,在保,2026-07-02
P202300130,李丽,女,40,4.1010619840612006e+17,城镇职工,鹤壁市,2020-10-20,在保,2026-07-02
P202301600,曾磊,男,36,4.107021988012794e+17,灵活就业,平顶山市,2020-12-14,停保,2026-07-02
P202303630,贾淑珍,女,38,4.1050219860112954e+17,城乡居民,信阳市,2022-08-10,在保,2026-07-02
P202304662,萧军,男,44,4.101041980042341e+17,城职,新乡市,2024-05-16,退保,2026-07-02
P202300702,袁国强,男,68,4.107021956011722e+17,城镇职工,安阳市,2020-12-17,停保,2026-07-02
P202304061,杨紫薇,女,63,4.101041961120814e+17,城乡居民,平顶山市,2023-11-28,在保,2026-07-02
P202303029,马雪,女,40,4.102021984040412e+17,城乡居民,商丘市,2024-03-23,在保,2026-07-02
P202302970,蒋文博,男,54,4.101031970082404e+17,城镇职工,信阳市,2023-03-19,在保,2026-07-02
P202304401,刘紫薇,女,58,4.102021966031968e+17,城镇职工,郑州市,2021-11-17,在保,2026-07-02
P202301709,宋桂英,女,47,4.1010319770502714e+17,城镇职工,开封市,2022-11-30,在保,2026-07-02
P202302954,宋涛,男,77,4.1030219470520557e+17,城乡居民,驻马店市,2024-04-04,在保,2026-07-02
P202300455,周国强,男,40,4.101041984111704e+17,城乡居民,开封市,2020-04-24,在保,2026-07-02
P202302869,卢晓红,女,59,4.102021965032893e+17,城乡居民,信阳市,2021-12-18,在保,2026-07-02
P202302041,苏永强,男,37,4.1010619870404614e+17,城乡居民,商丘市,2024-04-25,在保,2026-07-02
P202301773,杨桂英,女,38,4.1010319860627334e+17,城镇职工,洛阳市,2021-03-19,在保,2026-07-02
P202302316,彭强,男,57,4.101031967062584e+17,城镇职工,漯河市,2021-05-02,在保,2026-07-02
P202300610,魏娟,女,76,4.101061948071859e+17,城乡居民,,2020-03-18,在保,2026-07-02
P202300168,马超,男,84,4.1010219401111277e+17,灵活就业,,2022-01-23,在保,2026-07-02
P202300731,于梦瑶,女,53,4.101051971030914e+17,灵活就业,安阳市,2021-07-22,在保,2026-07-02
P202304293,高嘉伟,男,23,4.104022001090226e+17,城乡居民,驻马店市,2022-09-20,在保,2026-07-02
P202303359,薛浩然,男,58,4.1020219660705485e+17,城乡居民,开封市,2022-10-22,在保,2026-07-02
P202303897,卢浩,男,75,4.1010619490111955e+17,城镇职工,新乡市,2021-10-21,在保,2026-07-02
P202302075,朱辉,男,38,4.1010419860105555e+17,城乡居民,信阳市,2020-05-19,停保,2026-07-02
P202304112,梁秀兰,女,36,4.101061988040248e+17,城乡居民,平顶山市,2020-08-01,停保,2026-07-02
P202303701,李建华,男,69,4.1010419550402835e+17,城乡居民,许昌市,2024-04-19,在保,2026-07-02
P202301623,黄婷,女,66,4.1050219580817126e+17,城乡居民,商丘市,2023-06-12,在保,2026-07-02
P202300588,王鹏,男,34,4.1070219900211475e+17,灵活就业,洛阳市,2022-12-02,在保,2026-07-02
P202301402,冯淑珍,女,59,4.10104196506061e+17,城乡居民,焦作市,2020-12-29,在保,2026-07-02
P202303046,张欣怡,女,13,4.103022011082087e+17,城镇职工,商丘市,2020-09-27,在保,2026-07-02
P202303225,王慧,女,55,4.105021969102669e+17,城乡居民,漯河市,2021-03-19,在保,2026-07-02
P202301701,高娜,女,56,4.101021968120398e+17,灵活就业,漯河市,2024-03-16,在保,2026-07-02
P202303089,袁慧,女,14,4.1020220100217837e+17,城乡居民,漯河市,2022-05-11,停保,2026-07-02
P202304435,韩诗涵,女,40,4.1030219840408845e+17,灵活就业,许昌市,2021-07-10,退保,2026-07-02
P202302982,梁文博,男,72,4.10302195202046e+17,城镇职工,平顶山市,2023-08-07,在保,2026-07-02
P202300041,黄晨曦,男,63,4.101041961100904e+17,灵活就业,周口市,2022-06-08,在保,2026-07-02
P202301380,苏欣怡,女,82,4.101021942041919e+17,城乡居民,商丘市,2021-11-04,在保,2026-07-02
P202302090,王霞,女,76,4.1010419480128384e+17,城乡,商丘市,2022-02-12,在保,2026-07-02
P202303925,朱梦瑶,女,45,4.1070219790916384e+17,灵活就业,平顶山市,2020-08-30,在保,2026-07-02
P202302176,郑敏,女,87,4.103021937011906e+17,城镇职工,焦作市,2022-12-31,在保,2026-07-02
P202303218,曹秀英,女,40,4.10702198406026e+17,城镇职工,许昌市,2022-01-01,在保,2026-07-02
P202302886,罗子轩,男,41,4.104021983070352e+17,城镇职工,驻马店市,2022-09-24,在保,2026-07-02
P202300075,黄诗涵,女,2,4.104022022021964e+17,城镇职工,开封市,2020-11-01,在保,2026-07-02
P202303987,沈明,男,59,4.1010519650709414e+17,城镇职工,焦作市,2023-03-10,停保,2026-07-02
P202303968,朱娟,女,15,4.105022009102477e+17,城乡居民,新乡市,2023-11-16,在保,2026-07-02
P202302658,杨永强,男,66,4.1040219580714726e+17,城乡居民,焦作市,2020-04-29,在保,2026-07-02
P202303181,王天宇,男,67,4.10106195711059e+17,灵活就业,新乡市,2022-07-24,在保,2026-07-02
P202302077,何思琪,女,61,4.1040219631225984e+17,灵活就业,鹤壁市,2022-09-02,在保,2026-07-02
P202300442,沈国强,男,49,4.1020219750706003e+17,城镇职工,新乡市,2021-03-29,在保,2026-07-02
P202304119,朱凤英,女,41,4.101051983021733e+17,灵活就业,周口市,2022-04-06,退保,2026-07-02
P202302052,薛娟,女,34,4.101061990022692e+17,城镇职工,周口市,2020-09-05,在保,2026-07-02
P202302542,卢丽,女,27,4.1010519970406304e+17,灵活就业,南阳市,2024-02-17,在保,2026-07-02
P202303307,陈桂英,女,59,4.1020219651014675e+17,灵活就业,焦作市,2022-08-05,在保,2026-07-02
P202301302,彭娜,女,67,4.101041957091003e+17,城乡居民,漯河市,2022-01-29,在保,2026-07-02
P202301782,宋芳,女,48,4.101021976010216e+17,城镇职工,焦作市,2023-08-02,在保,2026-07-02
P202304864,梁子轩,男,25,4.1030219990702675e+17,城乡居民,郑州市,2023-03-25,在保,2026-07-02
P202303431,陈杰,男,58,4.1020219660804986e+17,灵活就业,洛阳市,2022-02-06,在保,2026-07-02
P202301305,曾伟,男,59,4.105021965122853e+17,城镇职工,信阳市,2023-06-20,停保,2026-07-02
P202300237,袁美琳,女,13,4.101032011121678e+17,城乡居民,漯河市,2021-02-20,在保,2026-07-02
P202302600,朱慧,女,41,4.103021983082282e+17,灵活就业,商丘市,2021-07-14,在保,2026-07-02
P202300521,邓永强,男,19,4.101042005032803e+17,城镇职工,洛阳市,2022-09-21,在保,2026-07-02
P202302574,郭强,男,49,4.10202197504286e+17,城镇职工,开封市,2023-09-23,在保,2026-07-02
P202303281,冯艳,女,34,4.1010319900321075e+17,灵活就业,驻马店市,2023-12-01,在保,2026-07-02
P202303187,邓伟,男,28,4.1010619960204365e+17,城乡居民,焦作市,2020-02-07,在保,2026-07-02
P202303954,曹霞,女,60,4.107021964102005e+17,城乡居民,郑州市,2021-04-03,在保,2026-07-02
P202302769,曾明,男,40,4.1010319840822925e+17,城镇职工,焦作市,2022-01-02,在保,2026-07-02
P202300736,郭浩,男,58,4.1070219660116544e+17,城镇职工,许昌市,2020-08-19,在保,2026-07-02
P202304752,冯紫薇,女,45,4.1050219790512224e+17,城镇职工,信阳市,2022-07-16,在保,2026-07-02
P202304980,苏敏,女,10,4.1010220140612755e+17,城乡居民,开封市,2023-08-31,在保,2026-07-02
P202302107,杨志强,男,33,4.1040219910327776e+17,灵活就业,周口市,2023-06-02,在保,2026-07-02
P202302680,梁秀英,女,45,4.1030219790813786e+17,城乡居民,郑州市,2022-03-20,在保,2026-07-02
P202303230,朱国强,男,49,4.101061975052003e+17,城乡居民,南阳市,2023-05-12,在保,2026-07-02
P202302762,林建华,男,35,4.1010319890705344e+17,灵活就业,焦作市,2020-08-13,在保,2026-07-02
P202300593,吕玉兰,女,58,4.101051966122569e+17,城镇职工,洛阳市,2024-03-27,在保,2026-07-02
P202301304,吴文彬,男,36,4.1030219880521235e+17,城镇职工,鹤壁市,2021-03-09,在保,2026-07-02
P202301388,吴雨彤,女,78,4.1020219460705946e+17,城镇职工,洛阳市,2024-02-16,在保,2026-07-02
P202304743,郭斌,男,50,4.101051974101125e+17,城乡居民,周口市,2022-11-23,在保,2026-07-02
P202304572,沈宇航,男,44,4.1040219801126675e+17,城镇职工,郑州市,2020-03-06,在保,2026-07-02
P202304025,何欣怡,女,37,4.107021987121128e+17,城乡居民,漯河市,2023-01-30,在保,2026-07-02
P202301891,胡文博,男,59,4.1010319650307155e+17,灵活就业,安阳市,2024-04-25,在保,2026-07-02
P202302988,杨霞,女,51,4.101041973030197e+17,城镇职工,安阳市,2023-09-17,在保,2026-07-02
P202304975,刘婷,女,23,4.101042001062693e+17,城乡居民,开封市,2021-04-05,在保,2026-07-02
P202303298,苏佳慧,女,32,4.103021992111524e+17,灵活就业,南阳市,2021-12-04,在保,2026-07-02
P202300905,彭文博,男,53,4.102021971031564e+17,城镇职工,洛阳市,,在保,2026-07-02
P202304656,张晓红,女,88,4.107021936102667e+17,城乡居民,周口市,2023-05-11,在保,2026-07-02
P202301280,郭建国,男,44,4.1070219800706694e+17,城乡居民,安阳市,2020-01-11,在保,2026-07-02
P202300934,高欣怡,女,10,4.104022014110468e+17,城镇职工,漯河市,2022-12-30,在保,2026-07-02
P202304950,何凤英,女,57,4.102021967010447e+17,灵活就业,郑州市,2021-11-13,在保,2026-07-02
P202302309,何娜,女,59,4.102021965102463e+17,城镇职工,焦作市,2020-08-10,在保,2026-07-02
P202301556,马秀兰,女,56,4.101051968102058e+17,城镇职工,漯河市,2023-02-05,在保,2026-07-02
P202304579,吕梦瑶,女,39,4.1020219850818765e+17,城镇职工,鹤壁市,2021-10-29,在保,2026-07-02
P202303191,曹淑珍,女,42,4.102021982122869e+17,城镇职工,周口市,2022-01-15,在保,2026-07-02
P202304487,王晨曦,男,57,4.1040219670909184e+17,城镇职工,安阳市,2022-01-23,在保,2026-07-02
P202300707,胡语嫣,女,26,4.1040219981112186e+17,城镇职工,商丘市,2022-10-03,在保,2026-07-02
P202304883,董志强,男,34,4.102021990072151e+17,城乡居民,新乡市,2023-05-17,在保,2026-07-02
P202303071,曾芳,女,27,4.101051997122569e+17,城镇职工,鹤壁市,2021-01-10,在保,2026-07-02
P202300746,沈娟,女,36,4.1010219880921626e+17,城镇职工,漯河市,2020-07-01,退保,2026-07-02
P202303595,宋斌,男,72,4.1010319520408326e+17,城镇职工,焦作市,2020-04-11,在保,2026-07-02
P202301940,萧晨曦,男,51,4.1020219730809536e+17,城镇职工,焦作市,2020-11-06,在保,2026-07-02
P202304445,李建国,男,15,4.101052009121085e+17,城镇职工,郑州市,2020-10-16,在保,2026-07-02
P202302863,孙佳慧,女,30,4.101031994082772e+17,城乡居民,周口市,2020-12-09,停保,2026-07-02
P202304076,杨娜,女,52,4.103021972120276e+17,城镇职工,开封市,2022-03-08,停保,2026-07-02
P202300514,杨思琪,女,33,4.101021991011266e+17,城乡居民,许昌市,2023-01-03,在保,2026-07-02
P202300082,黄凤英,女,56,4.1030219680517555e+17,城乡居民,信阳市,2020-06-13,在保,2026-07-02
P202304067,刘婷,女,53,4.105021971071832e+17,城镇职工,安阳市,,在保,2026-07-02
P202301309,薛文博,男,69,4.1050219550424205e+17,城乡居民,商丘市,2020-03-08,在保,2026-07-02
P202304594,邓思琪,女,10,4.1040220140125005e+17,灵活就业,洛阳市,2023-07-27,在保,2026-07-02
P202300915,卢波,男,48,4.101051976041604e+17,灵活就业,商丘市,2023-12-18,在保,2026-07-02
P202303453,于丽,女,47,4.1010519771125645e+17,城镇职工,安阳市,2022-07-19,在保,2026-07-02
P202303696,林慧,女,44,4.101041980030827e+17,灵活就业,南阳市,2023-12-08,在保,2026-07-02
P202304854,程艳,女,52,4.1040219720203014e+17,城乡居民,平顶山市,2020-01-14,停保,2026-07-02
P202303157,梁嘉伟,男,27,4.107021997021487e+17,城乡居民,南阳市,2021-07-14,在保,2026-07-02
P202302199,傅海涛,男,38,4.107021986082363e+17,城镇职工,洛阳市,2023-07-23,停保,2026-07-02
P202304276,周海涛,男,48,4.10302197610207e+17,城乡居民,漯河市,2023-08-25,在保,2026-07-02
P202300775,宋晓红,女,61,4.101041963040608e+17,灵活就业,安阳市,2023-10-11,在保,2026-07-02
P202300330,吴娜,女,61,4.1070219630421306e+17,城乡居民,南阳市,2023-02-01,在保,2026-07-02
P202302055,彭子轩,男,25,4.1010519991022835e+17,城乡居民,商丘市,2024-04-27,停保,2026-07-02
P202302002,杨杰,男,47,4.1020219770118714e+17,城镇职工,周口市,2021-11-11,停保,2026-07-02
P202300944,叶淑珍,女,48,4.105021976121029e+17,城镇职工,许昌市,2023-01-27,在保,2026-07-02
P202300823,袁紫薇,女,91,4.101031933050232e+17,城乡居民,驻马店市,2022-04-13,在保,2026-07-02
P202304573,傅玲,女,64,4.101041960101717e+17,城镇职工,周口市,2021-05-22,在保,2026-07-02
P202300910,于语嫣,女,88,4.1010619361018157e+17,城职,许昌市,2020-12-25,在保,2026-07-02
P202302517,林勇,男,51,4.1010419730421485e+17,城乡居民,信阳市,2023-07-03,在保,2026-07-02
P202300182,黄建国,男,34,4.1010419900311955e+17,城镇职工,焦作市,2022-11-28,停保,2026-07-02
P202300165,阎国强,男,67,4.102021957030236e+17,城乡居民,焦作市,2023-08-09,在保,2026-07-02
P202301524,程辉,男,32,4.101031992042485e+17,城乡居民,信阳市,2022-02-16,在保,2026-07-02
P202300452,曹佳慧,女,67,4.10702195701179e+17,城乡居民,信阳市,2020-12-05,在保,2026-07-02
P202303984,周浩然,男,29,4.103021995082292e+17,城乡居民,焦作市,2020-07-03,退保,2026-07-02
P202302539,周文彬,男,27,4.101051997081768e+17,城镇职工,鹤壁市,2020-08-31,在保,2026-07-02
P202304148,贾玉兰,女,48,4.1070219760416896e+17,城镇职工,安阳市,2023-04-19,在保,2026-07-02
P202304825,冯丽,女,48,4.1030219761115e+17,城乡居民,漯河市,2020-11-16,在保,2026-07-02
P202301312,贾天宇,男,64,4.101021960100957e+17,城乡居民,洛阳市,2024-03-01,在保,2026-07-02
P202303150,胡雪,女,33,4.101061991122064e+17,城镇职工,洛阳市,2020-10-12,停保,2026-07-02
P202301112,林国强,男,53,4.1030219710607763e+17,城乡居民,新乡市,2022-02-12,在保,2026-07-02
P202304641,林敏,女,64,4.1010419600605696e+17,城乡居民,开封市,2021-07-24,在保,2026-07-02
P202303875,郭志强,男,36,4.101031988032185e+17,城镇职工,信阳市,2022-10-08,在保,2026-07-02
P202303490,叶凤英,女,21,4.101062003122622e+17,城镇职工,新乡市,2021-02-08,停保,2026-07-02
P202301288,阎浩然,男,59,4.103021965091436e+17,灵活就业,南阳市,2023-05-12,在保,2026-07-02
P202304220,程伟,男,17,4.1010420071008224e+17,城镇职工,新乡市,2020-09-20,在保,2026-07-02
P202304693,高玲,女,67,4.10106195702093e+17,城乡居民,许昌市,2023-12-26,停保,2026-07-02
P202303681,马俊杰,男,29,4.1010219950427226e+17,城乡居民,漯河市,2022-01-28,停保,2026-07-02
P202304375,高雨彤,女,67,4.1010619570326106e+17,城乡居民,许昌市,2020-11-05,在保,2026-07-02
P202304211,薛思琪,女,45,4.101031979032239e+17,灵活就业,安阳市,2023-06-02,在保,2026-07-02
P202303301,李芳,女,56,4.103021968030869e+17,城乡居民,安阳市,2021-10-02,在保,2026-07-02
P202303311,刘浩,男,28,4.1050219961117165e+17,灵活就业,南阳市,2023-08-24,在保,2026-07-02
P202304602,董语嫣,女,66,4.103021958091101e+17,灵活就业,郑州市,2021-10-18,在保,2026-07-02
P202303126,丁明,男,63,4.1070219610503194e+17,城镇职工,安阳市,2020-05-25,在保,2026-07-02
P202300328,周秀英,女,64,4.1020219600202963e+17,灵活就业,郑州市,2020-12-10,停保,2026-07-02
P202301791,郑志强,男,16,4.1010620081212576e+17,城乡居民,信阳市,,在保,2026-07-02
P202302491,唐芳,女,49,4.10202197509147e+17,城乡居民,周口市,2021-07-05,在保,2026-07-02
P202302007,高敏,女,50,4.101021974011866e+17,灵活就业,信阳市,2022-12-23,在保,2026-07-02
P202302008,吴嘉伟,男,35,4.102021989121846e+17,城镇职工,漯河市,2023-02-14,在保,2026-07-02
P202301859,曾紫薇,女,55,4.103021969051856e+17,城镇职工,郑州市,2022-10-26,退保,2026-07-02
P202304733,贾磊,男,31,4.101051993080578e+17,城乡居民,周口市,2024-02-20,在保,2026-07-02
P202300313,高桂英,女,64,4.102021960052708e+17,城镇职工,焦作市,2020-09-01,在保,2026-07-02
P202300833,阎宇航,男,31,4.101021993021538e+17,城乡居民,信阳市,2020-01-20,在保,2026-07-02
P202303080,李玉兰,女,45,4.1010519791223315e+17,城乡居民,安阳市,2024-04-09,退保,2026-07-02
P202304766,马鹏,男,54,4.103021970101572e+17,城乡居民,洛阳市,2022-11-11,在保,2026-07-02
P202303463,林勇,男,52,4.101031972012009e+17,城镇职工,漯河市,2023-03-31,在保,2026-07-02
P202301202,赵娟,女,42,4.1010619820715334e+17,城镇职工,商丘市,2022-05-20,在保,2026-07-02
P202304436,丁晨曦,男,62,4.1010219621011974e+17,灵活就业,平顶山市,2020-01-21,在保,2026-07-02
P202303548,沈明,男,76,4.101021948061054e+17,灵活就业,许昌市,2022-07-07,在保,2026-07-02
P202304073,高军,男,22,4.101032002071424e+17,城镇职工,南阳市,2021-01-01,退保,2026-07-02
P202302135,赵莉,女,43,4.107021981062121e+17,灵活就业,漯河市,2022-01-02,在保,2026-07-02
P202303452,杨玲,女,27,4.10702199711013e+17,城镇职工,焦作市,2022-07-19,停保,2026-07-02
P202302210,黄莉,女,49,4.101031975082701e+17,城镇职工,安阳市,2021-09-19,在保,2026-07-02
P202301902,罗飞,男,43,4.101041981080428e+17,城乡居民,商丘市,2020-10-08,在保,2026-07-02
P202304051,陈桂英,女,-3,4.101061988121451e+17,城乡居民,商丘市,2022-01-24,在保,2026-07-02
P202301482,傅静,女,43,4.102021981081162e+17,城乡居民,新乡市,2023-08-15,在保,2026-07-02
P202300778,王涛,男,45,4.101021979120788e+17,城镇职工,新乡市,2022-09-12,在保,2026-07-02
P202300800,贾玉兰,女,50,4.1030219740410086e+17,灵活就业,驻马店市,2021-11-16,在保,2026-07-02
P202303715,郭军,男,68,4.1010219560819674e+17,城乡居民,平顶山市,2021-09-30,在保,2026-07-02
P202303943,魏思琪,女,39,4.1020219850125286e+17,城乡居民,周口市,2020-04-24,退保,2026-07-02
P202300055,叶国强,男,68,4.101021956061077e+17,城镇职工,鹤壁市,2022-05-08,在保,2026-07-02
P202302973,董淑珍,女,25,4.102021999042644e+17,城乡居民,新乡市,2022-01-23,停保,2026-07-02
P202303336,胡娟,女,25,4.101061999042803e+17,城镇职工,焦作市,2022-12-30,在保,2026-07-02
P202301921,韩伟,男,14,4.1010320100928006e+17,城镇职工,焦作市,2020-10-12,停保,2026-07-02
P202303716,林海涛,男,47,4.1010319770616826e+17,城乡居民,驻马店市,2021-11-09,在保,2026-07-02
P202304694,黄思琪,女,59,4.1040219650511226e+17,灵活就业,鹤壁市,2021-08-30,在保,2026-07-02
P202300947,蔡宇航,男,22,4.1010420020714694e+17,灵活就业,漯河市,2020-04-25,在保,2026-07-02
P202301702,叶桂英,女,58,4.101031966081788e+17,灵活就业,平顶山市,2023-02-05,在保,2026-07-02
P202303294,邓玉兰,女,56,4.1040219680402963e+17,城乡居民,平顶山市,2022-08-04,在保,2026-07-02
P202302162,程娟,女,54,4.1050219700427955e+17,城乡居民,开封市,2020-07-13,在保,2026-07-02
P202301137,沈天宇,男,71,4.1050219530505715e+17,灵活就业,周口市,2023-04-04,在保,2026-07-02
P202300988,贾梦瑶,女,65,4.101051959061449e+17,灵活就业,驻马店市,2022-05-24,在保,2026-07-02
P202302550,薛芳,女,87,4.107021937072384e+17,城乡居民,洛阳市,,停保,2026-07-02
P202300194,傅玉兰,女,27,4.1010519971017414e+17,城乡居民,郑州市,2020-04-02,在保,2026-07-02
P202303058,魏强,男,53,4.101021971100343e+17,城乡居民,信阳市,2021-04-12,在保,2026-07-02
P202303247,傅芳,女,57,4.101021967120448e+17,城乡居民,许昌市,2022-11-19,在保,2026-07-02
P202301395,萧辉,男,43,4.101021981082045e+17,城乡居民,周口市,2022-06-12,在保,2026-07-02
P202302638,张秀英,女,66,4.101041958081409e+17,城镇职工,南阳市,2023-09-21,在保,2026-07-02
P202300769,杨紫薇,女,38,4.1020219861006445e+17,城镇职工,洛阳市,2020-03-23,在保,2026-07-02
P202304751,曾雪,女,69,4.101051955071395e+17,城镇职工,商丘市,2021-05-20,在保,2026-07-02
P202303091,孙婷,女,17,,城镇职工,鹤壁市,2020-01-04,在保,2026-07-02
P202303496,杨天宇,男,84,4.102021940101295e+17,城镇职工,许昌市,2023-02-05,在保,2026-07-02
P202303216,蔡宇航,男,82,,城镇职工,许昌市,2023-10-06,在保,2026-07-02
P202300286,梁天宇,男,14,4.1070220100528525e+17,城镇职工,开封市,2024-03-16,在保,2026-07-02
P202304989,张浩,男,53,4.101021971081708e+17,灵活就业,许昌市,2020-05-21,在保,2026-07-02
P202304802,林俊杰,男,48,4.107021976050502e+17,城镇职工,驻马店市,2021-07-02,在保,2026-07-02
P202302333,贾晓红,女,22,4.101032002100675e+17,城乡居民,安阳市,2024-04-29,在保,2026-07-02
P202302718,彭杰,男,65,4.107021959071658e+17,城镇职工,鹤壁市,2021-05-31,在保,2026-07-02
P202302080,宋建国,男,41,4.1010319830305325e+17,灵活就业,郑州市,2023-04-12,在保,2026-07-02
P202303390,贾淑珍,女,52,4.105021972041514e+17,城镇职工,信阳市,2023-10-12,在保,2026-07-02
P202300723,徐萍,女,25,4.103021999041665e+17,城镇职工,鹤壁市,2023-01-02,在保,2026-07-02
P202300952,曾杰,男,56,4.103021968051913e+17,城镇职工,焦作市,2020-05-10,在保,2026-07-02
P202304411,韩婷,女,37,4.101061987121883e+17,城乡居民,焦作市,2020-12-14,在保,2026-07-02
P202302263,叶梦瑶,女,72,4.10102195212049e+17,城乡居民,漯河市,2020-11-14,在保,2026-07-02
P202300990,刘永强,男,50,4.101051974051629e+17,城乡居民,洛阳市,2022-06-01,在保,2026-07-02
P202303213,韩敏,女,80,4.101051944062203e+17,灵活就业,信阳市,2022-11-06,在保,2026-07-02
P202301760,曹萍,女,73,4.1030219510905875e+17,城乡居民,周口市,2022-06-12,在保,2026-07-02
P202304149,孙浩,男,40,4.1010619840526886e+17,城乡居民,驻马店市,2023-08-16,在保,2026-07-02
P202301725,卢娟,女,33,4.105021991032292e+17,灵活就业,平顶山市,2020-02-05,在保,2026-07-02
P202300342,孙文彬,男,54,4.107021970042158e+17,城镇职工,漯河市,2022-10-13,在保,2026-07-02
P202303702,蔡诗涵,女,76,4.101051948090452e+17,城镇职工,新乡市,2023-12-14,在保,2026-07-02
P202300689,黄梦瑶,女,62,4.10106196207065e+17,城乡居民,郑州市,2020-09-01,在保,2026-07-02
P202303433,苏佳慧,女,59,4.101021965061112e+17,城乡居民,洛阳市,2023-10-07,在保,2026-07-02
P202300967,蔡建国,男,37,4.101041987031358e+17,城乡居民,郑州市,2024-01-25,在保,2026-07-02
P202304776,赵佳慧,女,64,4.10103196004135e+17,城镇职工,信阳市,2022-02-16,退保,2026-07-02
P202302204,董雨彤,女,26,4.1010219980325037e+17,城乡,周口市,2021-11-17,在保,2026-07-02
P202302714,蒋娟,女,24,4.1010320000616806e+17,城镇职工,洛阳市,2020-06-18,停保,2026-07-02
P202303573,彭磊,男,55,4.102021969040604e+17,城镇职工,南阳市,2021-08-06,在保,2026-07-02
P202301991,沈斌,男,64,4.1010619601120384e+17,城镇职工,信阳市,2021-01-23,在保,2026-07-02
P202304121,刘子轩,男,39,4.101021985081242e+17,城乡居民,开封市,2021-05-03,在保,2026-07-02
P202304362,王辉,男,35,4.102021989112899e+17,城镇职工,商丘市,2021-08-03,在保,2026-07-02
P202304792,陈淑珍,女,42,4.1010519820913216e+17,灵活就业,洛阳市,2021-05-10,在保,2026-07-02
P202303601,马涛,男,35,4.105021989040232e+17,城镇职工,商丘市,2022-09-18,在保,2026-07-02
P202304613,高斌,男,75,4.104021949011159e+17,城乡居民,安阳市,2020-08-30,在保,2026-07-02
P202301963,苏杰,男,59,4.107021965122515e+17,城乡居民,平顶山市,2021-03-29,在保,2026-07-02
P202304167,阎勇,男,44,4.101021980080528e+17,城乡居民,漯河市,2022-09-28,在保,2026-07-02
P202300386,曹玉兰,女,52,4.1010419720701235e+17,城乡居民,许昌市,2020-09-25,在保,2026-07-02
P202304415,沈桂英,女,53,4.1010619710404346e+17,城乡居民,信阳市,2020-05-24,在保,2026-07-02
P202304615,蔡娜,女,51,4.101061973101485e+17,城乡居民,鹤壁市,2020-10-31,在保,2026-07-02
P202300537,叶萍,女,34,4.10103199004143e+17,城乡居民,开封市,2020-09-27,在保,2026-07-02
P202304713,曾静,女,57,4.101031967102866e+17,城乡居民,许昌市,2020-02-05,在保,2026-07-02
P202303508,刘超,男,48,4.103021976101945e+17,城乡居民,漯河市,2021-06-30,停保,2026-07-02
P202300202,吕慧,女,60,4.1010519640518304e+17,城职,安阳市,2024-04-28,在保,2026-07-02
P202301333,邓强,男,46,4.105021978060158e+17,灵活就业,郑州市,2022-10-29,停保,2026-07-02
P202303503,罗鹏,男,50,4.101051974070951e+17,城镇职工,开封市,2024-04-01,在保,2026-07-02
P202302709,程敏,女,43,4.103021981022259e+17,城乡居民,商丘市,2022-08-30,在保,2026-07-02
P202304022,胡海涛,男,24,4.101062000051723e+17,城镇职工,焦作市,2022-05-11,在保,2026-07-02
P202301855,孙志强,男,68,4.105021956090834e+17,城镇职工,焦作市,2020-08-07,在保,2026-07-02
P202304961,冯欣怡,女,44,4.1030219800502925e+17,城乡居民,平顶山市,2023-05-05,停保,2026-07-02
P202302873,董晨曦,男,12,4.1010320120810285e+17,城镇职工,信阳市,,停保,2026-07-02
P202303031,叶玲,女,5,4.102022019062603e+17,灵活就业,驻马店市,2022-05-18,在保,2026-07-02
P202301206,董秀兰,女,50,4.1010419740907795e+17,城镇职工,周口市,2023-06-04,在保,2026-07-02
P202301646,谢飞,男,57,4.1030219671117696e+17,灵活就业,信阳市,2023-09-20,在保,2026-07-02
P202303418,周婷,女,53,4.10102197111114e+17,灵活就业,焦作市,2020-06-28,在保,2026-07-02
P202303477,王宇航,男,67,4.101061957051215e+17,城镇职工,平顶山市,2023-05-08,在保,2026-07-02
P202302862,丁莉,女,58,4.1010519660811315e+17,城乡居民,开封市,2023-12-29,在保,2026-07-02
P202301793,唐强,男,47,4.101041977121598e+17,城乡居民,商丘市,2022-08-18,在保,2026-07-02
P202303798,林文博,男,53,4.101021971052461e+17,城镇职工,许昌市,2023-09-14,在保,2026-07-02
P202303369,张思琪,女,57,4.1070219670503955e+17,灵活就业,信阳市,2024-01-30,在保,2026-07-02
P202303368,赵诗涵,女,53,4.105021971090591e+17,城镇职工,鹤壁市,2022-12-10,停保,2026-07-02
P202303534,曹斌,男,27,4.1040219970111936e+17,灵活就业,平顶山市,2020-01-24,在保,2026-07-02
P202304438,刘雨彤,女,45,4.10106197903249e+17,城乡居民,鹤壁市,2022-04-05,在保,2026-07-02
P202303450,袁娜,女,42,4.101041982121527e+17,城镇职工,南阳市,2022-06-04,在保,2026-07-02
P202300604,周语嫣,女,74,4.1020219500902e+17,城镇职工,鹤壁市,2022-01-05,在保,2026-07-02
P202303057,许梦瑶,女,40,4.1010619840310483e+17,城镇职工,鹤壁市,2022-05-07,退保,2026-07-02
P202304405,薛雨彤,女,47,4.101031977121527e+17,城乡居民,开封市,2020-03-09,退保,2026-07-02
P202300127,蒋敏,女,32,4.103021992120299e+17,城镇职工,周口市,2021-10-01,在保,2026-07-02
P202303877,赵建国,男,67,4.1010419570101645e+17,城乡居民,新乡市,2023-04-02,在保,2026-07-02
P202302936,于浩,男,76,4.101031948122112e+17,城镇职工,周口市,2022-10-06,在保,2026-07-02
P202303532,徐文彬,男,83,4.1030219410228224e+17,城镇职工,洛阳市,2020-09-17,在保,2026-07-02
P202302731,丁娟,女,72,4.10103195201127e+17,城镇职工,新乡市,2023-10-13,在保,2026-07-02
P202300828,张丽,女,40,4.107021984021009e+17,城乡居民,许昌市,2020-09-08,在保,2026-07-02
P202301640,王思琪,女,30,4.1010619941026746e+17,城乡居民,信阳市,2023-01-26,在保,2026-07-02
P202300985,阎敏,女,49,4.101051975112744e+17,灵活就业,信阳市,2023-12-17,在保,2026-07-02
P202303282,傅晨曦,男,50,4.101021974071408e+17,城乡,许昌市,2021-09-03,在保,2026-07-02
P202303050,于俊杰,男,71,4.1070219531115085e+17,城镇职工,周口市,2020-12-03,退保,2026-07-02
P202302189,沈杰,男,42,4.1050219820520525e+17,城镇职工,平顶山市,2021-07-06,停保,2026-07-02
P202304894,蒋建华,男,47,4.1020219770925875e+17,城镇职工,安阳市,2023-04-10,在保,2026-07-02
P202302444,唐明,男,62,4.103021962041485e+17,城镇职工,焦作市,2020-03-31,在保,2026-07-02
P202300363,阎诗涵,女,48,4.1030219761021094e+17,城镇职工,信阳市,2021-03-08,停保,2026-07-02
P202302350,蒋静,女,42,4.101031982042891e+17,灵活就业,平顶山市,2022-04-20,在保,2026-07-02
P202300346,徐浩,男,54,4.1010219700501325e+17,城镇职工,洛阳市,2020-05-31,在保,2026-07-02
P202300815,韩娟,女,68,4.102021956090298e+17,灵活就业,许昌市,2021-07-22,在保,2026-07-02
P202303206,卢伟,男,37,4.104021987101063e+17,城乡居民,周口市,2024-01-30,在保,2026-07-02
P202303907,赵志强,男,73,4.101041951021543e+17,城镇职工,焦作市,2020-06-02,停保,2026-07-02
P202304845,许伟,男,70,4.10105195404099e+17,城镇职工,郑州市,2021-06-24,在保,2026-07-02
P202303326,吴娟,女,58,4.1030219660802304e+17,城乡居民,漯河市,2022-09-18,在保,2026-07-02
P202304107,丁语嫣,女,44,4.101031980052083e+17,城镇职工,信阳市,,在保,2026-07-02
P202302117,邓志强,男,45,4.1010219790716506e+17,城镇职工,洛阳市,2023-08-25,在保,2026-07-02
P202301835,周天宇,男,38,4.101021986010227e+17,灵活就业,南阳市,2022-05-21,在保,2026-07-02
P202300794,阎紫薇,女,27,4.1040219970610515e+17,城镇职工,洛阳市,2021-06-28,在保,2026-07-02
P202304997,陈桂英,女,62,4.1070219620604275e+17,城镇职工,漯河市,2022-07-26,在保,2026-07-02
P202302675,薛飞,男,31,4.1070219930819795e+17,城乡居民,安阳市,2023-11-03,停保,2026-07-02
P202300095,薛慧,女,42,4.103021982072281e+17,城乡居民,信阳市,2020-03-16,在保,2026-07-02
P202303757,魏婷,女,51,4.10104197308242e+17,灵活就业,信阳市,2023-12-24,停保,2026-07-02
P202302892,董语嫣,女,11,4.105022013102709e+17,城镇职工,信阳市,2024-02-10,在保,2026-07-02
P202302372,蔡萍,女,40,4.101021984071677e+17,城乡居民,周口市,2022-04-29,在保,2026-07-02
P202304934,叶子轩,男,70,4.1020219541023174e+17,灵活就业,开封市,2022-01-27,在保,2026-07-02
P202304477,罗建华,男,41,,城乡居民,郑州市,2020-06-03,在保,2026-07-02
P202303229,于海涛,男,64,4.104021960012407e+17,灵活就业,商丘市,2020-08-08,在保,2026-07-02
P202302854,黄佳慧,女,53,4.1010519710102784e+17,城乡居民,平顶山市,2023-04-20,在保,2026-07-02
P202302913,周永强,男,36,4.102021988080578e+17,城乡居民,驻马店市,2023-07-08,在保,2026-07-02
P202301866,贾鹏,男,20,4.107022004071386e+17,城镇职工,信阳市,2024-03-27,在保,2026-07-02
P202301858,吴秀英,女,45,4.1010419790911104e+17,城镇职工,开封市,2020-11-23,退保,2026-07-02
P202302646,杨飞,男,35,4.101041989091323e+17,城乡居民,安阳市,2020-02-11,停保,2026-07-02
P202302244,卢丽,女,21,4.104022003070887e+17,灵活就业,南阳市,2020-02-21,在保,2026-07-02
P202302337,阎飞,男,59,4.1040219650313805e+17,城乡居民,郑州市,2024-02-23,在保,2026-07-02
P202300951,黄志强,男,45,4.10502197904016e+17,城乡居民,周口市,2022-09-09,在保,2026-07-02
P202303069,丁嘉伟,男,54,4.101051970021363e+17,城镇职工,周口市,2020-10-21,在保,2026-07-02
P202301121,罗鹏,男,69,4.107021955111556e+17,城镇职工,南阳市,2022-06-13,在保,2026-07-02
P202302598,张军,男,53,4.1010319710312806e+17,灵活就业,郑州市,,在保,2026-07-02
P202302205,唐晨曦,男,32,4.1010419920219366e+17,城乡居民,南阳市,2023-01-18,在保,2026-07-02
P202300420,林婷,女,51,4.101061973122205e+17,城乡居民,南阳市,2022-05-03,退保,2026-07-02
P202300923,苏杰,男,52,4.101031972070428e+17,城镇职工,焦作市,2020-03-01,在保,2026-07-02
P202301255,郑鹏,男,72,4.1050219520325024e+17,城镇职工,平顶山市,2023-06-16,在保,2026-07-02
P202300478,傅嘉伟,男,55,4.1020219690607917e+17,城镇职工,安阳市,2021-01-09,停保,2026-07-02
P202302036,李辉,男,95,4.1010419291101075e+17,城镇职工,鹤壁市,2023-08-28,在保,2026-07-02
P202301203,梁思琪,女,52,4.103021972120579e+17,城镇职工,鹤壁市,2022-09-28,在保,2026-07-02
P202302627,胡桂英,女,75,4.1040219490306784e+17,灵活就业,周口市,2020-09-25,停保,2026-07-02
P202304868,吕斌,男,49,4.101061975032065e+17,城镇职工,开封市,2022-03-11,在保,2026-07-02
P202301971,孙涛,男,60,4.101041964022182e+17,城镇职工,许昌市,2023-09-14,在保,2026-07-02
P202303111,曹建国,男,29,4.1010619950821626e+17,城乡,周口市,2023-02-14,在保,2026-07-02
P202304019,韩敏,女,40,4.1020219841108416e+17,城乡居民,许昌市,2022-12-23,在保,2026-07-02
P202302152,黄诗涵,女,79,4.1040219450212595e+17,城乡居民,许昌市,2023-03-15,在保,2026-07-02
P202303688,蔡磊,男,54,4.1020219700410726e+17,城乡居民,许昌市,2020-04-26,在保,2026-07-02
P202301998,蒋婷,女,34,4.1010219900624275e+17,城乡居民,鹤壁市,2022-08-14,在保,2026-07-02
P202304034,赵磊,男,0,4.10702202411022e+17,灵活就业,周口市,2021-09-06,停保,2026-07-02
P202303055,彭文博,男,81,4.1040219430211923e+17,城镇职工,平顶山市,2023-12-27,停保,2026-07-02
P202301249,何雨彤,女,54,4.1010319700812595e+17,城镇职工,焦作市,2024-04-30,在保,2026-07-02
P202302193,袁志强,男,86,4.1040219380821766e+17,城镇职工,驻马店市,2021-03-31,在保,2026-07-02
P202302713,曾磊,男,130,4.1010519661023014e+17,城乡居民,郑州市,2022-01-11,在保,2026-07-02
P202300993,周海涛,男,45,4.1010319790119994e+17,城乡居民,新乡市,2023-12-14,在保,2026-07-02
P202302191,胡芳,女,21,4.1030220030918125e+17,城乡居民,平顶山市,2022-02-24,在保,2026-07-02
P202303763,董浩然,男,35,4.103021989081681e+17,灵活就业,开封市,2021-02-26,在保,2026-07-02
P202303598,,男,68,4.1050219561003757e+17,城镇职工,郑州市,2020-03-19,在保,2026-07-02
P202301319,叶斌,男,39,4.1010319850811654e+17,城乡居民,鹤壁市,2021-01-09,在保,2026-07-02
P202301864,何飞,男,18,4.1010320060711795e+17,城乡居民,漯河市,2020-12-05,在保,2026-07-02
P202302344,刘莉,女,40,4.101051984030349e+17,城镇职工,商丘市,2020-03-21,在保,2026-07-02
P202302450,贾玲,女,37,4.101051987090313e+17,灵活就业,郑州市,2023-07-15,在保,2026-07-02
P202302137,魏晓红,女,51,4.1010319730916166e+17,城镇职工,漯河市,2023-08-09,在保,2026-07-02
P202301066,苏国强,男,29,4.101061995090697e+17,城乡居民,新乡市,2020-07-09,在保,2026-07-02
P202302465,马霞,女,65,4.1050219590311245e+17,城镇职工,鹤壁市,2022-03-19,停保,2026-07-02
P202304228,梁娜,女,57,4.10104196709081e+17,城乡居民,漯河市,2020-09-08,退保,2026-07-02
P202302622,冯雪,女,64,4.101061960021614e+17,城乡居民,开封市,2020-01-16,在保,2026-07-02
P202300078,苏涛,男,44,4.101031980030818e+17,城镇职工,洛阳市,2020-11-16,在保,2026-07-02
P202302899,徐建华,男,44,4.102021980062653e+17,灵活就业,南阳市,2022-08-01,在保,2026-07-02
P202301315,彭志强,男,50,4.101021974101488e+17,城镇职工,许昌市,2022-06-25,在保,2026-07-02
P202304417,苏强,男,54,4.101051970032325e+17,城乡居民,周口市,2022-07-28,在保,2026-07-02
P202300873,宋佳慧,女,25,4.1010519990725965e+17,城镇职工,新乡市,2022-06-17,在保,2026-07-02
P202303851,傅秀兰,女,40,4.101041984092232e+17,城镇职工,商丘市,2020-02-26,在保,2026-07-02
P202304837,赵波,男,41,4.101051983032831e+17,城乡居民,鹤壁市,2024-02-23,在保,2026-07-02
P202302966,董芳,女,45,4.104021979020941e+17,城镇职工,信阳市,2023-07-21,在保,2026-07-02
P202303392,王建华,男,35,4.101061989032121e+17,城乡居民,漯河市,2020-03-10,在保,2026-07-02
P202302561,孙建华,男,31,4.1010519931001306e+17,灵活就业,平顶山市,2021-05-08,退保,2026-07-02
P202304947,邓浩然,男,36,4.1010619880420576e+17,城镇职工,安阳市,2022-12-21,在保,2026-07-02
P202302636,沈梦瑶,女,69,4.1010619550605536e+17,城镇职工,平顶山市,2023-01-17,在保,2026-07-02
P202303531,李欣怡,女,76,4.105021948081144e+17,城镇职工,郑州市,2022-09-11,在保,2026-07-02
P202300376,蔡建华,男,36,4.104021988111252e+17,城乡居民,鹤壁市,2020-12-14,在保,2026-07-02
P202301909,马涛,男,28,4.101031996050294e+17,城镇职工,漯河市,2023-02-06,在保,2026-07-02
P202304377,吴桂英,女,7,4.1020220171005677e+17,城镇职工,新乡市,2023-08-05,在保,2026-07-02
P202304424,傅芳,女,67,4.104021957041641e+17,城乡居民,南阳市,2021-06-05,停保,2026-07-02
P202304028,曹紫薇,女,45,4.101021979110258e+17,城乡居民,驻马店市,2020-04-15,在保,2026-07-02
P202301605,杨强,男,41,4.101031983030446e+17,城乡居民,开封市,2024-01-20,在保,2026-07-02
P202301119,林佳慧,女,53,4.103021971071399e+17,城乡居民,漯河市,2021-06-19,停保,2026-07-02
P202303678,徐娟,女,47,4.1040219770127456e+17,城乡居民,南阳市,2020-03-01,在保,2026-07-02
P202303491,魏紫薇,女,44,4.107021980071917e+17,城镇职工,漯河市,2022-04-03,在保,2026-07-02
P202304914,王飞,男,52,4.107021972081247e+17,城乡居民,新乡市,2024-05-10,在保,2026-07-02
P202302959,罗文博,男,70,4.1010519540619475e+17,城镇职工,洛阳市,2020-04-14,在保,2026-07-02
P202301995,魏鹏,男,56,4.101031968112058e+17,灵活就业,安阳市,2021-03-27,在保,2026-07-02
P202300107,罗宇航,男,83,4.1070219410624134e+17,城镇职工,漯河市,2021-08-27,在保,2026-07-02
P202304400,贾玲,女,66,4.103021958090995e+17,城镇职工,新乡市,2020-10-28,在保,2026-07-02
P202302377,阎俊杰,男,43,4.107021981022258e+17,城乡居民,漯河市,2020-11-23,在保,2026-07-02
P202301343,袁嘉伟,男,57,4.105021967020677e+17,城乡居民,洛阳市,2022-09-28,在保,2026-07-02
P202300321,贾诗涵,女,51,4.102021973080924e+17,城乡居民,新乡市,2020-10-05,在保,2026-07-02
P202301620,程伟,男,70,4.10106195403223e+17,城镇职工,南阳市,2020-11-27,停保,2026-07-02
P202303714,曾辉,男,11,4.1050220130717824e+17,城镇职工,商丘市,2024-02-17,在保,2026-07-02
P202302061,胡桂英,女,65,4.104021959011896e+17,城乡居民,平顶山市,2020-06-10,停保,2026-07-02
P202302220,曹鹏,男,45,4.107021979030345e+17,城乡居民,郑州市,2020-04-13,在保,2026-07-02
P202301674,刘建国,男,33,4.105021991020855e+17,灵活就业,洛阳市,2021-11-25,在保,2026-07-02
P202300261,马欣怡,女,33,4.1040219911026246e+17,城乡居民,南阳市,2021-07-28,在保,2026-07-02
P202304462,邓晓红,女,83,4.107021941070882e+17,城镇职工,焦作市,2020-03-02,在保,2026-07-02
P202302040,萧飞,男,18,4.1050220060920486e+17,城乡居民,南阳市,2021-12-22,在保,2026-07-02
P202300902,周超,男,42,4.101051982031321e+17,城乡居民,新乡市,2024-01-25,在保,2026-07-02
P202303745,梁娜,女,32,4.1050219920219706e+17,灵活就业,平顶山市,2021-03-09,在保,2026-07-02
P202302027,何静,女,82,4.1070219420323834e+17,城镇职工,开封市,2024-02-12,退保,2026-07-02
P202304235,郑伟,男,21,4.1040220030507565e+17,城镇职工,新乡市,2021-08-13,退保,2026-07-02
P202301918,程建国,男,38,4.104021986100337e+17,灵活就业,焦作市,2023-04-26,在保,2026-07-02
P202301829,魏永强,男,48,4.1010319760319034e+17,城镇职工,焦作市,2023-12-13,在保,2026-07-02
P202301574,周芳,女,25,4.105021999082277e+17,城镇职工,驻马店市,2023-01-13,在保,2026-07-02
P202304439,于佳慧,女,43,4.1010219811106797e+17,城乡居民,南阳市,2023-10-27,停保,2026-07-02
P202304209,梁雪,女,34,4.103021990080733e+17,城镇职工,信阳市,2023-02-21,在保,2026-07-02
P202300225,蔡欣怡,女,41,,城乡居民,信阳市,2021-12-09,在保,2026-07-02
P202300724,刘玲,女,63,4.103021961042076e+17,灵活就业,许昌市,2023-03-30,在保,2026-07-02
P202304531,王芳,女,53,4.103021971092293e+17,城镇职工,洛阳市,2020-11-22,在保,2026-07-02
P202301142,高艳,女,74,4.103021950092681e+17,城乡居民,洛阳市,2023-04-07,在保,2026-07-02
P202302763,贾天宇,男,66,4.101061958060167e+17,城乡居民,驻马店市,2020-07-11,在保,2026-07-02
P202300847,萧波,男,55,4.10302196910201e+17,城乡居民,商丘市,2023-10-15,在保,2026-07-02
P202302552,薛淑珍,女,16,4.101062008032697e+17,灵活就业,开封市,2020-09-19,在保,2026-07-02
P202302929,韩雨彤,女,78,4.1070219460312794e+17,城乡居民,商丘市,2021-01-15,停保,2026-07-02
P202300118,宋浩然,男,28,4.107021996010988e+17,城镇职工,开封市,2023-01-11,在保,2026-07-02
P202300646,杨芳,女,45,4.1010319791221606e+17,城镇职工,南阳市,2023-11-21,在保,2026-07-02
P202300004,赵玉兰,女,77,4.107021947052604e+17,城乡居民,驻马店市,2020-09-12,退保,2026-07-02
P202304171,袁婷,女,22,4.10502200209046e+17,城镇职工,郑州市,2022-06-06,在保,2026-07-02
P202300468,徐波,男,63,4.101021961022715e+17,灵活就业,漯河市,2023-05-14,在保,2026-07-02
P202300006,杨语嫣,女,45,4.1010319790709466e+17,城镇职工,开封市,2022-01-28,在保,2026-07-02
P202300920,王丽,女,53,4.1010219710203795e+17,城乡居民,驻马店市,2022-05-03,在保,2026-07-02
P202302596,袁语嫣,女,9,4.101032015032142e+17,城乡居民,许昌市,2021-08-21,在保,2026-07-02
P202301064,傅波,男,18,4.1030220060126957e+17,城镇职工,南阳市,2020-09-20,停保,2026-07-02
P202302591,朱慧,女,72,4.101021952082317e+17,城镇职工,洛阳市,2021-07-14,在保,2026-07-02
P202300243,蒋慧,女,59,4.105021965091401e+17,城镇职工,驻马店市,2024-01-19,在保,2026-07-02
P202301161,黄芳,女,5,4.10102201905096e+17,城乡居民,安阳市,2020-06-22,在保,2026-07-02
P202302871,蔡玲,女,38,4.107021986051352e+17,城镇职工,南阳市,2024-03-10,在保,2026-07-02
P202303736,周桂英,女,47,4.1010419770404077e+17,城镇职工,安阳市,2020-08-11,在保,2026-07-02
P202302398,张玉兰,女,31,4.103021993051777e+17,城镇职工,许昌市,2022-12-27,在保,2026-07-02
P202303518,卢文彬,男,57,4.101021967041583e+17,城镇职工,安阳市,2023-02-08,停保,2026-07-02
P202303422,郭淑珍,女,48,4.101041976050831e+17,城乡居民,焦作市,2021-05-29,在保,2026-07-02
P202302564,朱秀英,女,54,4.10102197005016e+17,城镇职工,安阳市,2021-05-14,在保,2026-07-02
P202301606,贾桂英,女,32,4.1040219920714125e+17,城乡居民,许昌市,2023-04-18,在保,2026-07-02
P202304878,彭玲,女,57,4.101041967051213e+17,城乡居民,鹤壁市,2024-03-30,在保,2026-07-02
P202302325,宋萍,女,49,4.1010319751005184e+17,灵活就业,信阳市,2020-06-04,在保,2026-07-02
P202302710,丁萍,女,78,4.1030219460725466e+17,城镇职工,安阳市,2020-03-24,在保,2026-07-02
P202304443,曾桂英,女,59,4.104021965031162e+17,城镇职工,焦作市,2020-03-14,在保,2026-07-02
P202301313,周建国,男,75,4.10105194904086e+17,城镇职工,信阳市,2022-08-08,在保,2026-07-02
P202303449,郭斌,男,43,4.10106198105199e+17,城乡居民,郑州市,2022-04-07,在保,2026-07-02
P202303813,冯晨曦,男,34,4.10702199009158e+17,城乡居民,商丘市,2022-12-13,在保,2026-07-02
P202304703,朱浩然,男,61,4.1030219631021926e+17,城乡居民,郑州市,2024-04-07,停保,2026-07-02
P202302363,袁晓红,女,22,4.101062002041505e+17,城乡居民,许昌市,2022-02-07,在保,2026-07-02
P202301976,孙佳慧,女,43,4.102021981052805e+17,城乡居民,驻马店市,2020-10-09,在保,2026-07-02
P202303515,韩萍,女,57,4.1070219671109997e+17,城镇职工,许昌市,2020-06-09,在保,2026-07-02
P202301762,卢丽,女,63,4.1010519610602714e+17,城乡居民,漯河市,2020-03-02,在保,2026-07-02
P202302740,彭诗涵,女,65,4.101061959011886e+17,城乡居民,漯河市,2023-02-14,在保,2026-07-02
P202304707,郑浩,男,75,4.107021949100653e+17,灵活就业,洛阳市,2020-01-17,在保,2026-07-02
P202302473,周志强,男,35,4.104021989040796e+17,城镇职工,南阳市,2024-01-26,在保,2026-07-02
P202304008,曾海涛,男,38,4.101051986011241e+17,城镇职工,信阳市,2023-02-11,在保,2026-07-02
P202301494,李思琪,女,53,4.103021971090304e+17,城乡,周口市,2020-03-14,在保,2026-07-02
P202304207,萧军,男,58,4.1010419660525235e+17,城乡居民,南阳市,2022-05-16,在保,2026-07-02
P202302159,曹秀英,女,73,4.104021951121395e+17,城乡居民,周口市,2022-03-25,在保,2026-07-02
P202301170,何语嫣,女,65,4.101051959110615e+17,城乡居民,商丘市,2020-04-11,在保,2026-07-02
P202304562,李斌,男,80,4.101041944081493e+17,城镇职工,新乡市,2021-09-27,在保,2026-07-02
P202300233,董文博,男,50,4.1050219741227194e+17,城镇职工,安阳市,2022-02-11,在保,2026-07-02
P202300067,李慧,女,48,4.1010419760807366e+17,灵活就业,焦作市,2021-07-26,停保,2026-07-02
P202301604,林佳慧,女,35,4.101061989111121e+17,灵活就业,信阳市,2020-10-31,在保,2026-07-02
P202303284,苏文博,男,65,4.105021959031114e+17,城乡居民,开封市,2023-09-19,在保,2026-07-02
P202303597,孙文博,男,32,4.1070219921223046e+17,城乡居民,开封市,2021-02-28,在保,2026-07-02
P202300126,陈秀英,女,89,4.101031935070476e+17,城乡居民,平顶山市,,在保,2026-07-02
P202301297,邓慧,女,66,4.101031958070991e+17,灵活就业,洛阳市,2024-01-05,在保,2026-07-02
P202301977,徐芳,女,70,4.10502195404203e+17,城镇职工,开封市,2023-07-04,停保,2026-07-02
P202304563,叶思琪,女,33,4.10104199107227e+17,城镇职工,郑州市,2021-10-17,退保,2026-07-02
P202304527,胡婷,女,25,4.10502199909052e+17,城镇职工,漯河市,2020-03-29,在保,2026-07-02
P202302076,杨浩,男,44,4.101041980112614e+17,城乡居民,郑州市,2022-02-03,在保,2026-07-02
P202303087,叶紫薇,女,48,4.1010319760124224e+17,城镇职工,开封市,2022-09-21,在保,2026-07-02
P202304871,宋建国,男,95,4.1050219290813414e+17,城镇职工,安阳市,2020-01-15,在保,2026-07-02
P202303346,贾波,男,79,4.101031945071839e+17,灵活就业,洛阳市,2021-09-20,在保,2026-07-02
P202304510,刘敏,女,48,4.1010419760515085e+17,城镇职工,平顶山市,2022-06-15,在保,2026-07-02
P202302798,周秀英,女,17,4.1010320070116934e+17,城镇职工,信阳市,2020-08-21,在保,2026-07-02
P202300919,赵海涛,男,41,4.1020219830309766e+17,城乡居民,漯河市,2024-03-12,在保,2026-07-02
P202301647,朱波,男,46,4.101051978081697e+17,城镇职工,南阳市,2020-04-10,在保,2026-07-02
P202300365,周紫薇,女,62,4.1070219620106195e+17,灵活就业,鹤壁市,2020-04-28,在保,2026-07-02
P202303288,朱子轩,男,46,4.101021978042844e+17,城镇职工,驻马店市,2022-06-12,退保,2026-07-02
P202302126,罗思琪,女,59,4.1010619650912704e+17,城乡居民,鹤壁市,2023-03-15,在保,2026-07-02
P202304124,曾雨彤,女,53,4.1070219710328384e+17,城乡居民,平顶山市,2023-08-07,停保,2026-07-02
P202300526,傅子轩,男,17,4.1010320071119366e+17,城乡居民,许昌市,2023-09-24,在保,2026-07-02
P202300056,曹明,男,66,4.1040219580113344e+17,城镇职工,许昌市,2020-12-04,在保,2026-07-02
P202300639,张飞,男,26,4.101021998070422e+17,城镇职工,信阳市,2023-10-20,停保,2026-07-02
P202300303,周淑珍,女,63,4.1070219610712557e+17,灵活就业,平顶山市,2022-08-22,退保,2026-07-02
P202302767,蒋超,男,49,4.1010219750912506e+17,城镇职工,驻马店市,2021-01-29,在保,2026-07-02
P202301277,韩建国,男,91,4.1010319330621766e+17,灵活就业,南阳市,2022-03-31,在保,2026-07-02
P202302056,赵娟,女,35,4.101021989101513e+17,城镇职工,许昌市,,在保,2026-07-02
P202303645,周勇,男,35,4.101031989082147e+17,城乡居民,南阳市,2021-11-18,停保,2026-07-02
P202304144,蒋玉兰,女,55,4.1010219690606637e+17,灵活就业,,2023-02-25,在保,2026-07-02
P202302879,阎艳,女,55,4.10105196901206e+17,城乡居民,平顶山市,2020-03-07,在保,2026-07-02
P202304203,韩宇航,男,32,4.102021992092849e+17,城乡居民,郑州市,2021-02-27,在保,2026-07-02
P202302287,韩佳慧,女,150,4.104021960092177e+17,城镇职工,信阳市,2023-09-23,在保,2026-07-02
P202302262,王涛,男,57,,城镇职工,许昌市,2020-07-21,在保,2026-07-02
P202302297,蔡海涛,男,57,4.103021967080275e+17,城乡居民,驻马店市,2023-05-04,停保,2026-07-02
P202301754,林秀兰,女,17,4.105022007052656e+17,城乡居民,开封市,2020-09-16,停保,2026-07-02
P202301969,王晨曦,男,46,4.104021978061253e+17,城乡居民,洛阳市,2021-06-07,在保,2026-07-02
P202304396,曾飞,男,25,4.101051999012025e+17,城镇职工,新乡市,2024-01-27,在保,2026-07-02
P202303118,蒋思琪,女,36,4.101061988121642e+17,城乡居民,驻马店市,2023-10-02,在保,2026-07-02
P202302394,卢辉,男,38,4.10502198611279e+17,城镇职工,漯河市,2020-01-13,在保,2026-07-02
P202300524,谢佳慧,女,60,4.107021964051704e+17,城乡居民,鹤壁市,2021-09-14,在保,2026-07-02
P202303901,吕文彬,男,39,4.101021985031004e+17,城镇职工,焦作市,2020-05-11,在保,2026-07-02
P202303123,胡军,男,58,4.1020219660709325e+17,城镇职工,开封市,2024-04-14,在保,2026-07-02
P202304157,宋强,男,59,4.1010319651224915e+17,城乡居民,焦作市,2022-02-10,退保,2026-07-02
P202301970,李雨彤,女,70,4.1010219540804096e+17,城乡居民,鹤壁市,2020-11-27,在保,2026-07-02
P202300672,,男,12,4.1010220120507066e+17,城镇职工,鹤壁市,2021-04-20,在保,2026-07-02
P202304189,吴嘉伟,男,42,4.103021982022843e+17,城镇职工,周口市,2021-08-16,在保,2026-07-02
P202300667,宋明,男,45,4.1040219791225594e+17,城乡居民,平顶山市,2024-03-05,在保,2026-07-02
P202304383,傅志强,男,37,4.105021987062388e+17,城乡居民,郑州市,2024-04-22,在保,2026-07-02
P202301888,叶雪,女,57,4.105021967062765e+17,城镇职工,焦作市,2021-06-26,停保,2026-07-02
P202303267,蒋晓红,女,34,4.102021990061056e+17,城镇职工,鹤壁市,2023-03-22,在保,2026-07-02
P202300281,郭明,男,52,4.101041972081976e+17,城乡居民,驻马店市,2022-11-12,在保,2026-07-02
P202301720,杨美琳,女,42,4.1010419820926374e+17,城乡居民,南阳市,2023-07-28,退保,2026-07-02
P202302948,冯凤英,女,0,4.1010420240912755e+17,城乡居民,开封市,,停保,2026-07-02
P202300900,蒋慧,女,35,4.101021989101946e+17,城镇职工,驻马店市,2023-08-04,在保,2026-07-02
P202304900,陈秀兰,女,60,4.102021964112216e+17,城乡居民,开封市,2022-08-08,在保,2026-07-02
P202300761,薛建国,男,39,4.107021985111922e+17,城乡居民,郑州市,2022-12-13,在保,2026-07-02
P202301907,王杰,男,21,4.1010220030103706e+17,城镇职工,南阳市,2022-08-02,在保,2026-07-02
P202304043,丁宇航,男,20,4.105022004092014e+17,灵活就业,鹤壁市,2021-04-11,在保,2026-07-02
P202303824,黄慧,女,53,4.1040219710414496e+17,灵活就业,许昌市,2023-05-26,停保,2026-07-02
P202304139,韩凤英,女,66,4.1020219580521005e+17,城镇职工,新乡市,2024-02-16,在保,2026-07-02
P202303819,董国强,男,42,4.1010519821117466e+17,灵活就业,商丘市,2021-05-09,在保,2026-07-02
P202304301,胡艳,女,42,4.101041982112022e+17,城镇职工,驻马店市,2020-08-03,在保,2026-07-02
P202302594,吴欣怡,女,51,4.101041973072772e+17,城乡居民,焦作市,2024-03-17,在保,2026-07-02
P202304165,刘玲,女,42,4.105021982102277e+17,城镇职工,安阳市,2023-08-22,在保,2026-07-02
P202303032,许淑珍,女,38,4.101041986010874e+17,城镇职工,开封市,2020-12-11,在保,2026-07-02
P202303580,叶志强,男,30,4.1030219940708454e+17,城乡居民,平顶山市,2023-08-26,在保,2026-07-02
P202302833,贾思琪,女,78,4.1070219460915136e+17,城镇职工,漯河市,2024-02-02,在保,2026-07-02
P202303473,董淑珍,女,50,4.1030219740723046e+17,城乡居民,开封市,2023-01-11,在保,2026-07-02
P202300138,黄淑珍,女,44,4.102021980032697e+17,城镇职工,信阳市,2023-11-13,停保,2026-07-02
P202302181,韩诗涵,女,46,4.1070219780819194e+17,城镇职工,焦作市,2020-08-24,在保,2026-07-02
P202302129,何鹏,男,62,4.1070219620322656e+17,城镇职工,平顶山市,2022-03-18,停保,2026-07-02
P202303178,郑桂英,女,40,4.101021984011291e+17,城镇职工,郑州市,2022-11-17,在保,2026-07-02
P202304412,马晨曦,男,48,4.107021976032829e+17,城乡居民,南阳市,2020-10-02,在保,2026-07-02
P202304262,郑磊,男,44,4.101021980072043e+17,城乡居民,开封市,2020-05-12,在保,2026-07-02
P202304345,徐欣怡,女,38,4.101041986052383e+17,城镇职工,安阳市,2022-01-16,停保,2026-07-02
P202301332,何萍,女,71,4.101021953030466e+17,城乡居民,南阳市,2022-03-22,在保,2026-07-02
P202302018,彭海涛,男,13,4.104022011041213e+17,城镇职工,周口市,2021-12-22,在保,2026-07-02
P202302483,吴俊杰,男,85,4.103021939050713e+17,城镇职工,许昌市,2021-03-31,退保,2026-07-02
P202301359,吴海涛,男,23,4.101052001031333e+17,城镇职工,周口市,2022-09-11,在保,2026-07-02
P202301330,傅婷,女,60,4.1010219640325786e+17,城乡居民,鹤壁市,2023-12-03,在保,2026-07-02
P202302151,高紫薇,女,46,4.1010519780625146e+17,城镇职工,信阳市,2022-12-19,在保,2026-07-02
P202302123,宋飞,男,49,4.1010619751114643e+17,城镇职工,平顶山市,2022-06-29,在保,2026-07-02
P202303982,赵斌,男,79,4.10106194501245e+17,城镇职工,周口市,2020-09-18,在保,2026-07-02
P202301253,周凤英,女,14,4.1020220101013677e+17,城乡居民,漯河市,2020-03-10,在保,2026-07-02
P202303279,丁勇,男,51,4.101061973040805e+17,城镇职工,鹤壁市,2022-06-20,退保,2026-07-02
P202303375,冯欣怡,女,19,4.1050220050712934e+17,城镇职工,驻马店市,2021-03-16,在保,2026-07-02
P202302815,贾莉,女,82,4.103021942110287e+17,城乡居民,焦作市,2023-10-18,在保,2026-07-02
P202301849,邓婷,女,67,4.1010519571015994e+17,城乡居民,焦作市,2022-06-15,停保,2026-07-02
P202303038,罗桂英,女,53,4.1010419710105696e+17,城乡居民,许昌市,2023-12-11,在保,2026-07-02
P202300389,程雨彤,女,67,4.1010219570514675e+17,城镇职工,商丘市,2022-12-01,在保,2026-07-02
P202300236,唐嘉伟,男,61,4.102021963051348e+17,城镇职工,商丘市,2022-01-05,在保,2026-07-02
P202301078,何杰,男,42,4.1010619820704595e+17,城镇职工,安阳市,2020-12-05,在保,2026-07-02
P202301985,冯永强,男,67,4.101031957081039e+17,灵活就业,郑州市,2020-11-21,在保,2026-07-02
P202304364,张敏,女,71,4.1050219530605856e+17,城乡居民,鹤壁市,2021-05-09,在保,2026-07-02
P202303963,刘思琪,女,50,4.101021974112094e+17,城镇职工,洛阳市,2021-03-31,在保,2026-07-02
P202300771,程鹏,男,62,4.101041962111086e+17,城镇职工,驻马店市,2022-05-25,在保,2026-07-02
P202302166,孙勇,男,31,4.107021993082455e+17,城镇职工,商丘市,2023-09-18,在保,2026-07-02
P202300674,沈静,女,43,4.1010619810326266e+17,灵活就业,信阳市,2022-01-31,退保,2026-07-02
P202300250,沈俊杰,男,57,4.105021967061377e+17,城乡居民,平顶山市,2023-11-12,在保,2026-07-02
P202301575,卢婷,女,58,4.107021966102386e+17,城镇职工,平顶山市,2021-05-29,在保,2026-07-02
P202303420,董辉,男,40,4.101061984060262e+17,城镇职工,驻马店市,2021-10-15,在保,2026-07-02
P202302082,曹明,男,60,4.1040219641025965e+17,城乡居民,平顶山市,2021-01-16,在保,2026-07-02
P202301824,张娟,女,38,4.101021986101293e+17,城镇职工,信阳市,2023-03-01,停保,2026-07-02
P202300717,程雪,女,52,4.105021972011327e+17,灵活就业,周口市,2022-02-12,在保,2026-07-02
P202304716,林敏,女,49,4.102021975122638e+17,城乡居民,信阳市,2022-05-19,在保,2026-07-02
P202302049,刘天宇,男,44,4.1040219801201184e+17,城镇职工,焦作市,2020-08-13,在保,2026-07-02
P202304179,沈梦瑶,女,82,4.10302194207215e+17,城镇职工,信阳市,2022-09-14,在保,2026-07-02
P202302725,王磊,男,85,4.1010219391202605e+17,灵活就业,驻马店市,2023-05-03,在保,2026-07-02
P202304567,邓子轩,男,65,4.101041959040282e+17,城乡居民,南阳市,2021-07-14,在保,2026-07-02
P202301461,程俊杰,男,47,4.1040219771023194e+17,城镇职工,安阳市,2024-02-07,在保,2026-07-02
P202301669,高雨彤,女,65,4.101061959121773e+17,城乡居民,漯河市,2023-10-18,在保,2026-07-02
P202302757,袁晨曦,男,53,4.101051971032591e+17,城乡居民,平顶山市,2023-06-03,在保,2026-07-02
P202302001,唐淑珍,女,37,4.1070219870913984e+17,灵活就业,南阳市,2021-03-03,停保,2026-07-02
P202300405,杨宇航,男,41,4.107021983111091e+17,城乡居民,驻马店市,2021-02-27,在保,2026-07-02
P202300385,罗鹏,男,36,4.1050219881017344e+17,城乡居民,漯河市,2023-11-07,退保,2026-07-02
P202304538,罗娜,女,44,4.107021980101665e+17,城镇职工,新乡市,2023-08-04,在保,2026-07-02
P202302153,马语嫣,女,50,4.101051974011124e+17,灵活就业,驻马店市,2022-12-30,在保,2026-07-02
P202301634,谢军,男,68,4.101061956061191e+17,城镇职工,开封市,2023-03-26,在保,2026-07-02
P202304632,贾慧,女,40,4.101021984010806e+17,城镇职工,洛阳市,2022-01-18,在保,2026-07-02
P202303926,刘浩,男,43,4.1010319810512966e+17,城镇职工,平顶山市,2022-12-19,在保,2026-07-02
P202304159,赵斌,男,38,4.107021986051402e+17,城乡居民,商丘市,2020-06-02,在保,2026-07-02
P202300224,孙建华,男,20,4.101042004120885e+17,城镇职工,平顶山市,2020-02-16,退保,2026-07-02
P202302194,唐鹏,男,25,4.104021999012726e+17,城乡居民,新乡市,2024-01-09,在保,2026-07-02
P202303137,魏明,男,67,4.101021957011063e+17,城镇职工,周口市,,在保,2026-07-02
P202301825,谢秀兰,女,53,4.101061971100338e+17,灵活就业,周口市,2023-10-18,在保,2026-07-02
P202304658,曾建国,男,33,4.103021991011071e+17,灵活就业,信阳市,2022-11-04,在保,2026-07-02
P202300798,苏天宇,男,62,4.105021962051441e+17,城乡居民,鹤壁市,2021-09-15,在保,2026-07-02
P202302872,高军,男,58,4.101041966040838e+17,城乡居民,商丘市,2022-05-13,在保,2026-07-02
P202300010,周娟,女,59,4.10502196505246e+17,城乡居民,漯河市,2023-04-10,在保,2026-07-02
P202301945,魏俊杰,男,61,4.101021963091192e+17,城镇职工,洛阳市,2020-03-28,在保,2026-07-02
P202301839,曾鹏,男,49,4.1070219750813805e+17,城乡居民,驻马店市,2022-10-06,在保,2026-07-02
P202300256,彭文彬,男,41,4.1030219830110426e+17,城乡居民,平顶山市,2020-06-22,在保,2026-07-02
P202304554,张娜,女,32,4.101041992071488e+17,城乡居民,鹤壁市,2022-03-10,在保,2026-07-02
P202301582,袁丽,女,70,4.101031954032473e+17,城镇职工,安阳市,2020-05-02,在保,2026-07-02
P202302957,苏俊杰,男,66,4.103021958091667e+17,城镇职工,洛阳市,2021-11-19,停保,2026-07-02
P202300925,赵涛,男,71,4.101021953072053e+17,城乡居民,漯河市,2022-09-22,在保,2026-07-02
P202304474,韩静,女,59,4.1020219650127277e+17,城镇职工,开封市,2021-09-26,在保,2026-07-02
P202302509,吴娜,女,25,4.107021999121568e+17,城镇职工,信阳市,2021-08-08,在保,2026-07-02
P202303776,于文博,男,58,4.1070219660503475e+17,城镇职工,郑州市,2020-12-12,退保,2026-07-02
P202304137,梁天宇,男,48,4.1020219760122835e+17,城乡居民,南阳市,2020-05-12,在保,2026-07-02
P202302780,黄天宇,男,58,4.1070219660124294e+17,城镇职工,新乡市,2020-06-23,在保,2026-07-02
P202300540,陈辉,男,39,4.102021985111909e+17,城乡居民,商丘市,2022-04-27,在保,2026-07-02
P202302746,黄军,男,44,4.101041980062101e+17,城乡居民,商丘市,2022-11-04,在保,2026-07-02
P202304544,冯秀兰,女,39,4.1050219850527014e+17,城镇职工,驻马店市,2021-07-15,在保,2026-07-02
P202304617,何浩然,男,70,4.102021954101354e+17,城镇职工,驻马店市,2023-11-07,在保,2026-07-02
P202301146,刘文彬,男,50,4.101021974042796e+17,城乡居民,漯河市,2021-05-29,在保,2026-07-02
P202304469,邓波,男,51,4.1070219730713056e+17,城镇职工,漯河市,2023-08-24,在保,2026-07-02
P202300668,郑美琳,女,77,4.103021947050207e+17,城镇职工,焦作市,2022-07-15,在保,2026-07-02
P202303020,卢天宇,男,59,4.101031965041713e+17,灵活就业,平顶山市,2023-01-27,在保,2026-07-02
P202300358,郭婷,女,44,4.10102198012206e+17,城乡居民,平顶山市,2022-05-09,在保,2026-07-02
P202302832,彭明,男,33,4.1040219911013536e+17,城镇职工,平顶山市,2023-06-27,在保,2026-07-02
P202302784,徐建国,男,31,4.103021993032263e+17,城镇职工,许昌市,2020-04-19,在保,2026-07-02
P202301354,罗志强,男,63,4.1010619610311674e+17,城乡居民,焦作市,2023-06-10,在保,2026-07-02
P202300471,吕杰,男,45,4.1020219790421e+17,城乡居民,,2021-07-19,在保,2026-07-02
P202302704,许嘉伟,男,68,4.1040219560324864e+17,城乡居民,商丘市,2022-07-24,在保,2026-07-02
P202303331,吴娟,女,66,4.1030219581207123e+17,城镇职工,郑州市,2021-02-05,在保,2026-07-02
P202303638,朱雪,女,56,4.1030219681019603e+17,城镇职工,平顶山市,2020-09-11,在保,2026-07-02
P202301397,,女,25,4.1010219991220506e+17,灵活就业,许昌市,2024-04-14,停保,2026-07-02
P202303585,韩秀兰,女,51,4.105021973020468e+17,城乡居民,开封市,2020-10-11,在保,2026-07-02
P202304532,罗子轩,男,67,4.102021957031869e+17,灵活就业,南阳市,2021-10-22,在保,2026-07-02
P202303377,胡永强,男,44,4.1040219800127776e+17,灵活就业,鹤壁市,2020-02-13,在保,2026-07-02
P202301257,张晓红,女,80,4.105021944021444e+17,灵活就业,周口市,2022-03-31,在保,2026-07-02
P202303513,曾玲,女,80,,城乡居民,郑州市,2020-12-10,在保,2026-07-02
P202301251,郑梦瑶,女,55,4.101061969041172e+17,城乡居民,驻马店市,2024-03-01,在保,2026-07-02
P202304857,萧凤英,女,65,4.1050219591027584e+17,灵活就业,许昌市,2022-09-14,在保,2026-07-02
P202304299,郭晓红,女,32,4.102021992032849e+17,城镇职工,郑州市,2022-01-23,在保,2026-07-02
P202303285,于莉,女,21,4.10202200310094e+17,城镇职工,漯河市,2024-01-03,在保,2026-07-02
P202302934,苏艳,女,67,4.10402195706127e+17,城镇职工,周口市,2023-07-11,在保,2026-07-02
P202304176,冯勇,男,58,4.1020219660105766e+17,城乡居民,商丘市,2024-04-02,在保,2026-07-02
P202301853,曾思琪,女,28,4.104021996112105e+17,灵活就业,郑州市,2023-04-20,在保,2026-07-02
P202304919,周莉,女,74,4.1050219500510464e+17,城镇职工,安阳市,2020-08-30,在保,2026-07-02
P202302106,张鹏,男,79,4.1010619450907814e+17,城镇职工,安阳市,2024-02-09,在保,2026-07-02
P202300134,郑斌,男,58,4.1070219660817683e+17,城镇职工,郑州市,2021-03-27,在保,2026-07-02
P202300929,苏俊杰,男,78,4.102021946012675e+17,城镇职工,商丘市,2022-06-28,在保,2026-07-02
P202300824,冯海涛,男,43,4.101021981051899e+17,城镇职工,商丘市,2020-07-26,在保,2026-07-02
P202304589,赵斌,男,41,4.1020219830211616e+17,城乡居民,焦作市,2020-12-05,在保,2026-07-02
P202301532,张霞,女,18,4.103022006020309e+17,城镇职工,漯河市,2023-09-23,在保,2026-07-02
P202301215,韩伟,男,44,4.103021980062556e+17,灵活就业,信阳市,2021-04-03,在保,2026-07-02
P202300505,吕凤英,女,38,4.107021986080733e+17,城镇职工,开封市,2020-04-11,退保,2026-07-02
P202304286,谢浩,男,53,4.101041971060843e+17,城镇职工,开封市,2022-06-22,在保,2026-07-02
P202301997,高明,男,49,4.101051975012671e+17,城镇职工,洛阳市,2020-06-10,在保,2026-07-02
P202303073,林伟,男,53,4.101051971051125e+17,灵活就业,郑州市,2021-01-05,退保,2026-07-02
P202301959,张紫薇,女,69,4.1010519550817274e+17,城乡居民,许昌市,2021-03-22,在保,2026-07-02
P202301385,胡霞,女,63,4.104021961061183e+17,灵活就业,漯河市,2022-01-10,在保,2026-07-02
P202300895,蒋杰,男,74,4.1010219500717114e+17,城乡居民,焦作市,2023-02-25,在保,2026-07-02
P202300456,邓波,男,35,4.10702198911019e+17,城乡居民,洛阳市,2021-03-19,在保,2026-07-02
P202304684,袁芳,女,37,4.1010219870910106e+17,城乡居民,开封市,2023-10-28,在保,2026-07-02
P202303710,于紫薇,女,50,4.1040219740322086e+17,灵活就业,南阳市,2024-05-18,在保,2026-07-02
P202304666,张浩然,,47,4.104021977101634e+17,城乡居民,驻马店市,2024-01-06,在保,2026-07-02
P202304269,薛紫薇,女,29,4.104021995082213e+17,城乡居民,郑州市,2021-08-24,在保,2026-07-02
P202303523,冯超,男,32,4.1050219920821594e+17,城乡居民,新乡市,2021-02-17,停保,2026-07-02
P202304135,沈磊,男,48,4.101061976070991e+17,城镇职工,开封市,2021-11-18,在保,2026-07-02
P202303603,马桂英,女,86,4.101051938080429e+17,城乡居民,新乡市,2020-11-13,在保,2026-07-02
P202300714,曹婷,女,57,4.1020219670918016e+17,城镇职工,南阳市,2020-08-31,在保,2026-07-02
P202304187,萧桂英,女,92,4.107021932090838e+17,灵活就业,平顶山市,2023-05-01,在保,2026-07-02
P202302215,魏雪,女,41,4.1010419830512845e+17,城镇职工,周口市,2023-01-11,在保,2026-07-02
P202302924,朱建国,男,48,4.102021976022574e+17,城镇职工,鹤壁市,2022-12-03,在保,2026-07-02
P202301811,刘军,男,41,4.101031983020439e+17,城乡居民,洛阳市,2020-09-22,停保,2026-07-02
P202303487,何芳,女,77,4.101051947071342e+17,城乡居民,南阳市,2020-01-26,在保,2026-07-02
P202303142,郭国强,男,11,4.1010320130820397e+17,城镇职工,漯河市,2020-03-09,在保,2026-07-02
P202301828,赵浩,男,75,4.101031949080643e+17,城镇职工,郑州市,2023-01-19,在保,2026-07-02
P202301156,陈强,男,68,,城镇职工,周口市,2023-09-03,停保,2026-07-02
P202301325,朱永强,男,51,4.101061973060133e+17,城乡居民,平顶山市,2022-02-22,在保,2026-07-02
P202304313,李永强,男,58,,城镇职工,新乡市,2024-01-05,在保,2026-07-02
P202300511,薛嘉伟,男,54,4.101031970051665e+17,城乡居民,新乡市,2022-01-08,停保,2026-07-02
P202301681,彭永强,男,57,4.104021967051653e+17,城乡居民,开封市,2020-12-25,在保,2026-07-02
P202300500,杨浩,男,25,4.103021999050531e+17,城镇职工,郑州市,2022-12-07,在保,2026-07-02
P202304582,阎浩,男,32,4.104021992011606e+17,城乡居民,鹤壁市,2020-02-27,在保,2026-07-02
P202301857,吕淑珍,女,75,4.101051949120996e+17,城职,南阳市,2020-02-22,在保,2026-07-02
P202301389,吕莉,女,50,4.1020219740415846e+17,灵活就业,新乡市,2023-01-27,在保,2026-07-02
P202303720,阎超,男,48,4.105021976110919e+17,城镇职工,商丘市,2021-12-10,在保,2026-07-02
P202302387,冯海涛,男,45,4.1040219790107034e+17,城镇职工,商丘市,2023-01-09,在保,2026-07-02
P202303237,袁莉,女,68,4.1010619560814016e+17,城职,南阳市,2023-11-19,在保,2026-07-02
P202301541,薛嘉伟,男,49,4.107021975091466e+17,城镇职工,新乡市,2023-05-11,在保,2026-07-02
P202301218,刘浩然,男,55,4.1030219690524346e+17,城乡居民,郑州市,2021-10-20,在保,2026-07-02
P202302682,李俊杰,男,44,4.101021980122253e+17,灵活就业,驻马店市,2021-07-03,在保,2026-07-02
P202302994,张明,男,46,4.101041978072831e+17,灵活就业,平顶山市,2022-03-31,在保,2026-07-02
P202301192,高永强,,25,4.101031999041886e+17,城镇职工,平顶山市,2020-12-11,在保,2026-07-02
P202301543,谢辉,男,79,4.104021945112694e+17,城镇职工,安阳市,2023-01-01,在保,2026-07-02
P202303302,徐秀兰,女,33,4.104021991070165e+17,城镇职工,周口市,2021-10-23,在保,2026-07-02
P202303325,袁勇,男,69,4.1010519550411405e+17,城镇职工,许昌市,2023-11-26,在保,2026-07-02
P202302540,谢凤英,女,50,4.1010419741023686e+17,城乡居民,商丘市,2022-06-18,在保,2026-07-02
P202300954,叶浩然,男,75,4.1010319490328614e+17,城镇职工,郑州市,2023-02-10,在保,2026-07-02
P202304331,,男,62,4.1010519620619725e+17,城镇职工,郑州市,2021-08-02,在保,2026-07-02
P202300733,冯晨曦,男,57,4.1010319670727744e+17,城镇职工,新乡市,2020-08-17,在保,2026-07-02
P202301157,周萍,女,37,4.101031987110308e+17,城镇职工,驻马店市,2021-02-25,在保,2026-07-02
P202303295,徐建华,男,28,4.1040219960110726e+17,城镇职工,平顶山市,2021-06-05,在保,2026-07-02
P202302983,宋宇航,男,63,4.101061961072578e+17,城乡居民,信阳市,2021-06-24,在保,2026-07-02
P202302157,孙敏,女,43,4.101061981071185e+17,城镇职工,漯河市,2021-11-01,在保,2026-07-02
P202301063,吴宇航,男,70,4.1050219541220326e+17,城镇职工,开封市,2023-03-17,退保,2026-07-02
P202302617,刘伟,男,36,4.107021988112375e+17,城镇职工,南阳市,2022-07-13,在保,2026-07-02
P202301168,何语嫣,女,60,4.104021964011501e+17,城镇职工,郑州市,2022-01-04,在保,2026-07-02
P202303223,谢波,男,74,4.103021950092336e+17,城镇职工,商丘市,2020-01-09,停保,2026-07-02
P202303637,马慧,女,43,4.101051981062863e+17,城乡居民,商丘市,2023-10-20,停保,2026-07-02
P202302939,郑子轩,男,20,4.101042004012711e+17,城乡居民,平顶山市,2021-01-27,在保,2026-07-02
P202304492,徐永强,男,32,4.102021992101983e+17,城乡居民,平顶山市,2021-08-09,在保,2026-07-02
P202303141,程永强,男,65,4.105021959082209e+17,城乡居民,许昌市,2020-06-09,退保,2026-07-02
P202300144,张娜,女,53,4.101061971022188e+17,城镇职工,周口市,2023-05-01,在保,2026-07-02
P202303578,袁雨彤,女,38,4.101061986032479e+17,城镇职工,南阳市,2021-08-21,在保,2026-07-02
P202302783,蔡嘉伟,男,28,4.101041996072698e+17,城乡居民,平顶山市,2020-05-11,停保,2026-07-02
P202300718,阎玲,女,52,4.101021972100213e+17,城镇职工,焦作市,2024-02-28,在保,2026-07-02
P202301820,何磊,男,32,4.101041992010549e+17,灵活就业,南阳市,2020-09-09,在保,2026-07-02
P202302503,苏秀英,女,44,4.104021980101689e+17,城乡居民,漯河市,2022-09-24,在保,2026-07-02
P202304361,苏志强,男,55,4.1070219691124326e+17,城乡居民,许昌市,2022-02-08,在保,2026-07-02
P202304172,韩萍,女,47,4.102021977112042e+17,城镇职工,信阳市,2022-06-11,在保,2026-07-02
P202300396,魏秀英,女,41,4.102021983030441e+17,城镇职工,信阳市,2021-07-10,在保,2026-07-02
P202304886,张静,女,41,4.101051983081426e+17,城乡居民,开封市,2022-05-01,在保,2026-07-02
P202304493,曾欣怡,女,39,4.105021985010318e+17,城乡居民,焦作市,2024-03-26,在保,2026-07-02
P202301366,许超,男,47,4.105021977031216e+17,城乡居民,商丘市,2020-12-05,在保,2026-07-02
P202304604,程超,男,73,4.101061951052776e+17,城乡居民,南阳市,2022-05-29,退保,2026-07-02
P202300596,陈志强,男,40,4.104021984082817e+17,城镇职工,平顶山市,2021-12-14,在保,2026-07-02
P202303953,曾紫薇,女,89,4.1010419351009574e+17,城乡居民,焦作市,2020-11-27,在保,2026-07-02
P202302915,傅浩,男,62,4.101041962101209e+17,灵活就业,焦作市,2021-01-16,停保,2026-07-02
P202302327,何淑珍,女,30,4.1010419941201914e+17,城镇职工,南阳市,2020-09-03,在保,2026-07-02
P202303767,宋艳,女,32,4.1010319920612486e+17,灵活就业,洛阳市,2020-02-23,在保,2026-07-02
P202303441,陈秀兰,女,52,4.101031972030412e+17,城镇职工,南阳市,2020-04-08,在保,2026-07-02
P202303852,冯梦瑶,女,58,4.101041966121084e+17,城镇职工,焦作市,2023-08-21,在保,2026-07-02
P202304133,贾鹏,男,69,4.10502195511045e+17,城镇职工,信阳市,2022-03-25,在保,2026-07-02
P202304930,梁涛,男,47,4.101041977070138e+17,城乡居民,许昌市,2022-09-30,在保,2026-07-02
P202302144,许明,男,54,4.104021970020529e+17,城镇职工,许昌市,2021-12-13,在保,2026-07-02
P202301572,唐勇,男,27,4.1040219970328134e+17,城镇职工,鹤壁市,2023-06-01,在保,2026-07-02
P202304080,吴美琳,女,44,4.1050219801007354e+17,城镇职工,许昌市,2021-06-04,在保,2026-07-02
P202301123,阎斌,男,61,4.10104196310108e+17,城镇职工,周口市,2022-11-14,在保,2026-07-02
P202302787,曹芳,女,36,4.101061988062861e+17,城镇职工,鹤壁市,2024-02-01,在保,2026-07-02
P202302968,沈桂英,女,39,4.1050219851207514e+17,灵活就业,,2024-01-02,在保,2026-07-02
P202302505,张凤英,女,30,4.103021994121631e+17,城镇职工,郑州市,2023-03-19,在保,2026-07-02
P202303466,贾文博,男,25,4.1010419990204435e+17,城镇职工,开封市,2021-04-12,在保,2026-07-02
P202300676,徐明,男,35,4.102021989100545e+17,城镇职工,焦作市,2021-01-12,在保,2026-07-02
P202302809,朱美琳,女,66,4.101061958080186e+17,灵活就业,南阳市,2021-10-03,在保,2026-07-02
P202303349,韩建国,男,62,4.101051962081509e+17,城乡居民,平顶山市,2020-02-25,在保,2026-07-02
P202300729,于秀兰,女,40,4.1010319841107866e+17,城镇职工,安阳市,2021-08-10,在保,2026-07-02
P202300413,冯萍,女,22,4.1010520020513984e+17,灵活就业,安阳市,2022-07-16,在保,2026-07-02
P202303147,程天宇,男,37,4.1010319871218406e+17,城乡居民,许昌市,2023-04-09,退保,2026-07-02
P202301517,高莉,女,77,4.103021947122511e+17,城镇职工,商丘市,2023-08-11,在保,2026-07-02
P202300826,许斌,男,76,4.1050219480802003e+17,灵活就业,鹤壁市,2023-06-25,在保,2026-07-02
P202303268,傅语嫣,女,43,4.107021981030387e+17,城镇职工,信阳市,2023-10-30,在保,2026-07-02
P202303975,曾永强,男,56,4.1070219680527616e+17,灵活就业,洛阳市,2022-02-25,在保,2026-07-02
P202300617,薛军,男,51,4.1070219731205677e+17,城乡居民,焦作市,2020-12-25,在保,2026-07-02
P202300115,张雨彤,女,46,4.1040219780808877e+17,城镇职工,洛阳市,2023-11-05,在保,2026-07-02
P202300418,刘永强,男,52,4.10106197203107e+17,城镇职工,开封市,2020-05-07,在保,2026-07-02
P202303070,薛斌,男,62,4.102021962051923e+17,城镇职工,新乡市,2021-09-18,退保,2026-07-02
P202301626,李桂英,女,69,,灵活就业,新乡市,2020-12-09,在保,2026-07-02
P202301502,陈文彬,男,40,4.101021984012005e+17,城镇职工,安阳市,2020-01-01,在保,2026-07-02
P202304186,丁紫薇,女,56,4.105021968092831e+17,城乡居民,平顶山市,2020-02-02,在保,2026-07-02
P202302897,郑涛,男,12,4.105022012091265e+17,灵活就业,许昌市,2020-08-31,在保,2026-07-02
P202304719,梁斌,男,63,4.1020219611127e+17,城职,漯河市,2021-06-27,在保,2026-07-02
P202302083,杨强,男,24,4.104022000090224e+17,城镇职工,许昌市,2023-02-06,在保,2026-07-02
P202300754,何建国,男,68,4.101061956072238e+17,城乡居民,漯河市,2023-02-19,在保,2026-07-02
P202302547,赵娟,女,25,4.101061999052249e+17,城乡居民,许昌市,2020-04-29,在保,2026-07-02
P202303970,李静,女,73,4.101021951070582e+17,城镇职工,郑州市,2022-02-28,在保,2026-07-02
P202303374,傅杰,男,82,4.1030219420819994e+17,城乡居民,郑州市,2023-06-12,在保,2026-07-02
P202304108,郭欣怡,女,74,4.1040219500802285e+17,城乡居民,周口市,2020-03-22,在保,2026-07-02
P202302445,卢海涛,男,40,4.10102198410186e+17,城镇职工,郑州市,2021-03-19,在保,2026-07-02
P202304381,李志强,男,52,4.102021972110218e+17,城镇职工,南阳市,2023-03-27,在保,2026-07-02
P202301067,王梦瑶,女,26,4.1010419980120723e+17,城乡居民,漯河市,2020-06-10,在保,2026-07-02
P202303914,郭静,女,34,4.101051990101824e+17,城乡居民,许昌市,2024-04-03,在保,2026-07-02
P202303499,程慧,女,46,4.101051978062657e+17,城镇职工,洛阳市,2021-03-03,在保,2026-07-02
P202302739,梁国强,男,77,4.1010419470611635e+17,城乡居民,信阳市,2022-08-10,在保,2026-07-02
P202304001,林俊杰,男,34,4.101021990112744e+17,灵活就业,焦作市,2022-11-01,在保,2026-07-02
P202301569,马建华,男,21,4.103022003030802e+17,城乡居民,周口市,2023-12-30,在保,2026-07-02
P202302428,王莉,女,48,4.101021976121033e+17,城镇职工,洛阳市,2023-01-10,在保,2026-07-02
P202303747,何佳慧,女,10,4.101022014051429e+17,城乡居民,郑州市,2022-06-09,在保,2026-07-02
P202304687,刘军,男,35,4.1070219890105216e+17,城乡居民,郑州市,2020-07-13,在保,2026-07-02
P202301688,何诗涵,女,53,4.1050219710924006e+17,城乡居民,商丘市,2024-02-10,在保,2026-07-02
P202300852,刘明,男,40,4.1050219840114355e+17,城乡居民,新乡市,2023-08-04,停保,2026-07-02
P202303547,贾强,男,62,4.1030219620905824e+17,城乡居民,安阳市,2022-12-18,停保,2026-07-02
P202300896,许波,男,61,4.101031963040711e+17,灵活就业,焦作市,2020-12-21,在保,2026-07-02
P202304593,黄宇航,男,59,4.101021965010651e+17,城镇职工,南阳市,2021-09-22,在保,2026-07-02
P202300336,丁天宇,男,47,4.1070219771005574e+17,城镇职工,鹤壁市,2022-10-05,在保,2026-07-02
P202302840,董秀兰,女,47,4.101031977022275e+17,城镇职工,南阳市,2023-09-08,在保,2026-07-02
P202303088,许文彬,男,71,4.101061953072212e+17,城镇职工,新乡市,2023-02-10,在保,2026-07-02
P202304612,黄玉兰,女,13,4.1040220110228864e+17,灵活就业,南阳市,2022-03-26,在保,2026-07-02
P202301349,吕秀兰,女,25,4.103021999030696e+17,城乡居民,开封市,2024-02-28,在保,2026-07-02
P202301016,郭嘉伟,男,53,4.102021971052693e+17,城乡居民,平顶山市,2020-01-05,停保,2026-07-02
P202302817,赵志强,男,58,4.101061966092842e+17,城镇职工,南阳市,2021-12-29,在保,2026-07-02
P202301632,贾辉,男,34,4.101041990051187e+17,城乡居民,洛阳市,2022-12-23,在保,2026-07-02
P202302490,贾子轩,男,15,4.102022009071048e+17,城镇职工,周口市,2023-01-03,退保,2026-07-02
P202303731,吕萍,女,65,4.105021959101915e+17,灵活就业,南阳市,2023-03-20,在保,2026-07-02
P202303252,刘静,女,55,4.1010619691016166e+17,城镇职工,许昌市,2023-10-30,在保,2026-07-02
P202304682,程鹏,男,39,4.101051985061965e+17,城镇职工,南阳市,2021-11-22,在保,2026-07-02
P202302071,,女,67,4.101021957040122e+17,城镇职工,安阳市,2022-04-16,在保,2026-07-02
P202304453,刘欣怡,女,70,4.1010419540816806e+17,城镇职工,商丘市,2020-06-11,退保,2026-07-02
P202304933,董文博,男,77,4.1050219471223245e+17,城镇职工,周口市,2021-09-20,在保,2026-07-02
P202301636,傅思琪,女,42,4.103021982011094e+17,城镇职工,洛阳市,2023-09-09,在保,2026-07-02
P202304647,邓强,男,24,4.105022000032769e+17,城镇职工,南阳市,2020-10-21,在保,2026-07-02
P202302480,彭慧,女,62,4.1010519620217946e+17,城乡居民,周口市,2023-12-02,在保,2026-07-02
P202302266,丁军,男,71,4.101041953091769e+17,城镇职工,驻马店市,2024-03-05,在保,2026-07-02
P202302960,黄飞,男,30,4.104021994082824e+17,城乡居民,周口市,2021-06-22,在保,2026-07-02
P202304781,林永强,男,55,4.104021969052556e+17,城镇职工,南阳市,2022-11-02,在保,2026-07-02
P202303060,张明,男,42,4.107021982040261e+17,城镇职工,许昌市,2021-07-03,停保,2026-07-02
P202302142,朱嘉伟,男,50,4.101061974082603e+17,城乡居民,信阳市,2021-09-21,在保,2026-07-02
P202303119,陈娜,女,68,4.10103195605032e+17,城镇职工,驻马店市,2020-07-31,在保,2026-07-02
P202304774,彭萍,女,50,4.101021974080635e+17,城乡居民,南阳市,2024-05-19,停保,2026-07-02
P202304046,郭浩然,男,42,4.101041982071135e+17,城乡居民,洛阳市,2021-01-22,停保,2026-07-02
P202303357,孙佳慧,女,51,4.107021973062368e+17,城乡居民,焦作市,2023-12-24,在保,2026-07-02
P202302745,郑梦瑶,女,4,4.101022020110866e+17,城乡,平顶山市,2020-10-16,在保,2026-07-02
P202303507,曾永强,男,55,4.10102196903252e+17,城镇职工,开封市,2022-06-04,在保,2026-07-02
P202301680,梁淑珍,女,42,4.105021982111077e+17,城乡居民,安阳市,2020-11-22,在保,2026-07-02
P202304250,沈波,男,48,4.1010419760906746e+17,灵活就业,周口市,2022-04-06,停保,2026-07-02
P202303148,梁静,女,37,4.101021987060164e+17,城乡居民,南阳市,2020-04-19,在保,2026-07-02
P202302295,阎娟,女,-1,4.102021989012254e+17,城镇职工,平顶山市,2020-10-23,在保,2026-07-02
P202300581,蔡慧,女,56,4.101021968110549e+17,灵活就业,商丘市,2022-08-01,停保,2026-07-02
P202301471,吴国强,男,71,4.10105195302014e+17,灵活就业,开封市,2021-07-08,在保,2026-07-02
P202304071,袁浩然,男,60,4.101051964121332e+17,城镇职工,郑州市,2022-11-21,在保,2026-07-02
P202303344,沈浩,男,72,4.101021952020937e+17,城乡居民,安阳市,2020-01-10,在保,2026-07-02
P202304584,丁思琪,女,64,4.101051960031434e+17,灵活就业,开封市,2020-01-07,退保,2026-07-02
P202303673,萧杰,男,29,4.107021995020868e+17,灵活就业,信阳市,2023-09-30,在保,2026-07-02
P202300560,邓军,男,42,4.101021982041755e+17,城乡居民,许昌市,2020-03-21,在保,2026-07-02
P202302850,阎佳慧,女,40,4.101061984031025e+17,城镇职工,开封市,2022-02-24,停保,2026-07-02
P202300513,王强,男,45,4.104021979122016e+17,城乡居民,平顶山市,2020-07-02,在保,2026-07-02
P202301082,郑明,男,43,4.10202198106058e+17,城镇职工,洛阳市,2020-01-20,在保,2026-07-02
P202301665,徐明,男,73,4.101041951042721e+17,城乡居民,开封市,2021-08-27,在保,2026-07-02
P202301013,郑海涛,男,87,4.103021937112384e+17,城镇职工,信阳市,2020-12-13,退保,2026-07-02
P202301932,陈娜,女,58,4.105021966112377e+17,城乡居民,洛阳市,2020-08-25,在保,2026-07-02
P202301151,傅志强,男,32,4.1010619921202106e+17,灵活就业,信阳市,2022-11-05,在保,2026-07-02
P202302839,吴思琪,女,89,4.1010219350323283e+17,灵活就业,平顶山市,2024-03-24,在保,2026-07-02
P202300117,刘宇航,男,49,4.101041975100707e+17,城镇职工,新乡市,2023-04-15,在保,2026-07-02
P202300741,阎志强,男,16,4.103022008062343e+17,城乡居民,鹤壁市,2020-11-24,在保,2026-07-02
P202304856,彭诗涵,女,92,4.1050219321011194e+17,城镇职工,安阳市,,在保,2026-07-02
P202303676,林鹏,男,51,4.101061973120175e+17,城镇职工,开封市,2024-01-27,停保,2026-07-02
P202300831,王永强,男,25,4.10502199912235e+17,城镇职工,驻马店市,2020-06-15,在保,2026-07-02
P202300120,刘静,女,63,4.1050219610224064e+17,城乡居民,信阳市,2024-05-12,在保,2026-07-02
P202304829,吴鹏,男,66,4.1010619580501696e+17,城乡居民,新乡市,2023-07-25,在保,2026-07-02
P202304788,蔡晨曦,男,38,4.102021986091649e+17,城镇职工,郑州市,2024-01-13,在保,2026-07-02
P202300636,孙建华,男,20,4.103022004110731e+17,城镇职工,漯河市,2020-08-06,在保,2026-07-02
P202304466,孙军,男,29,4.104021995041522e+17,城乡居民,鹤壁市,2023-05-04,在保,2026-07-02
P202304365,梁娜,女,39,4.101021985100749e+17,城镇职工,洛阳市,2024-03-11,在保,2026-07-02
P202304143,马玉兰,女,56,4.102021968031411e+17,城镇职工,洛阳市,2020-03-02,在保,2026-07-02
P202300992,薛紫薇,女,13,4.1070220110608666e+17,城乡居民,新乡市,2023-04-11,在保,2026-07-02
P202300877,韩艳,女,40,4.101031984091319e+17,灵活就业,洛阳市,2021-11-04,在保,2026-07-02
P202300005,杨雪,女,45,,城镇职工,郑州市,2023-09-16,在保,2026-07-02
P202303052,林莉,女,37,4.1030219870312614e+17,城镇职工,驻马店市,2023-01-22,在保,2026-07-02
P202303125,何霞,女,47,4.107021977101746e+17,城乡居民,周口市,2021-04-15,在保,2026-07-02
P202302661,唐志强,男,28,4.1040219960113645e+17,城乡居民,商丘市,2022-05-25,在保,2026-07-02
P202302492,胡美琳,女,37,4.1010519870128634e+17,城乡居民,开封市,2021-02-16,在保,2026-07-02
P202303855,丁诗涵,女,43,4.107021981071181e+17,城乡居民,郑州市,2020-03-26,在保,2026-07-02
P202301716,宋鹏,男,48,4.105021976121714e+17,城镇职工,郑州市,2021-03-10,在保,2026-07-02
P202301149,何艳,女,78,4.101021946030756e+17,城镇职工,漯河市,2024-03-31,在保,2026-07-02
P202303262,朱丽,女,50,4.1010519740605997e+17,城镇职工,许昌市,2023-04-25,在保,2026-07-02
P202300575,赵国强,男,64,4.105021960021674e+17,城乡居民,漯河市,2023-12-18,在保,2026-07-02
P202303770,郭磊,男,40,4.105021984060292e+17,城乡居民,商丘市,2023-11-14,在保,2026-07-02
P202303737,曾俊杰,男,41,4.101021983110503e+17,灵活就业,郑州市,2022-09-28,在保,2026-07-02
P202304147,李娜,女,56,4.1010419680622355e+17,城镇职工,焦作市,2020-06-27,在保,2026-07-02
P202300854,宋丽,女,71,4.101021953080894e+17,城镇职工,商丘市,2021-04-01,在保,2026-07-02
P202301983,胡芳,女,38,4.1010219860623814e+17,城乡居民,新乡市,2022-06-20,在保,2026-07-02
P202302775,于子轩,男,41,4.1010219830511034e+17,城乡居民,许昌市,2023-06-14,在保,2026-07-02
P202301167,吕辉,男,74,4.101061950112679e+17,城镇职工,郑州市,2020-09-11,在保,2026-07-02
P202300972,薛伟,男,37,4.105021987121225e+17,城乡居民,商丘市,2023-06-01,在保,2026-07-02
P202302702,何飞,男,69,4.102021955122306e+17,城镇职工,焦作市,2020-09-14,停保,2026-07-02
P202304496,萧强,男,80,4.102021944062036e+17,城镇职工,洛阳市,2021-10-13,在保,2026-07-02
P202303848,苏建国,男,41,4.1040219830911686e+17,灵活就业,洛阳市,2020-04-25,在保,2026-07-02
P202302369,朱伟,男,29,4.104021995110702e+17,城镇职工,信阳市,2023-12-06,在保,2026-07-02
P202304116,傅勇,男,43,4.107021981020687e+17,城乡居民,平顶山市,2023-02-25,在保,2026-07-02
P202304132,王秀兰,女,50,4.101061974032347e+17,灵活就业,周口市,2024-01-15,在保,2026-07-02
P202302951,卢婷,女,71,4.103021953011558e+17,城镇职工,平顶山市,2020-02-15,在保,2026-07-02
P202300525,邓军,男,36,4.1010519880913197e+17,城镇职工,驻马店市,2023-09-07,在保,2026-07-02
P202302456,于志强,男,76,4.1020219480702355e+17,城乡居民,信阳市,2023-03-17,在保,2026-07-02
P202301842,叶飞,男,16,4.1010520081223994e+17,城镇职工,商丘市,2023-04-25,在保,2026-07-02
P202300538,沈欣怡,女,43,4.103021981050341e+17,城镇职工,南阳市,2024-05-03,在保,2026-07-02
P202302807,王鹏,男,48,4.101031976022647e+17,灵活就业,平顶山市,2020-07-17,在保,2026-07-02
P202304342,谢志强,男,53,4.102021971040513e+17,城职,鹤壁市,2023-10-29,在保,2026-07-02
P202303176,李雪,女,36,4.105021988080985e+17,城镇职工,南阳市,,在保,2026-07-02
P202300785,曾嘉伟,男,60,4.107021964122248e+17,城乡居民,漯河市,2021-08-23,在保,2026-07-02
P202304058,阎丽,女,58,4.1050219661113594e+17,城乡居民,许昌市,2021-05-28,在保,2026-07-02
P202301410,宋明,男,45,4.1010519790807814e+17,城镇职工,郑州市,2022-01-03,在保,2026-07-02
P202302538,,男,66,4.1030219581228435e+17,城乡居民,鹤壁市,2020-02-14,在保,2026-07-02
P202300155,谢永强,男,55,4.1040219690825286e+17,灵活就业,驻马店市,2022-12-16,在保,2026-07-02
P202303010,萧语嫣,女,41,4.1010219830113286e+17,城乡居民,安阳市,2021-10-26,停保,2026-07-02
P202301687,阎文彬,男,41,4.105021983030507e+17,城乡居民,安阳市,2020-04-06,停保,2026-07-02
P202302902,罗嘉伟,男,42,4.1070219820619475e+17,城镇职工,平顶山市,2020-04-16,在保,2026-07-02
P202305000,唐军,男,34,4.1030219900601645e+17,城乡居民,许昌市,2022-10-18,在保,2026-07-02
P202304722,曾军,男,59,4.101021965032227e+17,城乡居民,鹤壁市,2021-05-01,在保,2026-07-02
P202303864,唐凤英,女,46,4.101021978011552e+17,城乡居民,安阳市,2021-09-13,在保,2026-07-02
P202302734,卢芳,女,34,4.1010319900726496e+17,城乡居民,信阳市,2023-11-14,停保,2026-07-02
P202301896,郭文彬,男,43,4.102021981041001e+17,灵活就业,鹤壁市,2023-12-04,在保,2026-07-02
P202300570,吕梦瑶,女,43,4.101051981010615e+17,城乡居民,商丘市,2021-12-15,在保,2026-07-02
P202301817,魏淑珍,,11,4.101032013122467e+17,城乡居民,平顶山市,2021-03-15,在保,2026-07-02
P202302066,傅宇航,男,39,4.1020219851223917e+17,灵活就业,周口市,2021-07-28,在保,2026-07-02
P202300128,吴永强,男,39,4.101031985062857e+17,城乡居民,洛阳市,2024-04-10,在保,2026-07-02
P202303395,郭浩,男,85,4.101031939101782e+17,城镇职工,平顶山市,2023-11-08,在保,2026-07-02
P202303328,梁俊杰,男,39,4.101031985042421e+17,灵活就业,郑州市,2024-04-12,停保,2026-07-02
P202303586,林永强,男,26,4.1010419980513574e+17,城乡居民,开封市,2021-01-15,停保,2026-07-02
P202302976,刘文彬,男,51,4.101061973031665e+17,城乡居民,周口市,2021-04-09,在保,2026-07-02
P202300981,张丽,女,64,4.104021960110912e+17,城乡居民,信阳市,2023-01-31,在保,2026-07-02
P202302301,于萍,女,68,4.104021956021417e+17,城镇职工,平顶山市,2021-08-26,在保,2026-07-02
P202300191,刘鹏,男,41,4.104021983051801e+17,城乡居民,南阳市,2020-10-01,停保,2026-07-02
P202301140,吕辉,男,62,4.101031962082538e+17,城镇职工,商丘市,2020-03-01,停保,2026-07-02
P202300700,蒋芳,女,46,4.10103197810076e+17,城乡居民,开封市,2023-10-05,在保,2026-07-02
P202304830,杨晓红,女,31,4.1070219931222e+17,城乡居民,洛阳市,2021-01-05,在保,2026-07-02
P202300607,周伟,男,36,4.101021988032491e+17,城镇职工,商丘市,2022-06-13,退保,2026-07-02
P202304277,吕娟,女,39,4.102021985122387e+17,城镇职工,郑州市,2023-10-20,在保,2026-07-02
P202300302,曹波,男,39,4.104021985112007e+17,城镇职工,漯河市,,退保,2026-07-02
P202303421,唐杰,男,39,4.1010219850308045e+17,城乡居民,鹤壁市,2023-03-14,在保,2026-07-02
P202304870,傅鹏,男,40,4.1050219840313146e+17,城镇职工,信阳市,2021-02-25,在保,2026-07-02
P202301061,黄玉兰,女,63,4.104021961072766e+17,灵活就业,郑州市,2022-02-06,在保,2026-07-02
P202302566,林秀英,女,42,4.107021982021109e+17,城镇职工,安阳市,2021-04-13,在保,2026-07-02
P202300839,卢思琪,女,67,,灵活就业,安阳市,2020-09-06,在保,2026-07-02
P202301070,杨晓红,女,56,4.1010219681119885e+17,城镇职工,洛阳市,2022-07-29,停保,2026-07-02
P202302525,苏宇航,男,66,4.101021958112834e+17,城乡居民,驻马店市,2023-01-24,在保,2026-07-02
P202302206,宋浩,男,58,4.10202196601021e+17,城乡居民,新乡市,2020-10-06,在保,2026-07-02
P202301244,贾建国,男,31,4.1010219930509574e+17,城镇职工,洛阳市,2021-11-30,在保,2026-07-02
P202300017,周永强,男,31,,城乡居民,南阳市,2021-03-09,停保,2026-07-02
P202303121,曾思琪,女,41,4.1010619830802515e+17,城镇职工,南阳市,2020-01-03,在保,2026-07-02
P202304643,徐雪,女,45,4.101051979041202e+17,城镇职工,南阳市,2023-12-23,在保,2026-07-02
P202304755,郭辉,男,40,4.1010419840627866e+17,城镇职工,信阳市,2023-08-04,在保,2026-07-02
P202300816,丁伟,男,23,4.1010620010921126e+17,城乡居民,洛阳市,2021-01-29,退保,2026-07-02
P202303068,罗静,女,50,4.1040219740427757e+17,城乡居民,焦作市,2021-06-16,在保,2026-07-02
P202304834,赵永强,男,61,4.1010519630121005e+17,灵活就业,许昌市,2022-03-02,在保,2026-07-02
P202300960,唐浩,男,58,4.1010619661114963e+17,城镇职工,驻马店市,2021-02-21,在保,2026-07-02
P202300226,魏浩然,男,69,4.103021955102596e+17,城镇职工,新乡市,2021-02-26,在保,2026-07-02
P202303355,张雪,女,39,4.101051985072671e+17,城镇职工,鹤壁市,2024-03-23,在保,2026-07-02
P202302486,于欣怡,女,65,4.101041959030784e+17,城乡居民,驻马店市,2023-12-11,停保,2026-07-02
P202300563,唐斌,男,65,4.1010219590315603e+17,城镇职工,漯河市,2022-07-20,在保,2026-07-02
P202303437,陈浩然,男,60,4.107021964060698e+17,城镇职工,郑州市,2023-02-26,停保,2026-07-02
P202301694,宋雪,女,25,4.1010619990428934e+17,城乡居民,商丘市,2020-06-22,在保,2026-07-02
P202301046,彭慧,女,65,4.1040219590209466e+17,城镇职工,驻马店市,2020-11-14,停保,2026-07-02
P202303447,邓军,男,47,4.101061977022391e+17,城镇职工,平顶山市,2020-01-28,在保,2026-07-02
P202304566,梁莉,女,39,4.101041985010974e+17,灵活就业,商丘市,2021-12-06,停保,2026-07-02
P202300955,黄娜,女,48,4.101051976110609e+17,城职,安阳市,2024-03-22,在保,2026-07-02
P202302516,谢诗涵,女,55,4.101061969072056e+17,城镇职工,鹤壁市,2020-02-17,停保,2026-07-02
P202302736,李秀英,女,40,4.103021984110647e+17,城乡,开封市,2023-04-27,在保,2026-07-02
P202304954,赵欣怡,女,67,4.1030219570411603e+17,城乡居民,平顶山市,2023-10-07,在保,2026-07-02
P202304736,傅佳慧,女,67,4.1010519571216666e+17,城镇职工,漯河市,2023-12-01,在保,2026-07-02
P202304873,罗波,男,27,4.1030219970926336e+17,城乡居民,南阳市,2023-04-28,在保,2026-07-02
P202301219,王霞,女,34,4.105021990081851e+17,城乡居民,商丘市,2021-04-27,在保,2026-07-02
P202301528,徐娜,女,77,4.1020219470704704e+17,城镇职工,鹤壁市,2020-06-06,在保,2026-07-02
P202303988,黄雨彤,女,40,4.10103198404076e+17,城镇职工,南阳市,,在保,2026-07-02
P202301301,丁慧,女,37,4.101061987061071e+17,城乡居民,焦作市,2022-07-11,在保,2026-07-02
P202304942,袁玉兰,女,46,4.101061978091217e+17,城镇职工,郑州市,2023-07-21,停保,2026-07-02
P202300161,黄紫薇,女,32,4.1010619920202246e+17,城镇职工,商丘市,2023-06-29,在保,2026-07-02
P202304068,韩娜,女,55,4.1050219690906214e+17,城乡居民,周口市,2020-12-14,停保,2026-07-02
P202300957,蒋雪,女,56,4.107021968082332e+17,城职,漯河市,2021-12-22,在保,2026-07-02
P202303792,萧思琪,女,42,4.10702198206266e+17,城乡居民,焦作市,2021-04-24,在保,2026-07-02
P202303235,徐美琳,女,26,4.1010419980113197e+17,城乡居民,开封市,2023-11-20,在保,2026-07-02
P202302870,刘美琳,女,72,4.102021952070505e+17,城镇职工,许昌市,2022-05-15,在保,2026-07-02
P202303778,梁桂英,女,27,4.102021997011935e+17,城乡居民,平顶山市,2020-07-17,在保,2026-07-02
P202304434,曹辉,男,39,4.101061985121828e+17,灵活就业,焦作市,2024-02-09,在保,2026-07-02
P202302962,赵娟,女,39,4.1040219850504403e+17,城镇职工,焦作市,,在保,2026-07-02
P202302201,沈秀兰,女,82,4.101041942060351e+17,城镇职工,平顶山市,2020-10-22,在保,2026-07-02
P202300099,高欣怡,女,50,4.101031974112389e+17,城镇职工,信阳市,2020-12-06,在保,2026-07-02
P202302558,吕梦瑶,女,50,4.107021974032119e+17,城镇职工,商丘市,2022-06-17,在保,2026-07-02
P202303184,林涛,男,44,4.101061980060993e+17,灵活就业,洛阳市,2020-02-08,在保,2026-07-02
P202300254,薛波,男,68,4.1010319560201965e+17,城镇职工,信阳市,2022-01-07,在保,2026-07-02
P202303924,蒋淑珍,女,20,4.107022004101745e+17,城职,安阳市,2022-06-22,在保,2026-07-02
P202304200,吕鹏,男,60,4.1010519640112115e+17,城乡居民,洛阳市,2023-04-15,在保,2026-07-02
P202301446,许嘉伟,男,38,4.101041986091864e+17,城乡居民,许昌市,2021-07-29,在保,2026-07-02
P202301649,吴玲,女,71,4.1030219530116806e+17,城镇职工,洛阳市,2023-04-16,在保,2026-07-02
P202304683,高宇航,男,76,4.105021948061628e+17,城镇职工,新乡市,2023-05-24,在保,2026-07-02
P202304724,胡玲,女,44,4.102021980111673e+17,城镇职工,平顶山市,2022-06-14,在保,2026-07-02
P202303992,杨国强,男,41,4.1010519830112166e+17,城镇职工,商丘市,2020-04-14,在保,2026-07-02
P202301697,吕诗涵,女,31,4.10202199301107e+17,城乡居民,鹤壁市,2021-08-19,在保,2026-07-02
P202303192,杨军,男,62,4.101041962061152e+17,灵活就业,鹤壁市,2021-01-06,在保,2026-07-02
P202304500,李萍,女,28,4.104021996042798e+17,城镇职工,信阳市,2020-07-17,在保,2026-07-02
P202301155,高斌,男,79,4.105021945100282e+17,城乡,鹤壁市,2024-01-14,在保,2026-07-02
P202302256,高桂英,女,56,4.101061968092888e+17,城乡居民,平顶山市,2021-01-01,在保,2026-07-02
P202301683,王永强,男,33,4.101051991071265e+17,城镇职工,洛阳市,2022-01-10,在保,2026-07-02
P202303171,卢凤英,女,32,4.1010319920206374e+17,灵活就业,安阳市,2024-02-04,停保,2026-07-02
P202302057,叶娜,女,41,4.10106198309122e+17,城乡居民,商丘市,2023-12-24,在保,2026-07-02
P202304091,朱萍,女,30,4.101061994032775e+17,城乡居民,平顶山市,2021-12-30,在保,2026-07-02
P202303109,蒋超,男,58,4.101021966050495e+17,城乡居民,鹤壁市,2023-07-12,在保,2026-07-02
P202304549,阎霞,女,57,4.105021967031573e+17,城镇职工,驻马店市,2022-04-13,在保,2026-07-02
P202303724,曹紫薇,女,17,4.101032007031041e+17,灵活就业,许昌市,2022-06-27,在保,2026-07-02
P202302050,萧斌,男,52,4.103021972050808e+17,城乡居民,周口市,2021-08-16,停保,2026-07-02
P202303644,唐国强,男,49,4.1070219750410765e+17,灵活就业,洛阳市,2022-07-14,在保,2026-07-02
P202304978,傅娟,女,52,4.103021972060257e+17,城乡居民,周口市,2020-10-06,在保,2026-07-02
P202300624,阎思琪,女,74,4.1070219500417344e+17,城乡居民,焦作市,2023-01-26,在保,2026-07-02
P202300263,董宇航,男,0,4.101032024072251e+17,城镇职工,商丘市,2021-09-12,在保,2026-07-02
P202303370,冯军,男,52,4.103021972050939e+17,城镇职工,洛阳市,2023-04-08,停保,2026-07-02
P202304062,孙玉兰,女,55,4.107021969052875e+17,城镇职工,漯河市,2022-10-24,在保,2026-07-02
P202301803,孙强,男,37,4.101061987091662e+17,灵活就业,驻马店市,2022-10-28,在保,2026-07-02
P202304737,贾紫薇,女,35,4.105021989021235e+17,城乡居民,商丘市,2023-04-02,在保,2026-07-02
P202300030,王浩,男,44,4.107021980020355e+17,城乡居民,驻马店市,2021-06-27,在保,2026-07-02
P202302386,卢建国,男,36,4.1010219880415795e+17,城镇职工,洛阳市,2022-09-01,在保,2026-07-02
P202301960,罗莉,女,54,4.1020219700401005e+17,城乡居民,信阳市,2022-07-27,在保,2026-07-02
P202302977,梁志强,男,72,4.107021952071579e+17,城乡居民,许昌市,2021-07-02,在保,2026-07-02
P202300489,苏敏,女,80,4.102021944051237e+17,城镇职工,驻马店市,2021-06-11,在保,2026-07-02
P202301844,李涛,男,51,4.1050219730827923e+17,城乡居民,鹤壁市,,在保,2026-07-02
P202301735,苏静,女,64,4.1020219600421286e+17,城镇职工,郑州市,2022-10-11,在保,2026-07-02
P202302912,吴芳,女,56,4.101061968081982e+17,城乡居民,许昌市,2020-01-08,在保,2026-07-02
P202303220,冯鹏,男,62,4.102021962100982e+17,城镇职工,平顶山市,2022-03-13,在保,2026-07-02
P202300147,邓婷,女,27,4.1020219970610394e+17,城乡居民,平顶山市,2021-11-23,在保,2026-07-02
P202301987,吴国强,男,63,4.1010519610214496e+17,城镇职工,驻马店市,2020-04-24,在保,2026-07-02
P202301370,曾艳,女,34,4.1020219900208986e+17,城镇职工,开封市,2022-04-02,在保,2026-07-02
P202302812,薛勇,男,38,4.1070219860222656e+17,城乡居民,信阳市,2020-04-28,在保,2026-07-02
P202300660,张志强,男,47,4.105021977011454e+17,城乡居民,信阳市,2023-11-27,在保,2026-07-02
P202301795,吴国强,男,53,4.107021971042442e+17,灵活就业,洛阳市,2024-02-09,在保,2026-07-02
P202302512,赵莉,女,59,4.101051965112522e+17,城镇职工,漯河市,2022-05-29,在保,2026-07-02
P202303398,于鹏,男,76,4.1010519481205645e+17,城镇职工,新乡市,2023-08-19,退保,2026-07-02
P202304283,沈国强,男,70,4.104021954040351e+17,城乡居民,周口市,2022-10-23,退保,2026-07-02
P202301148,唐萍,女,24,4.101032000101696e+17,城镇职工,商丘市,2020-03-02,在保,2026-07-02
P202303273,陈娟,女,65,4.101031959100574e+17,城镇职工,许昌市,2021-03-12,在保,2026-07-02
P202300609,袁秀兰,女,17,4.104022007071223e+17,城乡居民,南阳市,2023-05-23,在保,2026-07-02
P202303583,林秀英,女,84,4.102021940071332e+17,城乡居民,新乡市,2023-06-13,在保,2026-07-02
P202301931,林秀英,女,27,4.1030219970213965e+17,城镇职工,漯河市,2024-04-30,在保,2026-07-02
P202300198,魏强,男,52,4.101041972092174e+17,城乡居民,平顶山市,2022-02-17,在保,2026-07-02
P202302932,曹晓红,女,41,4.1040219830901626e+17,城镇职工,安阳市,2021-10-25,在保,2026-07-02
P202302328,李伟,男,43,4.10104198111249e+17,城乡居民,漯河市,2021-07-04,在保,2026-07-02
P202304390,王飞,男,60,4.1020219640621965e+17,灵活就业,驻马店市,2020-09-23,停保,2026-07-02
P202300767,卢紫薇,女,49,4.10104197502105e+17,灵活就业,许昌市,2021-09-27,停保,2026-07-02
P202304497,韩紫薇,女,35,4.103021989031942e+17,城镇职工,驻马店市,2022-03-23,停保,2026-07-02
P202304219,程磊,男,55,4.1070219691013626e+17,灵活就业,漯河市,,在保,2026-07-02
P202303256,刘鹏,男,52,4.10106197202128e+17,城镇职工,信阳市,2021-08-20,在保,2026-07-02
P202300203,贾天宇,男,69,4.104021955061896e+17,城乡居民,安阳市,2020-09-06,在保,2026-07-02
P202303511,苏宇航,男,71,4.103021953012799e+17,城镇职工,南阳市,2022-11-06,在保,2026-07-02
P202301734,薛飞,男,44,4.1030219800328646e+17,城镇职工,新乡市,2023-04-07,停保,2026-07-02
P202302778,刘勇,男,45,4.1010519790710374e+17,城镇职工,鹤壁市,2023-10-23,在保,2026-07-02
P202301708,胡丽,女,84,4.1010419400420614e+17,城乡居民,开封市,2020-05-30,在保,2026-07-02
P202303475,陈永强,男,37,4.101051987121357e+17,城乡居民,周口市,2021-01-23,在保,2026-07-02
P202300855,吕艳,女,75,4.102021949121321e+17,城镇职工,开封市,2020-01-14,在保,2026-07-02
P202304738,张嘉伟,男,50,4.1010519740716064e+17,城镇职工,郑州市,2023-08-27,在保,2026-07-02
P202304098,叶艳,女,39,4.1010619851013414e+17,城乡居民,郑州市,2022-06-25,在保,2026-07-02
P202302161,何美琳,女,29,4.10702199510196e+17,城镇职工,许昌市,2020-03-16,在保,2026-07-02
P202300699,张艳,女,66,4.105021958100248e+17,城镇职工,漯河市,2021-06-02,在保,2026-07-02
P202304998,陈飞,男,95,4.105021929070411e+17,城乡居民,洛阳市,2020-08-28,在保,2026-07-02
P202303000,徐淑珍,女,47,4.1010419770304435e+17,城乡居民,许昌市,2024-03-29,在保,2026-07-02
P202303697,张雨彤,女,39,4.1010419850421843e+17,城镇职工,洛阳市,2020-10-13,在保,2026-07-02
P202301637,周磊,男,32,4.1070219920104915e+17,城镇职工,郑州市,2022-08-18,在保,2026-07-02
P202303458,谢淑珍,女,43,4.104021981121684e+17,城镇职工,郑州市,2020-11-19,在保,2026-07-02
P202303582,蒋秀英,女,73,4.101061951072762e+17,城镇职工,平顶山市,2023-03-11,在保,2026-07-02
P202301292,周文彬,男,94,4.101031930101975e+17,城乡居民,郑州市,2021-10-27,在保,2026-07-02
P202304660,孙桂英,女,35,4.107021989072031e+17,城乡居民,开封市,2021-03-14,在保,2026-07-02
P202301854,何晨曦,男,66,4.1070219580704365e+17,城乡居民,郑州市,2022-10-09,停保,2026-07-02
P202303764,贾霞,女,64,4.10105196011152e+17,城镇职工,许昌市,2022-06-21,在保,2026-07-02
P202303305,傅紫薇,女,69,4.1010219550922016e+17,灵活就业,焦作市,2021-03-23,在保,2026-07-02
P202304963,彭强,男,47,4.101051977070213e+17,城镇职工,新乡市,2020-09-06,在保,2026-07-02
P202303744,贾涛,男,53,4.102021971110652e+17,灵活就业,郑州市,2021-11-19,在保,2026-07-02
P202303446,郑芳,女,29,4.101031995020577e+17,城职,鹤壁市,2021-03-20,在保,2026-07-02
P202301999,贾莉,女,47,4.1040219770626464e+17,城乡居民,周口市,2023-12-29,停保,2026-07-02
P202300664,苏磊,男,40,4.1020219840902304e+17,城镇职工,平顶山市,2021-07-06,在保,2026-07-02
P202304780,朱雪,女,0,4.105022024031386e+17,灵活就业,信阳市,2022-04-06,在保,2026-07-02
P202303749,萧莉,女,75,4.105021949062189e+17,城镇职工,商丘市,2022-02-16,在保,2026-07-02
P202304414,徐永强,男,5,4.1030220190606694e+17,灵活就业,郑州市,2023-02-14,在保,2026-07-02
P202304745,宋斌,男,78,4.1010419460402835e+17,城乡居民,信阳市,2023-02-05,在保,2026-07-02
P202300710,郭紫薇,女,80,4.107021944100977e+17,城乡居民,焦作市,2022-09-01,在保,2026-07-02
P202301283,宋飞,男,62,4.104021962031587e+17,城镇职工,新乡市,2022-12-26,在保,2026-07-02
P202302676,陈勇,男,14,4.10106201007288e+17,城乡居民,漯河市,2020-01-09,在保,2026-07-02
P202304030,张浩,男,64,4.10502196006094e+17,城镇职工,漯河市,2024-04-01,在保,2026-07-02
P202301307,孙慧,女,50,4.101021974110335e+17,灵活就业,安阳市,2021-02-26,在保,2026-07-02
P202302238,李芳,女,32,4.1010419921004794e+17,城镇职工,开封市,2023-02-03,在保,2026-07-02
P202303303,周天宇,男,53,4.101051971101703e+17,城镇职工,新乡市,2024-01-17,停保,2026-07-02
P202302039,曹美琳,女,49,4.101031975102519e+17,城乡居民,信阳市,2023-08-28,在保,2026-07-02
P202301530,高雨彤,女,29,4.1010319950206144e+17,城镇职工,许昌市,2023-05-24,在保,2026-07-02
P202301664,郑紫薇,女,39,4.10104198501241e+17,城乡居民,郑州市,2023-09-28,在保,2026-07-02
P202304985,程磊,男,60,4.1010619640426125e+17,城镇职工,周口市,2020-05-13,在保,2026-07-02
P202301056,贾志强,男,37,4.104021987071436e+17,城乡居民,鹤壁市,2023-01-15,在保,2026-07-02
P202303628,薛军,男,63,4.107021961041486e+17,城镇职工,周口市,2023-08-22,在保,2026-07-02
P202304892,徐敏,女,28,4.101031996062871e+17,城镇职工,周口市,2023-02-23,在保,2026-07-02
P202302694,于磊,男,47,,城镇职工,南阳市,2020-08-19,在保,2026-07-02
P202303061,赵永强,男,55,4.1040219690404966e+17,城镇职工,平顶山市,2022-07-31,在保,2026-07-02
P202301598,贾海涛,男,87,4.101021937011618e+17,城镇职工,开封市,2021-08-19,退保,2026-07-02
P202302730,邓秀英,女,41,4.107021983052547e+17,城镇职工,平顶山市,2022-07-26,在保,2026-07-02
P202302626,彭佳慧,女,34,4.102021990022312e+17,城镇职工,焦作市,2023-09-28,在保,2026-07-02
P202303158,吴明,男,51,4.101031973121975e+17,城乡居民,商丘市,2021-01-02,退保,2026-07-02
P202303315,孙子轩,男,43,4.10104198112109e+17,灵活就业,郑州市,2024-02-17,在保,2026-07-02
P202301723,冯文彬,男,63,4.105021961080541e+17,城乡居民,信阳市,2024-04-13,在保,2026-07-02
P202301060,蒋鹏,男,43,4.1010519810425466e+17,灵活就业,南阳市,2020-08-22,在保,2026-07-02
P202304637,于建国,男,59,4.107021965112437e+17,城镇职工,安阳市,2021-02-10,在保,2026-07-02
P202303243,陈梦瑶,女,19,4.10302200501114e+17,城乡居民,驻马店市,2022-11-21,在保,2026-07-02
P202301679,赵凤英,女,67,4.105021957111206e+17,城乡居民,郑州市,2024-01-12,在保,2026-07-02
P202301758,孙娟,女,67,4.103021957081349e+17,灵活就业,驻马店市,2024-04-24,退保,2026-07-02
P202304192,丁磊,男,54,4.105021970062445e+17,城镇职工,新乡市,2023-07-19,在保,2026-07-02
P202300564,贾梦瑶,女,44,4.101041980122413e+17,灵活就业,洛阳市,2023-12-17,在保,2026-07-02
P202302791,郭斌,男,60,4.104021964111231e+17,城乡居民,驻马店市,2023-12-27,在保,2026-07-02
P202300864,梁天宇,男,82,4.1040219421216486e+17,城镇职工,周口市,2022-04-01,在保,2026-07-02
P202301485,董海涛,男,54,4.1010419701015776e+17,城镇职工,洛阳市,2021-07-14,在保,2026-07-02
P202300207,赵思琪,女,59,4.101021965090642e+17,城乡居民,信阳市,2023-08-25,在保,2026-07-02
P202304489,彭子轩,男,65,4.1010419590925235e+17,城镇职工,周口市,2020-08-28,在保,2026-07-02
P202300871,王紫薇,女,46,4.102021978071384e+17,城镇职工,平顶山市,2023-09-04,在保,2026-07-02
P202304494,刘建华,男,-5,4.101031983120188e+17,城镇职工,驻马店市,2020-03-19,在保,2026-07-02
P202300503,韩娟,女,24,4.103022000110853e+17,城镇职工,平顶山市,2023-11-22,在保,2026-07-02
P202301029,高波,男,61,4.105021963102708e+17,城镇职工,信阳市,2021-10-03,在保,2026-07-02
P202303841,袁丽,女,38,4.104021986080722e+17,灵活就业,洛阳市,2020-09-26,在保,2026-07-02
P202302691,罗凤英,女,31,4.1050219930107046e+17,城镇职工,商丘市,2020-01-25,在保,2026-07-02
P202301571,许嘉伟,男,64,4.101021960062817e+17,城镇职工,驻马店市,2020-02-12,在保,2026-07-02
P202302774,杨文彬,男,22,4.101052002012687e+17,城乡居民,漯河市,2023-06-20,在保,2026-07-02
P202302732,王文博,男,80,4.104021944042046e+17,城乡居民,驻马店市,2021-08-17,退保,2026-07-02
P202300805,郑鹏,男,42,4.1070219821105734e+17,城镇职工,驻马店市,2024-02-19,在保,2026-07-02
P202303646,林国强,男,29,4.1040219950627776e+17,城乡居民,焦作市,2021-10-28,退保,2026-07-02
P202302455,谢建国,男,62,4.10103196206077e+17,城镇职工,洛阳市,2022-06-22,在保,2026-07-02
P202304599,董飞,男,57,4.101051967120432e+17,城职,安阳市,2023-09-01,在保,2026-07-02
P202303105,吕晓红,女,36,4.1010219880824e+17,城镇职工,洛阳市,2022-06-15,退保,2026-07-02
P202304876,丁婷,女,31,4.104021993071432e+17,灵活就业,信阳市,2022-11-26,在保,2026-07-02
P202300201,邓淑珍,女,56,4.101041968081835e+17,城镇职工,焦作市,2023-10-16,在保,2026-07-02
P202303100,冯军,男,60,4.105021964082216e+17,城职,鹤壁市,2020-07-30,在保,2026-07-02
P202302279,高娜,女,61,4.1020219630213485e+17,城镇职工,平顶山市,2024-01-02,在保,2026-07-02
P202303562,魏语嫣,女,36,4.10302198807052e+17,灵活就业,焦作市,2022-05-13,在保,2026-07-02
P202304475,叶娜,女,65,4.101061959112471e+17,城镇职工,南阳市,2024-03-30,在保,2026-07-02
P202304515,阎波,男,46,4.107021978051523e+17,城乡居民,信阳市,2023-06-06,在保,2026-07-02
P202300392,贾嘉伟,男,58,4.101051966010169e+17,城乡居民,漯河市,2020-08-14,在保,2026-07-02
P202301496,苏子轩,男,86,4.1010619380912525e+17,城乡居民,开封市,2021-02-16,在保,2026-07-02
P202302696,魏飞,男,75,4.1020219490907386e+17,灵活就业,安阳市,2021-12-31,在保,2026-07-02
P202302028,刘淑珍,女,72,4.107021952060738e+17,城镇职工,漯河市,2022-03-08,在保,2026-07-02
P202302569,吴文博,男,65,4.107021959110725e+17,城镇职工,焦作市,2021-06-23,在保,2026-07-02
P202300065,丁静,女,64,4.105021960110963e+17,城职,平顶山市,2022-09-17,在保,2026-07-02
P202303885,张文博,男,48,4.101021976100867e+17,城镇职工,郑州市,2023-01-21,停保,2026-07-02
P202302063,高嘉伟,男,57,4.10202196701073e+17,城乡居民,新乡市,2022-04-14,在保,2026-07-02
P202300493,高桂英,女,51,4.101061973120962e+17,城镇职工,安阳市,2022-06-30,在保,2026-07-02
P202300380,邓玲,女,35,4.1010419890307354e+17,城镇职工,周口市,2022-07-26,在保,2026-07-02
P202304860,蔡浩,男,47,4.1010319770621786e+17,城乡居民,周口市,2023-06-03,停保,2026-07-02
P202303994,林伟,男,63,4.101041961081041e+17,灵活就业,漯河市,2024-01-11,在保,2026-07-02
P202304888,张芳,女,78,4.102021946101803e+17,城乡居民,鹤壁市,2022-12-12,在保,2026-07-02
P202301077,郑天宇,男,21,4.1010620030824826e+17,城乡居民,南阳市,2022-11-15,停保,2026-07-02
P202300879,孙涛,男,49,4.103021975050724e+17,城镇职工,商丘市,2022-12-09,在保,2026-07-02
P202300338,周飞,男,44,4.102021980010115e+17,城乡居民,许昌市,2020-10-17,在保,2026-07-02
P202301017,阎海涛,男,38,4.101041986071574e+17,城职,鹤壁市,2020-05-17,在保,2026-07-02
P202301276,魏俊杰,男,52,4.1040219720103334e+17,城乡居民,郑州市,2020-10-27,在保,2026-07-02
P202303799,马艳,女,32,4.1040219920222746e+17,城镇职工,新乡市,2022-10-28,停保,2026-07-02
P202304552,高超,男,65,4.104021959052157e+17,城镇职工,驻马店市,2021-10-01,在保,2026-07-02
P202303343,赵淑珍,女,31,4.1010319930302406e+17,城镇职工,洛阳市,2022-07-25,在保,2026-07-02
P202304912,吕军,男,73,4.1010219510123706e+17,灵活就业,新乡市,2021-06-30,在保,2026-07-02
P202300996,陈慧,女,44,4.105021980010661e+17,城镇职工,许昌市,2020-09-21,在保,2026-07-02
P202301982,张晨曦,男,25,4.101041999090343e+17,城乡居民,漯河市,2020-04-06,在保,2026-07-02
P202304298,朱建华,男,52,4.101031972121235e+17,城镇职工,鹤壁市,2020-01-19,在保,2026-07-02
P202300162,曹文彬,男,64,4.1050219601008736e+17,城乡居民,安阳市,2022-05-29,在保,2026-07-02
P202304799,彭杰,男,13,4.1010520110226925e+17,灵活就业,开封市,2021-09-07,在保,2026-07-02
P202301501,魏桂英,女,64,4.103021960102517e+17,城乡居民,信阳市,2023-02-22,在保,2026-07-02
P202303844,孙强,男,25,4.103021999112469e+17,城乡居民,周口市,2020-06-30,在保,2026-07-02
P202302614,韩磊,男,49,4.1010619750611174e+17,城镇职工,开封市,2024-03-31,在保,2026-07-02
P202303462,魏军,男,84,4.102021940070134e+17,城乡居民,鹤壁市,2023-07-01,在保,2026-07-02
P202301022,刘嘉伟,男,39,4.101041985051515e+17,城镇职工,漯河市,,在保,2026-07-02
P202303074,罗敏,女,79,4.1010419450525485e+17,城乡居民,郑州市,2023-07-21,在保,2026-07-02
P202303944,于欣怡,女,6,4.101042018091279e+17,城镇职工,商丘市,2022-04-19,在保,2026-07-02
P202301586,杨文彬,男,62,4.103021962040205e+17,城镇职工,郑州市,2020-09-29,在保,2026-07-02
P202301956,卢飞,男,74,4.107021950031837e+17,灵活就业,平顶山市,2024-03-16,在保,2026-07-02
P202303153,蒋霞,女,0,4.1040220241115974e+17,城乡居民,商丘市,2022-04-25,停保,2026-07-02
P202300035,傅雨彤,女,64,4.101021960020397e+17,城镇职工,驻马店市,2020-03-14,在保,2026-07-02
P202304015,萧慧,女,48,4.103021976070374e+17,城乡居民,漯河市,2023-01-15,在保,2026-07-02
P202300776,王波,男,21,4.1010420031116474e+17,城镇职工,鹤壁市,2023-09-09,退保,2026-07-02
P202302557,傅波,男,2,4.101042022070707e+17,城镇职工,周口市,2024-03-16,在保,2026-07-02
P202301479,李桂英,,34,4.101031990072515e+17,城乡居民,焦作市,2020-06-15,在保,2026-07-02
P202301364,周语嫣,女,32,4.104021992071896e+17,城镇职工,鹤壁市,2022-10-30,在保,2026-07-02
P202302613,陈天宇,男,46,4.102021978041105e+17,城镇职工,周口市,2023-09-20,在保,2026-07-02
P202302825,林志强,男,49,4.10702197506243e+17,城乡居民,驻马店市,2024-05-09,在保,2026-07-02
P202302042,胡芳,女,42,4.107021982111119e+17,灵活就业,洛阳市,2020-10-23,在保,2026-07-02
P202300242,陈天宇,男,47,4.101051977091538e+17,城镇职工,周口市,2023-07-30,在保,2026-07-02
P202302062,陈辉,男,47,4.1050219770507264e+17,城乡居民,南阳市,2022-03-05,在保,2026-07-02
P202302364,卢语嫣,女,70,4.103021954051487e+17,城镇职工,开封市,2023-10-23,停保,2026-07-02
P202300601,彭军,男,63,4.107021961071151e+17,城乡居民,洛阳市,2021-03-21,在保,2026-07-02
P202302436,高秀英,女,43,4.10104198107131e+17,城镇职工,焦作市,2023-01-05,在保,2026-07-02
P202302889,郭天宇,男,43,4.1010519811208e+17,城镇职工,周口市,2023-12-13,在保,2026-07-02
P202300647,贾静,女,1,4.1010620230915424e+17,城镇职工,开封市,2023-06-04,在保,2026-07-02
P202303891,薛雪,女,62,4.1010419621001184e+17,城镇职工,洛阳市,2021-11-13,在保,2026-07-02
P202303557,谢文博,男,61,4.1050219630228064e+17,城镇职工,平顶山市,2023-12-28,在保,2026-07-02
P202303203,萧军,男,54,4.102021970121396e+17,城乡居民,漯河市,2021-03-27,在保,2026-07-02
P202301529,林芳,女,41,4.101041983070231e+17,城镇职工,新乡市,2021-11-27,停保,2026-07-02
P202301268,徐飞,男,33,4.1050219910722464e+17,城镇职工,信阳市,2023-09-01,退保,2026-07-02
P202301900,林梦瑶,女,44,4.101041980091598e+17,城乡居民,驻马店市,2023-09-15,在保,2026-07-02
P202304659,赵紫薇,女,54,4.103021970110765e+17,城镇职工,焦作市,2022-02-10,在保,2026-07-02
P202303006,沈莉,女,25,4.101051999062678e+17,城镇职工,信阳市,2020-07-23,在保,2026-07-02
P202302735,程淑珍,女,85,4.1010419391117555e+17,灵活就业,南阳市,2021-04-28,在保,2026-07-02
P202300190,曹美琳,女,22,4.101022002021352e+17,城镇职工,新乡市,2021-03-16,在保,2026-07-02
P202301807,卢国强,男,54,4.107021970121268e+17,城镇职工,洛阳市,2021-09-12,在保,2026-07-02
P202300976,萧晨曦,男,15,4.1040220090112006e+17,城乡居民,信阳市,2021-11-03,在保,2026-07-02
P202302748,高文博,男,29,4.107021995042712e+17,城镇职工,郑州市,2022-02-26,在保,2026-07-02
P202302048,董秀英,女,49,4.107021975111214e+17,城镇职工,许昌市,2022-02-17,在保,2026-07-02
P202302559,杨玲,女,55,4.101021969042899e+17,城乡居民,焦作市,2020-01-06,退保,2026-07-02
P202301083,丁飞,男,44,4.1070219800608576e+17,城职,南阳市,2021-08-03,在保,2026-07-02
P202300475,贾凤英,女,79,4.107021945082525e+17,灵活就业,平顶山市,2022-07-28,在保,2026-07-02
P202302905,刘宇航,男,22,4.1010220020815546e+17,城镇职工,商丘市,2023-12-29,在保,2026-07-02
P202304844,薛俊杰,男,47,4.105021977051873e+17,灵活就业,焦作市,2020-11-28,在保,2026-07-02
P202304118,魏天宇,男,15,4.10502200906122e+17,城镇职工,许昌市,2021-04-09,在保,2026-07-02
P202303386,萧浩然,男,39,4.101061985012439e+17,城乡居民,焦作市,2020-06-26,在保,2026-07-02
P202304556,于波,男,44,4.107021980061035e+17,城镇职工,漯河市,2024-01-15,在保,2026-07-02
P202301185,周淑珍,女,32,4.101051992121012e+17,城乡居民,漯河市,2021-11-20,在保,2026-07-02
P202302434,叶浩然,男,46,4.104021978011774e+17,城乡居民,驻马店市,2022-09-16,退保,2026-07-02
P202302392,邓勇,男,33,4.101051991100447e+17,城乡居民,商丘市,2024-03-31,在保,2026-07-02
P202300770,蔡娟,女,82,4.1010419420817645e+17,城乡居民,洛阳市,2021-08-18,在保,2026-07-02
P202301686,苏志强,男,71,4.101051953041462e+17,城镇职工,驻马店市,2022-07-31,在保,2026-07-02
P202300131,陈静,女,22,4.1010220020224544e+17,城乡居民,南阳市,2022-05-09,在保,2026-07-02
P202302920,周娟,女,73,4.104021951091795e+17,城乡居民,信阳市,2024-01-30,停保,2026-07-02
P202303172,朱伟,男,60,4.105021964011241e+17,城乡居民,郑州市,2024-03-01,停保,2026-07-02
P202303445,李晨曦,男,62,4.103021962110458e+17,城乡居民,鹤壁市,2023-01-26,在保,2026-07-02
P202304427,叶娜,女,56,4.1010319681004614e+17,城乡居民,漯河市,2022-01-17,在保,2026-07-02
P202300467,蒋军,男,61,4.10402196312061e+17,城乡居民,驻马店市,2022-03-31,在保,2026-07-02
P202303093,李凤英,女,48,4.101021976090805e+17,城乡居民,周口市,2022-06-27,退保,2026-07-02
P202303773,邓国强,男,35,4.101061989060625e+17,城乡居民,商丘市,2023-12-03,在保,2026-07-02
P202300861,苏娟,女,53,4.107021971100787e+17,灵活就业,安阳市,2020-10-31,在保,2026-07-02
